{"type": "FeatureCollection", "name": "wald", "quelle": "© OpenStreetMap-Mitwirkende, ODbL 1.0", "abgerufen": "2026-10-01", "features": [{"type": "Feature", "geometry": {"type": "Polygon", "coordinates": [[[11.4306426, 46.6080152], [11.4322651, 46.6090546], [11.4319336, 46.6098641], [11.4318679, 46.6102474], [11.4321961, 46.6108261], [11.4321195, 46.6112958], [11.4324259, 46.6116566], [11.432962, 46.6117655], [11.4331313, 46.6125495], [11.432992, 46.61315], [11.4332164, 46.6137717], [11.433696, 46.6142553], [11.4336406, 46.6143757], [11.4327432, 46.614195], [11.4326349, 46.6142907], [11.4335013, 46.6154491], [11.4343213, 46.6162781], [11.4355591, 46.6169051], [11.4358144, 46.6170493], [11.4351491, 46.6174744], [11.4353966, 46.617671], [11.4358144, 46.6173044], [11.4363714, 46.6169643], [11.4369671, 46.6166348], [11.4374544, 46.6166136], [11.4376942, 46.6163373], [11.4364101, 46.6163851], [11.4356519, 46.6161088], [11.4351568, 46.6156518], [11.4347236, 46.6153276], [11.4348706, 46.6148707], [11.4343445, 46.614504], [11.4338859, 46.6141045], [11.433689, 46.6137363], [11.4335796, 46.6134958], [11.4334593, 46.6130749], [11.4335687, 46.6128194], [11.4336671, 46.6124361], [11.4346955, 46.6123685], [11.4354395, 46.6126541], [11.4373212, 46.6138715], [11.4371024, 46.6142999], [11.4373869, 46.6145855], [11.4378136, 46.614593], [11.4382202, 46.6142689], [11.4377771, 46.6138556], [11.4380397, 46.6137428], [11.4385703, 46.6141487], [11.4393467, 46.6135657], [11.4397799, 46.6137039], [11.4404052, 46.6136973], [11.4407611, 46.6138408], [11.4410396, 46.6138886], [11.441496, 46.6138302], [11.4417204, 46.6139099], [11.4417745, 46.6144678], [11.4427802, 46.6145741], [11.4429827, 46.6139271], [11.4433385, 46.6136614], [11.4436015, 46.6131087], [11.4441433, 46.6125091], [11.4451375, 46.6124882], [11.4454792, 46.6129629], [11.4454482, 46.6134306], [11.4457886, 46.6138132], [11.4459743, 46.6137228], [11.4462837, 46.6129842], [11.4464539, 46.6127929], [11.4468442, 46.6130368], [11.4467015, 46.6134943], [11.4468407, 46.6139248], [11.4462837, 46.6139832], [11.4464307, 46.6141639], [11.4475116, 46.6142919], [11.447927, 46.615017], [11.4479634, 46.6159548], [11.4473136, 46.6159388], [11.4470119, 46.6163958], [11.4455238, 46.6173162], [11.4449704, 46.6174995], [11.4448391, 46.6179279], [11.444489, 46.6181383], [11.4447078, 46.6186117], [11.4448938, 46.6194082], [11.446152, 46.6194834], [11.4471975, 46.6198807], [11.447618, 46.6196036], [11.4475414, 46.6190175], [11.4486683, 46.6181233], [11.4489965, 46.6182285], [11.4491715, 46.618762], [11.4499155, 46.6192504], [11.4515566, 46.6202423], [11.4535007, 46.6216772], [11.4487045, 46.6213945], [11.4468353, 46.6207417], [11.4434343, 46.6204262], [11.4421992, 46.6205314], [11.4409204, 46.6202908], [11.4404519, 46.6201539], [11.4406817, 46.6197791], [11.4405037, 46.6194868], [11.4399235, 46.6191202], [11.4391731, 46.6190299], [11.4378271, 46.6189395], [11.4367188, 46.6188212], [11.4363687, 46.6191969], [11.4365984, 46.6198432], [11.4357998, 46.6200912], [11.4354606, 46.6198958], [11.4351215, 46.6189264], [11.4349136, 46.61819], [11.4337831, 46.6172157], [11.4323957, 46.6167591], [11.4315447, 46.6163128], [11.431418, 46.6158695], [11.4320524, 46.6156888], [11.4316656, 46.6150565], [11.4316733, 46.6143923], [11.4312881, 46.614136], [11.4306098, 46.6137677], [11.4300299, 46.6134897], [11.4289578, 46.6135122], [11.4281372, 46.6130582], [11.4277871, 46.6121068], [11.4282794, 46.6116528], [11.4280825, 46.6109388], [11.4282466, 46.610751], [11.4286624, 46.6109764], [11.4291328, 46.6108261], [11.4296689, 46.6108036], [11.430019, 46.6111869], [11.4304785, 46.6110967], [11.43038, 46.6104804], [11.4302268, 46.6100896], [11.430019, 46.6096687], [11.430566, 46.6093681], [11.4299862, 46.6087894], [11.4302268, 46.6082783], [11.4306426, 46.6080152]]]}, "properties": {"osm_id": "way/162234872", "natural": "scrub"}}, {"type": "Feature", "geometry": {"type": "Polygon", "coordinates": [[[11.4516051, 46.5934013], [11.4508772, 46.5937633], [11.4500419, 46.5928403], [11.449491, 46.5925927], [11.4502329, 46.5920211], [11.450426, 46.5916117], [11.4509072, 46.5915016], [11.4516051, 46.5934013]]]}, "properties": {"osm_id": "way/162585468", "landuse": "forest"}}, {"type": "Feature", "geometry": {"type": "Polygon", "coordinates": [[[11.4518052, 46.5932126], [11.4511218, 46.5915458], [11.4516797, 46.5910739], [11.4522376, 46.5914131], [11.452862, 46.5920582], [11.4531136, 46.5926852], [11.453023, 46.5931202], [11.452486, 46.5934736], [11.4522478, 46.592987], [11.4520772, 46.5932458], [11.4518052, 46.5932126]]]}, "properties": {"osm_id": "way/162585475", "landuse": "forest"}}, {"type": "Feature", "geometry": {"type": "Polygon", "coordinates": [[[11.4527311, 46.6498473], [11.453289, 46.6479913], [11.4552831, 46.646557], [11.4563163, 46.6463935], [11.4568317, 46.6460881], [11.4573411, 46.6433026], [11.4576119, 46.6431539], [11.4576713, 46.6427787], [11.4572817, 46.6426976], [11.457323, 46.6423051], [11.4579835, 46.6412428], [11.4583127, 46.6410598], [11.4584057, 46.6407147], [11.4586436, 46.6400232], [11.4591255, 46.638622], [11.4629879, 46.6392114], [11.4648332, 46.64039], [11.4644368, 46.6414787], [11.4632454, 46.6447505], [11.4581813, 46.6472842], [11.4571085, 46.6472548], [11.4540186, 46.6497294], [11.4527311, 46.6498473]]]}, "properties": {"osm_id": "way/162586297", "natural": "scrub"}}, {"type": "Feature", "geometry": {"type": "Polygon", "coordinates": [[[11.4841333, 46.6430377], [11.4842478, 46.6428995], [11.4843346, 46.6427802], [11.4844491, 46.6427558], [11.4844768, 46.6428669], [11.4844136, 46.6429591], [11.4842873, 46.6430539], [11.4841333, 46.6430377]]]}, "properties": {"osm_id": "way/225805582", "landuse": "forest", "leaf_type": "needleleaved"}}, {"type": "Feature", "geometry": {"type": "Polygon", "coordinates": [[[11.4860086, 46.6407582], [11.4860719, 46.6409831], [11.4856925, 46.640991], [11.4852413, 46.6411114], [11.4847498, 46.6410048], [11.4844481, 46.6410443], [11.4840055, 46.6411528], [11.4832698, 46.6412909], [11.4831922, 46.6411074], [11.4835859, 46.6409239], [11.4839509, 46.6408056], [11.4846866, 46.6405688], [11.4851177, 46.6405411], [11.4857011, 46.6405609], [11.4859224, 46.6404721], [11.4860086, 46.6407582]]]}, "properties": {"osm_id": "way/225805686", "natural": "scrub"}}, {"type": "Feature", "geometry": {"type": "Polygon", "coordinates": [[[11.486719, 46.6459363], [11.4868748, 46.6458348], [11.4867645, 46.6455991], [11.4869351, 46.6453746], [11.4867086, 46.645072], [11.4870761, 46.6449852], [11.4875181, 46.6449617], [11.4878072, 46.6451429], [11.4880872, 46.6450352], [11.4882627, 46.6448143], [11.4888739, 46.6445348], [11.4898777, 46.6438279], [11.4899358, 46.6435629], [11.4899059, 46.6433556], [11.4899517, 46.6432003], [11.4901994, 46.6428813], [11.4902596, 46.6425807], [11.4900442, 46.6422058], [11.4899936, 46.6421198], [11.4900692, 46.6419788], [11.490071, 46.6418819], [11.489955, 46.641856], [11.4896815, 46.6421757], [11.4894617, 46.6423962], [11.489187, 46.6426022], [11.4890221, 46.6427619], [11.4888953, 46.6429389], [11.488716, 46.6431088], [11.4881672, 46.6432988], [11.4878732, 46.6434231], [11.4873145, 46.6439037], [11.4868983, 46.6441881], [11.486684, 46.6443791], [11.48564, 46.6449227], [11.4854252, 46.6451221], [11.4860589, 46.645521], [11.4865245, 46.6459393], [11.486719, 46.6459363]]]}, "properties": {"osm_id": "way/225805690", "natural": "scrub"}}, {"type": "Feature", "geometry": {"type": "Polygon", "coordinates": [[[11.4746066, 46.6255971], [11.4745053, 46.6254264], [11.4733623, 46.6254264], [11.4728836, 46.6259268], [11.4719978, 46.6257748], [11.4717907, 46.6263733], [11.4721621, 46.6265058], [11.4725479, 46.6261525], [11.4731265, 46.6262605], [11.473548, 46.6266971], [11.474291, 46.6268982], [11.4744124, 46.6263193], [11.4742585, 46.625911], [11.4746066, 46.6255971]]]}, "properties": {"osm_id": "way/226139506", "natural": "scrub"}}, {"type": "Feature", "geometry": {"type": "Polygon", "coordinates": [[[11.4696046, 46.6272915], [11.4711065, 46.6271461], [11.4709993, 46.626891], [11.4702278, 46.6266555], [11.4698563, 46.6267389], [11.4696248, 46.6264728], [11.4688267, 46.6269238], [11.4689075, 46.6270903], [11.4696046, 46.6272915]]]}, "properties": {"osm_id": "way/226139518", "natural": "scrub"}}, {"type": "Feature", "geometry": {"type": "Polygon", "coordinates": [[[11.4858415, 46.6183753], [11.4859096, 46.6182163], [11.4859727, 46.6180508], [11.4862135, 46.6181635], [11.486344, 46.6182426], [11.4863033, 46.6182986], [11.4861419, 46.6183393], [11.4858415, 46.6183753]]]}, "properties": {"osm_id": "way/226258238", "landuse": "forest"}}, {"type": "Feature", "geometry": {"type": "Polygon", "coordinates": [[[11.4460051, 46.622879], [11.4462894, 46.6227537], [11.4460265, 46.6227132], [11.4460051, 46.622879]]]}, "properties": {"osm_id": "way/283617426", "natural": "scrub"}}, {"type": "Feature", "geometry": {"type": "Polygon", "coordinates": [[[11.4459139, 46.6225326], [11.4461378, 46.622638], [11.4465844, 46.6226616], [11.4466166, 46.622599], [11.4462518, 46.6223779], [11.4459568, 46.6223669], [11.4459139, 46.6225326]]]}, "properties": {"osm_id": "way/283617428", "natural": "scrub"}}, {"type": "Feature", "geometry": {"type": "Polygon", "coordinates": [[[11.4497977, 46.6237374], [11.4502966, 46.6233579], [11.4502537, 46.6230742], [11.4499425, 46.62289], [11.4494866, 46.6228642], [11.4490842, 46.6229084], [11.4488536, 46.6233137], [11.4489327, 46.6234743], [11.4487087, 46.6237263], [11.4491218, 46.6236785], [11.4492452, 46.6237374], [11.4491687, 46.6238943], [11.4489179, 46.6240653], [11.4489179, 46.624209], [11.4492505, 46.6241611], [11.4492505, 46.6239916], [11.4494691, 46.6240638], [11.4493846, 46.6238185], [11.44961, 46.6237779], [11.4497977, 46.6237374]]]}, "properties": {"osm_id": "way/283617429", "natural": "scrub"}}, {"type": "Feature", "geometry": {"type": "Polygon", "coordinates": [[[11.4494919, 46.6268505], [11.449728, 46.6268726], [11.4499855, 46.6267399], [11.450302, 46.6266036], [11.4499908, 46.62646], [11.4499466, 46.6262964], [11.4497977, 46.6264563], [11.4496529, 46.6264747], [11.4496207, 46.6265594], [11.4496743, 46.6266663], [11.4494919, 46.6266957], [11.4494919, 46.6268505]]]}, "properties": {"osm_id": "way/283617430", "natural": "scrub"}}, {"type": "Feature", "geometry": {"type": "Polygon", "coordinates": [[[11.4462035, 46.6242016], [11.4460158, 46.6238221], [11.446107, 46.6236269], [11.4464718, 46.6237448], [11.4463377, 46.6239732], [11.4464436, 46.6240122], [11.446681, 46.623859], [11.4469385, 46.6236453], [11.4470297, 46.6235421], [11.4470672, 46.6236563], [11.4468473, 46.6238811], [11.4471101, 46.6238], [11.447259, 46.623887], [11.4472442, 46.6235385], [11.447432, 46.6235532], [11.4475876, 46.6237263], [11.4479456, 46.6238059], [11.4477109, 46.6240174], [11.4473837, 46.6239216], [11.4470243, 46.6240579], [11.4468902, 46.6239658], [11.4467239, 46.6241611], [11.4464181, 46.6242827], [11.4462035, 46.6242016]]]}, "properties": {"osm_id": "way/283617431", "natural": "scrub"}}, {"type": "Feature", "geometry": {"type": "Polygon", "coordinates": [[[11.4206205, 46.6294518], [11.4211999, 46.6290351], [11.4221333, 46.6288067], [11.4226268, 46.6288329], [11.4226375, 46.6282214], [11.4227985, 46.6278309], [11.4233027, 46.6277645], [11.4235173, 46.6275877], [11.4244205, 46.62738], [11.4240001, 46.6278898], [11.4243848, 46.628315], [11.4242325, 46.6285995], [11.4235066, 46.6299561], [11.4222298, 46.630516], [11.4212964, 46.6302475], [11.4206205, 46.6294518]]]}, "properties": {"osm_id": "way/284450497", "landuse": "forest"}}, {"type": "Feature", "geometry": {"type": "Polygon", "coordinates": [[[11.4198614, 46.6262801], [11.4194833, 46.6268542], [11.419333, 46.6275509], [11.4197491, 46.6281028], [11.4191816, 46.6285717], [11.4195047, 46.6286594], [11.4196013, 46.6284236], [11.4199446, 46.628291], [11.4202021, 46.6285897], [11.419848, 46.6289287], [11.4200197, 46.629356], [11.4194296, 46.6290097], [11.4183245, 46.6284825], [11.4181851, 46.6283466], [11.4183675, 46.6281657], [11.4191011, 46.6284179], [11.4183104, 46.6269073], [11.4179147, 46.6283131], [11.4173611, 46.6282494], [11.4178294, 46.6284649], [11.4175279, 46.6286855], [11.4176454, 46.6289132], [11.4169615, 46.6305769], [11.4170483, 46.6314966], [11.4165157, 46.6315699], [11.4158719, 46.6308898], [11.4159926, 46.6298791], [11.4151703, 46.6297907], [11.4157603, 46.6309728], [11.4165435, 46.6324061], [11.4166401, 46.6322219], [11.41708, 46.6322326], [11.4166508, 46.6319714], [11.4167581, 46.6318348], [11.4170371, 46.6318609], [11.4173268, 46.6317283], [11.4172195, 46.6308295], [11.4173911, 46.630796], [11.4177881, 46.6318315], [11.4187215, 46.631802], [11.4188502, 46.6324061], [11.4191507, 46.6326746], [11.4193223, 46.632745], [11.4194725, 46.6323177], [11.4200626, 46.6337322], [11.4208244, 46.6333893], [11.4218758, 46.6330946], [11.4223157, 46.6327376], [11.4232169, 46.631802], [11.4239572, 46.6308549], [11.4242469, 46.6301034], [11.4243863, 46.6292119], [11.4245043, 46.6287109], [11.4242325, 46.6285995], [11.4235066, 46.6299561], [11.4222298, 46.630516], [11.4212964, 46.6302475], [11.4206205, 46.6294518], [11.4211999, 46.6290351], [11.4213286, 46.6284162], [11.4213072, 46.6279742], [11.4213715, 46.6276025], [11.4213551, 46.6274105], [11.4207267, 46.6269509], [11.4206798, 46.6265254], [11.4200873, 46.6262116], [11.4198614, 46.6262801]]]}, "properties": {"osm_id": "way/284450501", "natural": "scrub"}}, {"type": "Feature", "geometry": {"type": "Polygon", "coordinates": [[[11.4393424, 46.638638], [11.4393316, 46.6382107], [11.4408337, 46.6373709], [11.4411126, 46.6370542], [11.4414774, 46.636951], [11.4419656, 46.6373853], [11.442679, 46.6369731], [11.4431833, 46.6372162], [11.4426629, 46.6373632], [11.4426576, 46.6377393], [11.4429043, 46.6378866], [11.443076, 46.6376214], [11.4437948, 46.6383065], [11.4433174, 46.6386081], [11.4435963, 46.6389102], [11.4440523, 46.6390431], [11.444047, 46.6399709], [11.4426147, 46.6394998], [11.4428185, 46.6387411], [11.4421319, 46.6380045], [11.4411663, 46.6379234], [11.4411931, 46.6383208], [11.4406996, 46.6384387], [11.4401899, 46.6381297], [11.4396803, 46.6383503], [11.4395891, 46.6386969], [11.4393424, 46.638638]]]}, "properties": {"osm_id": "way/285537559", "natural": "scrub"}}, {"type": "Feature", "geometry": {"type": "Polygon", "coordinates": [[[11.443312, 46.6414813], [11.4436607, 46.6423428], [11.4432316, 46.6432414], [11.4424913, 46.6434403], [11.442164, 46.6425567], [11.4428668, 46.6416946], [11.442384, 46.6414294], [11.443312, 46.6414813]]]}, "properties": {"osm_id": "way/285537562", "natural": "scrub"}}, {"type": "Feature", "geometry": {"type": "Polygon", "coordinates": [[[11.443716, 46.6047077], [11.4437271, 46.604009], [11.4441071, 46.6041088], [11.4446099, 46.6044083], [11.4452357, 46.6046616], [11.4449228, 46.6050762], [11.4443529, 46.6049073], [11.4443418, 46.6046847], [11.4440065, 46.6048382], [11.4438389, 46.6049764], [11.443716, 46.6047077]]]}, "properties": {"osm_id": "way/297086589", "natural": "scrub"}}, {"type": "Feature", "geometry": {"type": "Polygon", "coordinates": [[[11.4324423, 46.6109276], [11.4325681, 46.6111117], [11.432672, 46.6114499], [11.4331808, 46.6115889], [11.4334215, 46.6114912], [11.4333613, 46.6112921], [11.433055, 46.6111906], [11.4328088, 46.6109351], [11.4326337, 46.6108674], [11.4325955, 46.6107096], [11.4324806, 46.6107735], [11.4324423, 46.6109276]]]}, "properties": {"osm_id": "way/297086591", "natural": "scrub"}}, {"type": "Feature", "geometry": {"type": "Polygon", "coordinates": [[[11.4420455, 46.607171], [11.4416071, 46.6072587], [11.4410553, 46.6076014], [11.4414653, 46.6081967], [11.4414849, 46.6087013], [11.4415659, 46.6091267], [11.4412255, 46.6092064], [11.4413493, 46.6095731], [11.4410243, 46.6096475], [11.4403745, 46.6087228], [11.438436, 46.6083147], [11.4346525, 46.6084239], [11.435352, 46.6086328], [11.4363917, 46.6087545], [11.4361647, 46.6091385], [11.4370965, 46.6089715], [11.4372623, 46.6092763], [11.43753, 46.6089612], [11.4371164, 46.6087051], [11.4373497, 46.6085661], [11.4381506, 46.6085171], [11.4385626, 46.6089004], [11.4390835, 46.6085709], [11.4396886, 46.6088746], [11.439959, 46.6087563], [11.4402173, 46.6089174], [11.4399075, 46.609301], [11.4405716, 46.6097561], [11.4405394, 46.6102289], [11.4410389, 46.6100594], [11.4406505, 46.6107702], [11.4415005, 46.6101754], [11.4418011, 46.610251], [11.4420944, 46.6098094], [11.4416885, 46.6096817], [11.4413258, 46.6092914], [11.4419873, 46.6091974], [11.4416901, 46.6087515], [11.4422469, 46.6088377], [11.4422813, 46.6090651], [11.4425929, 46.6090308], [11.4427174, 46.6094137], [11.442859, 46.6097056], [11.4424325, 46.6096433], [11.4420356, 46.6101478], [11.4417754, 46.610429], [11.4423894, 46.6112889], [11.4421882, 46.6117111], [11.4429369, 46.6119414], [11.4433728, 46.6121794], [11.4439985, 46.6115883], [11.4440991, 46.611097], [11.4438644, 46.6107132], [11.4440879, 46.6099532], [11.4440656, 46.6096308], [11.4451609, 46.6097997], [11.4447407, 46.6075195], [11.4452324, 46.6074351], [11.4452212, 46.6072278], [11.4448971, 46.6070282], [11.4449754, 46.6068363], [11.4454224, 46.6065906], [11.4448813, 46.6062223], [11.4438102, 46.6063639], [11.4444518, 46.6069269], [11.4442001, 46.6070171], [11.4436859, 46.6066713], [11.4431061, 46.6066037], [11.4427108, 46.6069424], [11.4420455, 46.607171]]]}, "properties": {"osm_id": "way/297086600", "natural": "scrub"}}, {"type": "Feature", "geometry": {"type": "Polygon", "coordinates": [[[11.4410899, 46.6033795], [11.4410899, 46.6037096], [11.4417939, 46.6040551], [11.4423638, 46.6035637], [11.442185, 46.6033641], [11.441671, 46.6032106], [11.4412799, 46.6032336], [11.4410899, 46.6033795]]]}, "properties": {"osm_id": "way/297086602", "natural": "scrub"}}, {"type": "Feature", "geometry": {"type": "Polygon", "coordinates": [[[11.4894772, 46.641554], [11.4890093, 46.6418755], [11.4886805, 46.6418673], [11.4883936, 46.6421217], [11.4884534, 46.6422284], [11.4882502, 46.642409], [11.4880529, 46.6424459], [11.4878616, 46.6423598], [11.4876225, 46.6424254], [11.4877241, 46.642565], [11.4877421, 46.6428522], [11.4875269, 46.6429713], [11.4872937, 46.6429713], [11.4872041, 46.6428687], [11.4868813, 46.6430862], [11.4867079, 46.6432421], [11.4865584, 46.6431857], [11.4868036, 46.6426808], [11.4865129, 46.641955], [11.4871386, 46.6415104], [11.4877207, 46.6412606], [11.4882083, 46.6411607], [11.4889394, 46.6412017], [11.4894174, 46.6412095], [11.4896833, 46.6411906], [11.4900385, 46.6411313], [11.4900665, 46.6411881], [11.4893412, 46.6413667], [11.4888298, 46.6414373], [11.4885097, 46.6414532], [11.4878533, 46.6415675], [11.4873373, 46.6415797], [11.4871706, 46.6416735], [11.4870107, 46.6417855], [11.4869892, 46.6418592], [11.4873004, 46.6417929], [11.4877456, 46.6417376], [11.4882767, 46.6416897], [11.4890706, 46.641605], [11.4894772, 46.641554]]]}, "properties": {"osm_id": "way/298830891", "natural": "scrub"}}, {"type": "Feature", "geometry": {"type": "Polygon", "coordinates": [[[11.481803, 46.6194472], [11.4818808, 46.6193846], [11.4818405, 46.6193238], [11.4819666, 46.6191801], [11.4821651, 46.6192833], [11.4821973, 46.6192483], [11.4821704, 46.619193], [11.4821919, 46.6191175], [11.4820632, 46.6190235], [11.4821892, 46.6189572], [11.4824011, 46.6191599], [11.4824387, 46.6192685], [11.4822107, 46.6194307], [11.4821731, 46.6195117], [11.4818995, 46.6195449], [11.481803, 46.6194472]]]}, "properties": {"osm_id": "way/459216993", "landuse": "forest"}}, {"type": "Feature", "geometry": {"type": "Polygon", "coordinates": [[[11.4841097, 46.6168975], [11.4841687, 46.6167962], [11.4843538, 46.6168588], [11.4844181, 46.6168699], [11.4844503, 46.6169049], [11.4845952, 46.6169454], [11.4845898, 46.6170228], [11.4844074, 46.6171094], [11.4844369, 46.6170338], [11.4843404, 46.6170007], [11.4842599, 46.6170283], [11.4842197, 46.6170007], [11.4842304, 46.6169638], [11.4841097, 46.6168975]]]}, "properties": {"osm_id": "way/459216995", "landuse": "forest"}}, {"type": "Feature", "geometry": {"type": "Polygon", "coordinates": [[[11.4830824, 46.6176437], [11.483069, 46.6174926], [11.4831065, 46.6173544], [11.4832782, 46.617231], [11.4836832, 46.617277], [11.483812, 46.6172918], [11.483812, 46.6172015], [11.4839917, 46.6172586], [11.4840882, 46.6172715], [11.4840695, 46.6174115], [11.4840078, 46.6175479], [11.4838951, 46.6176197], [11.48382, 46.6175442], [11.4837208, 46.6176713], [11.4833935, 46.617605], [11.4832728, 46.6176602], [11.4831709, 46.6176565], [11.4830824, 46.6176437]]]}, "properties": {"osm_id": "way/459216998", "landuse": "forest"}}, {"type": "Feature", "geometry": {"type": "Polygon", "coordinates": [[[11.4725695, 46.6009385], [11.4726875, 46.6008132], [11.4727626, 46.6008021], [11.472827, 46.600839], [11.4726822, 46.6010048], [11.4725695, 46.6009385]]]}, "properties": {"osm_id": "way/462824050", "landuse": "forest"}}, {"type": "Feature", "geometry": {"type": "Polygon", "coordinates": [[[11.4722262, 46.6016978], [11.4722638, 46.6015135], [11.4721511, 46.6015208], [11.4720975, 46.6014508], [11.4720655, 46.601542], [11.4721675, 46.6016968], [11.4722262, 46.6016978]]]}, "properties": {"osm_id": "way/462824054", "landuse": "forest"}}, {"type": "Feature", "geometry": {"type": "Polygon", "coordinates": [[[11.4735995, 46.6003119], [11.4735086, 46.600322], [11.47346, 46.6002566], [11.4735619, 46.6001571], [11.4736639, 46.6002087], [11.4735995, 46.6003119]]]}, "properties": {"osm_id": "way/462824060", "landuse": "forest"}}, {"type": "Feature", "geometry": {"type": "Polygon", "coordinates": [[[11.4744739, 46.6008021], [11.4744417, 46.6006731], [11.4744846, 46.6006363], [11.4745385, 46.6006685], [11.4745707, 46.6005911], [11.4746348, 46.6005515], [11.4746777, 46.6004114], [11.4748765, 46.6003442], [11.4748816, 46.6002456], [11.4751125, 46.6001857], [11.4751286, 46.6002631], [11.4748979, 46.6005727], [11.4747367, 46.6006399], [11.4747636, 46.6007358], [11.4746402, 46.6008758], [11.4745383, 46.6008021], [11.4744739, 46.6008021]]]}, "properties": {"osm_id": "way/462824066", "landuse": "forest"}}, {"type": "Feature", "geometry": {"type": "Polygon", "coordinates": [[[11.4608188, 46.6022981], [11.4603856, 46.6024144], [11.4592861, 46.6024421], [11.4590418, 46.6024935], [11.4586659, 46.6026566], [11.4582657, 46.6026863], [11.4581645, 46.6027949], [11.4579824, 46.6027896], [11.4577748, 46.602843], [11.4577029, 46.6030259], [11.4577518, 46.6031351], [11.4582653, 46.6031638], [11.4584881, 46.6031886], [11.4584565, 46.6034383], [11.4587133, 46.6037342], [11.459298, 46.6042906], [11.4594876, 46.6039731], [11.4593494, 46.6037641], [11.4591321, 46.603574], [11.4592229, 46.6033786], [11.4593789, 46.6030716], [11.4594284, 46.6029742], [11.4587725, 46.6028846], [11.4587646, 46.6027461], [11.4589503, 46.6026783], [11.4593494, 46.6026349], [11.4602357, 46.6026105], [11.4605449, 46.6024481], [11.4607343, 46.6023936], [11.4608188, 46.6022981]]]}, "properties": {"osm_id": "way/463283109", "landuse": "forest"}}, {"type": "Feature", "geometry": {"type": "Polygon", "coordinates": [[[11.4518052, 46.5932126], [11.4523717, 46.5951858], [11.4527966, 46.5953654], [11.4530004, 46.5951073], [11.4529682, 46.5949746], [11.4525927, 46.5946724], [11.4525176, 46.5940604], [11.4524854, 46.5938614], [11.453023, 46.5931202], [11.452486, 46.5934736], [11.4522478, 46.592987], [11.4520772, 46.5932458], [11.4518052, 46.5932126]]]}, "properties": {"osm_id": "way/463283110", "natural": "scrub"}}, {"type": "Feature", "geometry": {"type": "Polygon", "coordinates": [[[11.449491, 46.5925927], [11.450168, 46.5942079], [11.4517773, 46.5950041], [11.452067, 46.5949967], [11.4516051, 46.5934013], [11.4508772, 46.5937633], [11.4500419, 46.5928403], [11.449491, 46.5925927]]]}, "properties": {"osm_id": "way/463283114", "natural": "scrub"}}, {"type": "Feature", "geometry": {"type": "Polygon", "coordinates": [[[11.4937515, 46.641028], [11.4935316, 46.6406266], [11.4936228, 46.6404608], [11.4933545, 46.640413], [11.4934994, 46.6401957], [11.4933331, 46.6401551], [11.4930917, 46.6402398], [11.4930059, 46.6400815], [11.49395, 46.6396616], [11.4939285, 46.6398016], [11.4939768, 46.6399894], [11.4938588, 46.6401036], [11.4939178, 46.6401662], [11.4946313, 46.6397389], [11.4946366, 46.6396653], [11.4948298, 46.6398347], [11.4949639, 46.6398237], [11.4946366, 46.6400925], [11.4946849, 46.6401883], [11.4945294, 46.6402362], [11.4943309, 46.6400999], [11.4941163, 46.640192], [11.494068, 46.6403688], [11.4941807, 46.6403909], [11.4942343, 46.6402804], [11.4945186, 46.6405161], [11.4944489, 46.6406818], [11.4942933, 46.6406965], [11.4941699, 46.6408954], [11.4940519, 46.6410833], [11.4938427, 46.6409728], [11.4937515, 46.641028]]]}, "properties": {"osm_id": "way/477703587", "landuse": "forest", "leaf_type": "needleleaved"}}, {"type": "Feature", "geometry": {"type": "Polygon", "coordinates": [[[11.4758084, 46.6284942], [11.475587, 46.6285923], [11.4749726, 46.628347], [11.4747512, 46.6281704], [11.474294, 46.6279791], [11.4737225, 46.6279006], [11.4738225, 46.6280477], [11.4738225, 46.6282832], [11.4730938, 46.6283225], [11.473251, 46.6285874], [11.4736296, 46.6286953], [11.4742582, 46.6284598], [11.4747512, 46.628347], [11.4753441, 46.6286266], [11.4753941, 46.6287051], [11.4757441, 46.6287591], [11.4762942, 46.6285187], [11.4758084, 46.6284942]]]}, "properties": {"osm_id": "way/1101300091", "natural": "scrub"}}, {"type": "Feature", "geometry": {"type": "MultiPolygon", "coordinates": [[[[11.559945, 46.6412954], [11.5595119, 46.6411881], [11.5594496, 46.6412504], [11.5594413, 46.641419], [11.5597739, 46.6414889], [11.5600094, 46.641439], [11.559945, 46.6412954]]], [[[11.5320921, 46.6155106], [11.5320942, 46.6156498], [11.5320392, 46.6156915], [11.531804, 46.6155266], [11.5318035, 46.6154457], [11.5315804, 46.6153569], [11.5313028, 46.6145561], [11.5310769, 46.6145181], [11.5309571, 46.61453], [11.5307212, 46.6140695], [11.5306438, 46.6139583], [11.5305518, 46.6138616], [11.5305703, 46.6134536], [11.5302353, 46.6128727], [11.5299947, 46.6122501], [11.5298907, 46.6122728], [11.5297474, 46.6121514], [11.5296064, 46.6118892], [11.5295587, 46.6119724], [11.5296766, 46.6121834], [11.5297601, 46.6122997], [11.5298127, 46.6126], [11.5295198, 46.6127692], [11.5291466, 46.6130077], [11.5289931, 46.6130714], [11.5288407, 46.6128689], [11.5290407, 46.6126776], [11.5288964, 46.6125079], [11.5288205, 46.6123061], [11.5288896, 46.6122282], [11.5289249, 46.6122], [11.5289033, 46.6121305], [11.5288468, 46.612111], [11.528633, 46.6121666], [11.528571, 46.612157], [11.5284325, 46.6119773], [11.528506, 46.6116953], [11.5285405, 46.6115094], [11.5283795, 46.6114185], [11.5280208, 46.6109234], [11.5279327, 46.6109372], [11.5280271, 46.6112054], [11.5281335, 46.6113441], [11.5281708, 46.611614], [11.5280562, 46.6115327], [11.5280268, 46.6115734], [11.5279822, 46.6116352], [11.5279019, 46.6116442], [11.5279315, 46.6118654], [11.5278439, 46.6119535], [11.5281302, 46.6126511], [11.5283753, 46.6130272], [11.5282206, 46.6130763], [11.5283508, 46.6134094], [11.5282913, 46.6136486], [11.5281314, 46.6137928], [11.5280594, 46.6137927], [11.528138, 46.6136463], [11.5280483, 46.6133049], [11.5278955, 46.6130257], [11.5274854, 46.6123994], [11.5273706, 46.6121064], [11.5272609, 46.6120852], [11.5267733, 46.6115513], [11.5266072, 46.6115435], [11.5269908, 46.6121827], [11.5273334, 46.6130481], [11.527115, 46.6130083], [11.5271002, 46.6134875], [11.5269704, 46.6134634], [11.5267608, 46.6133879], [11.5265844, 46.613293], [11.526449, 46.6131974], [11.5264235, 46.6132618], [11.5267746, 46.613636], [11.5270246, 46.6141247], [11.5272251, 46.6139328], [11.5274767, 46.613953], [11.5277878, 46.6141779], [11.528064, 46.6148826], [11.528083, 46.6151426], [11.5280516, 46.6153012], [11.5278091, 46.6151168], [11.5274883, 46.6150461], [11.5273558, 46.6154907], [11.5271954, 46.6156159], [11.5269103, 46.6156023], [11.5267719, 46.6155573], [11.5261518, 46.6156354], [11.525849, 46.6153421], [11.5256599, 46.6153635], [11.5257777, 46.6156087], [11.5257972, 46.615732], [11.5254397, 46.6159951], [11.5253107, 46.6164894], [11.525412, 46.6167103], [11.5256669, 46.6169341], [11.5255336, 46.6170463], [11.5255716, 46.6171393], [11.5254247, 46.6172527], [11.5251988, 46.6171546], [11.5251055, 46.6172589], [11.5249115, 46.6172611], [11.5244766, 46.6173437], [11.5241777, 46.6174328], [11.5241668, 46.6171899], [11.5240473, 46.6171716], [11.5238623, 46.6173343], [11.5235863, 46.6172574], [11.5234655, 46.61727], [11.5234106, 46.6174004], [11.5232427, 46.6172932], [11.5231625, 46.6173016], [11.5231136, 46.6173505], [11.522957, 46.617323], [11.5224066, 46.6174995], [11.5223273, 46.6174214], [11.522028, 46.6174604], [11.5218832, 46.6175151], [11.5218625, 46.617432], [11.5220453, 46.6173366], [11.5220602, 46.6172684], [11.5222415, 46.6171536], [11.5222793, 46.6170483], [11.522457, 46.6169411], [11.522428, 46.6168602], [11.5222743, 46.6168351], [11.5222778, 46.6168006], [11.5226729, 46.6164738], [11.5228519, 46.616245], [11.5232196, 46.6162943], [11.5231998, 46.6164786], [11.5232942, 46.6165794], [11.5233408, 46.6169643], [11.5235949, 46.6168194], [11.5234653, 46.616746], [11.5234499, 46.6164034], [11.5234474, 46.6163488], [11.5233797, 46.6162509], [11.5230625, 46.616092], [11.5234634, 46.6157447], [11.5234134, 46.6156057], [11.5235503, 46.6154115], [11.5237563, 46.6152177], [11.5239196, 46.615135], [11.5240146, 46.6152095], [11.5241268, 46.6153791], [11.5241741, 46.6155844], [11.524051, 46.6157117], [11.5242405, 46.6158484], [11.5243308, 46.6157935], [11.5243838, 46.6155847], [11.5242374, 46.6154212], [11.5244083, 46.6153877], [11.5244808, 46.6150747], [11.5245718, 46.6146053], [11.5247409, 46.6144423], [11.524812, 46.6141726], [11.5246643, 46.6138928], [11.5245214, 46.613766], [11.5242544, 46.6132432], [11.5240881, 46.613419], [11.5240541, 46.6135465], [11.5239393, 46.6133448], [11.5237845, 46.6132451], [11.5236746, 46.6130258], [11.5237193, 46.6128488], [11.5236758, 46.6123196], [11.5233737, 46.6119039], [11.5229957, 46.6117874], [11.5228663, 46.6117007], [11.5227625, 46.6115994], [11.5229004, 46.6114896], [11.5228071, 46.6114016], [11.5227177, 46.6114252], [11.5226444, 46.6112831], [11.5224888, 46.6112214], [11.5225331, 46.6111142], [11.5223155, 46.6109298], [11.5222532, 46.6107848], [11.5221586, 46.6107661], [11.5221352, 46.6106882], [11.522047, 46.610612], [11.5220127, 46.6104821], [11.5218865, 46.6103828], [11.5216351, 46.6102942], [11.5212758, 46.610471], [11.5208091, 46.6102371], [11.5209138, 46.6100969], [11.520711, 46.6099733], [11.5204946, 46.6099213], [11.5204018, 46.6099563], [11.5203209, 46.6099037], [11.5202882, 46.6097768], [11.5201038, 46.6096935], [11.5200631, 46.6096635], [11.5200906, 46.609505], [11.5202118, 46.6094189], [11.5203332, 46.6094255], [11.5203262, 46.6096083], [11.5204, 46.6096172], [11.5204298, 46.6095397], [11.5204724, 46.6094291], [11.5205764, 46.6093458], [11.5206592, 46.6092795], [11.520904, 46.6090698], [11.521175, 46.6090624], [11.5213581, 46.6090447], [11.5215523, 46.6092074], [11.5216929, 46.6092094], [11.5218969, 46.609451], [11.5219989, 46.6095402], [11.5218119, 46.6092399], [11.5219126, 46.6091122], [11.5221081, 46.6091418], [11.522237, 46.609079], [11.5223311, 46.6091318], [11.5224132, 46.6090952], [11.5224191, 46.6090291], [11.5223494, 46.6089963], [11.5222094, 46.6090109], [11.5216067, 46.6089007], [11.5216454, 46.6087058], [11.5218427, 46.6086381], [11.5220741, 46.6086535], [11.5221399, 46.6084891], [11.5224962, 46.6084196], [11.522966, 46.6085289], [11.5231143, 46.6085896], [11.5234297, 46.6085146], [11.5235661, 46.6085329], [11.5236263, 46.608474], [11.5238429, 46.6085234], [11.5240467, 46.6085846], [11.5243424, 46.6086683], [11.52458, 46.6087989], [11.524554, 46.6087166], [11.5246024, 46.6086481], [11.5243906, 46.6084986], [11.5244619, 46.6082314], [11.5247551, 46.6082444], [11.5248065, 46.6081857], [11.5252112, 46.608191], [11.5257022, 46.6082077], [11.5257803, 46.6081184], [11.5261305, 46.608096], [11.5262433, 46.6081419], [11.5264462, 46.6080466], [11.5268599, 46.6082218], [11.5270552, 46.6084943], [11.5270481, 46.6085952], [11.5272356, 46.608886], [11.5271409, 46.609023], [11.5268165, 46.6087903], [11.526693, 46.6088451], [11.5269634, 46.6091341], [11.5273232, 46.6092399], [11.5274944, 46.6093332], [11.5275693, 46.6094535], [11.5276631, 46.6095121], [11.5278299, 46.6096889], [11.5280342, 46.6100317], [11.5280432, 46.6101112], [11.527999, 46.6101711], [11.5279366, 46.6101678], [11.527915, 46.6100229], [11.527786, 46.6098883], [11.5276856, 46.6098463], [11.5276856, 46.6099301], [11.5279072, 46.6102217], [11.5280066, 46.6102201], [11.5280849, 46.6102188], [11.5281399, 46.6101562], [11.5281093, 46.6100358], [11.528152, 46.6100048], [11.5284183, 46.610145], [11.5284764, 46.6099966], [11.5286038, 46.6099718], [11.5287044, 46.6099124], [11.5286723, 46.6098689], [11.5284374, 46.6098664], [11.528353, 46.6096087], [11.5285105, 46.6095115], [11.5286718, 46.6096104], [11.5288401, 46.6095336], [11.5287284, 46.6094565], [11.5288094, 46.6093518], [11.5289368, 46.609384], [11.5289691, 46.6093376], [11.5288901, 46.6092721], [11.5288083, 46.6092742], [11.5281472, 46.608746], [11.5283751, 46.6084485], [11.5288841, 46.6085007], [11.5292183, 46.6082502], [11.5297045, 46.6084329], [11.5300948, 46.6084385], [11.5303046, 46.6084903], [11.530825, 46.6084903], [11.530806, 46.6081851], [11.5308372, 46.6080059], [11.5308103, 46.6077573], [11.5306996, 46.6076136], [11.5307565, 46.6075742], [11.5308289, 46.6075096], [11.5308068, 46.6073595], [11.5310671, 46.6072619], [11.5310557, 46.6070196], [11.5310407, 46.6068488], [11.5309063, 46.6066699], [11.5308557, 46.6064878], [11.5307623, 46.6063375], [11.5306905, 46.6063444], [11.5307304, 46.6065387], [11.5307962, 46.6065666], [11.5307978, 46.6066216], [11.5307097, 46.6066794], [11.53073, 46.6067276], [11.5308526, 46.60676], [11.5308062, 46.6069083], [11.5305529, 46.6069244], [11.5305013, 46.6067658], [11.5304032, 46.606855], [11.5302614, 46.6068114], [11.530174, 46.6065271], [11.5301046, 46.6064077], [11.5303382, 46.6062347], [11.5305191, 46.6062249], [11.530618, 46.6062835], [11.530699, 46.606257], [11.5305821, 46.6061781], [11.5304904, 46.6060735], [11.5304282, 46.6060723], [11.5302927, 46.6059695], [11.5302368, 46.6058867], [11.5303072, 46.6058277], [11.5304232, 46.6057304], [11.5306749, 46.6056731], [11.5307286, 46.6055907], [11.5308418, 46.6055435], [11.5309767, 46.6053542], [11.5313554, 46.6050804], [11.5317807, 46.604999], [11.5317566, 46.6049402], [11.5315265, 46.6043609], [11.5314443, 46.6041204], [11.5315717, 46.6040834], [11.5315207, 46.6039319], [11.5316075, 46.6037253], [11.5317698, 46.6035926], [11.5318561, 46.6033833], [11.5320835, 46.6032739], [11.5320939, 46.6030691], [11.5321541, 46.602815], [11.532117, 46.6025549], [11.5318374, 46.6018346], [11.5316156, 46.6013032], [11.53125, 46.6004378], [11.5310806, 46.6002332], [11.5309814, 46.6002717], [11.5312583, 46.6008747], [11.531384, 46.6014973], [11.5312234, 46.6013499], [11.5310986, 46.6010027], [11.5308273, 46.6007542], [11.530657, 46.6007205], [11.5305127, 46.6008747], [11.5302514, 46.6006627], [11.5301225, 46.6005984], [11.5299484, 46.6005115], [11.5300696, 46.6003033], [11.5298373, 46.6000869], [11.5296294, 46.6000446], [11.5297538, 46.5998737], [11.5293313, 46.5995795], [11.5291591, 46.5995515], [11.5288899, 46.599227], [11.5288652, 46.5991015], [11.5286752, 46.5991292], [11.5286692, 46.5991918], [11.5287531, 46.5992289], [11.5289978, 46.5995252], [11.5285863, 46.5995756], [11.528312, 46.599591], [11.5283216, 46.5993915], [11.5284045, 46.5992578], [11.5284715, 46.5990847], [11.5289149, 46.598997], [11.5287968, 46.5988195], [11.5290259, 46.5986942], [11.5289884, 46.5986541], [11.5288775, 46.5985355], [11.5288037, 46.5984566], [11.5285688, 46.5985696], [11.5284195, 46.5986387], [11.5281121, 46.598711], [11.5278782, 46.5988041], [11.5274771, 46.5989806], [11.5272307, 46.5989186], [11.527189, 46.5990087], [11.5270168, 46.5988876], [11.5269503, 46.5988988], [11.5268213, 46.5986626], [11.5269178, 46.5985467], [11.5269413, 46.5984599], [11.5270629, 46.5982446], [11.527079, 46.5980214], [11.5270485, 46.597688], [11.5269986, 46.5976952], [11.5270343, 46.5980827], [11.5269563, 46.5981896], [11.526758, 46.5985369], [11.5266811, 46.5985322], [11.5267089, 46.5983128], [11.526567, 46.5982539], [11.5264112, 46.5979754], [11.5262422, 46.5979036], [11.5261757, 46.5981379], [11.5258993, 46.5982282], [11.5260192, 46.5980435], [11.5260184, 46.5979397], [11.5258893, 46.5978637], [11.5256446, 46.5981018], [11.5254269, 46.598121], [11.5253451, 46.5981711], [11.5251375, 46.5981964], [11.5249992, 46.5981014], [11.525156, 46.5978193], [11.5252943, 46.5979429], [11.5253914, 46.5980288], [11.5256633, 46.5979112], [11.525774, 46.5977147], [11.5261102, 46.5977472], [11.526492, 46.5976697], [11.5266492, 46.5979198], [11.5266573, 46.5978799], [11.5266499, 46.597686], [11.52687, 46.5976364], [11.5269602, 46.5976379], [11.5268531, 46.5975359], [11.5268028, 46.5974854], [11.5264044, 46.597505], [11.5262317, 46.5975619], [11.5262451, 46.5973968], [11.5263386, 46.5972513], [11.5264935, 46.5972172], [11.5270746, 46.5972742], [11.5272186, 46.5971374], [11.5273074, 46.5971983], [11.5273176, 46.5974673], [11.5275913, 46.5976514], [11.5278303, 46.5975999], [11.5278595, 46.5974599], [11.5280846, 46.5974771], [11.5279675, 46.5976592], [11.5281101, 46.5979055], [11.5282702, 46.5981142], [11.5284051, 46.5982151], [11.5286476, 46.5983964], [11.5286811, 46.5982041], [11.5287045, 46.5980698], [11.5288177, 46.5980184], [11.5286026, 46.5975261], [11.5284743, 46.5973992], [11.528635, 46.5972685], [11.5284634, 46.5970086], [11.5286536, 46.5966988], [11.5287207, 46.5958803], [11.5286932, 46.5955667], [11.5285597, 46.5955323], [11.5282947, 46.5952411], [11.5283105, 46.5954363], [11.5285786, 46.595853], [11.5285948, 46.5961126], [11.528453, 46.5960889], [11.5283591, 46.5962382], [11.5283449, 46.5964081], [11.5282218, 46.5965252], [11.5281558, 46.5966843], [11.5280809, 46.5966652], [11.5280651, 46.5965842], [11.5282117, 46.5964963], [11.528071, 46.5962341], [11.5280155, 46.5962363], [11.5280076, 46.5963634], [11.5277285, 46.5961459], [11.5274999, 46.5961836], [11.5274036, 46.5961995], [11.5273122, 46.5961249], [11.5272149, 46.5960695], [11.5269558, 46.5958345], [11.5272829, 46.595688], [11.5274083, 46.5957386], [11.52748, 46.5957783], [11.5275459, 46.5958148], [11.5276307, 46.5960456], [11.5277057, 46.5960456], [11.5277596, 46.5956923], [11.5277073, 46.5955231], [11.5277796, 46.5954674], [11.5279897, 46.5956277], [11.5281173, 46.5958066], [11.5281998, 46.5958454], [11.5282364, 46.5956781], [11.5282176, 46.5955336], [11.5276295, 46.5948209], [11.5271839, 46.5944245], [11.5269694, 46.5943561], [11.5268027, 46.5942049], [11.526686, 46.594001], [11.5267727, 46.5938406], [11.526881, 46.5937485], [11.5269694, 46.5936733], [11.526736, 46.5935382], [11.5263095, 46.5935692], [11.5261292, 46.5934014], [11.5259867, 46.5934642], [11.5258755, 46.5935202], [11.5256678, 46.5937732], [11.5256728, 46.5938011], [11.5254807, 46.5939798], [11.5257151, 46.5941372], [11.5258821, 46.5941954], [11.5260873, 46.5944526], [11.5263098, 46.5943205], [11.5265611, 46.594474], [11.5267827, 46.5948556], [11.5271213, 46.595245], [11.5269713, 46.5954364], [11.5269348, 46.5955585], [11.5267411, 46.5956245], [11.5267913, 46.5958553], [11.5271759, 46.5962722], [11.5274129, 46.5964462], [11.5275058, 46.5965428], [11.5275522, 46.5966588], [11.5274782, 46.5966979], [11.5268773, 46.5967743], [11.526446, 46.5967817], [11.5265105, 46.5965817], [11.5264897, 46.5964284], [11.5262781, 46.5961021], [11.5262296, 46.5960037], [11.5261181, 46.5959907], [11.5262332, 46.5963572], [11.5262547, 46.5964855], [11.5261592, 46.59659], [11.5260558, 46.5965969], [11.5260124, 46.5963861], [11.5259124, 46.5961089], [11.5257324, 46.5959966], [11.525658, 46.595427], [11.5254713, 46.595481], [11.5254456, 46.5958339], [11.5253066, 46.595923], [11.5256259, 46.5964304], [11.525759, 46.5966335], [11.5256662, 46.5967617], [11.5254917, 46.5967377], [11.5253822, 46.596748], [11.5252872, 46.596908], [11.5250919, 46.5971708], [11.5249192, 46.5973944], [11.5246774, 46.5976582], [11.5243699, 46.5976972], [11.5246518, 46.5979074], [11.5247458, 46.5978061], [11.5248478, 46.5977925], [11.5248749, 46.5978938], [11.5246864, 46.5979647], [11.5249174, 46.5982114], [11.5252685, 46.5983053], [11.5254114, 46.5984199], [11.5253664, 46.598563], [11.5254996, 46.5985386], [11.5255857, 46.5986726], [11.5257782, 46.5988821], [11.5258511, 46.598877], [11.5258932, 46.5987255], [11.5258074, 46.5985326], [11.5259029, 46.5984939], [11.5259798, 46.5986966], [11.5262048, 46.5986373], [11.5262292, 46.5984825], [11.5262851, 46.5984713], [11.5262931, 46.5988473], [11.5263544, 46.5989966], [11.5262531, 46.5990113], [11.5260744, 46.5991725], [11.5261303, 46.5989332], [11.5262451, 46.5987682], [11.5259957, 46.5988078], [11.5259124, 46.5989118], [11.5258081, 46.5989266], [11.5257912, 46.5989745], [11.5259101, 46.5989913], [11.5259046, 46.5992033], [11.5257563, 46.599201], [11.5256183, 46.599117], [11.5253979, 46.5991132], [11.5252952, 46.5991236], [11.5251751, 46.5991542], [11.5250251, 46.5991119], [11.5249023, 46.5991171], [11.5248901, 46.5992314], [11.5250961, 46.5992991], [11.5251854, 46.5993648], [11.5253459, 46.5994278], [11.5254515, 46.5993331], [11.5255791, 46.5996119], [11.5257107, 46.5997057], [11.5255608, 46.5994864], [11.5255019, 46.5993183], [11.5255927, 46.5993155], [11.5257627, 46.5994736], [11.5259461, 46.5996133], [11.5260695, 46.5997393], [11.5263229, 46.5998218], [11.5263829, 46.5999684], [11.5262195, 46.6000692], [11.5259707, 46.6002446], [11.5257678, 46.6004047], [11.5255204, 46.6005094], [11.5255181, 46.6007546], [11.5253788, 46.6008837], [11.525352, 46.6010164], [11.5253006, 46.6010355], [11.5251759, 46.6008917], [11.5251478, 46.6007196], [11.5250523, 46.6006826], [11.5249392, 46.6006387], [11.5246955, 46.6006868], [11.5246739, 46.6005954], [11.5245607, 46.6006202], [11.5245207, 46.6004242], [11.5243971, 46.6000728], [11.5241192, 46.6001879], [11.5240139, 46.6002834], [11.5239697, 46.6003193], [11.5240551, 46.6004429], [11.5239942, 46.6005809], [11.5239088, 46.6006397], [11.5238088, 46.6006076], [11.5238275, 46.6005383], [11.523637, 46.6004121], [11.5235747, 46.6005018], [11.523396, 46.6003859], [11.5233479, 46.6003333], [11.5235869, 46.600248], [11.5233832, 46.5999347], [11.5230509, 46.599674], [11.523028, 46.5991324], [11.5227148, 46.5991255], [11.5227976, 46.5994937], [11.5228815, 46.5997136], [11.5230717, 46.6000433], [11.5232842, 46.6004121], [11.5235459, 46.6006089], [11.5233163, 46.6008176], [11.5236615, 46.6009287], [11.5242778, 46.6008591], [11.5242354, 46.6010135], [11.5242379, 46.6011573], [11.524239, 46.6012236], [11.5242399, 46.6012754], [11.5241836, 46.6016089], [11.5236572, 46.6017703], [11.5236269, 46.6015268], [11.523499, 46.6015068], [11.5233687, 46.6016431], [11.523264, 46.6019259], [11.5232971, 46.6019593], [11.5234949, 46.6021587], [11.5237268, 46.6020071], [11.5239706, 46.6020005], [11.5244667, 46.6019066], [11.5245768, 46.6017866], [11.5245377, 46.6017399], [11.5244249, 46.6016129], [11.5249983, 46.6015363], [11.525136, 46.601577], [11.5251478, 46.6015805], [11.5252359, 46.6016065], [11.525309, 46.6016111], [11.5255398, 46.6016255], [11.5256734, 46.6015268], [11.525631, 46.6014378], [11.5259547, 46.6014492], [11.5259879, 46.6013832], [11.5259372, 46.6013248], [11.5259099, 46.601301], [11.5257027, 46.6011025], [11.5263045, 46.6009281], [11.5265187, 46.6009594], [11.5263102, 46.6007542], [11.5264974, 46.6006055], [11.5264354, 46.6004957], [11.5269421, 46.6002923], [11.5269538, 46.6002935], [11.5272244, 46.6003217], [11.5270872, 46.6003861], [11.5271112, 46.6004526], [11.5273889, 46.6002981], [11.5274017, 46.6002218], [11.5274426, 46.6002036], [11.5277346, 46.6001905], [11.5277795, 46.6001691], [11.5278518, 46.6000963], [11.5279107, 46.6000459], [11.5281762, 46.6001006], [11.5283798, 46.6002572], [11.5284474, 46.6003347], [11.5283414, 46.6004037], [11.5282073, 46.600491], [11.5281981, 46.6006369], [11.5277912, 46.6007487], [11.5276131, 46.6005926], [11.5275671, 46.6005923], [11.5275563, 46.600624], [11.5276639, 46.6006719], [11.5276985, 46.6007826], [11.5275431, 46.6008541], [11.5274122, 46.6010534], [11.5273741, 46.6014549], [11.5272429, 46.6014274], [11.5271268, 46.6015394], [11.5271099, 46.6016712], [11.5272396, 46.6017627], [11.5274222, 46.6016813], [11.5276789, 46.6017466], [11.5275064, 46.601553], [11.5278567, 46.6013132], [11.5280567, 46.6013774], [11.5283129, 46.6010898], [11.5286194, 46.6009586], [11.5287538, 46.6008533], [11.5289235, 46.6008776], [11.5291725, 46.6008462], [11.5293763, 46.6010358], [11.529439, 46.6009961], [11.5293324, 46.6008579], [11.5290188, 46.6006876], [11.5291076, 46.6006288], [11.5293784, 46.6007549], [11.5296274, 46.6010238], [11.5297402, 46.6010386], [11.5298367, 46.6009761], [11.5298822, 46.6009206], [11.5301642, 46.6012341], [11.5303544, 46.6011501], [11.5304506, 46.60123], [11.5304752, 46.6016966], [11.5303702, 46.6016208], [11.5301878, 46.6016595], [11.5301466, 46.601555], [11.5302864, 46.6014105], [11.5301476, 46.6013664], [11.5301181, 46.6014827], [11.5298575, 46.6016081], [11.529678, 46.6014845], [11.5294934, 46.6016781], [11.529349, 46.601701], [11.5292328, 46.6017757], [11.5291736, 46.6018776], [11.5290727, 46.6017828], [11.5292197, 46.6012688], [11.5291607, 46.6012119], [11.5290611, 46.6013185], [11.5289465, 46.6013065], [11.5288445, 46.6012211], [11.528799, 46.6012635], [11.5287153, 46.6014569], [11.5288174, 46.6015821], [11.5287419, 46.6017463], [11.5287026, 46.6017594], [11.5285203, 46.6018204], [11.5283546, 46.6019576], [11.5282652, 46.6020597], [11.528055, 46.6021845], [11.5278926, 46.6021519], [11.5278294, 46.6020684], [11.5274494, 46.6021185], [11.5271567, 46.6022955], [11.5271946, 46.6023262], [11.527476, 46.6022623], [11.5274523, 46.6023544], [11.5273466, 46.6024266], [11.5276232, 46.6024698], [11.5277213, 46.6024852], [11.5279797, 46.6027816], [11.5281614, 46.6029503], [11.5284459, 46.603371], [11.5283234, 46.6036496], [11.5281924, 46.6036574], [11.5282349, 46.6039979], [11.5279003, 46.6040093], [11.5277559, 46.6039241], [11.5276263, 46.6039153], [11.527463, 46.6042045], [11.5274709, 46.6043586], [11.5273552, 46.6043445], [11.5271491, 46.6044273], [11.5271836, 46.6041069], [11.5273195, 46.6038722], [11.5272455, 46.6038432], [11.5270979, 46.6041031], [11.5270607, 46.6043299], [11.5269666, 46.6044772], [11.5268483, 46.6045501], [11.526809, 46.6044797], [11.5267132, 46.6044967], [11.5266743, 46.6046573], [11.5261936, 46.6049534], [11.5258652, 46.6050213], [11.5258605, 46.6048548], [11.5257185, 46.6048344], [11.5250812, 46.6052641], [11.5249362, 46.6051702], [11.5245934, 46.6054624], [11.5248174, 46.6055273], [11.5250439, 46.6055292], [11.5250946, 46.6055296], [11.525513, 46.605432], [11.5258321, 46.6053213], [11.5260217, 46.605399], [11.526291, 46.6052771], [11.5263786, 46.6054262], [11.5265556, 46.6055975], [11.5263169, 46.6055234], [11.5263357, 46.6055798], [11.5265296, 46.6056953], [11.5263279, 46.6057484], [11.5259627, 46.6055364], [11.525712, 46.6054827], [11.5257471, 46.6055254], [11.5259442, 46.605603], [11.526155, 46.6057836], [11.5260141, 46.6058871], [11.5260481, 46.6059347], [11.5261114, 46.6059254], [11.5261942, 46.6059132], [11.5264353, 46.6058778], [11.5265937, 46.6057395], [11.526724, 46.6057232], [11.5272022, 46.6059932], [11.5272288, 46.6061987], [11.5270469, 46.6062192], [11.5266547, 46.6061469], [11.5265505, 46.6062689], [11.5269342, 46.6063831], [11.5270105, 46.6065885], [11.5269814, 46.6068008], [11.5268319, 46.6069323], [11.5269333, 46.6069946], [11.5271028, 46.6068655], [11.5271811, 46.6066233], [11.5271743, 46.6063797], [11.5272526, 46.6063324], [11.5274252, 46.6063577], [11.5275288, 46.6064828], [11.5272343, 46.6066504], [11.5272691, 46.6066832], [11.5273846, 46.6066618], [11.5275985, 46.6065364], [11.527669, 46.6066541], [11.527607, 46.6067495], [11.5276715, 46.6067871], [11.5279581, 46.6066907], [11.5280554, 46.6068326], [11.5280897, 46.6070036], [11.5277173, 46.6070558], [11.5273443, 46.6069984], [11.5271332, 46.6070823], [11.5269744, 46.6070778], [11.5266688, 46.6069543], [11.5261612, 46.6069394], [11.5259977, 46.6070283], [11.5258802, 46.6070355], [11.5257778, 46.6069155], [11.5256552, 46.6069115], [11.5256066, 46.606995], [11.5253274, 46.6069008], [11.5249845, 46.6068701], [11.5249413, 46.6070074], [11.5247343, 46.6071333], [11.5250036, 46.6072075], [11.5252109, 46.6075993], [11.5249729, 46.6080335], [11.5248868, 46.6080175], [11.5248174, 46.6079532], [11.5249727, 46.6078001], [11.5249322, 46.607684], [11.5248343, 46.6077437], [11.5247992, 46.6077986], [11.5247289, 46.6077211], [11.5246007, 46.6077462], [11.524585, 46.6078699], [11.5244199, 46.6079306], [11.5244121, 46.6076768], [11.5243802, 46.6076142], [11.524342, 46.6076304], [11.5242908, 46.6078792], [11.5241596, 46.6079766], [11.5240335, 46.6079255], [11.5239535, 46.6079458], [11.5238671, 46.6078388], [11.5239615, 46.6076879], [11.524114, 46.6076859], [11.524249, 46.6075865], [11.5242965, 46.6074115], [11.5243455, 46.6072929], [11.524533, 46.6072553], [11.5246812, 46.6071602], [11.5242749, 46.6071768], [11.523934, 46.6074368], [11.5235611, 46.6074847], [11.5234928, 46.6075407], [11.523352, 46.607542], [11.5233124, 46.6076548], [11.5232215, 46.6076898], [11.5231223, 46.60778], [11.5230494, 46.6077966], [11.5229853, 46.607898], [11.5229923, 46.6079619], [11.5231197, 46.6078557], [11.5232078, 46.6078536], [11.5233342, 46.6077892], [11.5234299, 46.6078334], [11.5235929, 46.6077254], [11.5236476, 46.6075569], [11.5237951, 46.6075443], [11.5237177, 46.6078003], [11.5237988, 46.6079775], [11.5237229, 46.6080821], [11.5232761, 46.6081802], [11.5232344, 46.6080527], [11.5231034, 46.6080712], [11.5229773, 46.60818], [11.5229045, 46.6082036], [11.5230063, 46.6080433], [11.5228603, 46.6080827], [11.5226932, 46.6080178], [11.5224699, 46.6080285], [11.5223796, 46.6080485], [11.5220761, 46.6081136], [11.5220255, 46.6082099], [11.5213089, 46.6083785], [11.5209421, 46.6085309], [11.5208058, 46.6086044], [11.5207031, 46.6087169], [11.5206866, 46.6089015], [11.520531, 46.608951], [11.5202781, 46.6091268], [11.5200843, 46.608901], [11.5202551, 46.6088255], [11.5203124, 46.6087681], [11.5204568, 46.6086194], [11.5205857, 46.6083763], [11.5202308, 46.6083595], [11.5200759, 46.6084859], [11.5196256, 46.6081699], [11.5194612, 46.6083704], [11.5191609, 46.608376], [11.5190503, 46.6084707], [11.5190922, 46.60856], [11.5187527, 46.6086228], [11.5186853, 46.6085908], [11.5187123, 46.60852], [11.5188288, 46.6084535], [11.518837, 46.6082992], [11.5187752, 46.6082036], [11.518542, 46.6082408], [11.5183439, 46.6080818], [11.5179323, 46.6080955], [11.5178069, 46.608034], [11.5175353, 46.6081347], [11.5167902, 46.6083713], [11.5167605, 46.6084398], [11.516447, 46.6084967], [11.5160447, 46.6084689], [11.5159194, 46.6085094], [11.5156366, 46.6084102], [11.5152667, 46.6081999], [11.5153173, 46.6081135], [11.5154542, 46.6080823], [11.5157874, 46.6081058], [11.5159297, 46.6083033], [11.5160328, 46.6083114], [11.5160391, 46.6081632], [11.5159876, 46.6080925], [11.5159113, 46.6079734], [11.515374, 46.6077482], [11.5151942, 46.6076506], [11.51509, 46.6077116], [11.514647, 46.6075643], [11.5142692, 46.6076014], [11.513878, 46.6076455], [11.5138265, 46.6079512], [11.5144011, 46.6081252], [11.5147492, 46.6081724], [11.5149406, 46.6082731], [11.5149399, 46.608318], [11.5146689, 46.6083511], [11.5142067, 46.6086361], [11.5143604, 46.6086792], [11.5143289, 46.6088022], [11.5140836, 46.6088174], [11.5138027, 46.6088965], [11.513713, 46.6088623], [11.5137998, 46.6087128], [11.5136791, 46.6086502], [11.513617, 46.6085301], [11.5135767, 46.6086276], [11.5132897, 46.6089723], [11.5125845, 46.6091951], [11.5123835, 46.6091877], [11.5122042, 46.6092478], [11.5121181, 46.6091949], [11.5119116, 46.6092541], [11.5116105, 46.6091767], [11.5114526, 46.609267], [11.5112139, 46.6092761], [11.510602, 46.6094587], [11.5104683, 46.6093663], [11.5103336, 46.6095361], [11.5101565, 46.6095513], [11.5101149, 46.6094487], [11.51023, 46.6094066], [11.5102842, 46.6093015], [11.5102194, 46.6091393], [11.5101403, 46.6090941], [11.5101477, 46.6090029], [11.5099681, 46.6087114], [11.5099515, 46.6084171], [11.5102218, 46.6077027], [11.5104972, 46.6075944], [11.5108722, 46.6076609], [11.5111029, 46.6075769], [11.5112319, 46.607407], [11.5111196, 46.6071112], [11.5110004, 46.6068949], [11.5106003, 46.6069188], [11.5104664, 46.6066946], [11.5102851, 46.606229], [11.5104037, 46.6061557], [11.5106724, 46.6061765], [11.5107744, 46.6062428], [11.5109341, 46.6063088], [11.5111286, 46.606195], [11.5111827, 46.6060697], [11.5114452, 46.6059277], [11.5115098, 46.6058049], [11.5116916, 46.605654], [11.5118034, 46.6059094], [11.5120207, 46.6061337], [11.5125129, 46.6061324], [11.5132757, 46.6058693], [11.5134428, 46.6062573], [11.5134292, 46.6058672], [11.5133534, 46.6053427], [11.5138775, 46.6051362], [11.5138488, 46.6048797], [11.5141753, 46.6047301], [11.5142906, 46.6047818], [11.5143421, 46.6047577], [11.5143358, 46.6046346], [11.5141912, 46.6044136], [11.5142661, 46.6039823], [11.5143902, 46.6035783], [11.5145746, 46.6034327], [11.514591, 46.6033389], [11.5148558, 46.6030103], [11.5149502, 46.6026881], [11.5148028, 46.602611], [11.5144448, 46.6025675], [11.5144219, 46.6024894], [11.5143225, 46.6024617], [11.514194, 46.6026369], [11.5146635, 46.6027733], [11.5147864, 46.6029961], [11.5146351, 46.6031812], [11.5145626, 46.6031941], [11.5145076, 46.6030386], [11.5143947, 46.6030101], [11.5143601, 46.6028616], [11.514218, 46.6028174], [11.5139227, 46.6026572], [11.5136732, 46.6026501], [11.5133387, 46.6026406], [11.5132334, 46.6025576], [11.5133863, 46.6024489], [11.5134539, 46.6024947], [11.5137403, 46.6024914], [11.5137142, 46.6024267], [11.5134359, 46.6023952], [11.5133242, 46.602295], [11.5134431, 46.6021483], [11.5134478, 46.6020749], [11.5132264, 46.6019971], [11.5130346, 46.6020249], [11.5128345, 46.6022147], [11.5126625, 46.6021654], [11.5127952, 46.6019708], [11.5127247, 46.6017686], [11.5127831, 46.6015183], [11.5127778, 46.6012658], [11.5126579, 46.6010131], [11.5124429, 46.6009115], [11.5126025, 46.6007852], [11.5130703, 46.6007275], [11.5129013, 46.6009108], [11.5130884, 46.6010002], [11.5132877, 46.6009257], [11.5133973, 46.6007573], [11.513537, 46.600638], [11.5132161, 46.600476], [11.5130835, 46.6004143], [11.5129523, 46.6005357], [11.5126386, 46.6005422], [11.5126684, 46.600278], [11.512587, 46.600361], [11.5122978, 46.6002836], [11.5119868, 46.5999922], [11.5116807, 46.5998171], [11.5116246, 46.5997158], [11.5117403, 46.5996109], [11.5116302, 46.5995295], [11.5115098, 46.59957], [11.5114049, 46.5994614], [11.5112539, 46.5994174], [11.5111853, 46.5995164], [11.5111299, 46.599497], [11.5111045, 46.599301], [11.510997, 46.5991372], [11.5109193, 46.5991924], [11.5108625, 46.5990562], [11.5110697, 46.5990891], [11.5111336, 46.5991629], [11.5112064, 46.5991388], [11.5111309, 46.5990507], [11.5109414, 46.5989677], [11.5109484, 46.5988706], [11.5106232, 46.5987932], [11.5106763, 46.5986986], [11.5108165, 46.5986644], [11.5111341, 46.5987503], [11.5110539, 46.5986373], [11.5111602, 46.5985367], [11.5113408, 46.5984894], [11.5116681, 46.5984816], [11.5114824, 46.5983742], [11.5111777, 46.5983864], [11.5111418, 46.59833], [11.5109925, 46.5983308], [11.5110601, 46.5982748], [11.5121285, 46.5979649], [11.5122282, 46.5980585], [11.5124018, 46.5982214], [11.5127189, 46.5983059], [11.5128687, 46.598166], [11.5131319, 46.5981864], [11.5133275, 46.5982715], [11.5135888, 46.5984472], [11.513757, 46.5985086], [11.5141082, 46.5985823], [11.5143437, 46.5986655], [11.5142611, 46.5985715], [11.514127, 46.5985363], [11.5139148, 46.5985126], [11.5136576, 46.5983758], [11.5136469, 46.598249], [11.5135122, 46.5981039], [11.5137179, 46.5976752], [11.514369, 46.5976592], [11.5146844, 46.5977084], [11.5149661, 46.5977936], [11.5153522, 46.5975024], [11.5155059, 46.597392], [11.5158679, 46.5972279], [11.5153793, 46.597385], [11.5153431, 46.5973475], [11.5154247, 46.5972609], [11.5152762, 46.5973091], [11.5151568, 46.5971539], [11.5150218, 46.5971592], [11.5149396, 46.5973075], [11.5147842, 46.5972905], [11.5146234, 46.5974254], [11.5143383, 46.5973161], [11.5143308, 46.597012], [11.5140836, 46.5966174], [11.5144196, 46.5965035], [11.5145159, 46.5964935], [11.5148113, 46.596463], [11.5148376, 46.5965839], [11.5150548, 46.5967431], [11.5153402, 46.5968381], [11.5156936, 46.5970863], [11.5154619, 46.5972198], [11.5155213, 46.5972701], [11.5157924, 46.597128], [11.515987, 46.5970779], [11.5161309, 46.5970199], [11.5162438, 46.5969863], [11.5164098, 46.596849], [11.515672, 46.5969355], [11.5156123, 46.5965161], [11.5152056, 46.596283], [11.5147815, 46.59619], [11.5146695, 46.5962352], [11.5145456, 46.5961827], [11.5146962, 46.5961074], [11.5148077, 46.5961328], [11.5150198, 46.5959457], [11.5152124, 46.5958496], [11.5154232, 46.5957816], [11.5162971, 46.5953001], [11.5165438, 46.5953357], [11.5166478, 46.5953221], [11.5167614, 46.5951472], [11.5168799, 46.5950972], [11.5170608, 46.5952315], [11.5174374, 46.5951552], [11.5176816, 46.5949465], [11.5177112, 46.5948529], [11.5179323, 46.5948585], [11.5186985, 46.5946105], [11.5188957, 46.5943288], [11.5190564, 46.5942771], [11.5189223, 46.5941348], [11.5189252, 46.5940639], [11.5192982, 46.5939491], [11.5197887, 46.5939493], [11.5205624, 46.5940378], [11.5208023, 46.5941083], [11.5211269, 46.5940069], [11.521427, 46.5939674], [11.5216918, 46.59375], [11.5217005, 46.5938382], [11.5217846, 46.5938643], [11.5218326, 46.5936344], [11.5224377, 46.5934863], [11.5226201, 46.5934397], [11.5225413, 46.5933407], [11.5229352, 46.5932101], [11.5229668, 46.5932943], [11.5228822, 46.5933263], [11.5228291, 46.5933862], [11.5229828, 46.5934085], [11.5232164, 46.5934017], [11.5232521, 46.5932411], [11.5235183, 46.5930805], [11.523656, 46.592949], [11.5237379, 46.592578], [11.5239555, 46.5924072], [11.5242189, 46.5923891], [11.5243355, 46.5924325], [11.5245474, 46.5926609], [11.5246949, 46.5926701], [11.524754, 46.5926151], [11.5247919, 46.5925797], [11.5246676, 46.5924941], [11.5242176, 46.5921615], [11.523736, 46.5923876], [11.5235709, 46.5925326], [11.5232521, 46.5927884], [11.5231458, 46.5927234], [11.5228734, 46.5928558], [11.5231088, 46.5924978], [11.5235376, 46.5922257], [11.5237347, 46.5920824], [11.5246751, 46.5918486], [11.5245323, 46.5917855], [11.5244034, 46.5916078], [11.524091, 46.5916949], [11.5237238, 46.5917503], [11.5234328, 46.5918669], [11.5233548, 46.5917757], [11.5235311, 46.5916025], [11.523343, 46.5916302], [11.5229863, 46.5918754], [11.5229651, 46.5917575], [11.5228461, 46.5916395], [11.5229895, 46.5913761], [11.5231693, 46.5913079], [11.5233708, 46.5914154], [11.5237556, 46.5911898], [11.5236469, 46.5911076], [11.5237578, 46.5910364], [11.5236567, 46.59095], [11.5233237, 46.5910532], [11.5235026, 46.5903217], [11.5234524, 46.5901971], [11.5234002, 46.5902087], [11.5233167, 46.590099], [11.5231429, 46.5901494], [11.5232195, 46.5902702], [11.52322, 46.5903453], [11.5231745, 46.5904003], [11.5230653, 46.590726], [11.5228172, 46.5907422], [11.5225173, 46.5909925], [11.5218443, 46.5913133], [11.5217153, 46.5915585], [11.522017, 46.5919547], [11.5220697, 46.5921068], [11.5220105, 46.5921526], [11.5219323, 46.5921093], [11.5217659, 46.5921753], [11.5216244, 46.5921447], [11.5215249, 46.592187], [11.52193, 46.5924212], [11.5218706, 46.5925828], [11.5215942, 46.5927269], [11.5213745, 46.5927547], [11.5212699, 46.5927123], [11.5212991, 46.5925795], [11.5211868, 46.5925648], [11.521004, 46.5929571], [11.5209845, 46.5932434], [11.5210056, 46.5934027], [11.5206399, 46.5936162], [11.5203568, 46.5935193], [11.51977, 46.5935433], [11.5195243, 46.5933913], [11.51954, 46.5932966], [11.5194402, 46.593289], [11.5193154, 46.5934541], [11.5191697, 46.5934255], [11.5191882, 46.5933158], [11.5192519, 46.5932042], [11.5194128, 46.5932024], [11.5194136, 46.5931296], [11.5193319, 46.5930639], [11.51936, 46.5929551], [11.519293, 46.592865], [11.5190873, 46.5928548], [11.5189719, 46.5927556], [11.5189169, 46.592654], [11.5190785, 46.5925361], [11.5187627, 46.5924739], [11.5187167, 46.592399], [11.5188774, 46.5921864], [11.5191668, 46.5919436], [11.5196001, 46.591717], [11.519588, 46.5915829], [11.5196518, 46.5914733], [11.5191777, 46.591571], [11.5186509, 46.5916289], [11.5185547, 46.5917394], [11.5183008, 46.5917969], [11.5182546, 46.5916104], [11.5181176, 46.5917118], [11.5179359, 46.5917141], [11.5176869, 46.592114], [11.517634, 46.5920879], [11.5174849, 46.5920154], [11.517542, 46.5919426], [11.5173617, 46.5919555], [11.5173236, 46.591937], [11.5163634, 46.5921137], [11.5159941, 46.592409], [11.5159442, 46.5926755], [11.5158095, 46.5927367], [11.5157725, 46.592865], [11.5156357, 46.5928536], [11.5154503, 46.5929264], [11.5151757, 46.5930344], [11.5151497, 46.5931754], [11.5150148, 46.5931675], [11.5149369, 46.5933], [11.5147329, 46.5933343], [11.5144325, 46.5933744], [11.5143247, 46.5933263], [11.5138955, 46.5935221], [11.5138254, 46.5937375], [11.5137216, 46.5937931], [11.5136492, 46.5937138], [11.5133474, 46.5937969], [11.5125139, 46.5939606], [11.5122715, 46.5940531], [11.5121456, 46.5940155], [11.5121789, 46.5937856], [11.5121301, 46.5935147], [11.5121584, 46.5930168], [11.5122498, 46.5930383], [11.5123859, 46.5923045], [11.5123866, 46.5919104], [11.5124667, 46.5915932], [11.5125147, 46.5913185], [11.5122587, 46.5907815], [11.5119946, 46.5904319], [11.5118039, 46.5905442], [11.5119382, 46.5907107], [11.5118999, 46.5908999], [11.5118983, 46.590996], [11.5117075, 46.5909128], [11.5116369, 46.5911622], [11.5113658, 46.5907193], [11.5112779, 46.5909367], [11.511479, 46.5912212], [11.511292, 46.5912964], [11.5114729, 46.5915407], [11.511382, 46.5916228], [11.5115321, 46.5916315], [11.5115111, 46.591715], [11.5116529, 46.5917838], [11.5117383, 46.5918991], [11.5118065, 46.5921295], [11.5117649, 46.5922196], [11.5117067, 46.5924038], [11.5116562, 46.5924168], [11.511581, 46.5925449], [11.5114018, 46.5926272], [11.5113178, 46.5926892], [11.5111053, 46.5927886], [11.5110256, 46.5927207], [11.5108472, 46.5927507], [11.5109141, 46.592878], [11.5108519, 46.5929184], [11.5105637, 46.5927723], [11.5104957, 46.5925831], [11.5103776, 46.5925737], [11.5104314, 46.5924523], [11.510238, 46.5924052], [11.510193, 46.5923592], [11.5102476, 46.5922713], [11.5100591, 46.5922163], [11.5101038, 46.5920817], [11.5099777, 46.592037], [11.5099738, 46.591988], [11.5100212, 46.5919881], [11.5100452, 46.5919362], [11.5099553, 46.5919287], [11.509921, 46.5918186], [11.5100872, 46.5917495], [11.5099753, 46.5916577], [11.5100173, 46.5915613], [11.5098196, 46.5913868], [11.5099126, 46.5912182], [11.5098739, 46.5910475], [11.5097512, 46.5909755], [11.5098028, 46.590795], [11.5095887, 46.5905212], [11.509699, 46.5903233], [11.509751, 46.5902263], [11.5098625, 46.5897591], [11.5097169, 46.589561], [11.5095552, 46.5895476], [11.5093768, 46.5894247], [11.5091888, 46.5894096], [11.5088031, 46.5891789], [11.5086308, 46.5888791], [11.5088846, 46.5886903], [11.5088, 46.5883788], [11.5084589, 46.5884803], [11.5082128, 46.5883898], [11.5078506, 46.5883765], [11.50768, 46.5883953], [11.5073474, 46.5884321], [11.5072093, 46.5887672], [11.5071272, 46.5884948], [11.5069749, 46.5884045], [11.5068843, 46.5885182], [11.5065301, 46.588133], [11.5061757, 46.5879324], [11.5062103, 46.5878863], [11.4620303, 46.5898396], [11.4606249, 46.5893441], [11.4600581, 46.5898651], [11.4571133, 46.5894215], [11.4567373, 46.5898506], [11.4564938, 46.5902928], [11.457278, 46.590032], [11.4573788, 46.5910966], [11.4593588, 46.5919736], [11.4591067, 46.5922955], [11.4594849, 46.5925734], [11.4598433, 46.592378], [11.4607627, 46.5926224], [11.4611425, 46.5925929], [11.4614848, 46.5931193], [11.4621591, 46.5932668], [11.4629771, 46.5935669], [11.4642689, 46.5936937], [11.4650886, 46.5942223], [11.4653225, 46.5945315], [11.4640122, 46.5946984], [11.4637609, 46.5950778], [11.46307, 46.5953042], [11.4639106, 46.5956805], [11.4637759, 46.5962235], [11.4631032, 46.5964704], [11.4626263, 46.5959297], [11.4617407, 46.5962497], [11.4612568, 46.5966503], [11.4597714, 46.5965324], [11.4595965, 46.5969939], [11.4614542, 46.5981671], [11.4631848, 46.598361], [11.4634481, 46.5989928], [11.4613217, 46.5996861], [11.4607085, 46.6007926], [11.4601539, 46.6009665], [11.4591948, 46.6018637], [11.4596724, 46.6018215], [11.4598486, 46.6017493], [11.4598929, 46.601514], [11.4602309, 46.601406], [11.4605345, 46.601295], [11.4605932, 46.6014135], [11.460964, 46.6012212], [11.4610629, 46.6010494], [11.461346, 46.601023], [11.4614711, 46.6014937], [11.461352, 46.6016367], [11.4612281, 46.6016384], [11.4610205, 46.6019738], [11.4608861, 46.6020056], [11.4608716, 46.6021654], [11.4610538, 46.6022032], [11.4617745, 46.6020994], [11.4618407, 46.6019594], [11.4620655, 46.6017298], [11.4621988, 46.6017521], [11.4620765, 46.6019179], [11.4620497, 46.6021076], [11.4624928, 46.6020189], [11.4627106, 46.6018606], [11.4629103, 46.6018714], [11.4634243, 46.6022246], [11.4638736, 46.6023409], [11.4653904, 46.6019867], [11.4654569, 46.6016621], [11.4652557, 46.6012578], [11.4655491, 46.6009396], [11.4658235, 46.6009956], [11.4662516, 46.6008579], [11.4659713, 46.6015022], [11.4658753, 46.6014594], [11.4657085, 46.6016356], [11.4657127, 46.6019325], [11.466183, 46.6018534], [11.4662294, 46.601614], [11.4663691, 46.6014773], [11.4667823, 46.601544], [11.4671762, 46.601478], [11.467424, 46.6015427], [11.4675785, 46.6014931], [11.4674857, 46.6013713], [11.4675667, 46.6012945], [11.4679867, 46.6011609], [11.4680667, 46.6015954], [11.4678054, 46.6016815], [11.4675846, 46.6020154], [11.4675986, 46.602137], [11.467398, 46.6022694], [11.467026, 46.6029818], [11.4671086, 46.6032588], [11.4670746, 46.6033893], [11.4671011, 46.6035766], [11.4667913, 46.6036236], [11.4667162, 46.6037445], [11.4662951, 46.6037488], [11.465912, 46.6032969], [11.4652458, 46.6031075], [11.4649553, 46.6026392], [11.4626309, 46.6027774], [11.4618497, 46.6030058], [11.4610106, 46.6034684], [11.4604965, 46.6041133], [11.4602765, 46.6046062], [11.4611558, 46.6048657], [11.4631673, 46.6050346], [11.4632813, 46.6052507], [11.4650254, 46.6067797], [11.4677273, 46.6075448], [11.4682278, 46.6075385], [11.4685981, 46.60729], [11.4687378, 46.6070059], [11.4688663, 46.6064608], [11.4688216, 46.6062612], [11.4688443, 46.6058443], [11.4687043, 46.6055434], [11.4687937, 46.6051615], [11.4695085, 46.6048977], [11.4693027, 46.6053347], [11.4694765, 46.605351], [11.4699119, 46.6051237], [11.4698933, 46.6047953], [11.4700671, 46.6047015], [11.4699616, 46.6046077], [11.4703278, 46.6044712], [11.4704706, 46.6045778], [11.4708058, 46.6045096], [11.4704892, 46.6042068], [11.4706195, 46.6040917], [11.4713769, 46.6043031], [11.4721494, 46.6051287], [11.4716905, 46.6072925], [11.4719395, 46.6082506], [11.473328, 46.6095054], [11.4721517, 46.6123396], [11.4729242, 46.6134189], [11.4717304, 46.614245], [11.4716601, 46.6151072], [11.4706426, 46.6165044], [11.4706098, 46.6176333], [11.4720636, 46.6176284], [11.4729612, 46.6167457], [11.4740471, 46.6163326], [11.4743702, 46.6165792], [11.472683, 46.6179909], [11.4740972, 46.6183835], [11.4736292, 46.6196692], [11.4742859, 46.6194613], [11.4744961, 46.6191956], [11.474883, 46.6191956], [11.4753884, 46.619185], [11.4755447, 46.6193174], [11.4765173, 46.6188542], [11.4765824, 46.6189722], [11.4763802, 46.6192091], [11.4760026, 46.619687], [11.4756368, 46.6199648], [11.4747478, 46.6205325], [11.4743196, 46.6210716], [11.4733711, 46.621815], [11.4730975, 46.6222071], [11.4734563, 46.6222623], [11.4737568, 46.6223381], [11.4745369, 46.6215638], [11.474937, 46.6214215], [11.4748227, 46.6211026], [11.475805, 46.620498], [11.4765143, 46.621033], [11.4767495, 46.6218044], [11.4776144, 46.6206699], [11.4767, 46.6205031], [11.4766507, 46.6197307], [11.4777873, 46.6191498], [11.4777516, 46.6188849], [11.4788002, 46.6181283], [11.4801662, 46.6178741], [11.4798474, 46.6189148], [11.4803825, 46.6190789], [11.4801572, 46.6196489], [11.4801294, 46.6198529], [11.4799162, 46.6202587], [11.4793907, 46.6208176], [11.4788197, 46.6212413], [11.4786555, 46.6214248], [11.4787037, 46.621448], [11.4788225, 46.6214425], [11.478694, 46.621557], [11.4787044, 46.6215928], [11.4788788, 46.6215992], [11.4791524, 46.621512], [11.4795561, 46.6212993], [11.4795519, 46.6209682], [11.4798385, 46.6205929], [11.480098, 46.6204943], [11.4801829, 46.6203824], [11.4802693, 46.6203845], [11.4803515, 46.6204889], [11.4804748, 46.6204807], [11.480569, 46.6203214], [11.4806632, 46.6203368], [11.481021, 46.6202116], [11.4816709, 46.6193703], [11.4818633, 46.6191435], [11.4818187, 46.6190983], [11.4816808, 46.6191598], [11.4816917, 46.6192302], [11.4814881, 46.6192668], [11.4813628, 46.6193155], [11.4812299, 46.6192803], [11.4811578, 46.6192008], [11.4811125, 46.619238], [11.4809944, 46.6192405], [11.4809967, 46.6190935], [11.4811052, 46.619072], [11.4811622, 46.6191138], [11.4811957, 46.6190746], [11.4810973, 46.6189959], [11.4809975, 46.6189993], [11.4810828, 46.6187811], [11.4811527, 46.6187211], [11.4812199, 46.6188165], [11.4814842, 46.6186503], [11.4815421, 46.618579], [11.4816323, 46.6186529], [11.4817802, 46.6185455], [11.4818969, 46.6186019], [11.4821491, 46.6185627], [11.4823349, 46.6186328], [11.4822651, 46.6187318], [11.4822115, 46.6187339], [11.4822075, 46.6186761], [11.4821187, 46.6186193], [11.4820841, 46.618639], [11.4821042, 46.6187009], [11.4820326, 46.6188004], [11.4821747, 46.6187782], [11.4824068, 46.6189987], [11.4825709, 46.6191072], [11.4826393, 46.619112], [11.4826539, 46.6188062], [11.4827542, 46.6186802], [11.4827269, 46.6185531], [11.4830604, 46.6182795], [11.4830997, 46.6181874], [11.4833182, 46.6181255], [11.4833349, 46.6179752], [11.4830879, 46.6179449], [11.4828414, 46.6177593], [11.4828448, 46.6176275], [11.482854, 46.6173701], [11.4827593, 46.6173701], [11.4827415, 46.6172878], [11.4826007, 46.6171793], [11.4826555, 46.6169638], [11.4825303, 46.6169264], [11.4827467, 46.6167485], [11.4833426, 46.6164669], [11.483832, 46.6165805], [11.4837721, 46.616305], [11.4841164, 46.6160807], [11.4845051, 46.6162533], [11.4845786, 46.6162012], [11.4844672, 46.6160628], [11.484664, 46.616027], [11.4851098, 46.6158008], [11.4854692, 46.6162165], [11.4851188, 46.6164749], [11.4855162, 46.6164572], [11.4852342, 46.6168535], [11.485325, 46.6171717], [11.485999, 46.6167933], [11.4861408, 46.6164733], [11.4858511, 46.6162987], [11.486259, 46.6160551], [11.4864481, 46.6162094], [11.4863181, 46.6164611], [11.4864895, 46.6165383], [11.4862559, 46.61708], [11.4857625, 46.6175062], [11.4856396, 46.6175853], [11.4854755, 46.6178494], [11.4853677, 46.6178553], [11.4853824, 46.6179241], [11.485282, 46.6179661], [11.4850288, 46.6178369], [11.4849231, 46.6178181], [11.4844654, 46.6181079], [11.4844467, 46.6182019], [11.4845669, 46.6182503], [11.4847247, 46.6181128], [11.4849191, 46.6180249], [11.485066, 46.6179956], [11.4851419, 46.6180477], [11.4849001, 46.6182268], [11.4847759, 46.618437], [11.4844225, 46.6184697], [11.4843361, 46.6183627], [11.4842108, 46.618318], [11.4839947, 46.6185154], [11.4840231, 46.6186435], [11.4841442, 46.6187577], [11.484209, 46.6186098], [11.4845119, 46.6187609], [11.4846692, 46.6188724], [11.4852467, 46.6191057], [11.4854472, 46.6190259], [11.4854935, 46.6189515], [11.4853826, 46.618872], [11.484682, 46.6187445], [11.4849902, 46.6183407], [11.4850897, 46.6182398], [11.4853552, 46.6183831], [11.4857913, 46.6179402], [11.4857297, 46.6178523], [11.4859335, 46.617543], [11.4861381, 46.6177368], [11.4862509, 46.6176245], [11.4862275, 46.6175332], [11.4864007, 46.6173536], [11.4865013, 46.6171693], [11.4865529, 46.6173863], [11.4866758, 46.6174566], [11.4870788, 46.6174461], [11.4872597, 46.6175085], [11.4873774, 46.6174462], [11.4874505, 46.6173444], [11.4877788, 46.6173298], [11.4879376, 46.6174273], [11.4879372, 46.6175468], [11.48776, 46.6175795], [11.4875017, 46.6177885], [11.4871557, 46.6177852], [11.4869147, 46.6178264], [11.4868838, 46.617935], [11.4868085, 46.6178753], [11.4865156, 46.6178757], [11.4864455, 46.6179647], [11.4866629, 46.6180719], [11.4864263, 46.6182641], [11.4862529, 46.6185529], [11.4861625, 46.6185864], [11.4861342, 46.6187115], [11.4860237, 46.6187912], [11.4857991, 46.6188219], [11.4851598, 46.6193395], [11.4840792, 46.6198393], [11.4844805, 46.6202354], [11.4838368, 46.6202814], [11.4832665, 46.6215944], [11.4844052, 46.6213665], [11.4846059, 46.6205053], [11.4851994, 46.6206056], [11.4847559, 46.6213486], [11.4855203, 46.6212879], [11.4856719, 46.6222945], [11.4848127, 46.6219995], [11.4845586, 46.6221987], [11.4837516, 46.6228485], [11.483025, 46.6226633], [11.4823364, 46.6230885], [11.4828544, 46.6236916], [11.481294, 46.6235527], [11.479689, 46.6244694], [11.4794486, 46.6246122], [11.4795022, 46.6250116], [11.4794027, 46.6251955], [11.4794486, 46.6253847], [11.4796399, 46.6256002], [11.4797317, 46.6256633], [11.4797471, 46.6258104], [11.4799919, 46.6258314], [11.4800991, 46.625947], [11.4804413, 46.6260894], [11.4807593, 46.625994], [11.48102, 46.6260305], [11.481608, 46.6259382], [11.4818623, 46.6259962], [11.482366, 46.6259523], [11.4823659, 46.6261781], [11.4817673, 46.6264332], [11.4817931, 46.6271716], [11.4820236, 46.6271925], [11.4821753, 46.6270832], [11.4824738, 46.6269743], [11.4828136, 46.6271637], [11.4841089, 46.6270349], [11.4839329, 46.627634], [11.4823948, 46.6274028], [11.4820269, 46.6276457], [11.4816042, 46.6278076], [11.4817587, 46.6280225], [11.4815061, 46.6279725], [11.4812647, 46.6278541], [11.4804474, 46.6278904], [11.4796401, 46.6280637], [11.4795304, 46.6279932], [11.4791253, 46.6279309], [11.4790687, 46.6279854], [11.4787943, 46.6280675], [11.478691, 46.6281674], [11.4788479, 46.6282777], [11.47927, 46.6280991], [11.4797455, 46.6282137], [11.4791293, 46.6286481], [11.4792019, 46.6292218], [11.4798543, 46.6292342], [11.4788938, 46.6300805], [11.4787212, 46.6318765], [11.4773764, 46.6320941], [11.4734457, 46.6335023], [11.4717596, 46.6345968], [11.4684242, 46.6356868], [11.4671026, 46.6368622], [11.4643589, 46.6366382], [11.4654444, 46.6375715], [11.4639855, 46.6385919], [11.4642968, 46.63933], [11.4659065, 46.639326], [11.4663415, 46.6395251], [11.4671117, 46.640309], [11.4678457, 46.6408689], [11.4682442, 46.6407699], [11.4689799, 46.6401977], [11.4693541, 46.6401995], [11.4697105, 46.640673], [11.4699461, 46.6406415], [11.470337, 46.6403178], [11.4706646, 46.6403889], [11.4702565, 46.6407677], [11.4707681, 46.6407993], [11.471159, 46.6405783], [11.471659, 46.6405744], [11.4714463, 46.6407322], [11.4712969, 46.6409137], [11.4714004, 46.6410321], [11.4717165, 46.6408546], [11.4719579, 46.6407993], [11.4721418, 46.6408269], [11.4724005, 46.6407085], [11.4729121, 46.6406217], [11.473849, 46.6405033], [11.47451, 46.6405586], [11.4749641, 46.6404757], [11.4753894, 46.6403336], [11.4760964, 46.6402981], [11.4772172, 46.6401482], [11.4779472, 46.6399627], [11.4783151, 46.6399666], [11.4781656, 46.6404165], [11.4775219, 46.6405428], [11.475878, 46.6406533], [11.4756825, 46.6409059], [11.4755101, 46.6413084], [11.4755044, 46.6416714], [11.4747514, 46.6419635], [11.4746134, 46.641778], [11.4740616, 46.641553], [11.473757, 46.6416359], [11.4732857, 46.6416635], [11.472958, 46.6416675], [11.4722338, 46.6412965], [11.4713314, 46.6412847], [11.4709923, 46.6412729], [11.4707049, 46.6413281], [11.4702968, 46.6413399], [11.4701876, 46.641411], [11.4712912, 46.6414228], [11.4716763, 46.6415688], [11.4720556, 46.641774], [11.4719062, 46.6419911], [11.4712279, 46.6420305], [11.4709405, 46.6421489], [11.4707164, 46.6423028], [11.4703313, 46.6421884], [11.4697852, 46.6420582], [11.4693484, 46.6420029], [11.4691299, 46.6420858], [11.4688138, 46.6422397], [11.4689403, 46.6425554], [11.4691414, 46.6426935], [11.4694863, 46.6423778], [11.4703198, 46.6423581], [11.4707566, 46.6424133], [11.4713774, 46.6422081], [11.4717567, 46.6425593], [11.4711704, 46.6427093], [11.4706359, 46.6428198], [11.4701128, 46.643167], [11.4694863, 46.6434314], [11.4686126, 46.6435814], [11.468423, 46.6436366], [11.4680953, 46.64383], [11.4682563, 46.6439878], [11.4694863, 46.6443943], [11.4696358, 46.6442956], [11.4693656, 46.6439444], [11.4696128, 46.6438221], [11.4698427, 46.6437669], [11.4698312, 46.6442009], [11.47036, 46.6440747], [11.4704347, 46.6442167], [11.4705612, 46.64456], [11.4712969, 46.6446034], [11.4715671, 46.6447179], [11.4719464, 46.6443864], [11.472412, 46.6443075], [11.4729063, 46.6442838], [11.4732224, 46.6440944], [11.4730845, 46.6439405], [11.4737685, 46.6439721], [11.4742283, 46.6440904], [11.4745157, 46.6438892], [11.4748721, 46.6436722], [11.4751882, 46.6436485], [11.4751485, 46.6437454], [11.4756246, 46.6437403], [11.4759594, 46.64396], [11.4764876, 46.6439242], [11.4770009, 46.6437608], [11.4770381, 46.6434901], [11.4775886, 46.6432858], [11.4787417, 46.6430049], [11.4789724, 46.643204], [11.4790765, 46.6436842], [11.4791732, 46.6438374], [11.479694, 46.6438425], [11.4803487, 46.6436126], [11.4806314, 46.6433368], [11.4807572, 46.6429641], [11.4814411, 46.6427543], [11.4813174, 46.6431589], [11.4815139, 46.6432838], [11.4818195, 46.6432988], [11.4824016, 46.643074], [11.4826709, 46.6428792], [11.4827582, 46.6425595], [11.4828542, 46.6422083], [11.4832603, 46.6425095], [11.4842499, 46.6421848], [11.4844463, 46.641965], [11.4847956, 46.641935], [11.4853704, 46.6418801], [11.4865129, 46.641955], [11.4871386, 46.6415104], [11.4877207, 46.6412606], [11.4882083, 46.6411607], [11.4889394, 46.6412017], [11.4894174, 46.6412095], [11.4896833, 46.6411906], [11.4900385, 46.6411313], [11.4901348, 46.6411129], [11.4901541, 46.6411359], [11.4903323, 46.6410568], [11.4905534, 46.641066], [11.4909072, 46.6409776], [11.4910347, 46.6409129], [11.4913236, 46.6409924], [11.491385, 46.6408784], [11.4911752, 46.640572], [11.4913983, 46.6404851], [11.4914982, 46.640412], [11.4915049, 46.6403045], [11.4919178, 46.6397673], [11.4921775, 46.6395936], [11.4924006, 46.6395661], [11.4925637, 46.639461], [11.4926836, 46.6391866], [11.4926003, 46.6390334], [11.4926327, 46.6389471], [11.4926603, 46.6388734], [11.4928101, 46.63875], [11.4931024, 46.6387248], [11.4933983, 46.6384874], [11.4933662, 46.6383171], [11.4929567, 46.6384721], [11.4927003, 46.6386424], [11.4925879, 46.6388066], [11.4921983, 46.639103], [11.4918967, 46.6390532], [11.4920243, 46.6388643], [11.4922108, 46.6385579], [11.4924439, 46.6384893], [11.4926903, 46.6383933], [11.4929633, 46.638183], [11.4933229, 46.6379726], [11.4937291, 46.6380367], [11.4937155, 46.6381955], [11.4936958, 46.6384253], [11.4941487, 46.639006], [11.4945882, 46.638814], [11.4946814, 46.6390837], [11.4950743, 46.6388643], [11.4954872, 46.638814], [11.4956502, 46.6390341], [11.4955398, 46.6393001], [11.4960466, 46.6392575], [11.4966993, 46.6391295], [11.4967834, 46.6389444], [11.4965165, 46.6389822], [11.4965037, 46.6387437], [11.4960323, 46.6389014], [11.4956937, 46.6387408], [11.495769, 46.6386031], [11.4960497, 46.6384523], [11.49606, 46.6382013], [11.4967659, 46.638311], [11.4973985, 46.6383247], [11.4989894, 46.6380253], [11.4995828, 46.6378309], [11.5001822, 46.6376846], [11.5005551, 46.6376389], [11.5007461, 46.6376265], [11.5012493, 46.6374962], [11.5025292, 46.6373614], [11.5032242, 46.6377156], [11.5032078, 46.6381297], [11.5029012, 46.6383009], [11.5021975, 46.6383086], [11.5016633, 46.6382997], [11.5011504, 46.6381831], [11.5007357, 46.6379722], [11.5002355, 46.6379909], [11.4998159, 46.6380321], [11.4992765, 46.6382881], [11.4990567, 46.6384162], [11.4993964, 46.6385213], [11.4988969, 46.6386448], [11.4985173, 46.6384802], [11.4980911, 46.6386677], [11.4977404, 46.6387714], [11.4972366, 46.6388742], [11.4970187, 46.6390472], [11.4968553, 46.6392155], [11.4970595, 46.639538], [11.4965012, 46.6398419], [11.496617, 46.6400289], [11.496154, 46.6399775], [11.4959361, 46.6397671], [11.495691, 46.6395848], [11.4952212, 46.6395567], [11.4951736, 46.6397437], [11.49547, 46.6398529], [11.4956191, 46.6400155], [11.4953919, 46.6401166], [11.4955446, 46.6402456], [11.4954625, 46.6405067], [11.4951999, 46.6405807], [11.4952911, 46.6407139], [11.4955413, 46.6405559], [11.4957481, 46.6405888], [11.4956103, 46.6407361], [11.4955679, 46.6408956], [11.4958136, 46.6409569], [11.4957814, 46.6415193], [11.4961575, 46.6418037], [11.496342, 46.6416092], [11.4964646, 46.6418595], [11.4973049, 46.6419996], [11.4971737, 46.6421786], [11.4968462, 46.642309], [11.4965324, 46.6422725], [11.4962412, 46.6421418], [11.4961583, 46.6423244], [11.4967503, 46.6424401], [11.496788, 46.6426931], [11.49706, 46.6429056], [11.4979538, 46.6433981], [11.4985744, 46.6435594], [11.4984153, 46.6442672], [11.4990182, 46.644907], [11.4998079, 46.6452672], [11.5000456, 46.6447892], [11.5002835, 46.6447838], [11.5011871, 46.6451829], [11.5013915, 46.6450849], [11.5018392, 46.6455799], [11.5014839, 46.646662], [11.5023755, 46.6469099], [11.5027578, 46.6469832], [11.5032413, 46.6467632], [11.503646, 46.6467787], [11.5041352, 46.6472418], [11.5045512, 46.6473653], [11.5050628, 46.6472727], [11.5054901, 46.6472842], [11.5057374, 46.6474695], [11.5058161, 46.647674], [11.5055969, 46.6479867], [11.5052483, 46.6479944], [11.5047817, 46.6478554], [11.5042645, 46.6475891], [11.5039946, 46.6475081], [11.5036404, 46.6475467], [11.5031832, 46.6477418], [11.5031197, 46.6482877], [11.5028222, 46.6482025], [11.5026532, 46.6479926], [11.5023373, 46.6478353], [11.5018966, 46.6478077], [11.5014535, 46.6479558], [11.5013974, 46.6477672], [11.5019595, 46.6475583], [11.501937, 46.647319], [11.5015715, 46.6471067], [11.5013242, 46.6471221], [11.501178, 46.6473151], [11.5011162, 46.6476007], [11.50088, 46.6475351], [11.5005055, 46.6473635], [11.500195, 46.6470673], [11.4997253, 46.6473312], [11.4988973, 46.6479242], [11.4984135, 46.6474897], [11.4980294, 46.6473627], [11.4973285, 46.6474976], [11.4975838, 46.6468977], [11.4976557, 46.6462115], [11.4975262, 46.6460286], [11.497387, 46.6461345], [11.4975203, 46.6466764], [11.4970064, 46.6471192], [11.4968967, 46.6469951], [11.4963374, 46.6469062], [11.4962953, 46.6472284], [11.4964723, 46.6479635], [11.4967261, 46.6480393], [11.4967443, 46.6475363], [11.4969179, 46.6472638], [11.4970366, 46.6476515], [11.4968682, 46.6481049], [11.4962604, 46.6481599], [11.4956891, 46.6474755], [11.4947369, 46.6476685], [11.4933704, 46.6479323], [11.491979, 46.6480528], [11.491713, 46.6482298], [11.4916212, 46.6484296], [11.4917417, 46.6487698], [11.4912894, 46.6490193], [11.4910738, 46.6491382], [11.4908632, 46.64913], [11.4903662, 46.6493238], [11.4903185, 46.649452], [11.4899727, 46.649613], [11.4897898, 46.6495503], [11.4897985, 46.6493111], [11.4897144, 46.6492986], [11.4884646, 46.6491131], [11.4866696, 46.6488466], [11.4864519, 46.648563], [11.4863087, 46.6487144], [11.4857522, 46.6486738], [11.4840697, 46.6485283], [11.4837249, 46.648627], [11.483419, 46.6485136], [11.4827477, 46.6485441], [11.4826385, 46.648698], [11.4824661, 46.6487414], [11.4823741, 46.6485125], [11.4827362, 46.6482797], [11.4825925, 46.6480114], [11.4820125, 46.6479867], [11.4822936, 46.6477234], [11.4827995, 46.647388], [11.4828604, 46.6474936], [11.4830385, 46.6473843], [11.4829661, 46.6471986], [11.48276, 46.6471239], [11.4826181, 46.647063], [11.4829112, 46.6468883], [11.4834135, 46.6463754], [11.4834971, 46.6464127], [11.4840422, 46.6468099], [11.4842084, 46.646757], [11.4843934, 46.6462801], [11.4842525, 46.6460163], [11.4846432, 46.6456976], [11.4842063, 46.6455347], [11.4834503, 46.6460314], [11.4832552, 46.6463048], [11.4830456, 46.646437], [11.4822064, 46.646879], [11.4817006, 46.6469026], [11.4800797, 46.6479049], [11.4813328, 46.647826], [11.4813902, 46.648039], [11.4808959, 46.6482205], [11.4807007, 46.6484585], [11.4805137, 46.648358], [11.4799488, 46.6485924], [11.4798594, 46.6484864], [11.4799763, 46.6483231], [11.4795864, 46.6482245], [11.4784885, 46.6484376], [11.4781768, 46.6485363], [11.4773792, 46.648694], [11.477247, 46.6490294], [11.475994, 46.6492385], [11.4771205, 46.64942], [11.4769941, 46.6498146], [11.4761491, 46.6499211], [11.4756146, 46.6498659], [11.4750973, 46.6499054], [11.4750168, 46.6495739], [11.474419, 46.6493056], [11.4738155, 46.6494871], [11.4735626, 46.6494516], [11.4730913, 46.6495424], [11.4725855, 46.6494398], [11.4722463, 46.6495108], [11.4725855, 46.6498028], [11.472367, 46.6498896], [11.4721385, 46.6498427], [11.4719015, 46.6499685], [11.4723613, 46.6501184], [11.4723914, 46.6503145], [11.4720684, 46.650511], [11.4719251, 46.6504622], [11.4715519, 46.6506515], [11.471476, 46.6506279], [11.4713905, 46.6505896], [11.471287, 46.6505939], [11.4713398, 46.650549], [11.4713335, 46.6504996], [11.4712722, 46.6504924], [11.4712194, 46.6505417], [11.4711433, 46.6505171], [11.4711095, 46.6504474], [11.4711517, 46.6503879], [11.4710503, 46.6503517], [11.4710101, 46.6503749], [11.470951, 46.6503894], [11.4709108, 46.650446], [11.470858, 46.6505011], [11.4708791, 46.6505461], [11.4709911, 46.6505519], [11.4711644, 46.6505939], [11.4712342, 46.6506346], [11.4712046, 46.6507071], [11.4712551, 46.6507697], [11.4699821, 46.6514337], [11.4686421, 46.6528594], [11.4678216, 46.6532811], [11.4688885, 46.653607], [11.4682302, 46.6542801], [11.4686871, 46.6541763], [11.4687791, 46.6544993], [11.4689893, 46.6548235], [11.4693094, 46.6550641], [11.4694378, 46.654633], [11.4691721, 46.6545094], [11.4692631, 46.6542611], [11.469244, 46.6540884], [11.4694446, 46.6540185], [11.469813, 46.6541121], [11.4700933, 46.6536846], [11.4704203, 46.653458], [11.4705885, 46.6534665], [11.470819, 46.6535798], [11.4709404, 46.6538363], [11.4712612, 46.6537979], [11.4713328, 46.653939], [11.4708158, 46.6540394], [11.4711989, 46.6544114], [11.4714699, 46.6543131], [11.4716474, 46.6542126], [11.4715851, 46.6543986], [11.4718778, 46.6543943], [11.4719744, 46.6541869], [11.4723107, 46.6540095], [11.4725661, 46.6539454], [11.4724602, 46.6541185], [11.4722142, 46.6543131], [11.4719775, 46.6544862], [11.471881, 46.6545803], [11.4721341, 46.6547786], [11.4728034, 46.6539394], [11.4743253, 46.653695], [11.4756798, 46.6536449], [11.4763777, 46.6542524], [11.4763479, 46.6561079], [11.4751155, 46.6566778], [11.474299, 46.6567617], [11.4736557, 46.6573027], [11.4736271, 46.6575914], [11.4736845, 46.6579372], [11.473511, 46.6583594], [11.4738974, 46.6583276], [11.4737852, 46.6586373], [11.473311, 46.6589005], [11.4737429, 46.6588832], [11.474615, 46.6581553], [11.4755092, 46.6576918], [11.4755017, 46.6571874], [11.4766712, 46.6571104], [11.4775622, 46.6579274], [11.4782505, 46.6569974], [11.4777902, 46.6564002], [11.4779452, 46.655902], [11.4784227, 46.6555165], [11.4783878, 46.6551748], [11.479333, 46.6548843], [11.4797471, 46.6551439], [11.4797638, 46.6558733], [11.4802991, 46.6561999], [11.4800652, 46.6568376], [11.4802578, 46.657067], [11.4798094, 46.6575957], [11.479082, 46.657747], [11.4782165, 46.6576531], [11.4787972, 46.6579388], [11.4795134, 46.6579477], [11.4801786, 46.6575876], [11.4804264, 46.6577113], [11.48059, 46.6580798], [11.4816842, 46.657733], [11.4812749, 46.6573067], [11.4812186, 46.6567146], [11.4821847, 46.6566336], [11.4823719, 46.6569304], [11.4834126, 46.6570773], [11.4831825, 46.6575622], [11.4836143, 46.6581973], [11.483755, 46.6588795], [11.4834042, 46.6592867], [11.4840963, 46.6590623], [11.4841681, 46.659191], [11.4837808, 46.6595235], [11.4838392, 46.659899], [11.4843914, 46.6595393], [11.4849461, 46.6591779], [11.485403, 46.6595143], [11.4853289, 46.6600478], [11.4858799, 46.6597919], [11.4865032, 46.6601796], [11.4873368, 46.6599774], [11.4882579, 46.6603821], [11.4889593, 46.6615103], [11.4894241, 46.6617984], [11.4896681, 46.661274], [11.4901741, 46.6615311], [11.4903195, 46.6619166], [11.4893705, 46.6625896], [11.4887826, 46.6620097], [11.4873969, 46.6619214], [11.485116, 46.6617693], [11.4835281, 46.6626949], [11.4844232, 46.662945], [11.4853145, 46.6633251], [11.4863857, 46.663348], [11.4861985, 46.6637934], [11.486088, 46.6651511], [11.4863965, 46.6650801], [11.4866577, 46.6647974], [11.4865123, 46.6638615], [11.4868036, 46.6634529], [11.4873048, 46.663255], [11.4880557, 46.6633358], [11.4877145, 46.6639138], [11.4884607, 46.6642853], [11.4904353, 46.6645176], [11.4915452, 46.6644123], [11.4925932, 46.6642267], [11.4931779, 46.6641231], [11.4932457, 46.6643055], [11.4917298, 46.6651147], [11.4930124, 46.6647738], [11.4938414, 46.6658976], [11.4943159, 46.6661293], [11.4949445, 46.6671907], [11.4950214, 46.6673205], [11.49651, 46.6690316], [11.4951555, 46.6701038], [11.4944868, 46.6713607], [11.4932479, 46.6719049], [11.4911391, 46.6722326], [11.4921761, 46.6724641], [11.4920264, 46.6733062], [11.4916653, 46.6736505], [11.4913097, 46.6739894], [11.4924679, 46.6741731], [11.4925216, 46.674624], [11.4934418, 46.675175], [11.4928997, 46.6763694], [11.491704, 46.6765792], [11.4908575, 46.6757926], [11.4898517, 46.6752876], [11.4888705, 46.6748305], [11.4858804, 46.6742158], [11.4845988, 46.6744481], [11.4851482, 46.6748029], [11.4844846, 46.6750624], [11.4849953, 46.6754709], [11.4847071, 46.6755929], [11.4847571, 46.675765], [11.4866867, 46.6753405], [11.4874688, 46.6756513], [11.4876646, 46.6762214], [11.490009, 46.6771854], [11.4903111, 46.6772688], [11.4903264, 46.677673], [11.4909677, 46.6779977], [11.4910335, 46.6778236], [11.4914001, 46.6776672], [11.4918403, 46.677973], [11.492826, 46.6780486], [11.4929239, 46.6781313], [11.4928702, 46.6783043], [11.4930204, 46.6783668], [11.4932618, 46.6782895], [11.493161, 46.6780934], [11.4935201, 46.6779612], [11.4937605, 46.6776392], [11.4941513, 46.6779737], [11.49474, 46.6776743], [11.4947781, 46.6774993], [11.4954908, 46.6771891], [11.4957874, 46.6773988], [11.4953341, 46.6777249], [11.4953585, 46.6778711], [11.4942435, 46.6781629], [11.4941593, 46.6779955], [11.4940306, 46.6779864], [11.4940563, 46.6782094], [11.4938844, 46.6782614], [11.4938163, 46.678471], [11.4940201, 46.6784859], [11.4946099, 46.6781931], [11.496613, 46.6785192], [11.4965132, 46.6790396], [11.4974582, 46.6793451], [11.4968812, 46.6780503], [11.496871, 46.6774084], [11.4975689, 46.6771662], [11.4978334, 46.6776149], [11.4976966, 46.6781125], [11.4983524, 46.6788198], [11.4994695, 46.6777087], [11.4991616, 46.6771182], [11.4986857, 46.6767461], [11.4981244, 46.6764314], [11.4984852, 46.6762632], [11.4990097, 46.6762002], [11.4996412, 46.6759995], [11.4998491, 46.6760215], [11.500724, 46.6765034], [11.5008911, 46.6764448], [11.5012792, 46.6766149], [11.5014994, 46.6766189], [11.5016797, 46.6765271], [11.5015622, 46.6763355], [11.5020466, 46.6761973], [11.5024596, 46.676409], [11.502528, 46.6764568], [11.5027429, 46.6766636], [11.5027533, 46.6766885], [11.5027221, 46.6767579], [11.5026611, 46.6768194], [11.5025716, 46.676875], [11.5024948, 46.676902], [11.5022363, 46.6769049], [11.5021102, 46.6768778], [11.5020669, 46.6770285], [11.502065, 46.6770428], [11.5020486, 46.6771204], [11.5019278, 46.6771191], [11.5019263, 46.6773908], [11.5020445, 46.6773903], [11.5023108, 46.6773856], [11.5027024, 46.6775555], [11.5025831, 46.677782], [11.5026614, 46.6779872], [11.502295, 46.678277], [11.5029816, 46.6784767], [11.5040848, 46.6788215], [11.5054525, 46.6795979], [11.50532, 46.6798949], [11.5062496, 46.6806279], [11.5072721, 46.680687], [11.507959, 46.6802328], [11.5097537, 46.6803993], [11.5112723, 46.6806032], [11.5116902, 46.6812145], [11.5126091, 46.6818457], [11.5120794, 46.6822809], [11.5112825, 46.6819101], [11.5115178, 46.6827422], [11.5105178, 46.6826967], [11.5097191, 46.6818582], [11.5093253, 46.6818658], [11.5085123, 46.6816939], [11.5090627, 46.68141], [11.5086475, 46.6808651], [11.5079072, 46.6811314], [11.5076865, 46.6818148], [11.5071656, 46.6823366], [11.5069747, 46.6823078], [11.5067705, 46.6818615], [11.5061687, 46.6818733], [11.5057022, 46.6812751], [11.5052604, 46.681571], [11.504937, 46.6821423], [11.504323, 46.6823355], [11.5038107, 46.6839425], [11.5031913, 46.6845865], [11.5049351, 46.6850428], [11.5029232, 46.6850478], [11.5043083, 46.6851562], [11.504448, 46.6854178], [11.5031884, 46.685406], [11.5023341, 46.685797], [11.5027426, 46.6863183], [11.5036643, 46.6873952], [11.5028167, 46.6878059], [11.5021681, 46.6877985], [11.5016856, 46.6883432], [11.4993223, 46.6895446], [11.4988722, 46.6915068], [11.5005491, 46.6926702], [11.4996444, 46.6929473], [11.5000798, 46.6934992], [11.4996345, 46.6935769], [11.4996378, 46.6937851], [11.5004386, 46.6942903], [11.5006141, 46.6941398], [11.5002345, 46.6939012], [11.500724, 46.693708], [11.5015021, 46.6938732], [11.5008732, 46.6941354], [11.5036543, 46.6943488], [11.5039521, 46.694996], [11.5031828, 46.6955527], [11.5026499, 46.6950736], [11.5017242, 46.695361], [11.5025187, 46.6957853], [11.5032139, 46.6964628], [11.5026257, 46.6966095], [11.5027955, 46.6968399], [11.5027982, 46.6969871], [11.5030155, 46.6970901], [11.5028465, 46.6973532], [11.5024822, 46.6975069], [11.5025997, 46.6976181], [11.5026695, 46.6977671], [11.5024361, 46.6978462], [11.5022349, 46.697826], [11.5016735, 46.6974142], [11.5009764, 46.69766], [11.5004309, 46.6984022], [11.5007794, 46.6987164], [11.5001543, 46.6987416], [11.501064, 46.6994844], [11.5021657, 46.6990459], [11.502375, 46.6992737], [11.502755, 46.6990409], [11.502969, 46.6990735], [11.5037423, 46.6990713], [11.5043217, 46.6995239], [11.5041758, 46.7001421], [11.5034805, 46.7006713], [11.5050681, 46.7006404], [11.5055179, 46.7001748], [11.5056602, 46.7005588], [11.5062475, 46.7002818], [11.506505, 46.7000537], [11.5068805, 46.6999396], [11.5076315, 46.6998697], [11.5070254, 46.7001714], [11.5066391, 46.7003958], [11.5063985, 46.7007294], [11.506567, 46.7018896], [11.5080019, 46.7027427], [11.5068943, 46.7035012], [11.5070825, 46.704398], [11.5077782, 46.7042738], [11.508651, 46.7035726], [11.5104394, 46.7041734], [11.5115526, 46.7038699], [11.5118246, 46.7032618], [11.51158, 46.702781], [11.5112093, 46.7025415], [11.511105, 46.7022518], [11.5114349, 46.7020642], [11.5114027, 46.7023052], [11.5114912, 46.7024505], [11.5119802, 46.7023443], [11.5125241, 46.7023443], [11.5126749, 46.7026117], [11.5129753, 46.7027479], [11.5135343, 46.7026228], [11.5142719, 46.7033508], [11.5134034, 46.7044291], [11.5138218, 46.7049566], [11.5149038, 46.7051942], [11.5152471, 46.7029888], [11.5139446, 46.7018576], [11.5142171, 46.7010982], [11.5139167, 46.7008105], [11.5146903, 46.7000251], [11.5144805, 46.6998124], [11.5132569, 46.7004048], [11.5125086, 46.7010059], [11.5121191, 46.7009963], [11.5126845, 46.7003463], [11.512669, 46.6996932], [11.5130713, 46.6994887], [11.5133056, 46.699507], [11.5134468, 46.6996704], [11.5144001, 46.6992827], [11.5149751, 46.698875], [11.515253, 46.6994637], [11.5158447, 46.6993426], [11.5161961, 46.6989685], [11.5171408, 46.6997676], [11.5175879, 46.6998366], [11.5179782, 46.6995693], [11.518358, 46.6990799], [11.5187067, 46.698681], [11.5195073, 46.6982752], [11.5197122, 46.6972391], [11.5198134, 46.6967274], [11.5201548, 46.6960331], [11.5200609, 46.6956396], [11.5199764, 46.695646], [11.5199509, 46.695451], [11.5197498, 46.6953075], [11.5195338, 46.6952091], [11.5191892, 46.6947667], [11.5194869, 46.6947207], [11.5200072, 46.6948705], [11.520288, 46.6945285], [11.5202835, 46.6939995], [11.5199294, 46.693981], [11.5201843, 46.6935065], [11.5200515, 46.6934043], [11.5201494, 46.6932489], [11.5201186, 46.6932093], [11.5200569, 46.6932356], [11.5200086, 46.6931794], [11.5199999, 46.6931173], [11.5200475, 46.6930861], [11.5200005, 46.6930106], [11.5200435, 46.6929628], [11.519971, 46.6926951], [11.5199718, 46.6924328], [11.5203184, 46.6921969], [11.5203044, 46.691815], [11.5204439, 46.6914486], [11.5208221, 46.6913134], [11.5210785, 46.6909609], [11.5212126, 46.690257], [11.5213898, 46.6900063], [11.5218661, 46.6900344], [11.5216892, 46.6915373], [11.5221627, 46.6918698], [11.5231045, 46.6915233], [11.5236658, 46.6909753], [11.5245384, 46.6907543], [11.5251444, 46.6904455], [11.5254328, 46.6903533], [11.5256254, 46.690483], [11.5256592, 46.6909013], [11.5258367, 46.6905431], [11.5259844, 46.6899875], [11.5262685, 46.6897991], [11.5262983, 46.6897176], [11.5261154, 46.6896474], [11.525993, 46.6895979], [11.5256253, 46.6895273], [11.5253314, 46.6895334], [11.5250251, 46.6894262], [11.5248631, 46.6895631], [11.5245248, 46.6893], [11.5253394, 46.688475], [11.5251192, 46.6882441], [11.5244527, 46.6884787], [11.5237082, 46.6878413], [11.523548, 46.6876946], [11.5234539, 46.6872061], [11.5231248, 46.6871487], [11.5226388, 46.687316], [11.5229907, 46.6874234], [11.5227404, 46.6876771], [11.5223682, 46.6880409], [11.5217265, 46.6883347], [11.5217855, 46.6879835], [11.5221477, 46.6878085], [11.522363, 46.6877684], [11.5223486, 46.6873712], [11.5221257, 46.6873459], [11.5221841, 46.6870814], [11.5224652, 46.6868788], [11.5225913, 46.6869899], [11.5224862, 46.687136], [11.5225763, 46.6872657], [11.5227471, 46.6872089], [11.5232134, 46.6868319], [11.5236221, 46.686826], [11.52354, 46.6871233], [11.5236851, 46.6871894], [11.5245465, 46.6868546], [11.5248295, 46.6867446], [11.5248669, 46.6862544], [11.5242954, 46.6862171], [11.5245607, 46.6855262], [11.5242365, 46.6855025], [11.5240224, 46.6856329], [11.5239117, 46.6854266], [11.524186, 46.685349], [11.5244555, 46.6852583], [11.5250232, 46.6848226], [11.5254563, 46.6845354], [11.5257305, 46.6840716], [11.5267169, 46.6837267], [11.5270136, 46.683735], [11.5272773, 46.6837423], [11.5275948, 46.6840856], [11.527999, 46.6840724], [11.5280519, 46.6835905], [11.5285847, 46.6833369], [11.5288261, 46.6830146], [11.5290549, 46.6828834], [11.5284176, 46.6828821], [11.5285985, 46.6827279], [11.5287974, 46.6825584], [11.531136, 46.6818628], [11.5314656, 46.6820951], [11.5312489, 46.6821188], [11.5311575, 46.6821847], [11.5314949, 46.6822207], [11.5316911, 46.6819407], [11.5317494, 46.6818575], [11.5320474, 46.6816187], [11.5317587, 46.68166], [11.5315845, 46.6817994], [11.5314457, 46.6817049], [11.5313951, 46.6810525], [11.5315658, 46.6810333], [11.5315964, 46.6808628], [11.5317732, 46.6808434], [11.5319684, 46.6811282], [11.5321097, 46.6811419], [11.532009, 46.6803385], [11.5322542, 46.6801551], [11.532334, 46.6798174], [11.5319716, 46.6797974], [11.5319606, 46.6797118], [11.5321382, 46.6796876], [11.5322933, 46.6796986], [11.5324112, 46.6797939], [11.5325916, 46.6797668], [11.5328343, 46.6802576], [11.5328531, 46.6806263], [11.5328121, 46.6809414], [11.5329947, 46.680952], [11.5330328, 46.6806184], [11.5329416, 46.6801534], [11.5326644, 46.6793197], [11.5330807, 46.6783448], [11.5334946, 46.6780634], [11.5337787, 46.6779563], [11.5338886, 46.6780039], [11.5340349, 46.6779115], [11.5342114, 46.6777134], [11.5341603, 46.677861], [11.5344997, 46.6780776], [11.534649, 46.6780227], [11.5347261, 46.6780552], [11.5347564, 46.6781332], [11.5349342, 46.6781764], [11.5349899, 46.6780942], [11.5352499, 46.6782124], [11.535689, 46.6781922], [11.5356905, 46.6780507], [11.5355468, 46.6778391], [11.5356292, 46.6775761], [11.5356965, 46.6772995], [11.5356115, 46.6769145], [11.5357087, 46.6766818], [11.5354363, 46.6763391], [11.5346569, 46.6758448], [11.5346574, 46.6755108], [11.5353239, 46.6750181], [11.536351, 46.67472], [11.536977, 46.674791], [11.5370851, 46.6744108], [11.5373268, 46.673975], [11.5377253, 46.6737965], [11.5376077, 46.6737108], [11.5373469, 46.6737184], [11.5374689, 46.673507], [11.537581, 46.6732629], [11.5372857, 46.6734415], [11.5370918, 46.6736546], [11.5366589, 46.6735604], [11.5366398, 46.6734168], [11.5370167, 46.6731411], [11.5376425, 46.673112], [11.5376594, 46.6732121], [11.5379535, 46.6730833], [11.5386636, 46.673016], [11.5392435, 46.6729911], [11.5393167, 46.6730995], [11.5382594, 46.6737098], [11.5384938, 46.6740162], [11.5392875, 46.673652], [11.5394312, 46.6735029], [11.5396926, 46.6734748], [11.5406007, 46.6740626], [11.540731, 46.6737851], [11.5409971, 46.6738491], [11.5411468, 46.6736296], [11.5408112, 46.6733542], [11.5407967, 46.6731142], [11.5404381, 46.6731393], [11.5402638, 46.6726974], [11.53969, 46.6723782], [11.5399352, 46.6722259], [11.540113, 46.6718819], [11.5399229, 46.6719027], [11.5396088, 46.6722119], [11.5394953, 46.672153], [11.5396748, 46.6718221], [11.5395192, 46.6716906], [11.5393827, 46.6719844], [11.538856, 46.6724156], [11.5387749, 46.672482], [11.5387365, 46.6726387], [11.5382138, 46.672861], [11.5380021, 46.67269], [11.5378849, 46.6726482], [11.5377376, 46.6727999], [11.5372047, 46.6728382], [11.5370025, 46.6727662], [11.5368161, 46.6729801], [11.536579, 46.6730668], [11.5364215, 46.6732293], [11.5362727, 46.6734923], [11.5361688, 46.6737416], [11.5358705, 46.6741535], [11.5356045, 46.6744044], [11.5352851, 46.6744491], [11.5346625, 46.6747561], [11.5344665, 46.6747224], [11.5344874, 46.6744926], [11.5346462, 46.6743444], [11.5348268, 46.6744272], [11.5349758, 46.6743239], [11.5346783, 46.6741641], [11.5352899, 46.6734904], [11.5351654, 46.6738101], [11.535726, 46.6732664], [11.5360393, 46.6733682], [11.536263, 46.6732438], [11.5362262, 46.6730266], [11.5364335, 46.672829], [11.5364731, 46.6725344], [11.5368512, 46.672199], [11.5371553, 46.671982], [11.5377454, 46.6721966], [11.5378041, 46.6724154], [11.5380474, 46.6723285], [11.5381707, 46.6724338], [11.5380893, 46.6725643], [11.537753, 46.6724636], [11.5376738, 46.6724909], [11.5381132, 46.6726917], [11.5384293, 46.6726547], [11.5386466, 46.6724706], [11.5385447, 46.6723742], [11.5378095, 46.6718002], [11.5379243, 46.671671], [11.5376716, 46.6712552], [11.5377067, 46.6710076], [11.5375517, 46.6708987], [11.5377376, 46.6706381], [11.5377478, 46.6704794], [11.5377352, 46.6702987], [11.5379318, 46.6703734], [11.5378401, 46.6705322], [11.5378964, 46.6706769], [11.5381096, 46.6705414], [11.5383733, 46.6706364], [11.5386619, 46.6705692], [11.5387767, 46.6704751], [11.5389875, 46.6706283], [11.5394231, 46.670385], [11.5394936, 46.6702665], [11.5394073, 46.6699582], [11.5397168, 46.6696458], [11.5396125, 46.6692597], [11.5397734, 46.6691215], [11.539554, 46.6689409], [11.5395194, 46.6686293], [11.5400594, 46.668872], [11.5401779, 46.6686849], [11.5402932, 46.6685029], [11.5407194, 46.6688029], [11.5410946, 46.6690033], [11.5417636, 46.6685076], [11.5423927, 46.6685132], [11.5432798, 46.6681292], [11.5429424, 46.6681585], [11.5425782, 46.6681362], [11.5426109, 46.668074], [11.542362, 46.6679882], [11.5421007, 46.6680948], [11.5416973, 46.6681312], [11.540695, 46.6678957], [11.5406666, 46.667889], [11.5401623, 46.6677024], [11.5400655, 46.6676021], [11.540077, 46.6674997], [11.5402699, 46.6671793], [11.5407368, 46.6671373], [11.5406376, 46.6673935], [11.5408838, 46.6676718], [11.5411459, 46.6676409], [11.5409385, 46.6673309], [11.5409836, 46.6671266], [11.5411901, 46.6668973], [11.5414889, 46.6667951], [11.5415895, 46.6666453], [11.5415039, 46.6664771], [11.541928, 46.6660092], [11.5419016, 46.665401], [11.5420468, 46.6651378], [11.5419181, 46.6649962], [11.5420579, 46.6649382], [11.5420903, 46.6648773], [11.5416069, 46.6649832], [11.5414388, 46.6647803], [11.5416231, 46.6647122], [11.541707, 46.6645132], [11.5417782, 46.664462], [11.5422658, 46.6641113], [11.5425659, 46.6639384], [11.5430425, 46.6635377], [11.543145, 46.6633531], [11.5434132, 46.6632375], [11.5434288, 46.6631077], [11.5437702, 46.6629021], [11.5443404, 46.6627114], [11.5447626, 46.6626035], [11.5451038, 46.6626079], [11.5451958, 46.6626873], [11.5442166, 46.6630974], [11.5445759, 46.663111], [11.5458194, 46.662632], [11.5461507, 46.6628299], [11.5458033, 46.6629906], [11.5458688, 46.6630538], [11.5460281, 46.6630532], [11.546296, 46.6629028], [11.5462255, 46.6627999], [11.5476677, 46.66239], [11.547576, 46.6622442], [11.5476481, 46.6621321], [11.5477448, 46.66202], [11.5482575, 46.6618996], [11.5483562, 46.6616558], [11.5485504, 46.6616017], [11.5486795, 46.6616897], [11.5486542, 46.6618753], [11.5487111, 46.6618849], [11.5491507, 46.661652], [11.5497046, 46.661708], [11.5505671, 46.6612899], [11.5504074, 46.6609979], [11.5505576, 46.6605929], [11.5515554, 46.6602468], [11.5526926, 46.6599228], [11.5536582, 46.6593853], [11.5543342, 46.6594294], [11.5548599, 46.6591128], [11.5551127, 46.6590037], [11.5552096, 46.6589242], [11.5554413, 46.6590153], [11.5556913, 46.6587828], [11.5556012, 46.6584507], [11.5557761, 46.6583157], [11.5557355, 46.6580603], [11.5560113, 46.6581013], [11.5563154, 46.6582092], [11.5563557, 46.6587363], [11.5565963, 46.6588659], [11.5565437, 46.658992], [11.5566649, 46.6592108], [11.5569747, 46.6594417], [11.5570859, 46.6597477], [11.5584835, 46.6597265], [11.5591159, 46.6594907], [11.5587444, 46.6592836], [11.5591951, 46.6591385], [11.5592857, 46.6588888], [11.5596309, 46.6587966], [11.5603111, 46.659008], [11.5604079, 46.6592898], [11.560284, 46.6593399], [11.5603377, 46.6594956], [11.5608164, 46.6597036], [11.5610401, 46.6602709], [11.5625695, 46.6604249], [11.5621213, 46.6596963], [11.5623214, 46.6596139], [11.5619819, 46.6591411], [11.5619159, 46.658815], [11.562032, 46.6587484], [11.5622997, 46.6588248], [11.5627388, 46.6588743], [11.5630998, 46.6592646], [11.5638039, 46.6595936], [11.5640569, 46.6598843], [11.5641476, 46.6604704], [11.5644047, 46.6606637], [11.5662206, 46.6593033], [11.5662345, 46.6589597], [11.5661752, 46.658718], [11.5658783, 46.6586449], [11.5662184, 46.6582944], [11.566639, 46.658172], [11.5666352, 46.6577523], [11.5664553, 46.6575269], [11.5659135, 46.6573808], [11.5657997, 46.6576155], [11.5654521, 46.6578237], [11.5651514, 46.657697], [11.5652509, 46.6574248], [11.5655881, 46.6571343], [11.5659942, 46.6569483], [11.5667248, 46.6568204], [11.5669024, 46.6569815], [11.5674925, 46.6568892], [11.5674986, 46.6566298], [11.5676408, 46.6565034], [11.5671078, 46.6565437], [11.5669955, 46.656628], [11.5668356, 46.6566072], [11.5666964, 46.6563962], [11.5664832, 46.6561412], [11.5666229, 46.6560702], [11.5671223, 46.6560788], [11.5672567, 46.6562648], [11.567401, 46.6561416], [11.5674139, 46.6558986], [11.566819, 46.6556195], [11.5668018, 46.6555499], [11.567062, 46.6554726], [11.5674246, 46.6554076], [11.5677301, 46.6552634], [11.5680319, 46.6551209], [11.5687684, 46.6551401], [11.5690707, 46.6552618], [11.5692359, 46.6547912], [11.5700282, 46.6546666], [11.5694138, 46.6544923], [11.5691113, 46.6544757], [11.5693965, 46.6542313], [11.5696378, 46.6541844], [11.5697874, 46.6542778], [11.5699199, 46.6541743], [11.5695164, 46.6539816], [11.56996, 46.6535111], [11.5700256, 46.653621], [11.5701134, 46.6536854], [11.5702512, 46.6536178], [11.5702604, 46.6536796], [11.5704116, 46.6536939], [11.5704032, 46.6535518], [11.5705116, 46.6536307], [11.5708321, 46.6536283], [11.5709804, 46.6535069], [11.5697485, 46.6527574], [11.5699947, 46.6526158], [11.5704987, 46.6527124], [11.5714339, 46.6531848], [11.5722955, 46.6524031], [11.5720171, 46.6523659], [11.571879, 46.6521899], [11.5713551, 46.6521441], [11.570483, 46.6520456], [11.5698099, 46.651799], [11.5695452, 46.6518941], [11.5693234, 46.6519959], [11.5690176, 46.6520371], [11.5688258, 46.6521726], [11.568906, 46.652212], [11.5691568, 46.6521382], [11.5691664, 46.6521765], [11.5687735, 46.6523118], [11.5681382, 46.6524368], [11.5676891, 46.6522855], [11.5674713, 46.6526835], [11.5673307, 46.6526732], [11.5672318, 46.6527622], [11.5670177, 46.6526552], [11.5667755, 46.6523229], [11.566881, 46.652141], [11.5669743, 46.6519515], [11.5669881, 46.6517985], [11.5671276, 46.6516832], [11.5673195, 46.6516502], [11.5673945, 46.6515909], [11.5670932, 46.6513949], [11.5669783, 46.6513161], [11.567095, 46.6510838], [11.5671068, 46.6509192], [11.5666583, 46.6508315], [11.5667364, 46.6506533], [11.5661178, 46.650538], [11.5661691, 46.6504206], [11.5664351, 46.650314], [11.5667043, 46.6503698], [11.5670014, 46.6502709], [11.5676845, 46.6503976], [11.5680795, 46.6507643], [11.5682731, 46.6505095], [11.5677996, 46.6497349], [11.5674608, 46.6495779], [11.5670934, 46.6495073], [11.5667763, 46.6492647], [11.566543, 46.6492497], [11.566492, 46.6490282], [11.5668986, 46.6487944], [11.5677867, 46.6491768], [11.5685444, 46.6489128], [11.5687421, 46.6488606], [11.5689803, 46.6484212], [11.5688593, 46.6481636], [11.5693013, 46.6479576], [11.5693228, 46.6476753], [11.5694256, 46.6474743], [11.5692314, 46.6468651], [11.5694991, 46.6467374], [11.5696351, 46.6467776], [11.5698834, 46.6472544], [11.5699917, 46.6475357], [11.5704126, 46.6476158], [11.5706329, 46.6478462], [11.5709794, 46.647864], [11.5712098, 46.6479375], [11.5713519, 46.6481253], [11.5719039, 46.6483033], [11.5718336, 46.6484865], [11.5716124, 46.6487209], [11.5714392, 46.6488519], [11.5713594, 46.6489912], [11.5717776, 46.6491921], [11.5720358, 46.6491264], [11.5723108, 46.6494125], [11.5724445, 46.6493503], [11.5725621, 46.6492957], [11.5724071, 46.6490058], [11.5728137, 46.6489446], [11.5727925, 46.6487765], [11.5730401, 46.6486626], [11.5730763, 46.6489187], [11.5740027, 46.6486261], [11.5741331, 46.6483035], [11.5746011, 46.6480443], [11.5748393, 46.6480783], [11.5749104, 46.6482334], [11.5752879, 46.6482474], [11.5754215, 46.6480736], [11.5754182, 46.6479986], [11.575503, 46.6479487], [11.5754919, 46.6478218], [11.5759341, 46.6477693], [11.5760127, 46.6477866], [11.5760798, 46.6478014], [11.5762781, 46.6477843], [11.5763287, 46.647494], [11.5766124, 46.6474919], [11.5768288, 46.6472745], [11.5771601, 46.6473361], [11.5767839, 46.6471447], [11.5767858, 46.6470457], [11.5763886, 46.6469435], [11.5763038, 46.6471518], [11.5760005, 46.6471039], [11.5752628, 46.6474215], [11.5744888, 46.6473405], [11.5744662, 46.6474617], [11.574253, 46.6474072], [11.5741564, 46.6471273], [11.5737536, 46.6469463], [11.5731833, 46.6469666], [11.5727062, 46.6468679], [11.5717899, 46.6466782], [11.5719433, 46.6465679], [11.5715839, 46.6461581], [11.5713404, 46.6457913], [11.5714441, 46.6457443], [11.5712528, 46.6454589], [11.5714276, 46.6453868], [11.5710904, 46.6448405], [11.5713035, 46.6447724], [11.5710565, 46.6445843], [11.5708423, 46.6443348], [11.5707171, 46.6440625], [11.5705718, 46.6438885], [11.5696683, 46.6433249], [11.5692633, 46.6429748], [11.5685717, 46.6423769], [11.5679738, 46.6419417], [11.5672947, 46.6416312], [11.5667751, 46.6413312], [11.5659568, 46.6408736], [11.5660034, 46.6410871], [11.5662489, 46.6414599], [11.5662041, 46.6414672], [11.565835, 46.6413645], [11.5658468, 46.6415941], [11.5663808, 46.6416425], [11.5665609, 46.6420305], [11.5664941, 46.6421593], [11.5662141, 46.6421496], [11.5662598, 46.6422793], [11.5661749, 46.6423406], [11.5662364, 46.6424688], [11.5661839, 46.6425776], [11.5662579, 46.6426232], [11.5665377, 46.6425998], [11.5666131, 46.6425616], [11.5669082, 46.642568], [11.5669087, 46.642691], [11.5666022, 46.6427332], [11.5666569, 46.6430804], [11.5667129, 46.643074], [11.5667537, 46.6430413], [11.5670023, 46.6430222], [11.5670748, 46.6432468], [11.5672397, 46.6433327], [11.5675843, 46.6435874], [11.5675776, 46.6437074], [11.5678703, 46.6437931], [11.5679769, 46.6441195], [11.5685832, 46.6446368], [11.568717, 46.6449295], [11.5680652, 46.6450259], [11.567808, 46.6449588], [11.567325, 46.6449666], [11.5671755, 46.6447366], [11.5670539, 46.6446955], [11.5667161, 46.644652], [11.566554, 46.6446516], [11.5664585, 46.6446039], [11.5664112, 46.6446127], [11.5662041, 46.6440166], [11.5658398, 46.6435655], [11.5657922, 46.6434634], [11.5657442, 46.6433358], [11.5656168, 46.6432832], [11.5653296, 46.6431664], [11.5654938, 46.6429684], [11.5658486, 46.6431084], [11.5658659, 46.6430617], [11.5658524, 46.6429816], [11.5659896, 46.6428852], [11.5659944, 46.6428169], [11.5657564, 46.6427107], [11.5655286, 46.6427286], [11.5648591, 46.6428931], [11.5647866, 46.6426993], [11.5645812, 46.6424537], [11.5647488, 46.6423316], [11.564983, 46.6419755], [11.5651315, 46.6418222], [11.565446, 46.6416041], [11.5654432, 46.6415436], [11.5652561, 46.64154], [11.5652313, 46.6414818], [11.5654236, 46.6414373], [11.5653897, 46.6413045], [11.565025, 46.6411874], [11.5647056, 46.6414737], [11.5645656, 46.6414586], [11.5646541, 46.6413504], [11.5645261, 46.6413406], [11.5646688, 46.6411283], [11.5644544, 46.6410178], [11.5644235, 46.6410019], [11.5641333, 46.6414347], [11.5639546, 46.641647], [11.563718, 46.6416802], [11.5637899, 46.6413612], [11.563665, 46.6415758], [11.5635624, 46.6419869], [11.5635442, 46.6420272], [11.5634312, 46.642277], [11.563382, 46.642829], [11.5634722, 46.6430064], [11.5635994, 46.6432711], [11.5632179, 46.643319], [11.5630415, 46.6431782], [11.5629513, 46.6428571], [11.56298, 46.642491], [11.5629143, 46.6420855], [11.5629513, 46.6419137], [11.5631112, 46.641618], [11.5633245, 46.6413167], [11.5634122, 46.6410824], [11.5631575, 46.6407541], [11.5630731, 46.6405632], [11.563576, 46.6403427], [11.5629733, 46.6401869], [11.5628111, 46.6401188], [11.562734, 46.6402514], [11.5620905, 46.6401257], [11.5618503, 46.639865], [11.5614351, 46.6393119], [11.5616188, 46.6392739], [11.5616786, 46.6391132], [11.5614681, 46.638815], [11.560962, 46.6383365], [11.5608492, 46.6383811], [11.560928, 46.6388213], [11.5606338, 46.6390573], [11.5610081, 46.6395885], [11.560535, 46.6395277], [11.5606193, 46.6400038], [11.5603193, 46.6398715], [11.5603772, 46.6397921], [11.5602143, 46.6397156], [11.5600984, 46.639877], [11.5598607, 46.6397988], [11.5599057, 46.6399653], [11.5602782, 46.6401589], [11.560085, 46.6402735], [11.5603693, 46.640454], [11.5603205, 46.6406472], [11.5608209, 46.6407527], [11.5606623, 46.6405652], [11.5609776, 46.640627], [11.5611198, 46.6408276], [11.5612866, 46.6409991], [11.561506, 46.6410228], [11.5616455, 46.6412291], [11.5617212, 46.6413932], [11.5614529, 46.6416362], [11.5611681, 46.6416637], [11.5608789, 46.6418756], [11.5609004, 46.6417283], [11.5608843, 46.6415405], [11.5608038, 46.6415921], [11.5608199, 46.6417909], [11.5607448, 46.6418057], [11.5606966, 46.6416362], [11.5604851, 46.6414529], [11.5604385, 46.6416342], [11.5602615, 46.6417521], [11.5600636, 46.641813], [11.5598919, 46.641964], [11.5596493, 46.6420644], [11.5591945, 46.6423434], [11.5591677, 46.6424539], [11.5587761, 46.6425275], [11.5585293, 46.6427411], [11.5582504, 46.6428479], [11.5579392, 46.6427632], [11.5576764, 46.6428148], [11.5578105, 46.6430284], [11.5580412, 46.6431904], [11.5585288, 46.6432658], [11.5591945, 46.6428774], [11.5595325, 46.6429142], [11.5598967, 46.6428938], [11.5601011, 46.6428185], [11.5607985, 46.6429547], [11.5607336, 46.6431], [11.5607877, 46.6432015], [11.5608092, 46.6433967], [11.5606644, 46.6434262], [11.5605839, 46.6433451], [11.5605142, 46.6434998], [11.5603688, 46.6435493], [11.5599509, 46.6435145], [11.5599509, 46.6436508], [11.5596666, 46.6437134], [11.5596344, 46.6438092], [11.5592213, 46.6440854], [11.5590282, 46.6443469], [11.5587868, 46.6445089], [11.5581806, 46.6447078], [11.5577622, 46.6442953], [11.5576973, 46.6443964], [11.5573223, 46.6443321], [11.5568771, 46.6437723], [11.5571609, 46.6436598], [11.5570541, 46.6434225], [11.5572896, 46.6432032], [11.557097, 46.6429953], [11.556684, 46.6428811], [11.5563567, 46.6429842], [11.5563567, 46.6432678], [11.5562065, 46.6433414], [11.5554984, 46.6430137], [11.5553423, 46.642798], [11.5552678, 46.6426712], [11.5556266, 46.642415], [11.5560241, 46.6421666], [11.5564367, 46.6422088], [11.5569415, 46.6419567], [11.5572628, 46.6418257], [11.5574725, 46.6416031], [11.5577676, 46.6415884], [11.5580943, 46.6417189], [11.5583732, 46.6419694], [11.5586473, 46.6419788], [11.5583738, 46.6417431], [11.557906, 46.6415184], [11.5577599, 46.6413047], [11.5577867, 46.6412586], [11.5577414, 46.641056], [11.5580725, 46.6410234], [11.5584515, 46.6413892], [11.5589365, 46.6416232], [11.5591838, 46.6419014], [11.5594218, 46.6420314], [11.5595033, 46.6419637], [11.5593769, 46.6418683], [11.5592047, 46.64159], [11.5589799, 46.6412348], [11.5590014, 46.6411354], [11.558878, 46.6410838], [11.5587922, 46.6411243], [11.5582557, 46.6409991], [11.5579158, 46.6409732], [11.5579403, 46.6409053], [11.5579981, 46.6407814], [11.5582376, 46.6406077], [11.5583959, 46.6404388], [11.5586402, 46.640455], [11.5588507, 46.6404667], [11.5590604, 46.6403656], [11.5586731, 46.640268], [11.5587315, 46.6401799], [11.5586499, 46.6398723], [11.5591784, 46.6397984], [11.5592428, 46.640071], [11.559255, 46.6396648], [11.5597512, 46.6395901], [11.5592881, 46.6391838], [11.559382, 46.6390441], [11.5596273, 46.6388434], [11.5596325, 46.6386213], [11.5592549, 46.6384724], [11.5589185, 46.6385094], [11.5588698, 46.6385788], [11.5587852, 46.6385539], [11.5587705, 46.6386827], [11.5586602, 46.6386503], [11.558659, 46.6386044], [11.5587145, 46.6385348], [11.5586098, 46.6384267], [11.5586122, 46.6382125], [11.5584525, 46.6382593], [11.5585364, 46.6381116], [11.5585803, 46.6379548], [11.5583604, 46.6377755], [11.558407, 46.6377011], [11.5585359, 46.6378307], [11.5586614, 46.6379151], [11.5587686, 46.63798], [11.5587826, 46.6374576], [11.5588322, 46.6372784], [11.5586756, 46.6371727], [11.5584669, 46.636947], [11.5580705, 46.6363941], [11.558127, 46.6366891], [11.5580701, 46.6367245], [11.5574876, 46.6369082], [11.5577654, 46.6371135], [11.5581161, 46.6369995], [11.5582937, 46.6371731], [11.5582826, 46.6372418], [11.558184, 46.6372695], [11.5579869, 46.6373104], [11.5581325, 46.6373908], [11.5580142, 46.6374407], [11.5582991, 46.6375675], [11.5581436, 46.6378049], [11.5578777, 46.6377462], [11.5581096, 46.6380958], [11.5579445, 46.6383157], [11.5576229, 46.6381953], [11.5572267, 46.6380756], [11.5571111, 46.6380022], [11.5570221, 46.6380212], [11.556926, 46.6380022], [11.5566919, 46.6378696], [11.5568709, 46.6380617], [11.5569754, 46.6381425], [11.5571291, 46.6381918], [11.557505, 46.6382489], [11.5578671, 46.6385053], [11.5578373, 46.6385458], [11.5575234, 46.6385274], [11.5576489, 46.6386202], [11.5577689, 46.6387091], [11.5580207, 46.6389484], [11.5580327, 46.6390804], [11.5582206, 46.6391783], [11.5582324, 46.6392465], [11.5583806, 46.6392519], [11.5584443, 46.6392928], [11.5583422, 46.6393386], [11.5582138, 46.6394805], [11.558016, 46.6395649], [11.5579557, 46.6397112], [11.5579217, 46.6397937], [11.5577436, 46.6398704], [11.5577251, 46.640081], [11.5578218, 46.6402003], [11.5576085, 46.6401554], [11.5572895, 46.6399637], [11.5572026, 46.6398594], [11.5571323, 46.6397751], [11.5568858, 46.6396518], [11.5567705, 46.6396571], [11.5571326, 46.6398875], [11.5569047, 46.6399605], [11.5567165, 46.639925], [11.5565947, 46.6398338], [11.5564191, 46.6396626], [11.5563356, 46.6394418], [11.5564379, 46.6393387], [11.5568347, 46.6394154], [11.5569067, 46.639519], [11.5569739, 46.6394988], [11.556973, 46.639382], [11.5570434, 46.6393256], [11.5569876, 46.6392356], [11.556687, 46.6390889], [11.5566759, 46.6390407], [11.556853, 46.6390129], [11.5567276, 46.6388786], [11.5570231, 46.6386539], [11.5570618, 46.6385657], [11.5569373, 46.6385267], [11.5569121, 46.6384519], [11.5567757, 46.6383982], [11.5565124, 46.6383117], [11.556524, 46.6384167], [11.5564509, 46.6386764], [11.5563727, 46.6388998], [11.5564261, 46.6390272], [11.5562744, 46.6390607], [11.5561994, 46.6389593], [11.556163, 46.6388863], [11.5558336, 46.6389783], [11.5556238, 46.6388113], [11.5556951, 46.6389385], [11.5555984, 46.6392354], [11.5555994, 46.6393048], [11.5554075, 46.6394159], [11.5555072, 46.6394714], [11.5557463, 46.6393796], [11.5557915, 46.6394012], [11.5554991, 46.6396038], [11.5551949, 46.6398208], [11.5553265, 46.640066], [11.555416, 46.6401234], [11.5555612, 46.6400901], [11.5555726, 46.6400793], [11.5556848, 46.6399921], [11.5561489, 46.640232], [11.5563496, 46.6402171], [11.5564538, 46.6401655], [11.5564713, 46.6402269], [11.5569234, 46.6403551], [11.557269, 46.6405208], [11.5573178, 46.6405172], [11.5569086, 46.6402749], [11.5567121, 46.6400814], [11.5569374, 46.6400192], [11.557532, 46.6404916], [11.557181, 46.640685], [11.5571081, 46.6407805], [11.5569049, 46.6408893], [11.5568245, 46.6410367], [11.5566687, 46.6411331], [11.5563298, 46.6415349], [11.5560904, 46.641453], [11.5559935, 46.6416459], [11.5557475, 46.6417254], [11.5553962, 46.6415999], [11.5550623, 46.641632], [11.5548512, 46.641715], [11.5546341, 46.6419311], [11.5546054, 46.642161], [11.5551415, 46.6418222], [11.5553033, 46.641879], [11.5549853, 46.6420524], [11.554944, 46.6422217], [11.5550707, 46.6423613], [11.5548924, 46.6424334], [11.5541216, 46.6424277], [11.5539041, 46.6423361], [11.5538942, 46.6423319], [11.5537398, 46.6423753], [11.5537135, 46.6424358], [11.5530897, 46.6425274], [11.5529601, 46.6426099], [11.552946, 46.6429819], [11.5528712, 46.6430033], [11.5526624, 46.6428273], [11.5522664, 46.6427411], [11.552403, 46.6429471], [11.5522571, 46.6430308], [11.5519087, 46.6431125], [11.5516799, 46.643256], [11.5515477, 46.6432126], [11.5514695, 46.6432572], [11.5514219, 46.6434059], [11.5513196, 46.6434192], [11.5509667, 46.6433784], [11.5508382, 46.6434334], [11.5507391, 46.6433927], [11.5505532, 46.6435371], [11.550476, 46.643459], [11.5500586, 46.6434098], [11.549816, 46.6432988], [11.5496975, 46.6433636], [11.5495722, 46.6433337], [11.549468, 46.6433942], [11.5494593, 46.6434695], [11.5494794, 46.6435056], [11.549347, 46.6435607], [11.5494834, 46.643914], [11.5496311, 46.6441572], [11.549965, 46.644627], [11.5501166, 46.6447167], [11.5501036, 46.6448528], [11.5501352, 46.6450742], [11.5498101, 46.6451593], [11.5496865, 46.6451291], [11.5494468, 46.6448708], [11.5493549, 46.6449102], [11.5494079, 46.6451726], [11.5491711, 46.6451489], [11.5492668, 46.6452838], [11.5500043, 46.6456094], [11.5495842, 46.6458705], [11.5492794, 46.6458458], [11.5490301, 46.6457536], [11.5488481, 46.6455711], [11.5485392, 46.6451], [11.548255, 46.6449343], [11.5478848, 46.6444349], [11.5477378, 46.6443131], [11.5476324, 46.6442896], [11.5476071, 46.6446057], [11.5477396, 46.6446857], [11.5478048, 46.6445786], [11.5478953, 46.6446433], [11.5482058, 46.6450937], [11.5481595, 46.6451241], [11.5478721, 46.6451951], [11.5477852, 46.6451897], [11.5477235, 46.6449447], [11.5477695, 46.6448106], [11.5476245, 46.6448549], [11.5475614, 46.6450779], [11.547585, 46.6452006], [11.5474095, 46.6451148], [11.5472769, 46.6451649], [11.5471608, 46.6451608], [11.5468274, 46.6449031], [11.5466719, 46.6447134], [11.546544, 46.6446525], [11.5463396, 46.6442473], [11.5460653, 46.6440826], [11.5454254, 46.6439674], [11.5452805, 46.6440556], [11.5454492, 46.6443652], [11.5453475, 46.6444039], [11.5450123, 46.644076], [11.5447205, 46.6434542], [11.5443765, 46.643179], [11.5442346, 46.643168], [11.5440785, 46.6424833], [11.5440447, 46.6424798], [11.5440545, 46.6427332], [11.544003, 46.6427826], [11.5436911, 46.6425678], [11.5436649, 46.6424231], [11.5430272, 46.6420232], [11.5429524, 46.6419106], [11.5426626, 46.6417484], [11.5425449, 46.6417949], [11.5426143, 46.6419434], [11.542706, 46.6421387], [11.5426112, 46.6424575], [11.5425282, 46.6424721], [11.5423341, 46.6425972], [11.542225, 46.6425663], [11.5419196, 46.6426946], [11.5414033, 46.6425752], [11.5409186, 46.6423931], [11.5406919, 46.6424102], [11.5405375, 46.6425242], [11.5403517, 46.6427127], [11.5400365, 46.642816], [11.5397577, 46.6428524], [11.5396342, 46.6429028], [11.5398281, 46.6429627], [11.5399974, 46.643063], [11.5407243, 46.6433999], [11.5407906, 46.6435398], [11.540671, 46.6439209], [11.54096, 46.6439591], [11.5411397, 46.6441436], [11.5408767, 46.64438], [11.5404845, 46.6442767], [11.5403179, 46.6442412], [11.5400264, 46.6442046], [11.5396807, 46.6441638], [11.5395424, 46.6442039], [11.5391502, 46.6441953], [11.5380038, 46.6442052], [11.5379956, 46.6441832], [11.5378005, 46.643845], [11.5373666, 46.6436561], [11.5368471, 46.6434797], [11.5368619, 46.6433703], [11.5362821, 46.6427818], [11.5362966, 46.6428899], [11.5364158, 46.6430909], [11.5364702, 46.6432798], [11.5361808, 46.6431755], [11.5360306, 46.6431451], [11.535921, 46.6432311], [11.5356055, 46.6432186], [11.5354671, 46.643299], [11.535538, 46.6434705], [11.5355803, 46.6436726], [11.5355309, 46.6438116], [11.5351739, 46.6437911], [11.5351565, 46.6438466], [11.5356512, 46.643953], [11.5357028, 46.6440136], [11.5358158, 46.6439716], [11.5359782, 46.6440751], [11.5359817, 46.6442548], [11.5362775, 46.6443482], [11.5366447, 46.644562], [11.5365657, 46.6447243], [11.5363658, 46.6446706], [11.53595, 46.6445487], [11.5359029, 46.6445858], [11.5359712, 46.6447329], [11.5362514, 46.6448978], [11.5363856, 46.6450384], [11.5362716, 46.6451205], [11.536071, 46.6450509], [11.5358905, 46.6451737], [11.535997, 46.6452634], [11.5361524, 46.6451789], [11.5365376, 46.6453795], [11.5366257, 46.6454679], [11.5364233, 46.6455228], [11.5363863, 46.6455935], [11.5366023, 46.6458049], [11.5368749, 46.6459397], [11.5371837, 46.6460519], [11.5375746, 46.6460616], [11.5378047, 46.6459398], [11.5386799, 46.6463749], [11.5388499, 46.6462382], [11.5389832, 46.6463094], [11.5388748, 46.6464717], [11.5389843, 46.6466101], [11.5389003, 46.6467506], [11.5390068, 46.646899], [11.5394099, 46.6471354], [11.5393222, 46.6471732], [11.5389942, 46.6470993], [11.5385386, 46.6470065], [11.5382598, 46.6470754], [11.5381831, 46.6472796], [11.5384278, 46.647337], [11.5385127, 46.6474307], [11.5384702, 46.6475316], [11.5386695, 46.6475734], [11.5389118, 46.647668], [11.539139, 46.6478675], [11.5393992, 46.6480967], [11.5398809, 46.6486762], [11.5398536, 46.6488336], [11.5404778, 46.64912], [11.5408712, 46.6496688], [11.5409906, 46.6502739], [11.5406121, 46.6502832], [11.5402699, 46.6499811], [11.5397045, 46.6497865], [11.5395529, 46.6495731], [11.5391503, 46.6493958], [11.5391219, 46.6489913], [11.5385366, 46.6486046], [11.5382483, 46.6484971], [11.5380837, 46.6484823], [11.5380104, 46.6485757], [11.5369971, 46.6483647], [11.5368522, 46.6483345], [11.5373358, 46.6487657], [11.5372908, 46.6489464], [11.53723, 46.6491813], [11.5370036, 46.6492595], [11.536634, 46.6491013], [11.5360479, 46.6488932], [11.5358049, 46.6487904], [11.5355685, 46.6486226], [11.5354047, 46.6485444], [11.5352827, 46.6485557], [11.5350944, 46.6487389], [11.5349151, 46.6486265], [11.5347874, 46.648626], [11.5348564, 46.6487594], [11.5346329, 46.6489024], [11.5342653, 46.648716], [11.534086, 46.6485872], [11.5338032, 46.6486355], [11.5334469, 46.6485302], [11.5330817, 46.6486759], [11.5329891, 46.6484672], [11.532822, 46.648383], [11.5327207, 46.6485154], [11.5324814, 46.6486684], [11.5318397, 46.6483008], [11.5315408, 46.6480514], [11.5313436, 46.6480173], [11.5310772, 46.6478276], [11.530889, 46.6476461], [11.530884, 46.6474481], [11.530827, 46.6470018], [11.5307417, 46.6468708], [11.5307385, 46.6466317], [11.530611, 46.6463555], [11.5306554, 46.6462875], [11.5305442, 46.6461022], [11.530651, 46.6458777], [11.5308121, 46.6456897], [11.5311198, 46.6456408], [11.5310072, 46.6453075], [11.5308284, 46.6449067], [11.5306579, 46.6447624], [11.5302929, 46.6446445], [11.5298012, 46.6446436], [11.5305372, 46.644811], [11.5305344, 46.6450222], [11.5303813, 46.645367], [11.5303256, 46.6455077], [11.5301648, 46.6455601], [11.5300467, 46.6455208], [11.5300223, 46.6454311], [11.5296321, 46.6453474], [11.5293324, 46.645124], [11.5292299, 46.645153], [11.5293505, 46.6452672], [11.5292806, 46.6453647], [11.5294822, 46.6456217], [11.5297653, 46.64564], [11.529712, 46.64579], [11.5295565, 46.6459036], [11.5291692, 46.6463006], [11.5288962, 46.6463738], [11.5283908, 46.6463209], [11.5280067, 46.6463371], [11.5275185, 46.6460224], [11.5273577, 46.646004], [11.5272013, 46.6457863], [11.5269882, 46.6452651], [11.5269225, 46.6448878], [11.5265694, 46.6448823], [11.5264164, 46.6448417], [11.5262784, 46.6447711], [11.5261789, 46.6446947], [11.5262281, 46.6446461], [11.5263722, 46.6445039], [11.5265088, 46.6442753], [11.5266986, 46.6443439], [11.5270554, 46.6444042], [11.5270613, 46.6442884], [11.5266919, 46.6441747], [11.5263631, 46.6441184], [11.5258228, 46.6438044], [11.5255531, 46.6436809], [11.5251984, 46.6438716], [11.5250293, 46.6437591], [11.5252501, 46.6435049], [11.5254427, 46.6434866], [11.5253829, 46.6434201], [11.5252063, 46.6434], [11.5250641, 46.6434324], [11.5243705, 46.6432778], [11.5242545, 46.643148], [11.524087, 46.6431415], [11.5237841, 46.6431298], [11.5236738, 46.6433086], [11.5231937, 46.6431297], [11.5226105, 46.6430543], [11.5225147, 46.6431929], [11.5227106, 46.6432592], [11.522905, 46.6431415], [11.5231782, 46.6432276], [11.5230159, 46.6434363], [11.5228938, 46.6434773], [11.5227561, 46.6436535], [11.5226437, 46.6437374], [11.5224545, 46.6438735], [11.5222422, 46.6440536], [11.5217791, 46.6437151], [11.5214628, 46.6436047], [11.521604, 46.6434341], [11.5217365, 46.6432429], [11.5217145, 46.6431791], [11.521798, 46.6431536], [11.5218542, 46.6432291], [11.521974, 46.643201], [11.5220358, 46.6430704], [11.5221939, 46.6430649], [11.5224757, 46.6430799], [11.5225229, 46.6430478], [11.5218671, 46.64297], [11.5218094, 46.6431214], [11.521685, 46.6431516], [11.5214861, 46.6433301], [11.5213639, 46.643233], [11.5211987, 46.6433115], [11.5209986, 46.6431829], [11.5208484, 46.6431957], [11.5207638, 46.6433438], [11.5203875, 46.6434076], [11.5203672, 46.6432194], [11.5202122, 46.6431844], [11.5205366, 46.6428678], [11.5204565, 46.6425623], [11.5204527, 46.6425477], [11.5201953, 46.6424199], [11.5201088, 46.6423794], [11.5199549, 46.6423421], [11.5196971, 46.6423002], [11.5193893, 46.6422107], [11.5194282, 46.6421663], [11.5177384, 46.6415332], [11.5172009, 46.6414395], [11.5165884, 46.6414897], [11.5164111, 46.6414321], [11.516272, 46.6412365], [11.5168308, 46.640802], [11.5169884, 46.6404777], [11.5167827, 46.6403784], [11.5165268, 46.6401305], [11.5168464, 46.6399705], [11.5169663, 46.6401397], [11.5172542, 46.6401765], [11.5175895, 46.6400262], [11.5175257, 46.6398653], [11.5172926, 46.6396139], [11.5171661, 46.6394447], [11.5172109, 46.6391003], [11.5171925, 46.6388592], [11.5167468, 46.6384207], [11.5164866, 46.6383101], [11.5157809, 46.6382938], [11.5147619, 46.6380929], [11.5146192, 46.6380012], [11.5148692, 46.6378537], [11.5148707, 46.6374633], [11.5150239, 46.6372896], [11.5154434, 46.6370244], [11.5157271, 46.6370908], [11.5159229, 46.6369787], [11.5153448, 46.6364984], [11.5151677, 46.6363526], [11.5149435, 46.6362809], [11.5149978, 46.6358497], [11.5152761, 46.635574], [11.5153491, 46.635297], [11.5151307, 46.635228], [11.5151511, 46.6346085], [11.5142769, 46.6343673], [11.5140517, 46.634404], [11.5138254, 46.6345694], [11.5135289, 46.6346805], [11.5137026, 46.6343702], [11.5140106, 46.6341238], [11.5145015, 46.6340268], [11.5147519, 46.6340495], [11.515376, 46.6339434], [11.5154974, 46.6340119], [11.5155288, 46.6342934], [11.5158926, 46.6343377], [11.5162136, 46.6340485], [11.5164598, 46.6339216], [11.5165992, 46.6339048], [11.5170682, 46.6335788], [11.5172802, 46.633596], [11.5176135, 46.6337614], [11.5178139, 46.6337629], [11.5181022, 46.6339086], [11.518061, 46.6339436], [11.5181186, 46.6340526], [11.5182352, 46.6340209], [11.5183632, 46.6340989], [11.5184162, 46.6340341], [11.5183274, 46.6338867], [11.5184265, 46.6338367], [11.5181761, 46.6334671], [11.5183384, 46.6333488], [11.5183826, 46.6332551], [11.5185986, 46.6332205], [11.5192385, 46.6333365], [11.5196364, 46.633439], [11.5197297, 46.6333158], [11.5201266, 46.6330005], [11.5199378, 46.6327333], [11.5193242, 46.6328542], [11.5193722, 46.6326637], [11.5191544, 46.6325992], [11.5195313, 46.6321111], [11.5195414, 46.6319397], [11.5195227, 46.6318347], [11.5195941, 46.6316914], [11.5199464, 46.631409], [11.5204073, 46.6313887], [11.5205407, 46.6311395], [11.5208303, 46.6310127], [11.5211116, 46.63059], [11.5212679, 46.6301202], [11.5211542, 46.6298305], [11.5210509, 46.6298154], [11.5210273, 46.629731], [11.5207046, 46.6298382], [11.5203079, 46.6297808], [11.5201341, 46.6297587], [11.5200677, 46.6296818], [11.5199064, 46.6297057], [11.51967, 46.6294603], [11.5194566, 46.629378], [11.5197083, 46.6291954], [11.5197365, 46.6289831], [11.5198311, 46.628813], [11.5198131, 46.6286611], [11.5194338, 46.6283699], [11.5192935, 46.6280991], [11.5191737, 46.6280418], [11.5192342, 46.6278525], [11.5191112, 46.6277346], [11.5192081, 46.6276815], [11.5193976, 46.6276665], [11.5193702, 46.6276228], [11.5191961, 46.6276002], [11.5191519, 46.6275062], [11.51894, 46.6274252], [11.5188434, 46.6275109], [11.5187666, 46.6274725], [11.5187656, 46.6273366], [11.5186916, 46.6273324], [11.5186123, 46.6274745], [11.5185105, 46.6274191], [11.5187056, 46.6271761], [11.5188697, 46.6271361], [11.5190703, 46.6268962], [11.5191532, 46.6268703], [11.5193556, 46.6266699], [11.5195445, 46.6265646], [11.5196903, 46.6265478], [11.5197253, 46.6264555], [11.5196009, 46.6263641], [11.5195696, 46.6262555], [11.5193905, 46.6262142], [11.5192559, 46.6261022], [11.5191321, 46.6261382], [11.5190121, 46.6261965], [11.5189236, 46.6263785], [11.5187038, 46.6262813], [11.5185001, 46.6262554], [11.5181643, 46.6260215], [11.5178191, 46.6260636], [11.5178086, 46.6261696], [11.5179963, 46.6262499], [11.5181184, 46.626413], [11.5180122, 46.6265223], [11.5177146, 46.626473], [11.5175172, 46.6263294], [11.51724, 46.6262812], [11.5170768, 46.6263143], [11.5167674, 46.6262426], [11.5165087, 46.6261303], [11.5163955, 46.6260491], [11.5164273, 46.6259366], [11.5163384, 46.6259402], [11.5162366, 46.626042], [11.5156118, 46.6258833], [11.5156016, 46.6258209], [11.5157439, 46.6256882], [11.5159876, 46.6256052], [11.516033, 46.6255241], [11.5160299, 46.6253692], [11.5159033, 46.6253937], [11.5156837, 46.6255649], [11.5156534, 46.625442], [11.5158854, 46.6249418], [11.5159748, 46.6248428], [11.5159017, 46.6248153], [11.5159186, 46.6247177], [11.515869, 46.6247046], [11.5157889, 46.624773], [11.5157531, 46.6247459], [11.5155106, 46.6248495], [11.5154148, 46.6249147], [11.5153881, 46.6250346], [11.5153403, 46.6250408], [11.5150358, 46.624871], [11.5149965, 46.6249043], [11.5151683, 46.6249917], [11.5150636, 46.6250767], [11.5150176, 46.6250516], [11.514609, 46.625182], [11.5144988, 46.6251475], [11.5142534, 46.6251621], [11.5141105, 46.6250478], [11.5138785, 46.6249707], [11.5135691, 46.6247877], [11.5134232, 46.6248338], [11.5132607, 46.6248351], [11.5132624, 46.6249009], [11.5131341, 46.6250104], [11.5131264, 46.6252006], [11.512739, 46.6249001], [11.5127587, 46.6247538], [11.5126303, 46.6246684], [11.5125654, 46.624749], [11.5126667, 46.6248498], [11.5125111, 46.6249356], [11.5124321, 46.6248963], [11.5123085, 46.6249382], [11.5122092, 46.6248878], [11.512368, 46.6247174], [11.5123755, 46.6245915], [11.5126423, 46.6243133], [11.5126302, 46.6242266], [11.5124577, 46.6242738], [11.5123944, 46.6241867], [11.5124253, 46.6241691], [11.5125672, 46.6241892], [11.5129642, 46.6239842], [11.5127057, 46.6239244], [11.5126065, 46.6238506], [11.5124288, 46.6238276], [11.5122512, 46.6237519], [11.512242, 46.6235706], [11.5124012, 46.6235625], [11.5125968, 46.623514], [11.5125642, 46.6233387], [11.5126459, 46.6232595], [11.5127342, 46.6233], [11.5128139, 46.6232375], [11.513065, 46.6231948], [11.5132192, 46.6231129], [11.513173, 46.6230438], [11.5127087, 46.6231101], [11.5126691, 46.6229845], [11.5129221, 46.6228501], [11.5129403, 46.6229664], [11.5130195, 46.6229628], [11.5130857, 46.6227825], [11.5133533, 46.6226506], [11.5136268, 46.6224037], [11.5137989, 46.6224916], [11.5141561, 46.6226144], [11.5141687, 46.6228305], [11.5139626, 46.6228486], [11.5139631, 46.6228913], [11.5140825, 46.6229906], [11.513948, 46.6229595], [11.5139342, 46.6230123], [11.5140546, 46.6230393], [11.5140008, 46.6231306], [11.5141085, 46.6231576], [11.5142127, 46.6230858], [11.5144113, 46.6231514], [11.5145636, 46.6230575], [11.5146232, 46.6228564], [11.5147481, 46.622923], [11.5149747, 46.6229514], [11.5149817, 46.622864], [11.5151174, 46.6227383], [11.515196, 46.6225273], [11.5152506, 46.6224902], [11.5155031, 46.6226075], [11.5155564, 46.6227926], [11.5154893, 46.6228768], [11.5156498, 46.6229639], [11.515751, 46.6228663], [11.5158245, 46.6231517], [11.5161123, 46.623379], [11.516299, 46.6236411], [11.5165124, 46.6239946], [11.516629, 46.6240377], [11.5167578, 46.623958], [11.5168497, 46.6238437], [11.5167971, 46.6238043], [11.516647, 46.6238175], [11.516623, 46.6236178], [11.5165394, 46.6235056], [11.5166508, 46.6234026], [11.51668, 46.6232438], [11.5165391, 46.6229247], [11.5167899, 46.6227451], [11.5171915, 46.6225366], [11.5177182, 46.6222871], [11.5180853, 46.6223006], [11.5183213, 46.6222286], [11.5182358, 46.6220196], [11.5183825, 46.6218735], [11.5186348, 46.6217641], [11.5188284, 46.6217464], [11.5192165, 46.6218306], [11.5192337, 46.6219415], [11.5196242, 46.6222547], [11.5199254, 46.6223209], [11.5202632, 46.6222577], [11.5207007, 46.6225143], [11.5207756, 46.6227685], [11.5207553, 46.6229477], [11.5206413, 46.6229878], [11.5206626, 46.6231719], [11.5207814, 46.6231624], [11.5208559, 46.6232364], [11.5208768, 46.6234157], [11.5206466, 46.623391], [11.5205474, 46.6234963], [11.5207701, 46.6236062], [11.5207014, 46.6242007], [11.5204985, 46.6243502], [11.520327, 46.6242696], [11.5203219, 46.6244641], [11.5202043, 46.6245148], [11.5201779, 46.6246176], [11.5199999, 46.6246788], [11.5199756, 46.6248115], [11.5198243, 46.6248922], [11.5196661, 46.6247781], [11.5195145, 46.6249129], [11.5194492, 46.6249934], [11.519607, 46.6250617], [11.5194221, 46.62534], [11.5191757, 46.6254024], [11.5190761, 46.6255014], [11.5188394, 46.6254769], [11.5190156, 46.6256302], [11.5192036, 46.6256145], [11.5194362, 46.6257352], [11.5193365, 46.6259162], [11.51938, 46.6259728], [11.5195128, 46.6259888], [11.5196827, 46.6259062], [11.5198448, 46.6258484], [11.5200819, 46.6258624], [11.520578, 46.6260942], [11.5206473, 46.6261087], [11.5205506, 46.6259401], [11.5203577, 46.6259015], [11.5201589, 46.6257291], [11.5198612, 46.6256824], [11.5197284, 46.6255668], [11.5197723, 46.6254255], [11.5198801, 46.6253485], [11.5200001, 46.6253531], [11.5201355, 46.6252327], [11.5202655, 46.6251574], [11.5203311, 46.6250315], [11.5204318, 46.6248557], [11.5203921, 46.6247903], [11.5205539, 46.6245056], [11.5207289, 46.6244304], [11.5207352, 46.6244672], [11.5206263, 46.624635], [11.5207699, 46.6248973], [11.52077, 46.6249927], [11.520887, 46.6249967], [11.5207798, 46.6251177], [11.5208784, 46.6252206], [11.5211462, 46.6252064], [11.5210778, 46.6253335], [11.5209987, 46.6253036], [11.5209047, 46.625361], [11.5210034, 46.62546], [11.5210861, 46.6254385], [11.5210683, 46.6254972], [11.5211382, 46.6256289], [11.521071, 46.6257876], [11.5212616, 46.6257052], [11.5213603, 46.6256977], [11.5213783, 46.625922], [11.5214933, 46.6261105], [11.5216229, 46.62623], [11.5217101, 46.6264389], [11.5218553, 46.6263783], [11.5218628, 46.6262065], [11.5218546, 46.6260545], [11.5218479, 46.6259294], [11.5220028, 46.6258537], [11.5222439, 46.6258167], [11.5224431, 46.6259056], [11.5225343, 46.6259592], [11.5222394, 46.6259667], [11.5221982, 46.6259896], [11.5226386, 46.6259996], [11.5231352, 46.6259817], [11.5234165, 46.6259442], [11.5235062, 46.6260014], [11.5235696, 46.6259333], [11.5238542, 46.6259131], [11.5238154, 46.625745], [11.5236388, 46.6257128], [11.5234928, 46.6256529], [11.5233166, 46.6256916], [11.52317, 46.6256439], [11.5229766, 46.6257303], [11.5223932, 46.6256754], [11.5225749, 46.6256533], [11.5225316, 46.6255849], [11.5224002, 46.6255716], [11.5222982, 46.6255612], [11.5218778, 46.6256471], [11.521804, 46.6255278], [11.5218181, 46.6253953], [11.5216085, 46.6253067], [11.5214797, 46.6252185], [11.5213652, 46.6251044], [11.5215306, 46.6249124], [11.5213848, 46.6248422], [11.5214088, 46.6247352], [11.5213485, 46.6245729], [11.521185, 46.6246252], [11.5210933, 46.6244041], [11.5209903, 46.6243784], [11.5209629, 46.6241988], [11.5210883, 46.6241169], [11.5211312, 46.6239254], [11.5214208, 46.6236618], [11.5216549, 46.6237136], [11.5217963, 46.6236988], [11.5217956, 46.6236226], [11.5218236, 46.6235589], [11.5216736, 46.6234033], [11.5218073, 46.6232346], [11.5218523, 46.6229855], [11.5219255, 46.6228824], [11.5222373, 46.6228734], [11.5223144, 46.6227795], [11.5225627, 46.622815], [11.5225452, 46.6227646], [11.5223846, 46.6227039], [11.5223959, 46.6225034], [11.5223232, 46.6223998], [11.5223307, 46.6222414], [11.5221674, 46.6221716], [11.5222059, 46.6220258], [11.5228539, 46.6214125], [11.5231415, 46.6213005], [11.523415, 46.6213443], [11.5235065, 46.6213945], [11.5234543, 46.6212631], [11.5233745, 46.6212265], [11.5234078, 46.6210594], [11.523229, 46.6210162], [11.5230707, 46.6208302], [11.5231375, 46.6207293], [11.5235264, 46.620768], [11.5234945, 46.6208283], [11.5236286, 46.6208872], [11.5237265, 46.6208768], [11.5238086, 46.6208965], [11.5242062, 46.6212071], [11.5241117, 46.6212194], [11.5239052, 46.6210533], [11.5238639, 46.6210839], [11.5239167, 46.6211973], [11.523875, 46.6212109], [11.5237343, 46.6210979], [11.5236826, 46.6211593], [11.5236725, 46.621247], [11.5235503, 46.6213163], [11.5237235, 46.6215859], [11.5235766, 46.6216222], [11.5234163, 46.6215256], [11.523463, 46.6216503], [11.5239885, 46.621875], [11.5241274, 46.621854], [11.5241915, 46.621827], [11.5242445, 46.6218364], [11.5242382, 46.6217607], [11.5239995, 46.6218204], [11.5238816, 46.6216728], [11.5240111, 46.621619], [11.5238518, 46.6215846], [11.5238947, 46.6214889], [11.5240052, 46.6214864], [11.5241935, 46.6213197], [11.5244153, 46.6211564], [11.5245277, 46.6211907], [11.5245919, 46.6211093], [11.5244703, 46.6210335], [11.5243008, 46.6211003], [11.5244224, 46.6207923], [11.5241244, 46.6204791], [11.5238886, 46.6204994], [11.5240465, 46.6204037], [11.5243141, 46.6204011], [11.5244976, 46.6204551], [11.5245455, 46.6205876], [11.5245849, 46.620726], [11.5247098, 46.6207685], [11.5248558, 46.6205856], [11.5250652, 46.6205617], [11.5251182, 46.6206477], [11.5252504, 46.620663], [11.5252407, 46.6205822], [11.5253319, 46.6204805], [11.5254607, 46.6204717], [11.5258794, 46.6208651], [11.5260207, 46.6208791], [11.5260551, 46.620934], [11.5257658, 46.6211588], [11.525701, 46.6211728], [11.5255373, 46.6210185], [11.5254246, 46.6210481], [11.5254336, 46.6210868], [11.5254491, 46.6211534], [11.5256772, 46.6213029], [11.5256232, 46.6214803], [11.5256858, 46.6214777], [11.5259885, 46.6215235], [11.52601, 46.6213707], [11.5261826, 46.6213191], [11.5262627, 46.6212951], [11.5264716, 46.6214735], [11.5265531, 46.6214329], [11.5266639, 46.6213777], [11.5269484, 46.6211918], [11.5272383, 46.6211902], [11.5273653, 46.6214487], [11.5275494, 46.6215181], [11.5275929, 46.6216839], [11.5276959, 46.6217029], [11.5277018, 46.6215888], [11.5280155, 46.6217609], [11.5278299, 46.6218632], [11.527524, 46.6218443], [11.5274721, 46.6219179], [11.5270416, 46.6219762], [11.5269885, 46.6218881], [11.5267881, 46.6219199], [11.5269329, 46.6220765], [11.5268047, 46.6221574], [11.526621, 46.6220634], [11.5263202, 46.6221338], [11.5262374, 46.6218624], [11.5263744, 46.6217775], [11.5262494, 46.6217314], [11.5261951, 46.6217114], [11.5258165, 46.6218346], [11.5257366, 46.6219734], [11.5256382, 46.6219562], [11.5255681, 46.6219085], [11.5254702, 46.6218881], [11.525439, 46.6219344], [11.525571, 46.6220066], [11.5257316, 46.6220154], [11.5257701, 46.6220782], [11.5260092, 46.6221386], [11.5256232, 46.6221406], [11.525166, 46.6219344], [11.5250131, 46.6220635], [11.525236, 46.6222866], [11.5249692, 46.6222236], [11.5245882, 46.6222623], [11.5244866, 46.6224115], [11.5245483, 46.6225006], [11.5247149, 46.6225424], [11.5250209, 46.6227635], [11.5255892, 46.6227947], [11.5257117, 46.6227116], [11.5258008, 46.622524], [11.5259428, 46.6224132], [11.5261971, 46.6224094], [11.5262614, 46.6225383], [11.5264508, 46.6226042], [11.5269276, 46.6223186], [11.5272376, 46.622114], [11.5274501, 46.6220146], [11.5277977, 46.6220652], [11.5280816, 46.622128], [11.5285397, 46.622288], [11.5284414, 46.6220796], [11.5285203, 46.6220893], [11.5287404, 46.6221053], [11.5284453, 46.6219473], [11.5282068, 46.6217641], [11.5280813, 46.6217039], [11.5276322, 46.6213907], [11.5275995, 46.6212696], [11.52786, 46.6211476], [11.527645, 46.6209031], [11.5277506, 46.6208656], [11.5278867, 46.6208718], [11.5280468, 46.6207726], [11.5280366, 46.6207062], [11.5278264, 46.620715], [11.5277205, 46.620663], [11.5278261, 46.6204972], [11.5275545, 46.6203624], [11.5275219, 46.6202234], [11.5278457, 46.6200394], [11.5279285, 46.6200985], [11.5280792, 46.6200051], [11.5282481, 46.6200319], [11.5284757, 46.6199751], [11.5288815, 46.6199819], [11.528868, 46.6198513], [11.5289945, 46.6197664], [11.5289294, 46.61961], [11.5289942, 46.6195502], [11.5291658, 46.6195142], [11.5291699, 46.6197186], [11.5293493, 46.6196425], [11.5295364, 46.6196504], [11.5296745, 46.6196668], [11.529935, 46.6194941], [11.5301888, 46.6194139], [11.5300746, 46.6192637], [11.5299019, 46.6191563], [11.5300376, 46.6190409], [11.5299986, 46.6188613], [11.5300576, 46.6187434], [11.5301086, 46.6187194], [11.5303348, 46.6190246], [11.5305349, 46.6189735], [11.5307439, 46.6187573], [11.5308708, 46.6187791], [11.5309565, 46.6186604], [11.5310132, 46.6185028], [11.5313272, 46.6183309], [11.5314264, 46.6181315], [11.531734, 46.6181792], [11.5320202, 46.618249], [11.5321655, 46.618143], [11.5315847, 46.6179407], [11.5315122, 46.617811], [11.5312216, 46.6180009], [11.529895, 46.618706], [11.5296261, 46.6187779], [11.5293999, 46.6189137], [11.5282182, 46.6190937], [11.5280798, 46.6192884], [11.5276066, 46.6194308], [11.5271506, 46.6196185], [11.5268399, 46.6195916], [11.526341, 46.6197479], [11.5259943, 46.619917], [11.5258505, 46.6200412], [11.5255968, 46.6199868], [11.5254744, 46.619858], [11.5258493, 46.6196461], [11.5261735, 46.6194441], [11.5263181, 46.6193789], [11.5264917, 46.6193911], [11.5261614, 46.6197001], [11.526754, 46.6195411], [11.5273112, 46.6192482], [11.5277645, 46.6190732], [11.5287872, 46.6189003], [11.5293763, 46.6187213], [11.5296179, 46.6186182], [11.5312509, 46.617872], [11.53146, 46.6177174], [11.5314107, 46.6176291], [11.5311699, 46.6176148], [11.5312444, 46.6171208], [11.531375, 46.6168763], [11.5316426, 46.6166089], [11.5317203, 46.6166015], [11.5317064, 46.6167546], [11.5319402, 46.6167897], [11.5321046, 46.616611], [11.5321592, 46.6166263], [11.5336005, 46.6158447], [11.5344434, 46.6152309], [11.5352281, 46.6149549], [11.5350878, 46.6147985], [11.5348992, 46.6146623], [11.5340985, 46.6140058], [11.5342243, 46.6138836], [11.5340913, 46.6137374], [11.5341191, 46.6136668], [11.5339945, 46.6134291], [11.5339139, 46.6133481], [11.5337385, 46.6132769], [11.5336436, 46.6130766], [11.5334913, 46.6131413], [11.53325, 46.6128375], [11.5332688, 46.6126245], [11.5333188, 46.6125135], [11.5334246, 46.6124322], [11.533445, 46.6124209], [11.5333724, 46.6123254], [11.5332551, 46.6123367], [11.5331538, 46.6122228], [11.5332176, 46.6121735], [11.5331863, 46.6120148], [11.5330919, 46.6119903], [11.5330815, 46.6117745], [11.5331385, 46.6116314], [11.5331831, 46.6116145], [11.5330765, 46.611264], [11.5332053, 46.611224], [11.5332934, 46.6112027], [11.5335177, 46.6115317], [11.5336282, 46.6118847], [11.533743, 46.6122649], [11.5338865, 46.6122341], [11.5343599, 46.6126078], [11.5348236, 46.6127925], [11.5348736, 46.6127505], [11.5350102, 46.6127211], [11.5348081, 46.6125889], [11.5345875, 46.6125356], [11.5342823, 46.6123968], [11.5339577, 46.6121612], [11.5339474, 46.6120888], [11.5339988, 46.6116526], [11.5338247, 46.6113125], [11.5336862, 46.6111962], [11.5337154, 46.611099], [11.5334941, 46.6105868], [11.5335387, 46.6104956], [11.5334923, 46.6104157], [11.5334877, 46.6101555], [11.5334082, 46.6100463], [11.533402, 46.6099672], [11.5330402, 46.6098818], [11.5329236, 46.6098843], [11.5329036, 46.6093745], [11.5329755, 46.6083066], [11.5329694, 46.6079136], [11.5328552, 46.6080113], [11.5323627, 46.607859], [11.5321638, 46.6078758], [11.5320156, 46.6079758], [11.5319756, 46.6080028], [11.5320747, 46.6081761], [11.532043, 46.608234], [11.5318802, 46.6082252], [11.5318892, 46.6083002], [11.5319912, 46.608329], [11.5321023, 46.6083493], [11.532233, 46.6081953], [11.5324258, 46.6083024], [11.5325801, 46.6085365], [11.5326215, 46.6086391], [11.5323132, 46.6088114], [11.5323605, 46.60898], [11.5323808, 46.6090524], [11.5322904, 46.6092444], [11.5323519, 46.6093587], [11.532183, 46.6095173], [11.5319514, 46.6096674], [11.5318944, 46.6096769], [11.5314532, 46.6099848], [11.531095, 46.6100667], [11.5310041, 46.6101088], [11.5310264, 46.6103621], [11.5309051, 46.6108108], [11.5308135, 46.610623], [11.5307028, 46.6104788], [11.5306012, 46.6104991], [11.5307983, 46.6109165], [11.5307488, 46.6109659], [11.5307638, 46.6110679], [11.5308641, 46.6111649], [11.5308222, 46.6110173], [11.5308604, 46.6109243], [11.530961, 46.6109166], [11.5311695, 46.6111623], [11.531183, 46.6112877], [11.5310393, 46.6114437], [11.5309183, 46.6115861], [11.530842, 46.6117472], [11.530739, 46.6117035], [11.5306852, 46.6119194], [11.5307602, 46.6123255], [11.5308692, 46.6130688], [11.531022, 46.6133011], [11.5312045, 46.6133043], [11.5314923, 46.6136614], [11.5316133, 46.6136096], [11.5316697, 46.6134679], [11.5316622, 46.6131669], [11.5318179, 46.6130133], [11.5320431, 46.6130899], [11.5323101, 46.613585], [11.5326856, 46.614209], [11.5328789, 46.6146396], [11.5329971, 46.6148133], [11.5330036, 46.6148769], [11.5324385, 46.6151427], [11.5324503, 46.6152835], [11.5320921, 46.6155106]], [[11.4709605, 46.5918524], [11.4708961, 46.5919261], [11.4709176, 46.5920146], [11.4707781, 46.5920477], [11.4707405, 46.5921583], [11.4705635, 46.5922726], [11.4705742, 46.5923721], [11.4704723, 46.5923648], [11.4703972, 46.5923316], [11.4704991, 46.5921104], [11.4707244, 46.5920588], [11.4706869, 46.5920293], [11.4704348, 46.5920293], [11.470424, 46.5920035], [11.4706547, 46.5918524], [11.4707191, 46.5916385], [11.4708736, 46.5915844], [11.4708961, 46.5914137], [11.4708425, 46.5913805], [11.4708639, 46.591222], [11.4711804, 46.5910966], [11.4712974, 46.5911125], [11.4711429, 46.5912515], [11.4711751, 46.5913473], [11.470997, 46.5916065], [11.4710195, 46.5916865], [11.4709337, 46.5917713], [11.4709605, 46.5918524]], [[11.4659716, 46.5924717], [11.4659383, 46.5925612], [11.4657731, 46.592538], [11.4657784, 46.5926081], [11.4658632, 46.5926423], [11.4658203, 46.5928377], [11.465639, 46.5927408], [11.4655907, 46.5928034], [11.4652527, 46.5925196], [11.4652152, 46.5923205], [11.46536, 46.5921952], [11.4653804, 46.5921373], [11.4653332, 46.592103], [11.4652517, 46.5921815], [11.4651776, 46.5921841], [11.4650918, 46.5922284], [11.4650274, 46.5921878], [11.4650532, 46.5921115], [11.4649577, 46.5920477], [11.4650264, 46.5919677], [11.4650854, 46.5919456], [11.4650006, 46.591845], [11.4652742, 46.5918229], [11.4656068, 46.5919261], [11.4658375, 46.5920588], [11.4658739, 46.5920157], [11.4660252, 46.5920698], [11.4659877, 46.5921399], [11.4661057, 46.5922615], [11.4659759, 46.592388], [11.4658428, 46.5923131], [11.4657033, 46.5923574], [11.4657033, 46.5924127], [11.465831, 46.592399], [11.4659716, 46.5924717]], [[11.4626928, 46.5930626], [11.462843, 46.5930847], [11.4629031, 46.5929693], [11.4630426, 46.5930135], [11.462989, 46.593419], [11.462828, 46.5934485], [11.4627851, 46.5933306], [11.4626564, 46.5933969], [11.462371, 46.5933059], [11.4619697, 46.5929103], [11.4615298, 46.5927408], [11.4613045, 46.5925122], [11.460944, 46.5924064], [11.4607144, 46.5925343], [11.4603818, 46.5924164], [11.4601136, 46.5921362], [11.4602209, 46.5919519], [11.461208, 46.5921583], [11.4617015, 46.5924311], [11.4623881, 46.5928219], [11.4626499, 46.5928783], [11.4626928, 46.5930626]], [[11.4753376, 46.5982884], [11.4751927, 46.598281], [11.475123, 46.5981888], [11.4753376, 46.5981151], [11.4748923, 46.5981188], [11.4749033, 46.5982174], [11.474737, 46.59814], [11.4745865, 46.5981114], [11.47427, 46.5981815], [11.474163, 46.59807], [11.4741037, 46.5978608], [11.4740608, 46.5975106], [11.4738892, 46.5973226], [11.4734817, 46.5970895], [11.4731331, 46.596861], [11.4731167, 46.5967071], [11.4732133, 46.5967108], [11.4736963, 46.597001], [11.4739857, 46.5971089], [11.4742861, 46.5972968], [11.4745061, 46.5973595], [11.4750425, 46.5976507], [11.4753483, 46.5977097], [11.4754073, 46.5978129], [11.475579, 46.5978792], [11.4755092, 46.5981262], [11.4755578, 46.5981695], [11.4754717, 46.598222], [11.4754019, 46.5981852], [11.4753268, 46.5982073], [11.4753376, 46.5982884]], [[11.4818824, 46.5995812], [11.4817698, 46.5996033], [11.4813779, 46.5994752], [11.481276, 46.5995747], [11.4811582, 46.5995149], [11.4810134, 46.5995628], [11.4809005, 46.599431], [11.4806752, 46.5994199], [11.4804391, 46.5993573], [11.4801336, 46.5990173], [11.47979, 46.5988929], [11.4796401, 46.5989657], [11.4794523, 46.5988919], [11.4794684, 46.598785], [11.4794092, 46.5987381], [11.4794094, 46.5986339], [11.4793394, 46.5986348], [11.479318, 46.5986791], [11.4791999, 46.5987049], [11.479227, 46.5988219], [11.4790015, 46.5987712], [11.478814, 46.5987703], [11.4786957, 46.5987344], [11.4785082, 46.5987371], [11.4784009, 46.598656], [11.478288, 46.5986348], [11.4783416, 46.5985574], [11.4785189, 46.5985565], [11.478642, 46.5983989], [11.479039, 46.5985501], [11.4793287, 46.5985022], [11.4795221, 46.5985491], [11.4796774, 46.5986385], [11.4801119, 46.5985058], [11.4801709, 46.5985427], [11.4803104, 46.5985427], [11.4804713, 46.5984542], [11.4806805, 46.5985538], [11.4807503, 46.5987123], [11.4809973, 46.5988514], [11.4810775, 46.5990403], [11.4809917, 46.5991066], [11.4808093, 46.5991288], [11.48082, 46.5991582], [11.4809541, 46.5991951], [11.4810614, 46.5991177], [11.4812974, 46.5992246], [11.4819465, 46.5993094], [11.4818824, 46.5995812]], [[11.477832, 46.5998438], [11.4778857, 46.5999102], [11.4780039, 46.6001009], [11.4779071, 46.600065], [11.4778269, 46.600112], [11.4777196, 46.599983], [11.4776496, 46.5999986], [11.4774243, 46.5999802], [11.4773173, 46.5998724], [11.477199, 46.5998364], [11.4771456, 46.5997249], [11.4771507, 46.5996042], [11.4773975, 46.5995674], [11.4775265, 46.5994669], [11.4776872, 46.5995195], [11.4778267, 46.5996042], [11.4777465, 46.5997286], [11.4776335, 46.5997222], [11.4776604, 46.5997848], [11.477832, 46.5998438]], [[11.4727197, 46.6014066], [11.4727522, 46.6016673], [11.4726554, 46.6017125], [11.4726768, 46.6018857], [11.4723389, 46.6018931], [11.4722694, 46.6019769], [11.4722047, 46.6019594], [11.4718668, 46.6019373], [11.4719312, 46.6018378], [11.4719312, 46.6017051], [11.4717541, 46.601672], [11.4713896, 46.6014646], [11.4711426, 46.6014582], [11.471046, 46.6014287], [11.4711107, 46.6013614], [11.4709709, 46.601237], [11.4708636, 46.6013034], [11.4707778, 46.6013034], [11.4708371, 46.6011624], [11.4706973, 46.6011154], [11.4708529, 46.6010638], [11.4710192, 46.6009053], [11.471164, 46.6008242], [11.4712016, 46.6009238], [11.4711158, 46.6010048], [11.4710997, 46.6011375], [11.4711533, 46.6011928], [11.4715396, 46.6010601], [11.4716147, 46.6011744], [11.4717595, 46.6010491], [11.4719797, 46.6010187], [11.4723496, 46.6011154], [11.4724518, 46.6009265], [11.4724676, 46.6008206], [11.472323, 46.6008565], [11.4723016, 46.6007791], [11.4722479, 46.6007459], [11.4721889, 46.6008491], [11.4720384, 46.6008685], [11.4722101, 46.6005847], [11.4722208, 46.6002935], [11.4730309, 46.5999728], [11.473283, 46.5999396], [11.4733581, 46.5999949], [11.47346, 46.599877], [11.4736585, 46.5998328], [11.4737551, 46.5998991], [11.4739804, 46.599759], [11.474211, 46.5995563], [11.4741842, 46.5998143], [11.4743291, 46.5996853], [11.4747421, 46.5995784], [11.4755631, 46.5994559], [11.4754827, 46.5993342], [11.4755041, 46.5992163], [11.4756061, 46.5990467], [11.4754719, 46.5989878], [11.4755095, 46.5988846], [11.4757667, 46.5989998], [11.4757935, 46.5991103], [11.476003, 46.5991905], [11.4757667, 46.5992356], [11.475638, 46.5993389], [11.4758901, 46.5995637], [11.4758153, 46.5998245], [11.4756702, 46.5999433], [11.4756862, 46.600006], [11.4758847, 46.5998733], [11.4759169, 46.5999544], [11.4760242, 46.5999912], [11.4760564, 46.6001608], [11.4763893, 46.6001378], [11.4763675, 46.6000318], [11.4764429, 46.6000124], [11.4766411, 46.6000797], [11.4766143, 46.6003746], [11.4767004, 46.6004658], [11.4769364, 46.6004363], [11.4769791, 46.6004593], [11.4769737, 46.6005183], [11.4770488, 46.6007026], [11.4769898, 46.6007653], [11.4770005, 46.600909], [11.4776389, 46.6008869], [11.4776228, 46.6009754], [11.4773921, 46.601167], [11.4772366, 46.6012076], [11.4772848, 46.6012813], [11.477151, 46.6012988], [11.4769579, 46.6013135], [11.4766628, 46.6012509], [11.4765124, 46.601226], [11.4763839, 46.6013025], [11.4757614, 46.6015135], [11.4757399, 46.6015724], [11.4754663, 46.6015466], [11.4753268, 46.601226], [11.4751391, 46.6010896], [11.4750482, 46.6011513], [11.475005, 46.601226], [11.4753054, 46.6015761], [11.4753322, 46.6017125], [11.4751391, 46.6018046], [11.4751284, 46.6019263], [11.4749838, 46.6020212], [11.4749513, 46.6019742], [11.4750374, 46.6018811], [11.4748819, 46.6017116], [11.4748118, 46.6017162], [11.4747797, 46.6018489], [11.4747582, 46.6018857], [11.4743186, 46.6017742], [11.47427, 46.6018304], [11.4740286, 46.6017899], [11.4739053, 46.6016904], [11.4739804, 46.6016277], [11.4742218, 46.601753], [11.4742757, 46.60173], [11.4742757, 46.6016526], [11.4740557, 46.6013246], [11.4738892, 46.6014029], [11.4738141, 46.6016793], [11.4736266, 46.601671], [11.4734868, 46.601753], [11.4735622, 46.6018553], [11.473235, 46.6019991], [11.473224, 46.6018747], [11.4730097, 46.6018848], [11.4730201, 46.6018046], [11.4731382, 46.6017788], [11.4733044, 46.601801], [11.4734013, 46.6017005], [11.4734656, 46.6015715], [11.4733691, 46.601343], [11.4732293, 46.6012039], [11.4731382, 46.6012813], [11.4730416, 46.6012039], [11.4726232, 46.601156], [11.4725749, 46.6010749], [11.4725051, 46.6010822], [11.4723657, 46.6011818], [11.4724354, 46.6013071], [11.4725373, 46.6012628], [11.4725859, 46.6013025], [11.4726717, 46.6012803], [11.4728109, 46.6013366], [11.4727197, 46.6014066]], [[11.4808575, 46.6013439], [11.4802836, 46.6010933], [11.4801816, 46.601027], [11.4800156, 46.6009781], [11.4799295, 46.600909], [11.4798329, 46.6008906], [11.4797954, 46.6008206], [11.4796398, 46.6007026], [11.4798815, 46.6007054], [11.4801602, 46.6005699], [11.4802514, 46.6005478], [11.4803587, 46.6003525], [11.4803804, 46.6006059], [11.4805789, 46.6007496], [11.4809544, 46.6009965], [11.4810346, 46.6011007], [11.4811258, 46.6011375], [11.4811633, 46.6012776], [11.4812387, 46.6013061], [11.4812601, 46.6013504], [11.4814906, 46.6015061], [11.4812599, 46.6015172], [11.4810614, 46.6013882], [11.4808575, 46.6013439]], [[11.4779128, 46.6020691], [11.4778481, 46.6020958], [11.4776282, 46.6020442], [11.4775477, 46.6020848], [11.4772741, 46.6020626], [11.4768506, 46.6020396], [11.4768289, 46.6019631], [11.4767219, 46.6020396], [11.4766572, 46.602059], [11.4767004, 46.6019769], [11.4766521, 46.6019364], [11.4767216, 46.6018046], [11.4767967, 46.6018673], [11.4769362, 46.6017678], [11.4769254, 46.6019189], [11.4771615, 46.6017788], [11.4772956, 46.6017346], [11.4774565, 46.6018747], [11.4776335, 46.6017936], [11.4778269, 46.6016415], [11.4778588, 46.6015503], [11.4777891, 46.6015724], [11.4777518, 46.6016231], [11.4776177, 46.6016084], [11.4776228, 46.6015135], [11.4778964, 46.601495], [11.4781002, 46.6014471], [11.4783363, 46.6012481], [11.4786206, 46.601414], [11.4787922, 46.6014987], [11.4789642, 46.6015162], [11.4789425, 46.6014361], [11.4790229, 46.6014103], [11.4790232, 46.6015347], [11.4796291, 46.6017014], [11.4796076, 46.6017752], [11.4794574, 46.6018194], [11.4790336, 46.6019115], [11.4789854, 46.6018894], [11.4787815, 46.6019042], [11.4785884, 46.6020074], [11.4784972, 46.6019705], [11.4784116, 46.6020396], [11.478009, 46.6020921], [11.4779128, 46.6020691]], [[11.4737604, 46.602188], [11.4738623, 46.6021142], [11.4740823, 46.6022101], [11.4740286, 46.6022875], [11.4739589, 46.6025086], [11.4738733, 46.6025445], [11.4737443, 46.6027076], [11.4735351, 46.6026929], [11.473401, 46.6028182], [11.4731918, 46.6026229], [11.4731491, 46.6025445], [11.4730577, 46.6025381], [11.4729289, 46.6023833], [11.473106, 46.6022727], [11.4731811, 46.6021658], [11.4734171, 46.6020258], [11.473637, 46.6020663], [11.4737604, 46.602188]], [[11.4767377, 46.6026929], [11.4765287, 46.6027583], [11.4764104, 46.6029067], [11.4763193, 46.6028698], [11.4760564, 46.6029103], [11.4759923, 46.6028357], [11.4758365, 46.6027482], [11.4756755, 46.602774], [11.475826, 46.6025814], [11.475756, 46.6025049], [11.4757345, 46.6024017], [11.475815, 46.602188], [11.4758204, 46.6023575], [11.4759169, 46.6024238], [11.4761047, 46.6023944], [11.4763944, 46.6024128], [11.4764587, 46.6024828], [11.4765606, 46.6024533], [11.4766787, 46.6025418], [11.4767377, 46.6026929]], [[11.4821438, 46.6032094], [11.4818295, 46.6033911], [11.4809662, 46.6033568], [11.4809861, 46.6032471], [11.4816149, 46.6029077], [11.4821438, 46.6032094]], [[11.4782865, 46.6033705], [11.4777626, 46.6030688], [11.4776029, 46.6028768], [11.4779023, 46.6024105], [11.4787306, 46.6027088], [11.4788155, 46.6030071], [11.4793494, 46.6028254], [11.4796488, 46.6029385], [11.4795889, 46.6033225], [11.4793494, 46.6033191], [11.4792147, 46.6038882], [11.4789452, 46.603991], [11.4787706, 46.6038916], [11.4784562, 46.6041179], [11.478052, 46.6042173], [11.4777027, 46.6037339], [11.4782715, 46.6034733], [11.4782865, 46.6033705]], [[11.478929, 46.6076462], [11.4789562, 46.6075032], [11.4791271, 46.6074053], [11.4790327, 46.6071364], [11.4788758, 46.6070962], [11.4789293, 46.6070264], [11.4793482, 46.6070223], [11.4798023, 46.6071903], [11.4799348, 46.6072942], [11.4797094, 46.607549], [11.4797873, 46.6078073], [11.4792625, 46.607723], [11.4790039, 46.6077319], [11.478929, 46.6076462]], [[11.478519, 46.6074841], [11.4784815, 46.6076278], [11.4782723, 46.6077568], [11.4781328, 46.6077199], [11.4783758, 46.6075572], [11.4783275, 46.6075425], [11.4782846, 46.6074835], [11.4782149, 46.6075019], [11.4780416, 46.6074693], [11.4780539, 46.607373], [11.478188, 46.6072366], [11.478342, 46.607215], [11.4784171, 46.6073035], [11.4783903, 46.6073919], [11.4782846, 46.6073766], [11.4784225, 46.6075172], [11.478519, 46.6074841]], [[11.4777948, 46.6073956], [11.4779987, 46.6073256], [11.4779182, 46.6074804], [11.4777627, 46.6076315], [11.4774193, 46.6076978], [11.4771726, 46.6077199], [11.4771457, 46.6078231], [11.4767863, 46.6078452], [11.4767971, 46.6077715], [11.4769167, 46.6077894], [11.4769971, 46.6077341], [11.4771779, 46.6076683], [11.4770331, 46.6076499], [11.4770615, 46.6075646], [11.4775105, 46.6075873], [11.4777305, 46.6074583], [11.4773727, 46.6074798], [11.477414, 46.6073883], [11.4777213, 46.6073361], [11.4777948, 46.6073956]], [[11.4807709, 46.6095692], [11.4804867, 46.6096071], [11.4807498, 46.6093471], [11.4813801, 46.6088821], [11.4819371, 46.6088367], [11.4820673, 46.6089034], [11.4820022, 46.609162], [11.4821414, 46.6092307], [11.4820679, 46.6094468], [11.4819839, 46.6093954], [11.4818954, 46.6094413], [11.4816797, 46.6096687], [11.4815636, 46.6096305], [11.4813866, 46.6097676], [11.4812884, 46.6099664], [11.4811862, 46.6101059], [11.4808834, 46.6100105], [11.4807709, 46.6095692]], [[11.4756785, 46.6095526], [11.4759881, 46.609611], [11.4760488, 46.6096861], [11.4756967, 46.609782], [11.475557, 46.6096986], [11.4756785, 46.6095526]], [[11.4768623, 46.6096193], [11.4771962, 46.6097445], [11.4772934, 46.6098904], [11.4771112, 46.6099738], [11.4766013, 46.6100739], [11.4763038, 46.6100531], [11.4761702, 46.6098571], [11.4763706, 46.6096444], [11.4768623, 46.6096193]], [[11.4793393, 46.610516], [11.4790965, 46.6105119], [11.4789751, 46.6103701], [11.4792179, 46.6102116], [11.4793272, 46.6103909], [11.4793393, 46.610516]], [[11.4743034, 46.6106286], [11.4739755, 46.6107454], [11.4736538, 46.6106828], [11.4734959, 46.6108705], [11.4731984, 46.6107496], [11.4731802, 46.6104743], [11.4739391, 46.6102324], [11.4743034, 46.6106286]], [[11.4738237, 46.6111583], [11.4739998, 46.6114002], [11.4739512, 46.6115753], [11.4737023, 46.6115211], [11.473162, 46.6117213], [11.4730649, 46.6116129], [11.4733077, 46.6113209], [11.4737509, 46.6111499], [11.4738237, 46.6111583]], [[11.4727249, 46.6128598], [11.4726399, 46.6125971], [11.4726277, 46.6122968], [11.4729981, 46.61208], [11.4731316, 46.6122801], [11.4735566, 46.6120341], [11.4737448, 46.6118506], [11.4740241, 46.6118256], [11.4744794, 46.6121383], [11.4743398, 46.6123802], [11.4746069, 46.6125596], [11.4742427, 46.6129933], [11.4736113, 46.6128598], [11.4733866, 46.6129516], [11.473077, 46.61301], [11.4727249, 46.6128598]], [[11.4776424, 46.6123685], [11.477817, 46.612428], [11.4782603, 46.6124617], [11.4784567, 46.6126594], [11.4782192, 46.6130735], [11.4780365, 46.6130735], [11.4778621, 46.6132474], [11.477895, 46.6133997], [11.4771666, 46.6133144], [11.4770582, 46.613156], [11.4768243, 46.6128538], [11.47703, 46.6125778], [11.4772854, 46.61243], [11.4776424, 46.6123685]], [[11.4766396, 46.6145875], [11.4768683, 46.6144385], [11.4770019, 46.614096], [11.4772253, 46.614315], [11.4774493, 46.6139093], [11.4778017, 46.6138041], [11.477986, 46.613843], [11.478317, 46.6135595], [11.4784401, 46.6138565], [11.4780683, 46.61396], [11.4779677, 46.6142609], [11.4778974, 46.6141275], [11.4775718, 46.6141083], [11.4774605, 46.614316], [11.4770893, 46.6145081], [11.4769701, 46.6146877], [11.47668, 46.6147412], [11.4766396, 46.6145875]], [[11.4752279, 46.614627], [11.4751678, 46.6143852], [11.4752966, 46.6142791], [11.4757517, 46.6145268], [11.4756744, 46.6146919], [11.4752279, 46.614627]], [[11.4718689, 46.6147865], [11.4718142, 46.6144779], [11.4722574, 46.6144445], [11.4723849, 46.6144821], [11.4724881, 46.6145446], [11.4724335, 46.6147073], [11.4718689, 46.6147865]], [[11.4796761, 46.6137448], [11.4795893, 46.6139268], [11.4797857, 46.6141213], [11.4800232, 46.6142499], [11.4799045, 46.6146138], [11.4800004, 46.6148585], [11.4797578, 46.615055], [11.47901, 46.6154896], [11.4783886, 46.6157728], [11.478111, 46.6157779], [11.4781104, 46.6155909], [11.4779669, 46.6156316], [11.4779605, 46.6158255], [11.4777878, 46.6158363], [11.477457, 46.6158278], [11.477593, 46.6156221], [11.4775002, 46.6154258], [11.4772449, 46.615532], [11.4770603, 46.6153665], [11.476816, 46.61559], [11.476333, 46.615304], [11.4764716, 46.6151438], [11.4762557, 46.6150603], [11.4763579, 46.6149046], [11.4765515, 46.6149654], [11.4769954, 46.6148138], [11.4771551, 46.6147989], [11.4771323, 46.6152695], [11.4774109, 46.6151471], [11.4777486, 46.6147508], [11.4778948, 46.6146935], [11.4780101, 46.6145413], [11.4781964, 46.6144319], [11.4787722, 46.6141468], [11.4791632, 46.6140153], [11.4793747, 46.6138233], [11.4795574, 46.6135974], [11.4796761, 46.6137448]], [[11.4754199, 46.6150977], [11.4752249, 46.6153748], [11.4751029, 46.6150006], [11.4748051, 46.6148915], [11.4745986, 46.6150106], [11.4743073, 46.6149697], [11.474181, 46.6144652], [11.4746962, 46.6144101], [11.4747968, 46.6145033], [11.4749918, 46.6146951], [11.4755567, 46.6148042], [11.4756176, 46.6150411], [11.4755892, 46.6151495], [11.4754199, 46.6150977]], [[11.4752466, 46.6158096], [11.4749353, 46.6158761], [11.4747206, 46.6158761], [11.4750855, 46.6155753], [11.4757536, 46.615361], [11.4756626, 46.6152757], [11.4758131, 46.6152136], [11.475811, 46.615077], [11.4760215, 46.6149958], [11.4762114, 46.6153077], [11.4759035, 46.6153687], [11.4759094, 46.6154796], [11.4757724, 46.6155075], [11.47562, 46.6156609], [11.4756737, 46.6158643], [11.4755138, 46.6158778], [11.4754032, 46.6160825], [11.4751156, 46.6161179], [11.475009, 46.6160143], [11.4752625, 46.6159614], [11.4752466, 46.6158096]], [[11.4772375, 46.6167332], [11.477166, 46.6166435], [11.4769826, 46.6167503], [11.4765879, 46.6167546], [11.4768801, 46.6166585], [11.4772002, 46.6165133], [11.4773121, 46.61646], [11.4775328, 46.6162998], [11.4776851, 46.6162208], [11.4777472, 46.6163062], [11.4776757, 46.6164108], [11.4776913, 46.6164557], [11.4778156, 46.6165816], [11.4775545, 46.6167674], [11.4774955, 46.6166564], [11.4775203, 46.6165389], [11.477396, 46.6166179], [11.4772375, 46.6167332]], [[11.4769541, 46.6180112], [11.4768765, 46.6176536], [11.4770455, 46.6174591], [11.477589, 46.6170701], [11.4780137, 46.6168098], [11.4781644, 46.6165588], [11.4787992, 46.6161667], [11.4794552, 46.616103], [11.479596, 46.6161178], [11.479756, 46.6158489], [11.4798317, 46.6155552], [11.4800199, 46.6154783], [11.4799947, 46.6156737], [11.4802154, 46.6156965], [11.4801857, 46.615864], [11.480012, 46.6160951], [11.4800289, 46.6161721], [11.4801496, 46.6162122], [11.4803613, 46.6163401], [11.4800906, 46.6167272], [11.4797994, 46.6167596], [11.4795163, 46.6169635], [11.4789728, 46.6171235], [11.4786257, 46.6173274], [11.4781964, 46.6172991], [11.4778173, 46.6175469], [11.4777705, 46.6176199], [11.4776986, 46.617732], [11.4774383, 46.6178763], [11.4769541, 46.6180112]], [[11.4744917, 46.6177028], [11.4749321, 46.6170978], [11.4755102, 46.6163226], [11.4764186, 46.6164297], [11.4759415, 46.6168142], [11.475758, 46.6173877], [11.474923, 46.617936], [11.4744917, 46.6177028]], [[11.4767673, 46.6170348], [11.4768223, 46.617268], [11.4766664, 46.6175012], [11.4764094, 46.6175705], [11.4763177, 46.6172364], [11.4767673, 46.6170348]], [[11.4810305, 46.6302963], [11.480459, 46.6304288], [11.4801446, 46.6302767], [11.4802304, 46.6299529], [11.4809019, 46.6297812], [11.4810305, 46.6302963]], [[11.4809345, 46.6327462], [11.4809575, 46.6329356], [11.4808597, 46.6331034], [11.4810063, 46.6332869], [11.4810006, 46.6333915], [11.4810983, 46.6335316], [11.4812075, 46.6338533], [11.4813052, 46.6339421], [11.4811471, 46.6341315], [11.481242, 46.6342559], [11.48115, 46.6343664], [11.4808195, 46.6341868], [11.4807103, 46.6340881], [11.4803769, 46.6340408], [11.4803252, 46.6339026], [11.4804833, 46.6336875], [11.480397, 46.6335336], [11.4805637, 46.6333935], [11.4804258, 46.6332869], [11.4803798, 46.633129], [11.4806758, 46.6328054], [11.4809345, 46.6327462]], [[11.473794, 46.6345709], [11.4735908, 46.6348723], [11.4738834, 46.6349672], [11.4737534, 46.6351737], [11.4732575, 46.6351737], [11.4728348, 46.6351179], [11.4732575, 46.6346881], [11.4735746, 46.6344871], [11.473794, 46.6345709]], [[11.4801442, 46.6349969], [11.4799776, 46.634743], [11.4799288, 46.6345281], [11.4798435, 46.6342964], [11.4799613, 46.6341792], [11.4801036, 46.6341876], [11.4802255, 46.634316], [11.4799776, 46.6344136], [11.4801727, 46.6345755], [11.4803027, 46.6346592], [11.4805222, 46.6346313], [11.4807742, 46.6347011], [11.481014, 46.6348239], [11.4811766, 46.6347513], [11.4814611, 46.6347876], [11.4816562, 46.6345671], [11.4817944, 46.6344722], [11.4819122, 46.6345978], [11.4817944, 46.6347737], [11.4819448, 46.6346843], [11.4820098, 46.6345476], [11.4818269, 46.6344164], [11.4819082, 46.6343076], [11.4821764, 46.6342908], [11.482274, 46.6344276], [11.4822536, 46.634743], [11.4816846, 46.6350695], [11.4814042, 46.6352481], [11.4804694, 46.6355132], [11.4803393, 46.6352983], [11.4801442, 46.6349969]], [[11.4753226, 46.6347329], [11.4758514, 46.6346816], [11.476794, 46.6350684], [11.4771389, 46.6352894], [11.4771906, 46.6350053], [11.4774263, 46.6349263], [11.4775585, 46.6351], [11.4775585, 46.6355538], [11.4769837, 46.6357078], [11.476909, 46.6361419], [11.4763859, 46.6362485], [11.4759836, 46.6361301], [11.4759951, 46.6358893], [11.4752478, 46.6357117], [11.4757364, 46.6354236], [11.4755755, 46.6351947], [11.4752421, 46.6350171], [11.4746903, 46.6348987], [11.4747478, 46.6346343], [11.4750927, 46.6345514], [11.4753226, 46.6347329]], [[11.4727454, 46.6364853], [11.4721764, 46.6365188], [11.4718675, 46.6363849], [11.4718594, 46.6362007], [11.4723959, 46.6361951], [11.4728186, 46.6359383], [11.4732331, 46.6357876], [11.473477, 46.63581], [11.4735339, 46.6358937], [11.4736884, 46.6363458], [11.4735339, 46.6365356], [11.4727454, 46.6364853]], [[11.478542, 46.6355255], [11.4793294, 46.6355847], [11.4793122, 46.6356518], [11.4793122, 46.6358847], [11.4792202, 46.6360978], [11.4794616, 46.6363978], [11.4794616, 46.6367135], [11.4796628, 46.6369582], [11.4795306, 46.6372936], [11.4793467, 46.6372187], [11.4789041, 46.6370174], [11.4785822, 46.6367451], [11.4781741, 46.6364175], [11.4778465, 46.6361491], [11.4780534, 46.6356795], [11.478542, 46.6355255]], [[11.4806753, 46.6367605], [11.4806672, 46.6369893], [11.4806509, 46.6372572], [11.4805371, 46.6374023], [11.4803257, 46.6376367], [11.4803501, 46.6378488], [11.4803583, 46.6380219], [11.4805598, 46.6380235], [11.4807438, 46.6377867], [11.4807323, 46.6376288], [11.4811691, 46.6374709], [11.4808817, 46.6370131], [11.4809852, 46.6366421], [11.4816749, 46.6367684], [11.4823762, 46.6363264], [11.482836, 46.6360028], [11.4834568, 46.6360423], [11.4830544, 46.6366658], [11.482974, 46.6371315], [11.4826176, 46.6374078], [11.4822957, 46.6372262], [11.4819393, 46.6369973], [11.4817554, 46.6373999], [11.4813875, 46.6375341], [11.4813301, 46.6379761], [11.4810312, 46.6381024], [11.4807783, 46.6383155], [11.4806785, 46.6381821], [11.4804477, 46.6382005], [11.4801794, 46.6383958], [11.4800656, 46.6381614], [11.4801794, 46.6377874], [11.4799139, 46.6374307], [11.4802201, 46.637073], [11.4801225, 46.6366991], [11.4799762, 46.6365875], [11.4796429, 46.6363475], [11.4797974, 46.6358619], [11.4803826, 46.6357335], [11.4808704, 46.6364144], [11.4806753, 46.6367605]], [[11.4676406, 46.6381039], [11.4684697, 46.63773], [11.468738, 46.6372165], [11.4692582, 46.6363011], [11.4701442, 46.6366695], [11.4700386, 46.6362118], [11.4701198, 46.6359272], [11.4704938, 46.6359328], [11.4709327, 46.6363793], [11.4713554, 46.6365858], [11.4720707, 46.6366751], [11.4725503, 46.6366695], [11.4728023, 46.6368983], [11.4726885, 46.6374788], [11.4720545, 46.6378025], [11.4722902, 46.6378751], [11.4726723, 46.6379365], [11.4723309, 46.6383327], [11.4718106, 46.638422], [11.471266, 46.6382769], [11.4711847, 46.6381095], [11.4712497, 46.6378248], [11.4708839, 46.6378918], [11.4705913, 46.6382769], [11.4702987, 46.6381095], [11.4696809, 46.638623], [11.4689574, 46.6389467], [11.4679982, 46.6384946], [11.4676406, 46.6381039]], [[11.4774326, 46.6379014], [11.4770763, 46.6377396], [11.4768808, 46.6373963], [11.4768808, 46.6370845], [11.4771855, 46.6370253], [11.4776051, 46.6370805], [11.4778752, 46.6372305], [11.4778637, 46.6373252], [11.4779499, 46.6375541], [11.4783236, 46.6375936], [11.4783523, 46.637712], [11.4779155, 46.6379922], [11.4774326, 46.6379014]], [[11.4758601, 46.6386811], [11.475406, 46.6389061], [11.4751243, 46.6390402], [11.4752393, 46.6386811], [11.4756359, 46.6382549], [11.4756129, 46.6381878], [11.4757624, 46.6380378], [11.476159, 46.638247], [11.4761245, 46.6383496], [11.4759693, 46.6384877], [11.4758601, 46.6386811]], [[11.4783465, 46.6393221], [11.4780936, 46.6390893], [11.4780189, 46.6390459], [11.4776798, 46.6390104], [11.4774901, 46.6389117], [11.4777603, 46.638746], [11.4781684, 46.6386986], [11.4782718, 46.6386907], [11.4784787, 46.6388012], [11.4789731, 46.6391446], [11.4788696, 46.6392511], [11.4783465, 46.6393221]], [[11.4805096, 46.6398726], [11.4802495, 46.6401238], [11.4799487, 46.6401461], [11.4797211, 46.6401014], [11.4797373, 46.6399061], [11.4799487, 46.6397666], [11.4802413, 46.6397387], [11.4805096, 46.6398726]], [[11.4790738, 46.6397535], [11.4792807, 46.6398324], [11.4792577, 46.6400929], [11.4790738, 46.6402823], [11.4787979, 46.6401955], [11.4787404, 46.6399429], [11.4790738, 46.6397535]], [[11.4803579, 46.6407523], [11.4804283, 46.6405647], [11.4806803, 46.6402521], [11.4808591, 46.6402298], [11.4813635, 46.6405321], [11.4813369, 46.6408636], [11.4810121, 46.640931], [11.4807128, 46.6410614], [11.4803579, 46.6407523]], [[11.4819229, 46.6408728], [11.4818481, 46.640918], [11.4815591, 46.6407366], [11.4814834, 46.6406113], [11.4815407, 46.6405735], [11.4816034, 46.6405308], [11.4820044, 46.640825], [11.4819229, 46.6408728]], [[11.4775507, 46.6412902], [11.4775345, 46.6414632], [11.4771361, 46.6416976], [11.4769654, 46.6412734], [11.4770714, 46.6412163], [11.4773068, 46.6410893], [11.4775507, 46.6412902]], [[11.4765102, 46.642105], [11.476746, 46.6420157], [11.4769411, 46.6419431], [11.4772987, 46.6419208], [11.477315, 46.6421552], [11.4772093, 46.6423171], [11.4769085, 46.6423617], [11.4765021, 46.6423394], [11.4765102, 46.642105]], [[11.4731856, 46.6419376], [11.4738765, 46.6418092], [11.4744374, 46.6418594], [11.4746244, 46.6421831], [11.4750145, 46.6420659], [11.4753722, 46.6418539], [11.4760063, 46.6417478], [11.4761932, 46.6419766], [11.4759981, 46.6422892], [11.4760632, 46.6426184], [11.4756242, 46.6428472], [11.4752665, 46.6430649], [11.4748032, 46.6429198], [11.4745431, 46.6430537], [11.474348, 46.6432435], [11.4738928, 46.6432379], [11.4736164, 46.6430649], [11.4728442, 46.6429979], [11.4726897, 46.6432714], [11.4730718, 46.6434332], [11.4728686, 46.6436843], [11.4722914, 46.643595], [11.4719907, 46.6432881], [11.4720232, 46.6431486], [11.4716655, 46.6431151], [11.4718606, 46.6427635], [11.4722101, 46.6426463], [11.4719338, 46.6424231], [11.4722426, 46.6419376], [11.4731856, 46.6419376]], [[11.4778272, 46.6496777], [11.4780223, 46.6494657], [11.4785791, 46.649541], [11.478575, 46.6497001], [11.4783515, 46.6498619], [11.4780101, 46.6499791], [11.4778272, 46.6496777]], [[11.4715731, 46.6522402], [11.4714476, 46.6523793], [11.4712112, 46.6524852], [11.4712208, 46.6526243], [11.4708783, 46.652674], [11.4705357, 46.6524654], [11.4709699, 46.6520547], [11.4712884, 46.6521044], [11.4715731, 46.6522402]], [[11.4882663, 46.5899315], [11.4884594, 46.5900421], [11.4884272, 46.590396], [11.4882127, 46.590455], [11.4882127, 46.5901306], [11.4882663, 46.5899315]], [[11.4884267, 46.5907547], [11.4884377, 46.5908607], [11.4880244, 46.5906441], [11.4880997, 46.59054], [11.4881907, 46.5904967], [11.4883248, 46.5906884], [11.4884267, 46.5907547]], [[11.485498, 46.5908423], [11.4854336, 46.5909897], [11.4853156, 46.5910008], [11.4850367, 46.5909418], [11.484913, 46.5910718], [11.4847148, 46.5910708], [11.484468, 46.5910119], [11.4843876, 46.5911667], [11.4843229, 46.5909464], [11.4842696, 46.5909271], [11.4842803, 46.5908386], [11.4841408, 46.5907169], [11.4839581, 46.5906626], [11.4838726, 46.5904663], [11.4839635, 46.5904008], [11.4841194, 46.5904368], [11.4842532, 46.5903861], [11.4842535, 46.5906801], [11.48435, 46.5907612], [11.4845539, 46.5907169], [11.4846448, 46.5907289], [11.4847202, 46.5908165], [11.4850581, 46.5908386], [11.4852244, 46.5907722], [11.4854765, 46.590787], [11.4856428, 46.5907169], [11.4858306, 46.5907501], [11.4858199, 46.5908533], [11.4856211, 46.5909759], [11.4855621, 46.5909464], [11.4855731, 46.5908497], [11.485498, 46.5908423]], [[11.4894679, 46.5909564], [11.4897362, 46.5912882], [11.489543, 46.5913693], [11.4890651, 46.5911086], [11.4891246, 46.5909343], [11.4894679, 46.5909564]], [[11.4979272, 46.5927813], [11.4976187, 46.5927537], [11.4975245, 46.592846], [11.4974815, 46.592916], [11.4973317, 46.5929601], [11.4972084, 46.5933232], [11.4971145, 46.593279], [11.4970072, 46.5933232], [11.4969267, 46.5931997], [11.4969938, 46.5930596], [11.4971275, 46.5930543], [11.4971547, 46.592984], [11.4970608, 46.5929232], [11.4970926, 46.5928736], [11.4970421, 46.5928403], [11.4970903, 46.59275], [11.4970394, 46.5927002], [11.4969696, 46.5926928], [11.4969777, 46.5926302], [11.4969026, 46.5926136], [11.496916, 46.5925435], [11.4968489, 46.5925048], [11.496908, 46.5923924], [11.4969884, 46.5924035], [11.4970551, 46.5924534], [11.4971064, 46.5923832], [11.4970689, 46.5923316], [11.4968194, 46.5923297], [11.4967363, 46.5923795], [11.4966746, 46.5923703], [11.4966719, 46.5922468], [11.4966397, 46.5921804], [11.4965459, 46.5921528], [11.4965351, 46.5920864], [11.4964199, 46.5919629], [11.4963368, 46.5918247], [11.4963073, 46.591692], [11.4964274, 46.591541], [11.4964226, 46.5914524], [11.4963341, 46.5913068], [11.4963609, 46.5912035], [11.4961619, 46.5911116], [11.4962107, 46.5910045], [11.4963797, 46.5908478], [11.496578, 46.5907354], [11.4967144, 46.5906913], [11.4967815, 46.5906987], [11.4968328, 46.5906487], [11.4969531, 46.5905936], [11.4970175, 46.5906047], [11.4970421, 46.5907059], [11.4970957, 46.5907519], [11.4971279, 46.5906672], [11.497093, 46.5906082], [11.4971574, 46.5905326], [11.4971198, 46.5904994], [11.4970045, 46.5904699], [11.4969643, 46.5904257], [11.4968758, 46.5904589], [11.4968217, 46.5905955], [11.4967873, 46.5905842], [11.4967765, 46.5904902], [11.4968244, 46.5904369], [11.4967604, 46.5903851], [11.4966773, 46.5904386], [11.496637, 46.5904275], [11.4965807, 46.5903225], [11.4964119, 46.5903004], [11.4963872, 46.5903816], [11.4964623, 46.5904646], [11.4963556, 46.5905086], [11.496296, 46.5904867], [11.4962804, 46.5903538], [11.4962107, 46.5903354], [11.4960927, 46.5905953], [11.4959586, 46.5905768], [11.4958325, 46.5906616], [11.4958239, 46.5907134], [11.4959398, 46.5907169], [11.4959661, 46.5907816], [11.496039, 46.5907925], [11.4961029, 46.5908572], [11.4961592, 46.5908646], [11.4960981, 46.5909879], [11.4959961, 46.5910579], [11.4959071, 46.5909991], [11.4959452, 46.5909049], [11.4958781, 46.590833], [11.495736, 46.5907667], [11.4957225, 46.5906948], [11.4954624, 46.5906801], [11.4954114, 46.5906063], [11.4954356, 46.5904736], [11.4953739, 46.5904091], [11.495435, 46.5902876], [11.4952907, 46.5902229], [11.49528, 46.5901769], [11.4951646, 46.5901584], [11.4950949, 46.5900755], [11.4947972, 46.589788], [11.4947248, 46.5898673], [11.4945848, 46.5898084], [11.4945665, 46.5897456], [11.4944882, 46.5897162], [11.4944297, 46.5897843], [11.4942253, 46.5896996], [11.4942098, 46.5896664], [11.4939952, 46.5895152], [11.4938128, 46.5894544], [11.4937431, 46.5893825], [11.4937511, 46.5893051], [11.4939174, 46.5892314], [11.4940698, 46.5891927], [11.4943466, 46.5892056], [11.4945713, 46.5892628], [11.4947248, 46.5892848], [11.4949769, 46.5892295], [11.495111, 46.5892166], [11.4954275, 46.5893235], [11.4956067, 46.5893734], [11.4957816, 46.5894065], [11.4960122, 46.5895724], [11.4963738, 46.5898305], [11.4969535, 46.5898323], [11.4972562, 46.5899356], [11.4975513, 46.5901254], [11.497785, 46.5903262], [11.4981257, 46.5905252], [11.4984905, 46.5907943], [11.4987748, 46.5908773], [11.4989594, 46.5909788], [11.4990533, 46.5911392], [11.4989652, 46.5912293], [11.4990242, 46.591421], [11.4990024, 46.5915115], [11.4990993, 46.5916736], [11.4991177, 46.5918138], [11.4990189, 46.5920145], [11.4987694, 46.5918339], [11.4986702, 46.591692], [11.4981042, 46.5915132], [11.4980077, 46.5914432], [11.4981843, 46.5914452], [11.4984042, 46.5914857], [11.4984337, 46.5914046], [11.4983698, 46.5912773], [11.4982249, 46.5912183], [11.4982544, 46.5911409], [11.4982517, 46.5910819], [11.4982674, 46.5910673], [11.4981149, 46.5911151], [11.4980908, 46.5910561], [11.4980207, 46.5910157], [11.4980931, 46.5908812], [11.4980023, 46.5908312], [11.4978226, 46.5908754], [11.4976291, 46.5908037], [11.4975624, 46.5907132], [11.4976134, 46.5906303], [11.497511, 46.5905991], [11.4975061, 46.5905252], [11.4974095, 46.5905215], [11.4973689, 46.5906213], [11.497262, 46.5906543], [11.4971355, 46.5908203], [11.4970689, 46.590857], [11.4972375, 46.5909844], [11.4972965, 46.5911669], [11.4973478, 46.5912607], [11.4973957, 46.5912369], [11.4974149, 46.5911243], [11.4975727, 46.5910765], [11.4978678, 46.5911208], [11.4979643, 46.5910802], [11.4980345, 46.5911003], [11.4979778, 46.5911761], [11.4979191, 46.5912773], [11.4979647, 46.5913584], [11.4980452, 46.5913971], [11.497895, 46.5914008], [11.497887, 46.5915021], [11.4977609, 46.5915132], [11.4975866, 46.5914708], [11.4974042, 46.5914874], [11.4974601, 46.5916553], [11.4973452, 46.5917159], [11.4971681, 46.5916828], [11.4971758, 46.5917493], [11.4972245, 46.5918376], [11.4975249, 46.5921067], [11.4975969, 46.5922175], [11.4975463, 46.5923518], [11.4973773, 46.5924219], [11.4974172, 46.5924755], [11.4972375, 46.5925622], [11.4971038, 46.5925804], [11.4971708, 46.5926799], [11.497267, 46.5927004], [11.4977766, 46.5924405], [11.4977958, 46.592385], [11.4977421, 46.5923353], [11.4976777, 46.5921049], [11.4978279, 46.5920477], [11.4979486, 46.5923076], [11.4980663, 46.5923889], [11.4981391, 46.5923869], [11.4981896, 46.5924774], [11.4980828, 46.5925325], [11.498064, 46.5926707], [11.4979755, 46.5927002], [11.4979272, 46.5927813]], [[11.4905194, 46.5918632], [11.4904443, 46.5919665], [11.4902345, 46.591986], [11.4902989, 46.5918385], [11.490691, 46.5916273], [11.490455, 46.5916347], [11.490219, 46.5917821], [11.4899722, 46.5918116], [11.4898327, 46.5917232], [11.4899722, 46.5916052], [11.4900414, 46.5916395], [11.4903584, 46.5915462], [11.4903263, 46.5914356], [11.4905301, 46.5911776], [11.4908198, 46.5907868], [11.4911202, 46.59089], [11.491442, 46.5908532], [11.4916244, 46.5909711], [11.4915708, 46.5911849], [11.4909963, 46.5916763], [11.4909056, 46.5915978], [11.4907388, 46.5917279], [11.4907769, 46.5917895], [11.4905194, 46.5918632]], [[11.4939633, 46.5915831], [11.4941135, 46.5915683], [11.4943496, 46.5917084], [11.4945105, 46.5916715], [11.494451, 46.5918385], [11.4945963, 46.5919001], [11.4947143, 46.5922466], [11.4947036, 46.5923941], [11.4942793, 46.5921851], [11.4943388, 46.5919443], [11.4940433, 46.5918164], [11.4939633, 46.5915831]], [[11.4970744, 46.5968029], [11.4965648, 46.5970536], [11.4965433, 46.597201], [11.4963716, 46.5971863], [11.4963663, 46.597013], [11.4962536, 46.5969799], [11.4961968, 46.5971662], [11.4957279, 46.5969504], [11.4957816, 46.5968214], [11.4959339, 46.5967681], [11.4961378, 46.5966096], [11.4962322, 46.5964269], [11.4963094, 46.5964511], [11.4964543, 46.5963811], [11.4965433, 46.5960878], [11.4966721, 46.5960841], [11.4969832, 46.5961505], [11.4972106, 46.5961046], [11.4972887, 46.595992], [11.497455, 46.5958519], [11.497573, 46.5955865], [11.4975379, 46.5954816], [11.4977178, 46.5951921], [11.4978359, 46.5951516], [11.4978788, 46.5952437], [11.4983294, 46.5956787], [11.4983187, 46.5958077], [11.4981845, 46.5959699], [11.4982436, 46.5960952], [11.4977178, 46.5966334], [11.4977125, 46.5967218], [11.4976213, 46.5967366], [11.4976266, 46.5968214], [11.4975194, 46.5969467], [11.4973262, 46.5969577], [11.4972887, 46.5967661], [11.4970744, 46.5968029]], [[11.4951754, 46.5973853], [11.4951807, 46.5974701], [11.4952719, 46.5974295], [11.4952451, 46.597636], [11.4953256, 46.5976691], [11.4954865, 46.597319], [11.4961946, 46.5973853], [11.496377, 46.5975954], [11.4963019, 46.5977171], [11.4961088, 46.5977244], [11.4955884, 46.5979087], [11.4955509, 46.5978092], [11.4954758, 46.5978829], [11.4954972, 46.5979603], [11.4951378, 46.5980525], [11.4949179, 46.5980009], [11.4946121, 46.597835], [11.4945424, 46.5976544], [11.494405, 46.5976564], [11.4943385, 46.5975917], [11.4945853, 46.5973669], [11.4947784, 46.5973743], [11.4947033, 46.5975991], [11.4947999, 46.5976175], [11.4950166, 46.5974906], [11.4951754, 46.5973853]], [[11.4822896, 46.6003633], [11.4822467, 46.6002675], [11.4825471, 46.6000906], [11.4829333, 46.6000611], [11.4828641, 46.6001488], [11.4830728, 46.6002675], [11.4830191, 46.6003486], [11.4825852, 46.6004216], [11.4822896, 46.6003633]], [[11.4822337, 46.6023797], [11.4823684, 46.6025477], [11.4819243, 46.6028391], [11.481565, 46.6026917], [11.4819093, 46.6022734], [11.4822337, 46.6023797]], [[11.4891414, 46.6064485], [11.4890853, 46.6067354], [11.4884569, 46.6073888], [11.4879926, 46.6073341], [11.4875524, 46.6071251], [11.4874736, 46.6068793], [11.4874621, 46.6065826], [11.4874889, 46.6059156], [11.4879314, 46.6054997], [11.4880348, 46.6055027], [11.4893269, 46.6045253], [11.4894356, 46.604443], [11.4893822, 46.604355], [11.489183, 46.6043367], [11.4894118, 46.6040238], [11.4890851, 46.6033473], [11.4891253, 46.603234], [11.4892806, 46.6031537], [11.4893804, 46.6031408], [11.490049, 46.6028291], [11.4903444, 46.6029198], [11.4906764, 46.6030217], [11.4907464, 46.6042929], [11.4905919, 46.6042977], [11.4905195, 46.6042007], [11.490413, 46.60423], [11.4904543, 46.6044784], [11.4903674, 46.604491], [11.4902864, 46.6045649], [11.4905085, 46.6048096], [11.4899589, 46.6054359], [11.4897111, 46.6057149], [11.4895217, 46.6059167], [11.4891945, 46.6062137], [11.4889332, 46.6064264], [11.4891414, 46.6064485]], [[11.483095, 46.6037731], [11.4832566, 46.6036097], [11.4832362, 46.6033634], [11.4833844, 46.6032664], [11.4835678, 46.602847], [11.4833543, 46.6029684], [11.4832926, 46.6029101], [11.4836471, 46.6025737], [11.4841049, 46.60263], [11.4843223, 46.6025188], [11.4846181, 46.6026635], [11.484907, 46.6026192], [11.485054, 46.6027816], [11.4854163, 46.6031826], [11.4856811, 46.6030728], [11.4858614, 46.6032025], [11.4857307, 46.6034448], [11.4856467, 46.6036005], [11.4860764, 46.6036715], [11.4862384, 46.6037662], [11.4864152, 46.6036765], [11.4864847, 46.6037083], [11.4866548, 46.603823], [11.4870053, 46.6039193], [11.4871692, 46.6040504], [11.4870887, 46.6041747], [11.4871289, 46.6045498], [11.487064, 46.604687], [11.4871339, 46.6048515], [11.4867846, 46.6051395], [11.4866998, 46.6053418], [11.4867696, 46.6057875], [11.486803, 46.6060108], [11.4867102, 46.6061314], [11.4866394, 46.6061805], [11.4865847, 46.606313], [11.4864103, 46.6062537], [11.4865501, 46.6060583], [11.4863604, 46.6060309], [11.4863948, 46.605934], [11.4862264, 46.6059729], [11.4861022, 46.6061769], [11.4861285, 46.6065086], [11.486754, 46.6074977], [11.4866054, 46.6076368], [11.4864632, 46.6076753], [11.486571, 46.6074387], [11.4864793, 46.6074061], [11.486287, 46.6075484], [11.4859093, 46.6079269], [11.4857666, 46.6077449], [11.4858146, 46.6074621], [11.485597, 46.6072753], [11.4853866, 46.607304], [11.4852358, 46.6072735], [11.4850489, 46.6074094], [11.4849351, 46.607607], [11.4849896, 46.6079783], [11.4852742, 46.6080059], [11.4854925, 46.6077642], [11.485518, 46.6078782], [11.4856162, 46.6080256], [11.4860872, 46.6080614], [11.4858296, 46.6081777], [11.4856885, 46.6081777], [11.4856179, 46.6083329], [11.4854027, 46.6083644], [11.4856006, 46.6081364], [11.4850805, 46.6080361], [11.4849177, 46.6082327], [11.4845615, 46.6084701], [11.4841884, 46.6087411], [11.4841476, 46.6087085], [11.4842171, 46.6082868], [11.4844253, 46.6075475], [11.483756, 46.6071102], [11.4833864, 46.6067404], [11.482908, 46.6061997], [11.4831727, 46.6059767], [11.4834894, 46.6057871], [11.4836914, 46.6054191], [11.4839215, 46.6054997], [11.4839889, 46.6057372], [11.4838325, 46.6057567], [11.4838883, 46.6059554], [11.4844473, 46.6061437], [11.4847431, 46.6060691], [11.4851519, 46.6062194], [11.485272, 46.6059309], [11.4850682, 46.6058457], [11.4850019, 46.6058625], [11.4846573, 46.6057591], [11.4847267, 46.6055879], [11.4846406, 46.6052701], [11.4844782, 46.6052591], [11.4847429, 46.604607], [11.4847589, 46.6044742], [11.4846696, 46.6045015], [11.4846043, 46.6045982], [11.4845038, 46.6045918], [11.4843869, 46.6047036], [11.4844797, 46.6048022], [11.4843124, 46.6052882], [11.4840261, 46.6050045], [11.4837429, 46.6049651], [11.4837094, 46.6048343], [11.483818, 46.6046093], [11.4837676, 46.6045392], [11.4837472, 46.6044467], [11.4834585, 46.6047573], [11.4833956, 46.6044561], [11.483137, 46.6045013], [11.4829881, 46.6046454], [11.482979, 46.6044749], [11.4829112, 46.6044666], [11.4827934, 46.604828], [11.4829047, 46.6049253], [11.4831877, 46.6049437], [11.4833279, 46.6050773], [11.4830176, 46.6050141], [11.4828004, 46.6050254], [11.4826048, 46.6049658], [11.4826143, 46.6048571], [11.482581, 46.6047821], [11.4824565, 46.6048123], [11.482386, 46.6049568], [11.4822368, 46.6049402], [11.4822795, 46.6048004], [11.4820577, 46.6048918], [11.4818216, 46.6048308], [11.4818694, 46.6046808], [11.4816956, 46.6047893], [11.4807627, 46.604704], [11.4805581, 46.604864], [11.4803075, 46.6048203], [11.4805686, 46.6046022], [11.4810803, 46.6045125], [11.4817542, 46.6035186], [11.4821296, 46.6033411], [11.4824691, 46.6030617], [11.4828167, 46.6033886], [11.4830777, 46.6030473], [11.4831115, 46.6032952], [11.4829801, 46.6034894], [11.4828543, 46.6035248], [11.483095, 46.6037731]], [[11.4873509, 46.6077579], [11.487656, 46.6077004], [11.4877234, 46.6075022], [11.4877182, 46.6073752], [11.4878359, 46.6073636], [11.4878629, 46.6074169], [11.4877374, 46.6077942], [11.4881494, 46.6079343], [11.4881008, 46.6080139], [11.4877622, 46.6081115], [11.4876595, 46.6082489], [11.4871249, 46.6082509], [11.4870316, 46.6084416], [11.4867427, 46.6085012], [11.4866236, 46.6083407], [11.4864483, 46.6083407], [11.4865104, 46.6082154], [11.4862909, 46.6082148], [11.486112, 46.6082961], [11.48589, 46.608505], [11.485809, 46.6084571], [11.4858747, 46.6083129], [11.4863047, 46.6080857], [11.4865689, 46.6080295], [11.4867917, 46.608012], [11.4871176, 46.6079261], [11.4873509, 46.6077579]], [[11.4884924, 46.607949], [11.4885065, 46.6078084], [11.4887253, 46.607852], [11.4885348, 46.6082835], [11.4878855, 46.6084144], [11.4879137, 46.608235], [11.4884924, 46.607949]], [[11.4851059, 46.6093446], [11.4847035, 46.6095251], [11.4850888, 46.6098193], [11.4849222, 46.609942], [11.4847902, 46.6098624], [11.484525, 46.6099459], [11.4844466, 46.6098591], [11.483882, 46.6097261], [11.483958, 46.6094012], [11.4843005, 46.6091821], [11.4844815, 46.6092866], [11.4850767, 46.6091967], [11.4852159, 46.609071], [11.4851059, 46.6093446]], [[11.488266, 46.6101984], [11.4876655, 46.6100728], [11.4873882, 46.6101116], [11.4874793, 46.6098134], [11.4878605, 46.6094853], [11.4877645, 46.6092756], [11.4875865, 46.609108], [11.4877655, 46.609035], [11.4886637, 46.6091516], [11.4887927, 46.6092352], [11.4885953, 46.6094475], [11.4885839, 46.6097294], [11.4888086, 46.6098057], [11.4887875, 46.61013], [11.488266, 46.6101984]], [[11.4884707, 46.6103517], [11.4887011, 46.6103736], [11.4888937, 46.610776], [11.4890272, 46.6106892], [11.4890565, 46.6104147], [11.48981, 46.6099176], [11.490279, 46.609424], [11.4904528, 46.6095387], [11.4903775, 46.6098258], [11.4905027, 46.6102702], [11.4906175, 46.6102883], [11.4905762, 46.6105518], [11.4903654, 46.6106059], [11.4900333, 46.6107369], [11.4895712, 46.6105055], [11.4892662, 46.6105722], [11.4891487, 46.6107657], [11.4891313, 46.6111654], [11.4887932, 46.6112535], [11.4887735, 46.611161], [11.488416, 46.6106589], [11.4883014, 46.6105273], [11.4884707, 46.6103517]], [[11.4968808, 46.6100537], [11.4970107, 46.6101473], [11.4969797, 46.6102237], [11.4969977, 46.6103161], [11.4970655, 46.6104649], [11.4971485, 46.6104463], [11.4972369, 46.6106223], [11.4969444, 46.6106526], [11.496822, 46.6107394], [11.4967588, 46.6106165], [11.4966553, 46.6105751], [11.4965406, 46.6105678], [11.4964704, 46.6105038], [11.4966291, 46.6103172], [11.496716, 46.6103635], [11.4967653, 46.610298], [11.4967856, 46.610218], [11.4967714, 46.6101238], [11.4968808, 46.6100537]], [[11.4871952, 46.610994], [11.4876243, 46.6106649], [11.4879387, 46.6105518], [11.48729, 46.6112648], [11.486781, 46.6111585], [11.4869656, 46.6109803], [11.4871952, 46.610994]], [[11.4840331, 46.6104184], [11.4843884, 46.6105458], [11.4845764, 46.6105383], [11.4845486, 46.6106503], [11.4846889, 46.611182], [11.4847592, 46.6114652], [11.4849967, 46.611522], [11.4852813, 46.6117594], [11.4851527, 46.6118134], [11.4850655, 46.6120106], [11.484366, 46.6121891], [11.4839155, 46.6123935], [11.4838678, 46.6123323], [11.4843083, 46.6120799], [11.4841126, 46.611864], [11.4844186, 46.6115047], [11.4843979, 46.6114606], [11.4842262, 46.6114444], [11.4841207, 46.6113771], [11.4839117, 46.6114147], [11.4836956, 46.6113127], [11.4842095, 46.610931], [11.4842852, 46.610797], [11.4842388, 46.6107912], [11.4841977, 46.6108569], [11.4838425, 46.6109068], [11.4835147, 46.6111667], [11.4834534, 46.6114022], [11.4833222, 46.6113227], [11.4833297, 46.611214], [11.4834378, 46.6112277], [11.4835153, 46.6110936], [11.4836714, 46.6109227], [11.4836144, 46.6108213], [11.4834693, 46.6108704], [11.4834767, 46.6106652], [11.483461, 46.6106233], [11.483409, 46.6106249], [11.4833909, 46.6107655], [11.483336, 46.6107959], [11.4832765, 46.6108675], [11.4832659, 46.6107956], [11.4832724, 46.6107369], [11.4831857, 46.6106176], [11.4831292, 46.6105969], [11.483148, 46.6105168], [11.4830888, 46.6104962], [11.4830197, 46.6105566], [11.4829812, 46.6105093], [11.4831048, 46.6103183], [11.4829687, 46.6103099], [11.4830274, 46.610147], [11.4831692, 46.6100335], [11.4830231, 46.6099273], [11.4830921, 46.6098071], [11.4830972, 46.6097082], [11.4833831, 46.609602], [11.4834823, 46.6096848], [11.4837084, 46.6097216], [11.4837935, 46.6096083], [11.4838541, 46.6096614], [11.4837374, 46.60976], [11.4836488, 46.6100327], [11.4836797, 46.6103086], [11.4838942, 46.6103804], [11.4839803, 46.6103097], [11.4840331, 46.6104184]], [[11.4935697, 46.6112364], [11.4937691, 46.6109857], [11.4941688, 46.6109647], [11.4943612, 46.610744], [11.4943488, 46.6112066], [11.4941732, 46.6111779], [11.4936728, 46.6113073], [11.4935697, 46.6112364]], [[11.4943183, 46.6118634], [11.4943996, 46.6119839], [11.4945543, 46.6119715], [11.4948053, 46.6122273], [11.494525, 46.6123689], [11.4943741, 46.6123376], [11.4941583, 46.6125761], [11.4940982, 46.6124037], [11.4939903, 46.6124901], [11.4938324, 46.6124409], [11.4938667, 46.6123968], [11.4937925, 46.6122879], [11.4938342, 46.6121484], [11.4940314, 46.6118389], [11.4942938, 46.6113043], [11.4943706, 46.6113038], [11.4943183, 46.6118634]], [[11.4891234, 46.6133069], [11.4890697, 46.613282], [11.4889093, 46.6133899], [11.4887934, 46.6133816], [11.4889109, 46.6132086], [11.4885622, 46.6133838], [11.4884566, 46.6137361], [11.4887006, 46.6138537], [11.4883621, 46.6139065], [11.4883468, 46.6137457], [11.4880356, 46.6134564], [11.4881081, 46.6130994], [11.4884345, 46.6127465], [11.4885276, 46.6125072], [11.4881398, 46.6125602], [11.4880006, 46.6122415], [11.4880467, 46.6119946], [11.4878895, 46.6118332], [11.488691, 46.6114262], [11.4888908, 46.6114192], [11.4889466, 46.6116427], [11.4889098, 46.611754], [11.4891164, 46.6120587], [11.4893289, 46.6122566], [11.4895563, 46.612402], [11.4896295, 46.612586], [11.4897399, 46.6126095], [11.4897698, 46.6128438], [11.4895804, 46.6128125], [11.4894283, 46.6128412], [11.4894246, 46.6130065], [11.4892591, 46.6129632], [11.4891606, 46.6130544], [11.4891234, 46.6133069]], [[11.4963386, 46.6119827], [11.4963576, 46.6119274], [11.4964492, 46.6117045], [11.4963179, 46.6116834], [11.4963306, 46.6116274], [11.4967728, 46.6114049], [11.4969372, 46.6115441], [11.4971745, 46.611528], [11.4973453, 46.6118454], [11.4970389, 46.6119741], [11.4969332, 46.612065], [11.4968918, 46.6122791], [11.497087, 46.612615], [11.4977383, 46.6124741], [11.4980808, 46.6127584], [11.4981364, 46.6132588], [11.4983198, 46.6133497], [11.4982779, 46.6134808], [11.4980896, 46.6134991], [11.4980274, 46.6136048], [11.4978348, 46.613653], [11.4977101, 46.6138228], [11.497735, 46.6141185], [11.4976595, 46.6141199], [11.4973251, 46.6143255], [11.4974725, 46.6141091], [11.4973969, 46.6140411], [11.4974219, 46.6139933], [11.4973603, 46.6138978], [11.4972592, 46.6139153], [11.496999, 46.6140857], [11.4965986, 46.6141045], [11.4965118, 46.6142094], [11.4965193, 46.6144025], [11.4963175, 46.6145312], [11.4961964, 46.6144454], [11.4963845, 46.6143376], [11.4963216, 46.6143074], [11.4963929, 46.6138953], [11.4966923, 46.6138658], [11.4967178, 46.6136408], [11.4964823, 46.6135476], [11.4967567, 46.6132994], [11.4967151, 46.6129832], [11.4966221, 46.6129207], [11.4964271, 46.6129442], [11.4965346, 46.6126347], [11.4963725, 46.6125983], [11.4964309, 46.6122937], [11.4963202, 46.6121804], [11.4963386, 46.6119827]], [[11.4920518, 46.6143377], [11.4918487, 46.6145705], [11.4910224, 46.6145757], [11.4910156, 46.6145007], [11.4912326, 46.614324], [11.4908881, 46.6143116], [11.4907189, 46.6146727], [11.4901394, 46.6146748], [11.4897097, 46.6147391], [11.4899669, 46.6143144], [11.4908837, 46.6136409], [11.4906334, 46.6133877], [11.4912938, 46.6124237], [11.4917101, 46.6128031], [11.4915892, 46.6130039], [11.4916543, 46.6130859], [11.4917704, 46.6131734], [11.4921618, 46.612869], [11.4927465, 46.6129013], [11.4930356, 46.6128788], [11.4930662, 46.6130706], [11.493177, 46.6133547], [11.4927969, 46.6131869], [11.4926684, 46.6134148], [11.4923326, 46.6133352], [11.4920309, 46.6136888], [11.4921149, 46.6140293], [11.4917117, 46.6140882], [11.4913995, 46.6142684], [11.4919219, 46.614309], [11.492121, 46.6140935], [11.4920518, 46.6143377]], [[11.4830466, 46.6151377], [11.4828995, 46.6151475], [11.482811, 46.6150321], [11.4824012, 46.6150264], [11.4822016, 46.6151854], [11.4817773, 46.6152285], [11.4812883, 46.6154169], [11.4809721, 46.6153451], [11.4810981, 46.6152173], [11.4817169, 46.6150325], [11.481869, 46.6148147], [11.4820479, 46.6150352], [11.4825278, 46.614956], [11.4826959, 46.6147421], [11.4832064, 46.6148554], [11.4833745, 46.6149516], [11.4830466, 46.6151377]], [[11.4865489, 46.6159015], [11.4863857, 46.6157811], [11.4866456, 46.6155154], [11.4866456, 46.6155735], [11.4869357, 46.615669], [11.4868511, 46.6158143], [11.4865489, 46.6159015]], [[11.4915966, 46.6158062], [11.4916502, 46.6159811], [11.4913598, 46.6160947], [11.4911901, 46.6162512], [11.4909712, 46.6162266], [11.4910516, 46.6159719], [11.4915876, 46.6154871], [11.4918021, 46.6154503], [11.4915966, 46.6158062]], [[11.4932315, 46.6160548], [11.4931377, 46.6161622], [11.4930752, 46.6163125], [11.4920924, 46.616245], [11.4925793, 46.6158093], [11.4927178, 46.6155516], [11.493102, 46.6156804], [11.4933878, 46.6156467], [11.4932181, 46.6159566], [11.4932315, 46.6160548]], [[11.4938331, 46.6167277], [11.4938287, 46.6169017], [11.4940172, 46.6168449], [11.4940225, 46.6166783], [11.493905, 46.6166779], [11.4940015, 46.6165453], [11.494442, 46.6164585], [11.4945214, 46.6165063], [11.4949159, 46.6163703], [11.4949478, 46.6164122], [11.4952109, 46.6163217], [11.4953666, 46.616309], [11.4954481, 46.6161387], [11.495629, 46.6161138], [11.495771, 46.6158623], [11.4958564, 46.6158642], [11.4958095, 46.6160889], [11.4959892, 46.6160363], [11.4960963, 46.6160568], [11.4962975, 46.6161632], [11.4960258, 46.616242], [11.4958661, 46.6164696], [11.4955037, 46.6163933], [11.4951212, 46.6165347], [11.4950983, 46.616654], [11.495554, 46.6166282], [11.4953616, 46.6169552], [11.4951236, 46.6172988], [11.495113, 46.6174664], [11.4949307, 46.6174676], [11.4948244, 46.6172745], [11.4944979, 46.6171112], [11.4944099, 46.617174], [11.4940151, 46.6171884], [11.4937295, 46.6174099], [11.4935778, 46.6171148], [11.4936739, 46.6169935], [11.4935237, 46.6168468], [11.4938331, 46.6167277]], [[11.4905184, 46.6172725], [11.4904145, 46.6173605], [11.4901783, 46.6174119], [11.4900531, 46.6175163], [11.4898941, 46.6174843], [11.4894931, 46.6176962], [11.4893718, 46.6177975], [11.489245, 46.6177056], [11.4890824, 46.6176997], [11.4891408, 46.6174694], [11.4898827, 46.6170562], [11.490008, 46.6168994], [11.4902718, 46.6167409], [11.4904575, 46.6167178], [11.4907405, 46.6165729], [11.4908588, 46.616725], [11.49143, 46.6165725], [11.491197, 46.6167173], [11.4911604, 46.6168307], [11.491171, 46.6170333], [11.4909708, 46.6171511], [11.4908509, 46.6171449], [11.4907626, 46.6172195], [11.4905184, 46.6172725]], [[11.4925761, 46.6196127], [11.4924332, 46.6194715], [11.4926833, 46.6191647], [11.4932015, 46.6189806], [11.4932283, 46.6192629], [11.49313, 46.6195697], [11.4925761, 46.6196127]], [[11.4896547, 46.6196433], [11.4897977, 46.6198888], [11.4893778, 46.6200115], [11.4891634, 46.6197967], [11.4896547, 46.6196433]], [[11.4871085, 46.6208031], [11.4865904, 46.6207908], [11.4864028, 46.6202999], [11.4871979, 46.619852], [11.4874212, 46.6200238], [11.4871085, 46.6208031]], [[11.489976, 46.6213888], [11.4900233, 46.6212183], [11.4901711, 46.6212792], [11.490443, 46.6214172], [11.4909927, 46.6213564], [11.4908863, 46.621945], [11.4906676, 46.6218354], [11.4903129, 46.6220831], [11.4899937, 46.6216405], [11.489976, 46.6213888]], [[11.4862343, 46.6234349], [11.4859565, 46.6233659], [11.4854127, 46.6235324], [11.4849457, 46.6231142], [11.4854895, 46.622688], [11.4863762, 46.622144], [11.4872037, 46.6222454], [11.4875229, 46.6222617], [11.4879249, 46.6225865], [11.4882204, 46.6228463], [11.4874874, 46.6230412], [11.4877475, 46.623167], [11.488185, 46.6232157], [11.488114, 46.6234349], [11.4874283, 46.6233781], [11.4872037, 46.6232482], [11.4863407, 46.6236095], [11.4862343, 46.6234349]], [[11.4957401, 46.6248011], [11.4956439, 46.6247479], [11.4956419, 46.6246683], [11.495424, 46.6243733], [11.4955243, 46.6241648], [11.4959945, 46.6239949], [11.4962156, 46.6241847], [11.4964054, 46.6244074], [11.496407, 46.6245234], [11.4957401, 46.6248011]], [[11.4937836, 46.6249095], [11.4939245, 46.6247748], [11.4941759, 46.6248042], [11.4941697, 46.6250947], [11.4939, 46.6251494], [11.4937836, 46.6249095]], [[11.4853805, 46.6247932], [11.485916, 46.6252858], [11.4858553, 46.6257368], [11.484643, 46.6254939], [11.4853805, 46.6247932]], [[11.4968988, 46.625387], [11.4967729, 46.6256366], [11.4965686, 46.6256203], [11.4965905, 46.6255089], [11.4963508, 46.6254508], [11.4961558, 46.6252336], [11.4961547, 46.6250674], [11.496556, 46.62499], [11.4968957, 46.6249975], [11.4969377, 46.625222], [11.4968657, 46.6252363], [11.4968988, 46.625387]], [[11.4954938, 46.6258525], [11.4956041, 46.6257767], [11.4954325, 46.6256672], [11.4947337, 46.6259325], [11.4950708, 46.6255494], [11.4952976, 46.6254483], [11.4956716, 46.6250905], [11.495929, 46.6251368], [11.4960148, 46.6252084], [11.4959842, 46.625722], [11.4961619, 46.6261429], [11.4960026, 46.6262903], [11.4952241, 46.626265], [11.4948072, 46.6264334], [11.4951383, 46.6259788], [11.4954938, 46.6258525]], [[11.4831392, 46.6293483], [11.4824649, 46.6291867], [11.4826462, 46.6287856], [11.4819043, 46.6287964], [11.4817279, 46.629001], [11.4814316, 46.6288668], [11.4818914, 46.6282431], [11.4833399, 46.6282984], [11.4834764, 46.6287614], [11.4839377, 46.6288036], [11.4838457, 46.6289536], [11.483398, 46.628966], [11.4833823, 46.6290575], [11.4834999, 46.629219], [11.4841977, 46.6293536], [11.4846132, 46.630032], [11.4834738, 46.6297638], [11.4820651, 46.6294559], [11.4818847, 46.6291975], [11.482951, 46.6294559], [11.4831392, 46.6293483]], [[11.48457, 46.6338355], [11.4842596, 46.6338651], [11.4841188, 46.6340427], [11.4838659, 46.6341059], [11.4837509, 46.6341868], [11.4836733, 46.6343131], [11.4836992, 46.6345006], [11.4838486, 46.6347097], [11.4836302, 46.6348045], [11.483452, 46.6347472], [11.4832796, 46.6345913], [11.4833256, 46.6344729], [11.4831963, 46.6343901], [11.4828025, 46.6343743], [11.4829319, 46.6342953], [11.4831043, 46.6342381], [11.4832336, 46.6341335], [11.4831531, 46.6339204], [11.4833198, 46.6338257], [11.483429, 46.6337448], [11.4836532, 46.6335632], [11.4838918, 46.6335731], [11.4836963, 46.633877], [11.4837509, 46.6339559], [11.4838228, 46.6338237], [11.4840153, 46.6336994], [11.4841993, 46.6337763], [11.4843803, 46.6337369], [11.484524, 46.6336204], [11.4844723, 46.6335691], [11.4842768, 46.6335677], [11.4840383, 46.6335277], [11.4837422, 46.6332638], [11.4839032, 46.6329006], [11.4834548, 46.632948], [11.4825467, 46.6328454], [11.4818914, 46.6326875], [11.4825007, 46.6324428], [11.4833629, 46.632577], [11.4839721, 46.6323954], [11.4842365, 46.6320797], [11.4847883, 46.6319218], [11.4852137, 46.6317324], [11.4837997, 46.6314482], [11.4822133, 46.6308324], [11.4817649, 46.6307219], [11.4820753, 46.6300825], [11.4830755, 46.630493], [11.4832364, 46.6307693], [11.4840641, 46.6309429], [11.4845814, 46.6307535], [11.485846, 46.6311877], [11.4865932, 46.6310061], [11.487145, 46.6306272], [11.4879152, 46.6309114], [11.4880416, 46.6314245], [11.4874439, 46.6318271], [11.487122, 46.6322928], [11.4869266, 46.6328375], [11.4869036, 46.633248], [11.4878577, 46.6331769], [11.4875358, 46.6335479], [11.4866277, 46.6337532], [11.4860759, 46.6337374], [11.4860529, 46.6342584], [11.4862023, 46.6345504], [11.4866507, 46.6347951], [11.4865932, 46.6352293], [11.4858, 46.6350714], [11.4854896, 46.6349846], [11.4851907, 46.6354976], [11.4848458, 46.6352924], [11.4852597, 46.6348425], [11.4856965, 46.6346373], [11.4856965, 46.6338992], [11.4851505, 46.6335203], [11.4847596, 46.6336545], [11.4846418, 46.6339441], [11.4845643, 46.6340131], [11.4845786, 46.6341177], [11.4846045, 46.6342282], [11.4844953, 46.6343545], [11.4841935, 46.6343269], [11.4842625, 46.6341236], [11.4844838, 46.6339677], [11.48457, 46.6338355]], [[11.4816386, 46.6334448], [11.4814317, 46.6334132], [11.4815926, 46.6331784], [11.481742, 46.6331389], [11.4820093, 46.6333007], [11.4825151, 46.6333935], [11.4826243, 46.6335079], [11.4828744, 46.6336263], [11.4827077, 46.6337921], [11.4823427, 46.6338336], [11.4821703, 46.6339026], [11.4819949, 46.6338888], [11.4822191, 46.6337171], [11.4822134, 46.633577], [11.4816386, 46.6334448]], [[11.4957279, 46.6367638], [11.4960109, 46.6365773], [11.4962375, 46.6364945], [11.4967217, 46.6364558], [11.497244, 46.6363554], [11.4980663, 46.6362938], [11.4985861, 46.6361302], [11.4985653, 46.6359259], [11.4985115, 46.6357117], [11.498689, 46.635612], [11.4991354, 46.6355861], [11.4992322, 46.6356563], [11.49913, 46.6358742], [11.499263, 46.6359458], [11.4993201, 46.6359896], [11.4989561, 46.6361197], [11.4981228, 46.6363659], [11.4979163, 46.6363923], [11.4975706, 46.6364143], [11.4972588, 46.6364323], [11.4969637, 46.6364931], [11.4967947, 46.6365294], [11.4966392, 46.6365419], [11.4963656, 46.6365511], [11.496214, 46.636569], [11.4960954, 46.6366201], [11.4958694, 46.6367799], [11.4957876, 46.6368255], [11.4956877, 46.636849], [11.495575, 46.6368494], [11.4955589, 46.6367841], [11.4957279, 46.6367638]], [[11.4869803, 46.6379857], [11.4872673, 46.6381128], [11.4874379, 46.6383696], [11.4864677, 46.6381773], [11.4850811, 46.6377626], [11.4846883, 46.6379749], [11.4837617, 46.6379638], [11.4845583, 46.6370484], [11.4846883, 46.636401], [11.4847695, 46.6361746], [11.4845378, 46.6360909], [11.4845216, 46.6359207], [11.4838347, 46.6357448], [11.4834445, 46.6358593], [11.4830218, 46.6358118], [11.4829243, 46.6357839], [11.4825016, 46.6357448], [11.4823593, 46.635689], [11.4823756, 46.6355076], [11.4827129, 46.6354825], [11.4828633, 46.6352899], [11.4826641, 46.6351002], [11.482843, 46.6349411], [11.4829405, 46.6348658], [11.4830096, 46.6348853], [11.4832616, 46.6350583], [11.4831519, 46.6353234], [11.482908, 46.6355523], [11.4832454, 46.6356667], [11.4833876, 46.6356555], [11.4833917, 46.6354602], [11.4835217, 46.6354379], [11.4839607, 46.6353653], [11.4842371, 46.6354797], [11.4843793, 46.6355969], [11.4846841, 46.6356918], [11.4850459, 46.6356081], [11.4851312, 46.6357281], [11.4866392, 46.6360773], [11.4871757, 46.6368475], [11.4869806, 46.6374949], [11.4869803, 46.6379857]], [[11.4946979, 46.6374357], [11.4944165, 46.637561], [11.4941274, 46.6375662], [11.4938384, 46.6374774], [11.4937395, 46.6372842], [11.4938536, 46.6368925], [11.4946675, 46.6366418], [11.4950249, 46.6370335], [11.4946979, 46.6374357]], [[11.4955117, 46.6374252], [11.4960138, 46.6379214], [11.4955802, 46.6382034], [11.4952075, 46.6382138], [11.495101, 46.6381146], [11.4952151, 46.637467], [11.4955117, 46.6374252]], [[11.4916055, 46.6383681], [11.4910161, 46.638848], [11.4906829, 46.6392806], [11.490313, 46.6394341], [11.490122, 46.6396406], [11.4897033, 46.6398666], [11.4896017, 46.6396238], [11.489179, 46.6392722], [11.4892116, 46.6389904], [11.4897643, 46.6387532], [11.4899269, 46.6387336], [11.4900691, 46.6388341], [11.4903211, 46.6387727], [11.4905528, 46.6386694], [11.4910161, 46.638329], [11.4914551, 46.6381671], [11.4916806, 46.6382738], [11.4916055, 46.6383681]], [[11.4819327, 46.6401404], [11.4823229, 46.639839], [11.482648, 46.6393367], [11.4830138, 46.6392251], [11.4831845, 46.6389014], [11.4832821, 46.6388679], [11.4836291, 46.6392233], [11.4849446, 46.6388068], [11.4851724, 46.6390747], [11.4848766, 46.6391434], [11.4845277, 46.6393863], [11.4842326, 46.6394148], [11.4841518, 46.6395935], [11.4843882, 46.6398765], [11.4848096, 46.6400494], [11.4847417, 46.6402238], [11.484518, 46.640057], [11.4843144, 46.6404641], [11.4841095, 46.6401409], [11.4839514, 46.6403895], [11.4836484, 46.6402923], [11.4834601, 46.6403476], [11.483368, 46.6407546], [11.4830626, 46.6408101], [11.4823798, 46.6406538], [11.4820058, 46.6405422], [11.4819327, 46.6401404]], [[11.4881555, 46.6405392], [11.4882503, 46.6404129], [11.4884112, 46.6403024], [11.4887015, 46.6401406], [11.4889286, 46.6402314], [11.4889458, 46.6403478], [11.4887762, 46.640549], [11.4884831, 46.6406023], [11.4881555, 46.6405392]], [[11.4898798, 46.6406356], [11.4895867, 46.6407067], [11.4899201, 46.6404225], [11.4899833, 46.6403239], [11.4897821, 46.6403041], [11.4898626, 46.640166], [11.4900465, 46.6400713], [11.4901615, 46.640095], [11.4902477, 46.6404344], [11.4902017, 46.6405922], [11.4898798, 46.6406356]], [[11.4877617, 46.6404839], [11.4878623, 46.6405806], [11.4879256, 46.6407365], [11.4876353, 46.6408174], [11.4873048, 46.6407523], [11.4875548, 46.640482], [11.4876267, 46.640407], [11.4877617, 46.6404839]], [[11.4831922, 46.6411074], [11.4835859, 46.6409239], [11.4839509, 46.6408056], [11.4846866, 46.6405688], [11.4851177, 46.6405411], [11.4857011, 46.6405609], [11.4859224, 46.6404721], [11.4860086, 46.6407582], [11.4860719, 46.6409831], [11.4856925, 46.640991], [11.4852413, 46.6411114], [11.4847498, 46.6410048], [11.4844481, 46.6410443], [11.4840055, 46.6411528], [11.4832698, 46.6412909], [11.4831922, 46.6411074]], [[11.5039298, 46.5931352], [11.5040288, 46.5932404], [11.50408, 46.5931831], [11.5041498, 46.5932421], [11.5041176, 46.5933269], [11.5042946, 46.5934006], [11.5042571, 46.5940273], [11.5040479, 46.5941305], [11.5035704, 46.5941968], [11.5036616, 46.5940715], [11.5036133, 46.5940457], [11.5035436, 46.5940826], [11.5035221, 46.5939646], [11.5036402, 46.5939499], [11.5036479, 46.5938339], [11.5035031, 46.5936644], [11.5034739, 46.5935923], [11.5036909, 46.5932884], [11.5039298, 46.5931352]], [[11.5036241, 46.5945802], [11.5034739, 46.5947461], [11.5034417, 46.5947313], [11.5034387, 46.5946449], [11.5035543, 46.5945138], [11.503664, 46.5942615], [11.5037314, 46.5943922], [11.5036241, 46.5945802]], [[11.4989034, 46.5947581], [11.4988071, 46.5946208], [11.4986084, 46.594548], [11.4985976, 46.5943563], [11.499177, 46.5945258], [11.4993111, 46.5946512], [11.4992792, 46.5948124], [11.4991665, 46.5948677], [11.4989034, 46.5947581]], [[11.5038223, 46.5993202], [11.5038548, 46.5995528], [11.5033774, 46.5993833], [11.5031252, 46.5993501], [11.502975, 46.5991252], [11.5030233, 46.5990626], [11.5029911, 46.5988746], [11.502621, 46.5988599], [11.5023528, 46.5986092], [11.5024225, 46.5984986], [11.5026585, 46.598506], [11.5028409, 46.5986276], [11.5032218, 46.5986498], [11.5035327, 46.5987305], [11.5040432, 46.5987437], [11.5041514, 46.5990301], [11.5039943, 46.5992211], [11.5035166, 46.5990806], [11.5035866, 46.5992321], [11.5038223, 46.5993202]], [[11.5032801, 46.6002272], [11.5033944, 46.6002064], [11.5037964, 46.6002694], [11.5040797, 46.6002493], [11.5040992, 46.6003388], [11.5041676, 46.6003768], [11.5039332, 46.6004037], [11.5038281, 46.6004404], [11.5036952, 46.6004611], [11.5036078, 46.6003745], [11.5030423, 46.6004372], [11.5029479, 46.6003038], [11.5030994, 46.6002917], [11.5031119, 46.6001864], [11.5031468, 46.6001294], [11.5032442, 46.600309], [11.5032876, 46.6002948], [11.5032801, 46.6002272]], [[11.5050457, 46.6006512], [11.5048043, 46.6007876], [11.5048416, 46.6008425], [11.504745, 46.6008867], [11.5048848, 46.6009976], [11.5048148, 46.6010931], [11.5046648, 46.6010456], [11.5046487, 46.6010972], [11.5044824, 46.6010566], [11.5044607, 46.6009788], [11.5046755, 46.6006733], [11.5045307, 46.6005443], [11.5047557, 46.6004923], [11.5048523, 46.600426], [11.5049867, 46.6003563], [11.5050562, 46.6003744], [11.5051047, 46.6003121], [11.5051366, 46.6003228], [11.5050776, 46.6004518], [11.5050457, 46.6006512]], [[11.5026446, 46.6006651], [11.5026761, 46.6006555], [11.502733, 46.6006748], [11.502756, 46.60067], [11.5028123, 46.6006805], [11.5028459, 46.6007024], [11.5028471, 46.6007213], [11.5028361, 46.6007411], [11.5027748, 46.6007586], [11.5026386, 46.6007213], [11.5026262, 46.6006895], [11.5026446, 46.6006651]], [[11.5039224, 46.6008772], [11.5038361, 46.6009896], [11.5037664, 46.6009589], [11.503716, 46.6008342], [11.5035498, 46.6007227], [11.503425, 46.6006813], [11.503332, 46.6005938], [11.5034437, 46.6005789], [11.503508, 46.6005561], [11.5036884, 46.6006235], [11.5038302, 46.6007008], [11.5039224, 46.6008772]], [[11.5016019, 46.6014121], [11.5017104, 46.6013494], [11.501744, 46.6012832], [11.5018647, 46.601121], [11.5019935, 46.6011855], [11.5020042, 46.6012555], [11.5019908, 46.6013715], [11.5019157, 46.6014434], [11.50179, 46.6015455], [11.5015292, 46.6015997], [11.5013763, 46.6015626], [11.5013937, 46.6014999], [11.5015328, 46.601437], [11.5016019, 46.6014121]], [[11.5019716, 46.6018818], [11.5020467, 46.6019629], [11.5023632, 46.602103], [11.5023635, 46.6022324], [11.5023849, 46.6022729], [11.5023042, 46.6023684], [11.5022025, 46.6023061], [11.5021325, 46.6023204], [11.5021167, 46.6023466], [11.5020621, 46.6023361], [11.5020309, 46.6022655], [11.5018995, 46.6022175], [11.5017821, 46.6021446], [11.5019075, 46.6021034], [11.5019129, 46.6020554], [11.5018321, 46.6020219], [11.5018431, 46.6019486], [11.5019716, 46.6018818]], [[11.5011057, 46.6026635], [11.5010547, 46.6025824], [11.5011083, 46.6025032], [11.50117, 46.6025087], [11.5011808, 46.6025345], [11.5012693, 46.6025511], [11.5013578, 46.6026819], [11.5011057, 46.6026635]], [[11.4993591, 46.6025969], [11.4993699, 46.6027222], [11.4993111, 46.602752], [11.4991824, 46.6026046], [11.4990748, 46.602549], [11.4992679, 46.6025047], [11.4993591, 46.6025969]], [[11.5046216, 46.6028033], [11.5047077, 46.6028847], [11.5048094, 46.6028585], [11.5049328, 46.6029654], [11.5050454, 46.6032087], [11.5053512, 46.6032161], [11.5053515, 46.6032606], [11.5049438, 46.6032606], [11.5048901, 46.6033159], [11.5048848, 46.6031759], [11.5047236, 46.6031165], [11.5047453, 46.6030506], [11.5043269, 46.602881], [11.5043805, 46.6027225], [11.5045412, 46.6026595], [11.5046216, 46.6028033]], [[11.5023438, 46.6024848], [11.5028, 46.602339], [11.5030595, 46.6024241], [11.5032473, 46.6025163], [11.503262, 46.6026938], [11.5035198, 46.6027301], [11.503991, 46.6031313], [11.5040627, 46.6032828], [11.5043309, 46.603578], [11.503526, 46.6038619], [11.5031991, 46.6041137], [11.5027831, 46.6044181], [11.5027379, 46.6045301], [11.5027515, 46.6048747], [11.5027701, 46.6050038], [11.5026738, 46.605037], [11.5026514, 46.6052323], [11.5026981, 46.6053374], [11.5025134, 46.6053929], [11.5021586, 46.6053814], [11.5008712, 46.6059472], [11.5008171, 46.6058757], [11.5006947, 46.6055508], [11.5007359, 46.6054351], [11.5007363, 46.6052585], [11.5008445, 46.6050714], [11.500448, 46.6041726], [11.5005203, 46.6040951], [11.5007834, 46.6039919], [11.5018824, 46.6042927], [11.5023438, 46.6042851], [11.50237, 46.6042562], [11.5019607, 46.6039487], [11.5017671, 46.6036475], [11.5017593, 46.6035406], [11.5018981, 46.6034967], [11.5019764, 46.6034299], [11.5020655, 46.6034223], [11.5021215, 46.6036088], [11.5021985, 46.6036257], [11.5023524, 46.6033433], [11.5023632, 46.6031866], [11.5024996, 46.6033286], [11.5029282, 46.6033768], [11.5028235, 46.6032689], [11.5027702, 46.603126], [11.5028083, 46.6029747], [11.502969, 46.6028808], [11.5028431, 46.6027757], [11.5026739, 46.6027443], [11.5026449, 46.6027821], [11.5026465, 46.6030069], [11.5025504, 46.602992], [11.5022637, 46.6025546], [11.5021535, 46.6024055], [11.5022129, 46.6023979], [11.5023438, 46.6024848]], [[11.5002714, 46.6042558], [11.5003679, 46.6042779], [11.5003623, 46.6044102], [11.5003733, 46.6044879], [11.5004913, 46.6045211], [11.5006359, 46.6048119], [11.5003623, 46.6046387], [11.5000782, 46.6045653], [11.499971, 46.6045469], [11.5000619, 46.6044802], [11.5001263, 46.6044544], [11.5002818, 46.604436], [11.5002714, 46.6042558]], [[11.5048366, 46.6054295], [11.5048661, 46.605306], [11.5050646, 46.6052305], [11.5051692, 46.6052747], [11.5051531, 46.6054442], [11.5050753, 46.6054645], [11.5049918, 46.6055914], [11.5048339, 46.605553], [11.5048715, 46.6054903], [11.5048366, 46.6054295]], [[11.5004001, 46.6052656], [11.5004698, 46.6057299], [11.5007681, 46.6058835], [11.5008075, 46.6060723], [11.5008022, 46.6061829], [11.5003733, 46.6060543], [11.5002496, 46.6064003], [11.5001533, 46.6064044], [11.5002338, 46.6061759], [11.5001051, 46.6060064], [11.5001158, 46.6059179], [11.4998473, 46.6054753], [11.4995525, 46.6055272], [11.4994291, 46.6054646], [11.4996813, 46.6054683], [11.4997883, 46.6053537], [11.4996491, 46.6051034], [11.4994935, 46.6050113], [11.4992787, 46.6050515], [11.4991663, 46.6049597], [11.4993165, 46.6047349], [11.4996005, 46.6046497], [11.4997564, 46.6046906], [11.4996652, 46.6048196], [11.4999707, 46.6053426], [11.5002016, 46.6053061], [11.500148, 46.6051808], [11.5002392, 46.6050445], [11.5004001, 46.6052656]], [[11.4998368, 46.6059732], [11.4997081, 46.6061759], [11.4997081, 46.6064081], [11.4994289, 46.6062603], [11.4991556, 46.6064302], [11.4990054, 46.6068245], [11.4989732, 46.6066918], [11.4989246, 46.6068536], [11.4988176, 46.6069166], [11.4988656, 46.6067799], [11.4988122, 46.606655], [11.4988498, 46.6064965], [11.498941, 46.6064339], [11.4990215, 46.6065186], [11.499118, 46.606268], [11.4990856, 46.6061608], [11.4991073, 46.6060469], [11.4992304, 46.6059986], [11.4991714, 46.6061939], [11.4992468, 46.6062643], [11.4994021, 46.6061755], [11.4993755, 46.6061206], [11.4992411, 46.6061792], [11.499354, 46.60601], [11.4995364, 46.6058479], [11.4998583, 46.6057852], [11.500019, 46.6059323], [11.4998368, 46.6059732]], [[11.503636, 46.6076038], [11.5035219, 46.6074656], [11.5033226, 46.6073841], [11.5035544, 46.6071892], [11.5036844, 46.607194], [11.5039066, 46.6073228], [11.5040898, 46.6072586], [11.5041399, 46.6073241], [11.5040849, 46.6074464], [11.5039669, 46.6075094], [11.5038969, 46.6077084], [11.503636, 46.6076038]], [[11.499917, 46.6074937], [11.500165, 46.6074882], [11.5002567, 46.607566], [11.5000032, 46.607603], [11.499917, 46.6074937]], [[11.5031145, 46.6073624], [11.5031571, 46.6076091], [11.5030716, 46.6075172], [11.5029911, 46.6075356], [11.502905, 46.6076386], [11.5027122, 46.6078009], [11.5029093, 46.6079404], [11.5032584, 46.6079234], [11.5034605, 46.6079771], [11.5037362, 46.6081949], [11.5039339, 46.6082502], [11.5043529, 46.6082833], [11.5044765, 46.6085231], [11.5045232, 46.608847], [11.5047743, 46.6088573], [11.5049532, 46.6086358], [11.5051286, 46.6085082], [11.5049506, 46.6083931], [11.5051828, 46.6082424], [11.5053284, 46.6080952], [11.5054872, 46.6079929], [11.5052691, 46.60776], [11.5059402, 46.6075612], [11.506198, 46.6075575], [11.5063384, 46.6077409], [11.5064198, 46.6079452], [11.5063391, 46.6081245], [11.5061481, 46.6083716], [11.5062997, 46.6086943], [11.5062069, 46.608829], [11.506033, 46.6088118], [11.5059627, 46.6087558], [11.5060217, 46.6085859], [11.50586, 46.608674], [11.5056146, 46.6089738], [11.5055555, 46.6091999], [11.5055344, 46.6094481], [11.5055454, 46.6095427], [11.5053156, 46.6096542], [11.5054143, 46.6104343], [11.5055316, 46.6104891], [11.5055555, 46.6106052], [11.5053754, 46.6106462], [11.5048674, 46.6115776], [11.5041365, 46.6113816], [11.5042671, 46.6112583], [11.5042397, 46.6111211], [11.504108, 46.6109064], [11.5044647, 46.6106719], [11.5041628, 46.6104872], [11.5038189, 46.6106344], [11.5035963, 46.6108769], [11.5032493, 46.6105888], [11.5032493, 46.6104342], [11.5026735, 46.6101801], [11.5025782, 46.6100649], [11.5022809, 46.6100691], [11.5019681, 46.6103425], [11.5017973, 46.6102072], [11.5013658, 46.6101373], [11.5013961, 46.6100605], [11.5015696, 46.6099715], [11.5019475, 46.610064], [11.5021178, 46.6096172], [11.5021128, 46.6094263], [11.50163, 46.6092081], [11.5010735, 46.6091551], [11.5010683, 46.6089832], [11.5016101, 46.6087687], [11.5016126, 46.6083629], [11.5018002, 46.6082376], [11.5017814, 46.6081031], [11.5015628, 46.6079428], [11.501502, 46.6078682], [11.5014967, 46.6077853], [11.5015196, 46.6077181], [11.5015813, 46.6076662], [11.5016759, 46.6076454], [11.5018058, 46.6076559], [11.5019191, 46.6076969], [11.5020056, 46.6077683], [11.5020512, 46.607842], [11.5020501, 46.6079583], [11.502549, 46.6082743], [11.5027041, 46.6083739], [11.5027874, 46.6086281], [11.502885, 46.6087857], [11.5029981, 46.6088325], [11.5031039, 46.608826], [11.5028887, 46.6083334], [11.5026953, 46.6080368], [11.5026593, 46.6078829], [11.5025188, 46.6078155], [11.5027336, 46.6076056], [11.5028463, 46.6073882], [11.5031145, 46.6073624]], [[11.4990215, 46.6073034], [11.4990912, 46.607624], [11.4991717, 46.6080147], [11.4989303, 46.6083758], [11.4987422, 46.6084678], [11.4987318, 46.6083906], [11.4986298, 46.6084053], [11.4985706, 46.6085194], [11.4983512, 46.6085085], [11.498356, 46.6083941], [11.4982492, 46.608409], [11.4981146, 46.6085046], [11.4981951, 46.6083757], [11.4984853, 46.6082137], [11.498651, 46.608055], [11.4986296, 46.6079813], [11.4987157, 46.6078894], [11.4987854, 46.6077346], [11.4987801, 46.6076793], [11.4988444, 46.6075761], [11.4989675, 46.6075244], [11.4988978, 46.607447], [11.4986835, 46.6074103], [11.4987693, 46.6071818], [11.4989785, 46.6072113], [11.4990215, 46.6073034]], [[11.500103, 46.6080809], [11.5006977, 46.6079575], [11.5010359, 46.6078661], [11.501249, 46.6081976], [11.5010057, 46.6082317], [11.5006972, 46.6084288], [11.5004077, 46.6085051], [11.5000647, 46.6085673], [11.4992591, 46.6088089], [11.499343, 46.6086059], [11.4994532, 46.6084866], [11.4997687, 46.6082143], [11.500103, 46.6080809]], [[11.499032, 46.6089305], [11.4991473, 46.6094215], [11.4991088, 46.6097436], [11.4987322, 46.6096539], [11.4984478, 46.6092315], [11.4984709, 46.6090203], [11.4988782, 46.6088619], [11.499032, 46.6089305]], [[11.5009455, 46.6094156], [11.5006577, 46.609415], [11.5006147, 46.6093856], [11.5006577, 46.6093155], [11.5008561, 46.6092713], [11.5010474, 46.6093382], [11.5009455, 46.6094156]], [[11.5011302, 46.6117341], [11.5008677, 46.6117516], [11.5005537, 46.6114912], [11.5007152, 46.6113751], [11.5009842, 46.6113909], [11.5011379, 46.6114859], [11.5011302, 46.6117341]], [[11.5040694, 46.6121051], [11.504048, 46.6119762], [11.5042143, 46.6117956], [11.5045664, 46.6119288], [11.5045522, 46.6121051], [11.5044878, 46.6123336], [11.5042411, 46.6123705], [11.504166, 46.6125068], [11.5040622, 46.6124742], [11.5042464, 46.6122157], [11.5040694, 46.6121051]], [[11.5011673, 46.6124663], [11.5007488, 46.6125842], [11.5006577, 46.6124921], [11.5006611, 46.612441], [11.5009312, 46.6123373], [11.5011708, 46.6123894], [11.5011673, 46.6124663]], [[11.5013389, 46.6129932], [11.5012853, 46.6130448], [11.5010206, 46.6129385], [11.5012512, 46.6126732], [11.5013926, 46.6126468], [11.5013014, 46.6128716], [11.5013389, 46.6129932]], [[11.5040761, 46.6254567], [11.5039468, 46.6253664], [11.5038275, 46.6251045], [11.5037556, 46.6247994], [11.5039369, 46.6246685], [11.5042668, 46.624926], [11.5043671, 46.6252045], [11.5042794, 46.6254806], [11.504118, 46.6255729], [11.5040761, 46.6254567]], [[11.5024948, 46.6250983], [11.5025576, 46.6251317], [11.5026359, 46.6251039], [11.5029717, 46.6252636], [11.5030523, 46.6252121], [11.5030708, 46.6251116], [11.5033059, 46.6250497], [11.5035538, 46.6252172], [11.5038214, 46.6254486], [11.5037949, 46.625742], [11.5036728, 46.6257094], [11.5035328, 46.6257625], [11.5035944, 46.6260633], [11.5033777, 46.6260424], [11.5032798, 46.6260891], [11.5030934, 46.6260238], [11.5031265, 46.6259487], [11.5029407, 46.6258624], [11.5028383, 46.6259829], [11.5025506, 46.6259512], [11.5025388, 46.6260069], [11.5029449, 46.6260541], [11.503176, 46.6261393], [11.5032928, 46.6261241], [11.5034677, 46.6262174], [11.5032634, 46.6262816], [11.502979, 46.6264701], [11.5025002, 46.6265218], [11.5022253, 46.6264225], [11.5019136, 46.6264555], [11.5017615, 46.6263295], [11.5017848, 46.6261971], [11.5017053, 46.6261381], [11.5016124, 46.6258748], [11.5016641, 46.6258109], [11.5018504, 46.6257254], [11.5020856, 46.6257903], [11.5021185, 46.6257469], [11.5019621, 46.6256803], [11.5016849, 46.625663], [11.5014867, 46.6255403], [11.5015072, 46.6254119], [11.5016594, 46.6251774], [11.5018059, 46.6251276], [11.5018578, 46.6250209], [11.5018074, 46.6248321], [11.501907, 46.6246957], [11.5021538, 46.6246261], [11.5024657, 46.6246386], [11.5025147, 46.6247167], [11.5024492, 46.624781], [11.5025373, 46.625022], [11.5024948, 46.6250983]], [[11.4987857, 46.6257665], [11.4989923, 46.625518], [11.4992759, 46.6255115], [11.4991687, 46.6257555], [11.4992463, 46.6257873], [11.49947, 46.6256987], [11.4994949, 46.625955], [11.4996808, 46.6260511], [11.4995582, 46.6261331], [11.4992004, 46.6260594], [11.4990497, 46.6261307], [11.4988807, 46.6260312], [11.4987036, 46.6260445], [11.4985891, 46.6261268], [11.4983043, 46.6259047], [11.4987857, 46.6257665]], [[11.5044202, 46.6259095], [11.504667, 46.625793], [11.5049724, 46.6258921], [11.5050424, 46.6260293], [11.5050654, 46.6261918], [11.5049206, 46.6262881], [11.5044489, 46.626517], [11.5042301, 46.6264278], [11.5040654, 46.6267435], [11.5039471, 46.6267384], [11.503903, 46.6263699], [11.5039117, 46.6262415], [11.5042164, 46.6260331], [11.5044202, 46.6259095]], [[11.4989611, 46.6268981], [11.4993844, 46.6267198], [11.4994044, 46.6266153], [11.4997122, 46.6265365], [11.4998516, 46.626409], [11.4998194, 46.6267645], [11.500021, 46.6267622], [11.5000185, 46.6268435], [11.5002625, 46.6271173], [11.499956, 46.6271494], [11.4998665, 46.6270817], [11.499896, 46.6270007], [11.4997879, 46.6270223], [11.4996639, 46.6272273], [11.4994995, 46.6270187], [11.4993912, 46.6270279], [11.499386, 46.6272437], [11.4995354, 46.6274556], [11.499658, 46.6276293], [11.4998554, 46.6276683], [11.5001278, 46.627594], [11.5004022, 46.6277537], [11.5007778, 46.6277411], [11.5009556, 46.6275909], [11.5012442, 46.6276054], [11.5015613, 46.6275056], [11.5016653, 46.6275485], [11.5022754, 46.6276145], [11.5030427, 46.6274843], [11.5031267, 46.6273302], [11.5033605, 46.6270619], [11.5031956, 46.6274098], [11.5032709, 46.6274967], [11.5032983, 46.6276775], [11.5031214, 46.6277264], [11.5027393, 46.6276959], [11.5024001, 46.6277769], [11.5021909, 46.6277202], [11.5018021, 46.6278691], [11.5016281, 46.6279884], [11.5014465, 46.6279334], [11.5013089, 46.6280481], [11.5009737, 46.6280725], [11.5008455, 46.6281724], [11.5006896, 46.6280785], [11.5006989, 46.6282274], [11.4997287, 46.6283489], [11.4995562, 46.628169], [11.4996046, 46.6280297], [11.4995114, 46.6281222], [11.499316, 46.6284248], [11.499169, 46.628365], [11.4992008, 46.6281306], [11.4990134, 46.6280708], [11.4987086, 46.6284529], [11.4976106, 46.6282646], [11.4975508, 46.6278097], [11.4977289, 46.6277218], [11.4983826, 46.627915], [11.4988064, 46.6278255], [11.4988897, 46.6276584], [11.4987519, 46.62736], [11.4982302, 46.6272654], [11.4982425, 46.6271711], [11.4980795, 46.62712], [11.4979513, 46.6273656], [11.4978665, 46.6273468], [11.4978759, 46.6270791], [11.4989611, 46.6268981]], [[11.5028901, 46.6341044], [11.5026245, 46.6343591], [11.5021688, 46.6345557], [11.501325, 46.634314], [11.5004117, 46.6341667], [11.4993936, 46.6342012], [11.4987912, 46.6342197], [11.4985546, 46.6343046], [11.4984846, 46.634541], [11.4982426, 46.6347884], [11.4981673, 46.6350285], [11.4977962, 46.6351651], [11.4979737, 46.6347219], [11.4973928, 46.6347367], [11.4970163, 46.6345705], [11.4965377, 46.6343268], [11.4967743, 46.6339242], [11.4973337, 46.6333333], [11.4985492, 46.6334663], [11.4990763, 46.6332262], [11.4997002, 46.6329936], [11.4999476, 46.6329234], [11.500195, 46.6332373], [11.5010394, 46.6331524], [11.5013029, 46.6329419], [11.5016157, 46.6331161], [11.5021487, 46.6327984], [11.5022831, 46.6329584], [11.5023509, 46.6332417], [11.5023067, 46.6334342], [11.5026063, 46.6335964], [11.5029625, 46.6335953], [11.5031352, 46.6336674], [11.503154, 46.6335956], [11.5027082, 46.633301], [11.5026636, 46.6330379], [11.5030231, 46.6330841], [11.5033045, 46.633038], [11.5035461, 46.6327043], [11.5038329, 46.6327116], [11.5039165, 46.6331075], [11.5043916, 46.6331971], [11.5042639, 46.6336882], [11.5041046, 46.6337044], [11.504142, 46.6335367], [11.5036414, 46.6333786], [11.5034543, 46.6335254], [11.5033467, 46.6338651], [11.5031423, 46.6338319], [11.5028901, 46.6341044]], [[11.4984793, 46.6353904], [11.4982749, 46.6355122], [11.4982587, 46.6356637], [11.4980651, 46.6356784], [11.4980006, 46.6354605], [11.4981727, 46.6352426], [11.4983179, 46.635154], [11.4987697, 46.6351799], [11.4984793, 46.6353904]], [[11.5007382, 46.6354093], [11.5005633, 46.6354678], [11.5006075, 46.6355543], [11.5005469, 46.6356313], [11.4999499, 46.6358234], [11.4997866, 46.6358538], [11.4997452, 46.6358176], [11.4996946, 46.6357709], [11.4997323, 46.6357172], [11.500584, 46.6353568], [11.5015913, 46.6352081], [11.5027083, 46.6353176], [11.5026728, 46.6354], [11.5025998, 46.6353881], [11.5024431, 46.6353662], [11.5024174, 46.635398], [11.5022145, 46.6354098], [11.501816, 46.6354031], [11.5017901, 46.6352821], [11.5016654, 46.6352805], [11.5013183, 46.6353085], [11.5010038, 46.6353525], [11.5007382, 46.6354093]], [[11.498687, 46.6370834], [11.4986041, 46.6369424], [11.4983396, 46.6367744], [11.4986831, 46.6365087], [11.4988489, 46.6365629], [11.4990423, 46.6366551], [11.4991331, 46.6368449], [11.4990621, 46.6369939], [11.4990344, 46.6371295], [11.4988883, 46.6373057], [11.4987462, 46.6372379], [11.498687, 46.6370834]], [[11.5001635, 46.6383628], [11.500053, 46.6384604], [11.4998161, 46.638474], [11.4996108, 46.6384089], [11.4998793, 46.6382571], [11.500203, 46.6382219], [11.5001635, 46.6383628]], [[11.504058, 46.6383384], [11.5042511, 46.6382378], [11.5047972, 46.6383979], [11.5044909, 46.6386128], [11.5040447, 46.6385213], [11.504058, 46.6383384]], [[11.4981283, 46.6408929], [11.4978697, 46.6405743], [11.4975502, 46.640402], [11.4974589, 46.6402662], [11.4977784, 46.6400886], [11.4981055, 46.6401252], [11.4983565, 46.6403863], [11.4986531, 46.6404229], [11.4986227, 46.6408511], [11.4982728, 46.6406265], [11.4981283, 46.6408929]], [[11.5009273, 46.6413367], [11.501186, 46.6412166], [11.5013989, 46.6412636], [11.5008513, 46.6416292], [11.5006839, 46.6415404], [11.5009273, 46.6413367]], [[11.5023421, 46.6412114], [11.5026616, 46.6412793], [11.5026616, 46.6418276], [11.5021595, 46.6417754], [11.5015587, 46.6419843], [11.5010871, 46.6418694], [11.5016271, 46.6413524], [11.5023421, 46.6412114]], [[11.5007562, 46.6422903], [11.5010978, 46.6421962], [11.5012403, 46.6421814], [11.5012268, 46.6422866], [11.5010171, 46.6423734], [11.5009364, 46.6424251], [11.5012457, 46.6427556], [11.5010601, 46.6429661], [11.5010597, 46.6431831], [11.5006379, 46.6431913], [11.5003313, 46.6436418], [11.4985672, 46.6433427], [11.4983248, 46.6432153], [11.498223, 46.6431618], [11.4986103, 46.6429476], [11.498863, 46.6428036], [11.4995407, 46.642438], [11.4996429, 46.6423402], [11.4994224, 46.6423162], [11.4991615, 46.6424251], [11.4990109, 46.6425968], [11.498734, 46.6426836], [11.4987259, 46.6424454], [11.4988577, 46.6423937], [11.4986452, 46.6423125], [11.4984865, 46.6421482], [11.4983736, 46.6420835], [11.4980025, 46.6420891], [11.4976986, 46.642054], [11.4978869, 46.6419211], [11.4984301, 46.6419174], [11.4986936, 46.6420485], [11.4988792, 46.6420337], [11.4990567, 46.6419543], [11.4992315, 46.6419322], [11.499651, 46.6421389], [11.5000866, 46.6421629], [11.5002883, 46.6420411], [11.5008181, 46.6418435], [11.5009068, 46.641934], [11.5006513, 46.6421869], [11.5007562, 46.6422903]], [[11.5032624, 46.6431697], [11.5031027, 46.6431906], [11.5026768, 46.643342], [11.5024942, 46.6436083], [11.5023193, 46.6436658], [11.501977, 46.6434934], [11.5015206, 46.6438537], [11.5013457, 46.6437754], [11.5019085, 46.6432584], [11.5020302, 46.642825], [11.50219, 46.6424699], [11.5026311, 46.6424229], [11.5035134, 46.6427832], [11.5040535, 46.6432114], [11.5043577, 46.6434621], [11.504411, 46.6439112], [11.5042741, 46.6441566], [11.5036884, 46.6440156], [11.5035363, 46.6437597], [11.5036808, 46.6435874], [11.5035134, 46.643295], [11.5032624, 46.6431697]], [[11.5046468, 46.6466976], [11.5043938, 46.6468018], [11.5040396, 46.6467748], [11.5041014, 46.6465394], [11.5044781, 46.6463155], [11.5047648, 46.6461611], [11.5049897, 46.646111], [11.5051752, 46.6461303], [11.5053134, 46.6463001], [11.5050734, 46.6464814], [11.5046468, 46.6466976]], [[11.5025446, 46.6644214], [11.5020726, 46.6645908], [11.501461, 46.6647601], [11.500828, 46.6647896], [11.500474, 46.6648559], [11.5003559, 46.6650105], [11.4998731, 46.6649368], [11.4997337, 46.6648485], [11.4996693, 46.6647528], [11.4990363, 46.6645761], [11.4986608, 46.6642079], [11.4985428, 46.6637956], [11.4984569, 46.6633391], [11.4984355, 46.6630225], [11.4986179, 46.6627353], [11.4991114, 46.6625954], [11.4996157, 46.6627206], [11.4998946, 46.66275], [11.5004954, 46.6624702], [11.5009782, 46.6624261], [11.5012679, 46.662669], [11.5013001, 46.6629488], [11.5015254, 46.6630593], [11.5023193, 46.6631256], [11.5026841, 46.6634274], [11.5032313, 46.6633465], [11.5035853, 46.6634422], [11.5038321, 46.6637441], [11.5036497, 46.6640238], [11.5034995, 46.6641711], [11.5030167, 46.6642521], [11.5025446, 46.6644214]], [[11.5001591, 46.6664059], [11.5004931, 46.666437], [11.5004166, 46.6665937], [11.5000478, 46.6666137], [11.499962, 46.6667352], [11.4997032, 46.6668146], [11.4990594, 46.6668661], [11.498582, 46.6668698], [11.4976057, 46.6667925], [11.4978323, 46.6665401], [11.4983688, 46.6665585], [11.4983854, 46.6664701], [11.4984771, 46.6664578], [11.4985728, 46.6664347], [11.4986797, 46.6663836], [11.4987884, 46.6663271], [11.4988796, 46.666267], [11.4991506, 46.6662955], [11.4993826, 46.6663156], [11.4997582, 46.6661978], [11.500139, 46.6663487], [11.5001591, 46.6664059]], [[11.4999685, 46.67527], [11.499996, 46.6752914], [11.4998944, 46.6754425], [11.5001367, 46.6755666], [11.5001388, 46.6756075], [11.5000758, 46.6757405], [11.4999904, 46.6758519], [11.4999007, 46.6758928], [11.4997783, 46.6759222], [11.4996842, 46.6758872], [11.4996426, 46.6757962], [11.4996508, 46.6756929], [11.4996888, 46.6755054], [11.4997648, 46.6753474], [11.499829, 46.6752712], [11.4999242, 46.6752298], [11.4999685, 46.67527]], [[11.5048369, 46.6757262], [11.5051212, 46.6756931], [11.5053948, 46.6755274], [11.505765, 46.6756489], [11.5059165, 46.6759008], [11.5062692, 46.6760943], [11.5062692, 46.6764034], [11.5057435, 46.676466], [11.504735, 46.6765838], [11.5045687, 46.6762709], [11.5042576, 46.6762157], [11.5041608, 46.6761964], [11.5041849, 46.6761357], [11.5042935, 46.6761164], [11.5043633, 46.6760262], [11.5042251, 46.6757989], [11.5032984, 46.6758403], [11.5030892, 46.6757685], [11.5026131, 46.6757851], [11.5018621, 46.6758136], [11.5018728, 46.6754851], [11.5023878, 46.6752799], [11.5023959, 46.6752091], [11.5025488, 46.6750775], [11.5028092, 46.6750673], [11.5031739, 46.6750232], [11.503996, 46.6747193], [11.504043, 46.6748944], [11.5040052, 46.6750352], [11.5041219, 46.6752036], [11.5040966, 46.6755164], [11.5043809, 46.6757556], [11.5048369, 46.6757262]], [[11.505386, 46.6975699], [11.5052395, 46.697793], [11.5052125, 46.6976621], [11.5050193, 46.6976218], [11.5047787, 46.6978306], [11.5047058, 46.6980964], [11.5045308, 46.6981332], [11.504507, 46.6982965], [11.504142, 46.6983006], [11.5039086, 46.6983355], [11.5037504, 46.6983116], [11.5035117, 46.6983006], [11.5033132, 46.6983484], [11.5030637, 46.6984477], [11.5028921, 46.6985342], [11.5026855, 46.6986869], [11.5027204, 46.6986243], [11.5027875, 46.6985213], [11.5029243, 46.6984036], [11.5030718, 46.6983926], [11.5031469, 46.6982951], [11.5033346, 46.6981902], [11.503458, 46.6981663], [11.5036565, 46.6982141], [11.5038488, 46.6981915], [11.504187, 46.6978363], [11.5046406, 46.6977962], [11.5047004, 46.6977196], [11.5046017, 46.6976449], [11.5054117, 46.6972871], [11.5058929, 46.6969525], [11.5062475, 46.6970053], [11.5067169, 46.6963756], [11.5068639, 46.6964406], [11.5066244, 46.6970379], [11.5060933, 46.6971937], [11.5061188, 46.6974304], [11.5060324, 46.6977156], [11.5057902, 46.6975715], [11.505386, 46.6975699]], [[11.5089815, 46.5923332], [11.5090974, 46.592547], [11.5088436, 46.5926351], [11.5086613, 46.592644], [11.5085362, 46.5923747], [11.5087877, 46.5922364], [11.5089815, 46.5923332]], [[11.5097038, 46.5934738], [11.5097853, 46.5939121], [11.5099926, 46.5940258], [11.5099071, 46.5944663], [11.5095167, 46.5946511], [11.5093411, 46.5947342], [11.5095828, 46.5949369], [11.5096724, 46.5952087], [11.5098564, 46.5954647], [11.5093985, 46.5957183], [11.5088772, 46.5955408], [11.5084236, 46.5954064], [11.5081336, 46.5954572], [11.507856, 46.5958075], [11.5077637, 46.5955089], [11.5075749, 46.5954866], [11.5074118, 46.5958801], [11.5069828, 46.5959503], [11.5072585, 46.5956203], [11.5073775, 46.5953208], [11.5080958, 46.5953239], [11.5074222, 46.5950278], [11.5073997, 46.5950179], [11.5071076, 46.5951422], [11.5069636, 46.5951027], [11.5064666, 46.5947933], [11.5065634, 46.5945323], [11.5071557, 46.5943581], [11.5073233, 46.5945682], [11.5078544, 46.5946303], [11.5086192, 46.5946486], [11.5083262, 46.5944112], [11.5087894, 46.5939792], [11.5087615, 46.5937013], [11.5086977, 46.5933004], [11.5090037, 46.5930689], [11.5093575, 46.5930687], [11.5095342, 46.5931498], [11.509811, 46.5932307], [11.5099403, 46.5933931], [11.5097038, 46.5934738]], [[11.5100688, 46.5960088], [11.5102268, 46.5959846], [11.5104886, 46.596152], [11.5107734, 46.5958071], [11.5108871, 46.5958871], [11.5109469, 46.5957423], [11.5113576, 46.5954719], [11.5115626, 46.5955668], [11.5118707, 46.5959205], [11.5119429, 46.5962532], [11.5118189, 46.596349], [11.5117755, 46.5969382], [11.5116156, 46.5970348], [11.511272, 46.5969806], [11.5110624, 46.5970719], [11.5109271, 46.5970335], [11.5105965, 46.5971182], [11.5106286, 46.5968505], [11.5104293, 46.5969238], [11.5103794, 46.597178], [11.5102405, 46.5972114], [11.5101463, 46.5971605], [11.510064, 46.5971854], [11.5100061, 46.5972762], [11.5097921, 46.5973354], [11.5094503, 46.5971347], [11.5091689, 46.5971299], [11.5089324, 46.5970803], [11.5090603, 46.5969198], [11.5093207, 46.5968986], [11.5094336, 46.5965879], [11.5100962, 46.5966662], [11.5101206, 46.5963151], [11.5100688, 46.5960088]], [[11.5073159, 46.5971494], [11.5071105, 46.5971083], [11.5070273, 46.5970565], [11.5070767, 46.5969118], [11.5071755, 46.59681], [11.5074224, 46.5966796], [11.5078305, 46.5967679], [11.507771, 46.5970379], [11.5073159, 46.5971494]], [[11.5060378, 46.5975805], [11.5060918, 46.5976914], [11.5061347, 46.5976214], [11.5062256, 46.5976652], [11.5061615, 46.5978462], [11.5059952, 46.5977799], [11.5060432, 46.5979011], [11.5058986, 46.5979494], [11.5058289, 46.5978794], [11.5058986, 46.5977541], [11.5060378, 46.5975805]], [[11.5075323, 46.5972578], [11.507934, 46.5971966], [11.5081883, 46.5975653], [11.5085952, 46.5976998], [11.5088418, 46.5976963], [11.5091292, 46.5978553], [11.508791, 46.5982397], [11.5083689, 46.5985455], [11.5080688, 46.5985106], [11.5077357, 46.5983952], [11.5073822, 46.5983987], [11.5072881, 46.5982258], [11.5073771, 46.5979217], [11.5079518, 46.5978291], [11.5075526, 46.5974517], [11.5075323, 46.5972578]], [[11.505507, 46.5986977], [11.5059413, 46.5986494], [11.5058769, 46.5987821], [11.5055339, 46.598941], [11.5056143, 46.5990036], [11.5054158, 46.5990515], [11.5054638, 46.5991507], [11.5051905, 46.5990626], [11.505094, 46.599011], [11.5054051, 46.5988599], [11.5052978, 46.5988119], [11.505378, 46.5987563], [11.5053622, 46.5986645], [11.505507, 46.5986977]], [[11.5058986, 46.599081], [11.505845, 46.5989815], [11.50607, 46.5989148], [11.5062366, 46.5989225], [11.5062417, 46.5989738], [11.5061025, 46.5990884], [11.5058825, 46.599199], [11.5058769, 46.5993055], [11.5058074, 46.5993501], [11.5057699, 46.5991953], [11.5058986, 46.599081]], [[11.5073006, 46.5993701], [11.507483, 46.5992837], [11.5076132, 46.5993528], [11.5079148, 46.5989832], [11.5080855, 46.599031], [11.5081667, 46.5988835], [11.5080433, 46.598784], [11.5080866, 46.5987255], [11.5083242, 46.5986643], [11.5084349, 46.5988044], [11.5085259, 46.5988631], [11.5086442, 46.5989059], [11.5086173, 46.5989699], [11.5084502, 46.5991728], [11.5083384, 46.5991256], [11.5081339, 46.5990901], [11.5081161, 46.5992911], [11.5084377, 46.599278], [11.5083383, 46.5995764], [11.5082748, 46.5997334], [11.5081373, 46.600016], [11.5078878, 46.5999161], [11.5078578, 46.5997587], [11.5079946, 46.5997185], [11.5078071, 46.599723], [11.5076117, 46.5996227], [11.5074135, 46.5995801], [11.5073006, 46.5993701]], [[11.5099932, 46.5997297], [11.509953, 46.5996882], [11.5098456, 46.5996944], [11.5099362, 46.5996078], [11.5102299, 46.5995553], [11.5103142, 46.599378], [11.5105741, 46.5992821], [11.51071, 46.5993132], [11.5108863, 46.5996666], [11.5107633, 46.5996983], [11.5108969, 46.5998106], [11.5109965, 46.6001534], [11.5110127, 46.6002049], [11.5110225, 46.6002919], [11.5110428, 46.6004721], [11.5110202, 46.6005753], [11.5108006, 46.6007142], [11.5106667, 46.6005753], [11.5103722, 46.6004688], [11.5099396, 46.6004242], [11.5098143, 46.6003139], [11.5098941, 46.6001977], [11.5098481, 46.5999432], [11.5095571, 46.5998437], [11.5097435, 46.5997472], [11.50991, 46.5997956], [11.5099932, 46.5997297]], [[11.5087095, 46.5999333], [11.5088056, 46.5999508], [11.5086835, 46.6001989], [11.5084673, 46.6002685], [11.508374, 46.6002508], [11.5081343, 46.6002099], [11.5082261, 46.6000665], [11.5087095, 46.5999333]], [[11.511544, 46.6003315], [11.5113671, 46.6002405], [11.5114349, 46.6001782], [11.5117231, 46.6003265], [11.5116553, 46.6003887], [11.511544, 46.6003315]], [[11.5067921, 46.6012113], [11.5065829, 46.6012334], [11.5062905, 46.601355], [11.5063817, 46.601425], [11.5062488, 46.6015073], [11.5062985, 46.6016241], [11.5062005, 46.6016511], [11.50612, 46.6015515], [11.5060223, 46.6015522], [11.5059135, 46.601487], [11.505884, 46.6013967], [11.5061108, 46.6012481], [11.5061162, 46.6011302], [11.50621, 46.601062], [11.5060089, 46.6008372], [11.5060476, 46.6006541], [11.5063978, 46.6007284], [11.5065668, 46.6009164], [11.5065399, 46.6010049], [11.5067921, 46.6012113]], [[11.5109299, 46.6009834], [11.5115342, 46.6017406], [11.5111602, 46.6016291], [11.5106751, 46.6013454], [11.5106131, 46.6011847], [11.5103207, 46.6011729], [11.5103895, 46.6010476], [11.5109299, 46.6009834]], [[11.5060866, 46.6022175], [11.5060369, 46.6021855], [11.5060652, 46.6021106], [11.5059484, 46.6020675], [11.5058518, 46.6020897], [11.5058357, 46.6021505], [11.5059579, 46.6022248], [11.5059378, 46.6024729], [11.5057433, 46.6025657], [11.5056494, 46.6024368], [11.5056897, 46.6021308], [11.5056092, 46.6019042], [11.5054563, 46.601836], [11.5053329, 46.6017825], [11.5055112, 46.6016953], [11.5054333, 46.6016013], [11.5055073, 46.601578], [11.5057085, 46.6018102], [11.5058318, 46.6016959], [11.5058908, 46.6017125], [11.5059108, 46.6018464], [11.5059928, 46.6017494], [11.5059832, 46.6018759], [11.5062059, 46.6019699], [11.5062637, 46.6018599], [11.5064809, 46.6018434], [11.5065036, 46.6019404], [11.506379, 46.601965], [11.50632, 46.6021069], [11.5061254, 46.6021118], [11.5061242, 46.6022064], [11.5060866, 46.6022175]], [[11.511026, 46.6022909], [11.5107714, 46.6021728], [11.5107301, 46.6021137], [11.5109193, 46.6020593], [11.511112, 46.6020829], [11.511198, 46.6022366], [11.511026, 46.6022909]], [[11.5086993, 46.6030411], [11.5082132, 46.6029663], [11.5078291, 46.6030605], [11.5078827, 46.602976], [11.5076595, 46.6029266], [11.5076949, 46.6027465], [11.5075045, 46.6027621], [11.507413, 46.6030627], [11.5072428, 46.6029512], [11.5069419, 46.6028835], [11.506791, 46.6028893], [11.5065988, 46.6029902], [11.5059291, 46.6024987], [11.5061942, 46.6024295], [11.506233, 46.602294], [11.5064125, 46.6021706], [11.5065204, 46.6021427], [11.5066736, 46.6023142], [11.5069873, 46.602143], [11.5071181, 46.602237], [11.5070556, 46.6025655], [11.5069278, 46.6025482], [11.506931, 46.6026568], [11.5070914, 46.6027821], [11.5073233, 46.6026254], [11.5075121, 46.6026333], [11.5076795, 46.6025776], [11.5078066, 46.6023867], [11.5079741, 46.6022536], [11.5081034, 46.6020855], [11.5079198, 46.6020103], [11.5079447, 46.6018664], [11.5080679, 46.6016526], [11.5083086, 46.6015942], [11.5083646, 46.6018554], [11.508489, 46.60206], [11.5084278, 46.6021503], [11.5085352, 46.6026327], [11.5086326, 46.602863], [11.5086993, 46.6030411]], [[11.5104549, 46.6025688], [11.5103699, 46.6026715], [11.5102004, 46.6027123], [11.5100455, 46.6029037], [11.5099145, 46.6029659], [11.5097723, 46.6030869], [11.5096905, 46.6030348], [11.5093199, 46.6031089], [11.5089931, 46.60281], [11.5092215, 46.6022845], [11.509366, 46.6021317], [11.509626, 46.6020076], [11.5097686, 46.6019912], [11.5098509, 46.6020464], [11.5098038, 46.6020892], [11.5098063, 46.602185], [11.5101578, 46.6023954], [11.510307, 46.6023845], [11.5104549, 46.6025688]], [[11.5093226, 46.6038442], [11.5096777, 46.6037186], [11.5098223, 46.6037535], [11.5098851, 46.6038642], [11.5095962, 46.6040817], [11.5094063, 46.6041073], [11.5090367, 46.604389], [11.5088948, 46.6043595], [11.5088393, 46.6042735], [11.5090795, 46.6040667], [11.5093013, 46.6040467], [11.5093226, 46.6038442]], [[11.5066729, 46.6044475], [11.5069581, 46.6041899], [11.507276, 46.6040583], [11.5073453, 46.6042515], [11.5070885, 46.6046462], [11.5068644, 46.6048674], [11.5067218, 46.6051782], [11.5063672, 46.6053994], [11.5064487, 46.6051082], [11.506628, 46.6049094], [11.5065791, 46.6047638], [11.5066729, 46.6044475]], [[11.5096476, 46.6048724], [11.5087351, 46.6050442], [11.5087309, 46.604881], [11.5089336, 46.604655], [11.5093226, 46.6047029], [11.5095189, 46.6047288], [11.5095968, 46.6046791], [11.5096476, 46.6048724]], [[11.5078904, 46.6048964], [11.5080967, 46.6047489], [11.5082305, 46.6047294], [11.5082741, 46.6048946], [11.5082505, 46.6051087], [11.5078425, 46.605429], [11.5076259, 46.6055969], [11.5075376, 46.6055636], [11.5076785, 46.6052005], [11.507655, 46.6051307], [11.5078904, 46.6048964]], [[11.5100877, 46.605525], [11.5102808, 46.6054395], [11.5099232, 46.6050553], [11.5098699, 46.6049136], [11.5101373, 46.6044992], [11.5104066, 46.6043892], [11.5104736, 46.6044673], [11.5108731, 46.605313], [11.5109669, 46.6056903], [11.510828, 46.605867], [11.5105123, 46.6057504], [11.5104501, 46.6059096], [11.5102937, 46.6059651], [11.5100877, 46.605525]], [[11.5055714, 46.6068967], [11.505406, 46.6069346], [11.5052976, 46.6068805], [11.5052592, 46.6069711], [11.5050833, 46.6069927], [11.505318, 46.6070762], [11.5051845, 46.6071882], [11.5047431, 46.6072001], [11.5043786, 46.6071155], [11.5044038, 46.6069488], [11.5045031, 46.6067762], [11.5046377, 46.6066742], [11.5049536, 46.6065547], [11.5059612, 46.6059753], [11.5061415, 46.6058472], [11.5064086, 46.6060954], [11.5062797, 46.6062241], [11.5063961, 46.6063005], [11.5063477, 46.6064038], [11.5061401, 46.6065408], [11.505997, 46.6065344], [11.5057422, 46.6066707], [11.5055714, 46.6068967]], [[11.5089472, 46.6080549], [11.5086197, 46.6080716], [11.5085449, 46.6077629], [11.5086734, 46.6076387], [11.5085972, 46.6074164], [11.5087685, 46.6072856], [11.5086781, 46.6069783], [11.5088697, 46.6065343], [11.5090112, 46.6064061], [11.5095357, 46.6067401], [11.5097191, 46.60699], [11.5096239, 46.6071634], [11.509434, 46.6074919], [11.5094042, 46.6080138], [11.5092214, 46.6081194], [11.5089472, 46.6080549]], [[11.506332, 46.6093494], [11.5064006, 46.6091301], [11.5065775, 46.6090143], [11.5065759, 46.6091656], [11.5066218, 46.6092597], [11.5065113, 46.6094057], [11.5064164, 46.6094037], [11.506332, 46.6093494]], [[11.5068829, 46.6132372], [11.5068318, 46.6131911], [11.5066984, 46.6131557], [11.506768, 46.6130563], [11.5067441, 46.6130039], [11.506544, 46.6128994], [11.5066223, 46.6127141], [11.5065535, 46.6126144], [11.5062138, 46.6127855], [11.5060931, 46.6130389], [11.5059662, 46.6130047], [11.5058854, 46.6131284], [11.5057218, 46.6130548], [11.5057392, 46.612908], [11.5058458, 46.6126393], [11.5060619, 46.6126291], [11.5061162, 46.6125939], [11.5061371, 46.6123767], [11.5060644, 46.6123141], [11.5062609, 46.6121112], [11.506945, 46.6115806], [11.5069069, 46.6114167], [11.5080988, 46.610171], [11.508677, 46.61034], [11.5089087, 46.6103658], [11.5090515, 46.610482], [11.5091937, 46.6103819], [11.5093723, 46.6103848], [11.5098457, 46.610227], [11.5100042, 46.6103798], [11.5102428, 46.6110229], [11.5103209, 46.610971], [11.5101337, 46.6104333], [11.5099943, 46.6102103], [11.5103577, 46.610194], [11.5113281, 46.6099302], [11.5115599, 46.6100409], [11.5117627, 46.6099641], [11.5119872, 46.6100753], [11.5118868, 46.6102363], [11.5119451, 46.6104405], [11.5117777, 46.6104378], [11.5112205, 46.6105085], [11.5109456, 46.6107105], [11.5109896, 46.6107415], [11.511269, 46.6106916], [11.5111371, 46.6109293], [11.5109697, 46.6109166], [11.5109084, 46.6110355], [11.5110203, 46.6110972], [11.5108882, 46.6112463], [11.5109509, 46.6112939], [11.5108752, 46.6113893], [11.510554, 46.6113608], [11.5106725, 46.6111529], [11.5107451, 46.6108993], [11.5106023, 46.6109147], [11.51038, 46.6111047], [11.5103123, 46.6112677], [11.5101915, 46.6113874], [11.5095441, 46.6116595], [11.5093656, 46.6117968], [11.5093946, 46.6118212], [11.5095283, 46.6117487], [11.5097252, 46.6117414], [11.5100835, 46.6118234], [11.5102816, 46.6119114], [11.5104891, 46.611949], [11.5104266, 46.612291], [11.5103202, 46.6124095], [11.5103587, 46.6125297], [11.5101444, 46.6126095], [11.5098237, 46.6125086], [11.5097223, 46.6125084], [11.5095283, 46.612427], [11.5092921, 46.6124704], [11.5091462, 46.6124032], [11.5091545, 46.6123179], [11.5089799, 46.6122658], [11.5089688, 46.6122065], [11.5092233, 46.6118717], [11.5092087, 46.6118025], [11.5084095, 46.6117376], [11.5075657, 46.6122425], [11.5074634, 46.6123497], [11.5072303, 46.6123207], [11.5068018, 46.6124948], [11.5066986, 46.6126434], [11.506804, 46.6127255], [11.5073997, 46.6128464], [11.507651, 46.6128352], [11.5080182, 46.6129642], [11.5077712, 46.6131319], [11.5078948, 46.6132169], [11.5080961, 46.6131542], [11.5082628, 46.6135307], [11.5084118, 46.6135108], [11.5083259, 46.6133539], [11.5084934, 46.613386], [11.5087543, 46.6135613], [11.5089275, 46.6137998], [11.5088207, 46.6139722], [11.5086146, 46.6140004], [11.5085347, 46.6139063], [11.508536, 46.613818], [11.5083044, 46.6137905], [11.5083028, 46.6137338], [11.5082694, 46.613672], [11.508069, 46.6136828], [11.508101, 46.6138989], [11.5080901, 46.6140959], [11.5080685, 46.6142988], [11.5079267, 46.6144316], [11.507922, 46.6145192], [11.5075363, 46.6147519], [11.5073648, 46.6147698], [11.5069748, 46.6151043], [11.5069787, 46.6152479], [11.506751, 46.6151707], [11.5067841, 46.6151051], [11.5067601, 46.6150627], [11.5066117, 46.6150886], [11.5065227, 46.6150377], [11.5064863, 46.6149116], [11.5066284, 46.6148081], [11.5067753, 46.6146232], [11.50679, 46.6144857], [11.5069805, 46.6144328], [11.5071806, 46.6143968], [11.5074456, 46.6141551], [11.5073027, 46.6140289], [11.5075699, 46.6137555], [11.5075801, 46.6136214], [11.5075741, 46.6135524], [11.5074702, 46.6134604], [11.5072426, 46.6137043], [11.507156, 46.6138531], [11.5069442, 46.6138016], [11.5067876, 46.6136881], [11.5067267, 46.6135477], [11.5065266, 46.6134581], [11.5068829, 46.6132372]], [[11.5116337, 46.6126154], [11.5117372, 46.6125647], [11.5118088, 46.6127241], [11.5120405, 46.6128189], [11.5120808, 46.6131204], [11.5120199, 46.6131772], [11.5116415, 46.6131175], [11.5117444, 46.6128954], [11.5116337, 46.6126154]], [[11.5099379, 46.6132927], [11.5099906, 46.6132062], [11.5098459, 46.6131016], [11.5097553, 46.6131532], [11.5097403, 46.6133507], [11.5094708, 46.6131187], [11.5094683, 46.6130209], [11.5098712, 46.6128788], [11.5101774, 46.6129287], [11.5103157, 46.6129895], [11.5103524, 46.6132597], [11.5100339, 46.6133906], [11.5099379, 46.6132927]], [[11.5097144, 46.6147135], [11.5099628, 46.6144616], [11.509984, 46.6142743], [11.5101487, 46.614079], [11.5108576, 46.613588], [11.5109098, 46.6132344], [11.5108914, 46.6129175], [11.5105838, 46.6126006], [11.5108412, 46.6124631], [11.5111835, 46.6121435], [11.5112631, 46.6121584], [11.5112518, 46.6122312], [11.5110109, 46.6125349], [11.511037, 46.6126603], [11.5112305, 46.6127434], [11.5111805, 46.6130189], [11.5112805, 46.6131294], [11.5115763, 46.6131354], [11.5114545, 46.6133027], [11.5116763, 46.6134252], [11.511618, 46.6136421], [11.5114696, 46.6135471], [11.5110513, 46.6138344], [11.5106023, 46.6142696], [11.5107069, 46.614671], [11.5110452, 46.6149879], [11.5106446, 46.6151185], [11.5103439, 46.6153182], [11.5102946, 46.6155842], [11.5098445, 46.6157403], [11.5095819, 46.6159173], [11.5096835, 46.6159438], [11.5103107, 46.6157559], [11.5107326, 46.6158954], [11.5107223, 46.6160568], [11.5110575, 46.6163019], [11.5105472, 46.6164706], [11.5104488, 46.6163521], [11.5102082, 46.6162913], [11.510294, 46.6160091], [11.5099503, 46.6159934], [11.5097372, 46.6163788], [11.5095449, 46.6162394], [11.509016, 46.6163333], [11.5092689, 46.6164967], [11.5088518, 46.6165516], [11.5089169, 46.6167835], [11.5087571, 46.6169028], [11.5079908, 46.617151], [11.5078068, 46.6169697], [11.5079012, 46.6165843], [11.5077221, 46.6165034], [11.507475, 46.6169544], [11.5069847, 46.6171427], [11.5070224, 46.6169863], [11.5070531, 46.6166399], [11.5063284, 46.6162692], [11.5066336, 46.6160028], [11.5075456, 46.6161662], [11.5083634, 46.6161655], [11.5092729, 46.615849], [11.5096323, 46.6157237], [11.5096109, 46.6156058], [11.5086552, 46.6157462], [11.5084827, 46.6156096], [11.5084299, 46.6154282], [11.5086217, 46.6151949], [11.50913, 46.6149058], [11.509314, 46.6150575], [11.5096238, 46.615066], [11.5094828, 46.6149076], [11.5096916, 46.6148176], [11.5097144, 46.6147135]], [[11.5056353, 46.6164709], [11.5055654, 46.6160453], [11.5053507, 46.616014], [11.5049835, 46.6162987], [11.504858, 46.6160946], [11.5044396, 46.6160664], [11.5042993, 46.616269], [11.5041475, 46.6160274], [11.5039689, 46.6159879], [11.5041582, 46.6158], [11.5043057, 46.6156489], [11.5046735, 46.6157301], [11.504802, 46.6156317], [11.5052118, 46.6157596], [11.5054006, 46.6156789], [11.5055444, 46.6158421], [11.505862, 46.6157397], [11.5060626, 46.6158959], [11.5061769, 46.6160293], [11.506109, 46.6163648], [11.5058933, 46.6165137], [11.5056353, 46.6164709]], [[11.5116606, 46.6163638], [11.511485, 46.6166219], [11.5113588, 46.6165771], [11.5115458, 46.6161977], [11.5117546, 46.6158511], [11.5119851, 46.6157705], [11.5121403, 46.6157], [11.5124612, 46.6157789], [11.5122677, 46.615924], [11.5120197, 46.6160111], [11.5119804, 46.616076], [11.5121756, 46.616269], [11.5123421, 46.6164495], [11.5121974, 46.6166576], [11.5122963, 46.6167462], [11.5119185, 46.6168382], [11.5117177, 46.6168065], [11.5118809, 46.6167463], [11.5120056, 46.6166623], [11.5118688, 46.616623], [11.5119764, 46.6164845], [11.5120023, 46.6164036], [11.5119067, 46.6163524], [11.5116606, 46.6163638]], [[11.5126343, 46.6200321], [11.5124438, 46.6200605], [11.5127721, 46.6201795], [11.5123564, 46.6206181], [11.511677, 46.6207368], [11.5116412, 46.621007], [11.5117485, 46.6212567], [11.5120048, 46.6214737], [11.512031, 46.6218143], [11.5114334, 46.6217875], [11.511324, 46.6218697], [11.5114975, 46.6219346], [11.5114197, 46.6220641], [11.5108761, 46.6219719], [11.5105773, 46.6218872], [11.5105542, 46.6217549], [11.5101951, 46.621658], [11.5102396, 46.6213132], [11.5099545, 46.6211831], [11.5098533, 46.6215744], [11.5096822, 46.6216521], [11.5096052, 46.6218078], [11.5089749, 46.6219679], [11.5087917, 46.6221046], [11.5084047, 46.6221219], [11.5082539, 46.6220303], [11.5083036, 46.6216824], [11.5086458, 46.621383], [11.5090632, 46.6212763], [11.509065, 46.6211299], [11.5092528, 46.6208265], [11.5093585, 46.6208368], [11.5094498, 46.6210324], [11.5097289, 46.6212203], [11.5098753, 46.6210776], [11.5100945, 46.6210037], [11.5099928, 46.6209038], [11.5096471, 46.6208405], [11.5095433, 46.6207696], [11.5098472, 46.6206591], [11.5103002, 46.6202907], [11.510634, 46.620217], [11.5108902, 46.6197503], [11.5108366, 46.6195988], [11.5110571, 46.6192713], [11.5113594, 46.6189249], [11.511214, 46.6187217], [11.5110987, 46.6188599], [11.5107472, 46.6192795], [11.5106481, 46.6193643], [11.5105727, 46.6196498], [11.5102764, 46.619648], [11.5103748, 46.6194973], [11.510485, 46.6194315], [11.5101862, 46.6191838], [11.5101385, 46.6192348], [11.5101224, 46.6194654], [11.5097616, 46.6194264], [11.5096436, 46.6191066], [11.5091647, 46.6191761], [11.5090548, 46.6192493], [11.5089717, 46.6195128], [11.5085152, 46.6193859], [11.5087719, 46.6193111], [11.5089046, 46.619183], [11.5091262, 46.6191325], [11.5092136, 46.6190054], [11.5089382, 46.6190513], [11.5083905, 46.6193494], [11.5082794, 46.6193131], [11.5081756, 46.6190918], [11.5079996, 46.6192018], [11.5079042, 46.6195088], [11.5074453, 46.6196234], [11.507214, 46.6195616], [11.5071768, 46.6193267], [11.5074125, 46.619157], [11.5076105, 46.6188582], [11.5075407, 46.6187392], [11.5077832, 46.6183724], [11.5077607, 46.6180705], [11.5079584, 46.6179977], [11.5081684, 46.6182274], [11.5085707, 46.6180557], [11.5085879, 46.6178761], [11.5083178, 46.6178733], [11.5082094, 46.6175924], [11.5075049, 46.6175847], [11.5073202, 46.6174701], [11.506742, 46.6175561], [11.5066109, 46.6177157], [11.5062771, 46.6176871], [11.5057765, 46.6174865], [11.5059791, 46.617335], [11.5065632, 46.6171958], [11.5066467, 46.6172982], [11.5068016, 46.6173596], [11.5075943, 46.6172982], [11.5078625, 46.6174292], [11.5079758, 46.6174292], [11.5082857, 46.6174415], [11.5086493, 46.6176257], [11.5089175, 46.6174415], [11.5098711, 46.6173105], [11.5105088, 46.6171795], [11.5107772, 46.6173041], [11.5112393, 46.6172436], [11.5113445, 46.6171203], [11.5115076, 46.6172069], [11.5119588, 46.6172582], [11.5123862, 46.617376], [11.5131968, 46.6171958], [11.5134783, 46.6174443], [11.5134998, 46.61766], [11.5140575, 46.6177408], [11.5139949, 46.6179773], [11.5139185, 46.6179713], [11.5138238, 46.6181148], [11.5135961, 46.6183339], [11.5131542, 46.6180269], [11.5129152, 46.6179904], [11.5128224, 46.618021], [11.5128809, 46.618121], [11.5132802, 46.618338], [11.5132028, 46.6186491], [11.5130516, 46.6189334], [11.5128154, 46.6191567], [11.5125921, 46.6194614], [11.5126366, 46.6195784], [11.5127407, 46.6195483], [11.5129076, 46.6193271], [11.5130878, 46.6191222], [11.5132799, 46.6188599], [11.5134513, 46.61898], [11.5134368, 46.6192702], [11.5132259, 46.6194358], [11.5132471, 46.6195756], [11.5130538, 46.6197462], [11.512763, 46.6198643], [11.5126343, 46.6200321]], [[11.5110999, 46.6227317], [11.5115929, 46.6227241], [11.5119173, 46.6227446], [11.5118635, 46.6228622], [11.5123799, 46.6229327], [11.5121363, 46.6229551], [11.5120552, 46.6230802], [11.511659, 46.6230161], [11.5114761, 46.6228961], [11.5113239, 46.6228437], [11.5111678, 46.6231517], [11.5112, 46.6233419], [11.5110021, 46.6234195], [11.5108603, 46.6233485], [11.5107495, 46.6232929], [11.510054, 46.6232662], [11.5093007, 46.6233481], [11.5092193, 46.6233003], [11.5093738, 46.6232159], [11.5097221, 46.6231356], [11.5099095, 46.6231093], [11.5098601, 46.6229858], [11.5098795, 46.6228758], [11.5102295, 46.6227019], [11.5110999, 46.6227317]], [[11.5056645, 46.6262895], [11.5053671, 46.6261556], [11.5054682, 46.6259548], [11.5056911, 46.6260894], [11.506154, 46.6258409], [11.5071639, 46.6256459], [11.5074407, 46.6256188], [11.5076874, 46.6255974], [11.5071006, 46.6264218], [11.5068179, 46.6263665], [11.5062983, 46.6264483], [11.5056645, 46.6262895]], [[11.5128363, 46.625365], [11.5129592, 46.6254121], [11.5127909, 46.6255422], [11.5127878, 46.6256529], [11.512933, 46.6257743], [11.5129871, 46.6257043], [11.5132005, 46.6257619], [11.5132764, 46.625848], [11.513166, 46.6259705], [11.5133258, 46.6261439], [11.5130924, 46.626547], [11.5129682, 46.6265666], [11.5128681, 46.6268563], [11.5128775, 46.6270014], [11.5128267, 46.6270705], [11.513006, 46.6273381], [11.5127669, 46.6274027], [11.5127193, 46.627495], [11.5126211, 46.6275113], [11.5123187, 46.6274798], [11.5121144, 46.6275617], [11.5121285, 46.6274396], [11.5118754, 46.6274151], [11.5117069, 46.6274735], [11.5115583, 46.6274931], [11.5112427, 46.6274291], [11.5108153, 46.6273], [11.5106408, 46.627182], [11.5103857, 46.6270839], [11.5101335, 46.6268486], [11.5106753, 46.6268469], [11.5104437, 46.6266711], [11.5099261, 46.626568], [11.5096519, 46.6265528], [11.5094895, 46.6265795], [11.5092537, 46.6267839], [11.5088369, 46.6264357], [11.5088594, 46.6263397], [11.5090277, 46.6262182], [11.50906, 46.6260292], [11.5093481, 46.6256586], [11.5094092, 46.6253953], [11.5096497, 46.6249421], [11.5097494, 46.6248088], [11.5098611, 46.6247164], [11.5103098, 46.624522], [11.5106345, 46.6245111], [11.5109198, 46.6246916], [11.5114034, 46.6251505], [11.5116041, 46.6253901], [11.511506, 46.6254626], [11.5112128, 46.6253457], [11.5111117, 46.6253432], [11.5110659, 46.625403], [11.5111559, 46.6255759], [11.5112494, 46.6256699], [11.5117211, 46.6256492], [11.5121457, 46.6258061], [11.5122625, 46.6257024], [11.5123963, 46.6256907], [11.5125522, 46.6256158], [11.5123574, 46.6254267], [11.5120652, 46.6252661], [11.5121172, 46.6251465], [11.5122339, 46.6250822], [11.5125449, 46.6250469], [11.5126739, 46.6252421], [11.5128363, 46.625365]], [[11.5085518, 46.6272925], [11.5081264, 46.6273401], [11.5080156, 46.6271748], [11.5080638, 46.6269592], [11.508122, 46.6267399], [11.5082207, 46.6266678], [11.5083931, 46.6267841], [11.5085396, 46.6268188], [11.5085973, 46.6266072], [11.5090863, 46.6269405], [11.5089246, 46.6270863], [11.5087002, 46.6271321], [11.5085518, 46.6272925]], [[11.5068471, 46.6339432], [11.5069193, 46.6330667], [11.5068819, 46.6328212], [11.5072074, 46.6327809], [11.5074155, 46.6329348], [11.5075222, 46.6331766], [11.5075115, 46.633466], [11.5078423, 46.6335063], [11.5076199, 46.6336876], [11.507486, 46.6337084], [11.5073103, 46.6339095], [11.5071848, 46.6338198], [11.5071955, 46.6339847], [11.5068471, 46.6339432]], [[11.5061291, 46.6347535], [11.5065353, 46.634749], [11.5065154, 46.6348953], [11.5063022, 46.6352931], [11.5059293, 46.6352108], [11.5056829, 46.6349273], [11.5061291, 46.6347535]], [[11.5107164, 46.6358814], [11.5102831, 46.6355969], [11.5102266, 46.6353867], [11.5105045, 46.6351927], [11.5107399, 46.6352541], [11.5110083, 46.6349664], [11.5112344, 46.6349373], [11.5117665, 46.6351022], [11.5118136, 46.6351862], [11.5116629, 46.6354708], [11.5113662, 46.6355128], [11.5112108, 46.6356486], [11.5108953, 46.6357682], [11.5107164, 46.6358814]], [[11.5054165, 46.6369301], [11.50531, 46.6361894], [11.50531, 46.6360065], [11.5060958, 46.635723], [11.5061491, 46.6358373], [11.5068949, 46.6354577], [11.5074943, 46.6351285], [11.5077873, 46.6350736], [11.5078406, 46.6352794], [11.508067, 46.6354852], [11.5077407, 46.6359104], [11.507461, 46.6361756], [11.5072479, 46.636546], [11.507441, 46.6366146], [11.5078805, 46.6363951], [11.5081136, 46.6365597], [11.5081935, 46.6366009], [11.507461, 46.6367472], [11.5077474, 46.637049], [11.5075676, 46.6372913], [11.5072013, 46.6375017], [11.5069482, 46.6374011], [11.5066152, 46.6375794], [11.506229, 46.6378812], [11.5056296, 46.6377212], [11.506209, 46.6374148], [11.5060692, 46.6371176], [11.5057828, 46.6371359], [11.5055031, 46.6373234], [11.5054165, 46.6369301]], [[11.5098123, 46.6366154], [11.5098688, 46.6367027], [11.5098311, 46.6370228], [11.509525, 46.6369096], [11.5094968, 46.6367512], [11.5096427, 46.6366477], [11.5098123, 46.6366154]], [[11.5091894, 46.636837], [11.5090582, 46.6369274], [11.509017, 46.6370358], [11.5088721, 46.6370596], [11.5088451, 46.6369363], [11.5089954, 46.6368865], [11.5091057, 46.6368169], [11.5090449, 46.6367468], [11.5090294, 46.636704], [11.5087823, 46.6367357], [11.5086724, 46.6368076], [11.5086726, 46.6369397], [11.50849, 46.6370083], [11.5084202, 46.6371335], [11.5083776, 46.6370834], [11.508431, 46.6370101], [11.5083988, 46.6369475], [11.5084581, 46.6368789], [11.5085463, 46.6367321], [11.5085356, 46.6366013], [11.508616, 46.6365368], [11.5087072, 46.6366031], [11.5090616, 46.6365603], [11.5092492, 46.6366628], [11.509359, 46.6367015], [11.5093656, 46.6369073], [11.5091963, 46.6370485], [11.5091855, 46.6371904], [11.5090582, 46.6373357], [11.5089266, 46.6372384], [11.509246, 46.6369112], [11.5091894, 46.636837]], [[11.5117665, 46.6369452], [11.511969, 46.6373235], [11.5119248, 46.6375438], [11.5115734, 46.637511], [11.5118103, 46.6372351], [11.5116263, 46.637183], [11.5113898, 46.637414], [11.5112909, 46.63765], [11.511079, 46.6375821], [11.5111731, 46.6374851], [11.5113516, 46.6373366], [11.5115546, 46.6370098], [11.5117665, 46.6369452]], [[11.5077392, 46.6374681], [11.5075721, 46.6378404], [11.5074543, 46.6379223], [11.5072841, 46.6379298], [11.5070494, 46.6377638], [11.507095, 46.6376301], [11.5074892, 46.6374473], [11.507695, 46.637245], [11.5079205, 46.6372776], [11.5078581, 46.6374406], [11.5077392, 46.6374681]], [[11.5105045, 46.6377147], [11.5106081, 46.6378537], [11.5104103, 46.6379798], [11.5101984, 46.6379539], [11.5101796, 46.6378537], [11.5102784, 46.6377211], [11.5105045, 46.6377147]], [[11.5117411, 46.6388896], [11.5115753, 46.6388166], [11.5117308, 46.6385882], [11.5119196, 46.6384525], [11.5120711, 46.638564], [11.51184, 46.6387926], [11.5117411, 46.6388896]], [[11.5061557, 46.6388871], [11.505896, 46.6393124], [11.505563, 46.6391569], [11.5053966, 46.6387591], [11.50533, 46.6385991], [11.5057828, 46.6385579], [11.5059693, 46.6385305], [11.5060958, 46.6385716], [11.5061557, 46.6388871]], [[11.5098196, 46.6390213], [11.5099539, 46.6388705], [11.5101524, 46.6385684], [11.5101441, 46.6383905], [11.5103161, 46.6381318], [11.5105563, 46.6381188], [11.5106635, 46.6383415], [11.5108782, 46.6384445], [11.5109283, 46.6386976], [11.5106033, 46.638959], [11.510323, 46.6392088], [11.5102066, 46.6393681], [11.5099834, 46.6395045], [11.5098876, 46.6396416], [11.5096192, 46.6398162], [11.509131, 46.6397498], [11.5091375, 46.6396645], [11.5090878, 46.6395447], [11.5092549, 46.6394517], [11.5093386, 46.6395489], [11.5097662, 46.639224], [11.5098196, 46.6390213]], [[11.5092298, 46.6585459], [11.5099594, 46.6584281], [11.5105817, 46.6589436], [11.5112683, 46.6589804], [11.5113434, 46.6591866], [11.5114722, 46.6595474], [11.5123627, 46.6601733], [11.5117608, 46.6602882], [11.5103778, 46.6593559], [11.5100452, 46.6590614], [11.5093693, 46.6588184], [11.5087256, 46.659054], [11.5079746, 46.6595106], [11.5083286, 46.6585975], [11.5087685, 46.658406], [11.5092298, 46.6585459]], [[11.5101633, 46.6612778], [11.5089938, 46.6606961], [11.5104841, 46.6608772], [11.5105817, 46.6599892], [11.5115258, 46.6604531], [11.5110967, 46.6610201], [11.5109035, 46.6617564], [11.5099165, 46.6616828], [11.5101633, 46.6612778]], [[11.5096649, 46.6750232], [11.5099385, 46.6750747], [11.5100619, 46.6755348], [11.5095053, 46.6755696], [11.509343, 46.6753986], [11.5090051, 46.6754207], [11.5090547, 46.675334], [11.5089514, 46.6753287], [11.5087436, 46.6752162], [11.5088294, 46.6751316], [11.5087637, 46.6750121], [11.5085397, 46.6749512], [11.5083198, 46.6750138], [11.5082983, 46.6747635], [11.5088817, 46.6748907], [11.5092089, 46.6748428], [11.5094771, 46.6748318], [11.5096649, 46.6750232]], [[11.511148, 46.674944], [11.5111534, 46.6751962], [11.5111024, 46.6752127], [11.5109081, 46.6755052], [11.5108101, 46.6755256], [11.5104882, 46.675671], [11.5105311, 46.6757372], [11.5104265, 46.6757685], [11.5103702, 46.6756526], [11.5102629, 46.6756581], [11.5102736, 46.6755164], [11.5104104, 46.675314], [11.5103165, 46.675279], [11.5102629, 46.675371], [11.5101771, 46.6753434], [11.5101529, 46.675279], [11.5103207, 46.6750635], [11.5101476, 46.6749827], [11.5101663, 46.674841], [11.5103568, 46.6748667], [11.5106759, 46.6749827], [11.511148, 46.674944]], [[11.508985, 46.675842], [11.5089624, 46.6762671], [11.5094345, 46.6761714], [11.5091985, 46.6767382], [11.5095965, 46.677351], [11.5080827, 46.6769737], [11.507837, 46.6771817], [11.5070312, 46.6766425], [11.5065055, 46.6764437], [11.5067416, 46.6762229], [11.5067523, 46.6759726], [11.5069883, 46.6759358], [11.5070645, 46.6760628], [11.5068274, 46.6763112], [11.5071707, 46.6763701], [11.507558, 46.676556], [11.507837, 46.6761806], [11.5073746, 46.6748831], [11.5070098, 46.6744856], [11.5063671, 46.6742445], [11.5062588, 46.6740734], [11.506645, 46.6738893], [11.5068821, 46.6736777], [11.5073005, 46.6735599], [11.507396, 46.6736979], [11.5070527, 46.6738157], [11.5070098, 46.6739261], [11.5075462, 46.6738452], [11.5079861, 46.6741764], [11.5079754, 46.6746476], [11.5081685, 46.6749052], [11.5082232, 46.6757168], [11.5088015, 46.675553], [11.508985, 46.675842]], [[11.5100777, 46.7003185], [11.5098363, 46.7005246], [11.5096056, 46.7004767], [11.5095413, 46.7003369], [11.5094715, 46.7002119], [11.509434, 46.70005], [11.5095091, 46.699855], [11.5096056, 46.6997262], [11.5097988, 46.6996674], [11.5097773, 46.699855], [11.5098149, 46.6999433], [11.5099221, 46.6999543], [11.5098578, 46.700142], [11.5099597, 46.7000573], [11.5100723, 46.7000205], [11.5100938, 46.6998513], [11.5102977, 46.6998955], [11.510303, 46.6997593], [11.5102655, 46.6996159], [11.5104103, 46.6994282], [11.5104961, 46.6992627], [11.5106517, 46.6991192], [11.5105873, 46.699259], [11.510641, 46.6993657], [11.5107322, 46.6994466], [11.510877, 46.6996416], [11.5108234, 46.6999212], [11.5107375, 46.7001493], [11.5105283, 46.7001787], [11.5105176, 46.7004216], [11.5103513, 46.7004179], [11.5100777, 46.7003185]], [[11.5180288, 46.5922248], [11.5182012, 46.592062], [11.518325, 46.592099], [11.5183681, 46.59231], [11.5180935, 46.5923544], [11.5180288, 46.5922248]], [[11.5174795, 46.5926282], [11.5169678, 46.5926356], [11.5165478, 46.5927282], [11.5168763, 46.5924173], [11.5169571, 46.5922655], [11.5172048, 46.5923359], [11.5173718, 46.5922396], [11.5176249, 46.5922989], [11.5174795, 46.5926282]], [[11.5188669, 46.5930878], [11.5190144, 46.5931964], [11.5189635, 46.5934072], [11.5185742, 46.5933812], [11.5185508, 46.5932941], [11.5187299, 46.5931204], [11.5188669, 46.5930878]], [[11.5168122, 46.5943049], [11.5166475, 46.5942809], [11.5164206, 46.5941814], [11.5162543, 46.5941818], [11.5161709, 46.5941001], [11.5162763, 46.5940592], [11.5163133, 46.5939105], [11.5165525, 46.5938093], [11.5167929, 46.5940115], [11.5167632, 46.5942146], [11.5169061, 46.5940818], [11.5169059, 46.5942299], [11.5169014, 46.5943002], [11.5168122, 46.5943049]], [[11.5138595, 46.5952355], [11.5137106, 46.5952099], [11.5137584, 46.5951083], [11.5135343, 46.59504], [11.5136217, 46.594917], [11.5136018, 46.5948525], [11.5134074, 46.5948096], [11.513095, 46.5948117], [11.5128594, 46.5942881], [11.5130735, 46.5941666], [11.5133906, 46.5941193], [11.5136718, 46.5941974], [11.5143086, 46.5942582], [11.514664, 46.5942145], [11.5150154, 46.5943233], [11.5153629, 46.5941678], [11.5153414, 46.5943306], [11.5154437, 46.5944121], [11.5154491, 46.5945379], [11.5152293, 46.5945037], [11.515029, 46.5946267], [11.5149159, 46.594734], [11.5147256, 46.5947509], [11.5146676, 46.5949065], [11.5145787, 46.5949682], [11.5145036, 46.5950845], [11.5142481, 46.5951041], [11.5140856, 46.5950603], [11.5139057, 46.5951062], [11.5138595, 46.5952355]], [[11.5175611, 46.5946816], [11.5173599, 46.5949193], [11.5172794, 46.5948695], [11.5173434, 46.5947694], [11.5171909, 46.5947258], [11.5172821, 46.5946668], [11.5175611, 46.5946816]], [[11.5123331, 46.6104143], [11.512343, 46.6103274], [11.5125536, 46.6103312], [11.5124572, 46.6101636], [11.5127182, 46.6099555], [11.5128043, 46.6098499], [11.5129766, 46.6098541], [11.5132793, 46.6100071], [11.5132596, 46.6101468], [11.5129799, 46.610031], [11.5129148, 46.6101123], [11.5129149, 46.6101509], [11.5128539, 46.6101884], [11.5127658, 46.6103643], [11.5126389, 46.6103502], [11.5126022, 46.6103846], [11.512674, 46.6104591], [11.5126287, 46.610497], [11.5123331, 46.6104143]], [[11.5145266, 46.6114471], [11.5146127, 46.6112443], [11.5149818, 46.6115781], [11.5149695, 46.6114175], [11.5148772, 46.6110626], [11.5153878, 46.6107288], [11.5156892, 46.6106189], [11.5158491, 46.6107964], [11.5157076, 46.6110077], [11.5152463, 46.6113415], [11.515357, 46.611464], [11.5156031, 46.6115316], [11.5153939, 46.6116584], [11.5149818, 46.6117218], [11.5145266, 46.6114471]], [[11.5198371, 46.6114949], [11.5202114, 46.6113868], [11.5205773, 46.6113985], [11.5207857, 46.6116206], [11.5209134, 46.611869], [11.521292, 46.6121291], [11.5215728, 46.6124359], [11.5213005, 46.6125294], [11.52156, 46.6128801], [11.5209261, 46.6131139], [11.5205943, 46.6130817], [11.5203518, 46.612845], [11.5202199, 46.6126142], [11.5200442, 46.6122191], [11.519692, 46.6118409], [11.5196754, 46.6116176], [11.5198371, 46.6114949]], [[11.5137112, 46.6129537], [11.5135411, 46.6129085], [11.5132898, 46.6124858], [11.5133091, 46.6123992], [11.5132413, 46.6123331], [11.5133857, 46.6122485], [11.5136471, 46.6123511], [11.5140144, 46.6125649], [11.5144992, 46.6128085], [11.5145979, 46.6130941], [11.5144916, 46.6130956], [11.5142326, 46.6133396], [11.5139669, 46.6134879], [11.5138297, 46.6133222], [11.5138566, 46.61323], [11.5136647, 46.6131329], [11.5137112, 46.6129537]], [[11.5128351, 46.6136573], [11.5127453, 46.61342], [11.5124418, 46.6132459], [11.5122287, 46.6131324], [11.5123737, 46.6129758], [11.5123908, 46.612851], [11.5125063, 46.6125947], [11.5126163, 46.6125707], [11.5129212, 46.6129177], [11.5127209, 46.6129742], [11.5125273, 46.6130808], [11.5127682, 46.6133323], [11.5129551, 46.6134222], [11.5130246, 46.6132579], [11.5130507, 46.6130816], [11.5132117, 46.6132489], [11.5132769, 46.6134222], [11.5132313, 46.6136172], [11.5132617, 46.6137349], [11.5131856, 46.6138173], [11.5128306, 46.6138652], [11.5128351, 46.6136573]], [[11.5157691, 46.6136781], [11.5160828, 46.6136696], [11.5159045, 46.6142527], [11.515437, 46.6142273], [11.5153939, 46.6136738], [11.5153447, 46.6133062], [11.5154124, 46.6128246], [11.5158737, 46.6128415], [11.515843, 46.6130147], [11.5155908, 46.6134034], [11.5157691, 46.6136781]], [[11.5139008, 46.6135926], [11.5139511, 46.6137598], [11.5139032, 46.6138435], [11.5136988, 46.6138584], [11.5134813, 46.6138375], [11.5134371, 46.6135251], [11.5134752, 46.6134603], [11.5134107, 46.613245], [11.5135128, 46.6132336], [11.5137162, 46.6134132], [11.5139008, 46.6135926]], [[11.5167989, 46.6143371], [11.5174357, 46.6141834], [11.5175923, 46.6139457], [11.5175903, 46.6137411], [11.5177069, 46.6136292], [11.5176951, 46.6131073], [11.5174183, 46.6126024], [11.5177822, 46.6124115], [11.5179314, 46.6127391], [11.5182605, 46.6132678], [11.5185734, 46.6138794], [11.5188374, 46.614322], [11.5185021, 46.6143674], [11.5184874, 46.6144682], [11.5180538, 46.6146163], [11.5180182, 46.6146284], [11.5178445, 46.6147044], [11.5175552, 46.6145513], [11.5168593, 46.6150716], [11.5167444, 46.614997], [11.5166391, 46.6145708], [11.5164466, 46.6147713], [11.5163074, 46.6148225], [11.5161738, 46.6144682], [11.5163081, 46.614313], [11.5165334, 46.6142058], [11.5165864, 46.6140735], [11.5167044, 46.6141155], [11.5167989, 46.6143371]], [[11.5127811, 46.6143663], [11.513313, 46.6139551], [11.5137408, 46.6139369], [11.5136617, 46.6141305], [11.5138249, 46.614211], [11.5139685, 46.6141064], [11.5141512, 46.6141333], [11.5144078, 46.6143544], [11.5143208, 46.6145037], [11.5142338, 46.6146501], [11.5142642, 46.6148802], [11.5143077, 46.6151013], [11.5142686, 46.6152716], [11.5145035, 46.6153881], [11.514684, 46.6154554], [11.5152715, 46.6154457], [11.5155125, 46.6153403], [11.5154556, 46.6155218], [11.5151972, 46.6157026], [11.5148986, 46.6158175], [11.5145809, 46.6158848], [11.5145052, 46.615717], [11.5143624, 46.6156375], [11.5142795, 46.6155107], [11.514025, 46.6155793], [11.5141033, 46.6152566], [11.5139119, 46.6150296], [11.5138928, 46.6149339], [11.5139525, 46.6147185], [11.513663, 46.6144532], [11.5135201, 46.614477], [11.5134691, 46.6146021], [11.513354, 46.6145725], [11.5132766, 46.6146226], [11.5133041, 46.6148498], [11.5131437, 46.6152649], [11.513158, 46.6149374], [11.5130811, 46.6149212], [11.5130068, 46.6150206], [11.5129449, 46.6149965], [11.5128595, 46.6150517], [11.5128942, 46.615403], [11.5129825, 46.615575], [11.5127575, 46.6157473], [11.5125288, 46.6156397], [11.5123307, 46.6156784], [11.5120495, 46.6156284], [11.5116111, 46.6156838], [11.5119954, 46.6152436], [11.5121215, 46.6152601], [11.5123665, 46.6151547], [11.5125639, 46.6149229], [11.512747, 46.6148046], [11.5127811, 46.6143663]], [[11.5145539, 46.6160166], [11.5148861, 46.6160266], [11.5149467, 46.616209], [11.514803, 46.6162477], [11.5144537, 46.6162124], [11.5143773, 46.6161619], [11.5145539, 46.6160166]], [[11.519021, 46.6155441], [11.5196202, 46.6158479], [11.5200209, 46.6158078], [11.5206314, 46.615461], [11.5206345, 46.6150989], [11.5208761, 46.6149205], [11.5209621, 46.6149875], [11.5213763, 46.6150506], [11.5218017, 46.6152849], [11.521862, 46.6156409], [11.5218054, 46.6158752], [11.5213774, 46.6158832], [11.5208899, 46.6160716], [11.5208367, 46.6161642], [11.5208511, 46.6164337], [11.5211113, 46.6166073], [11.5213361, 46.6169365], [11.5210868, 46.6170884], [11.5203984, 46.6173688], [11.5204134, 46.6170936], [11.5203217, 46.6168924], [11.5204337, 46.6166278], [11.5202258, 46.6165244], [11.519997, 46.616549], [11.5199788, 46.6162891], [11.520329, 46.6159916], [11.5202849, 46.6159093], [11.5204693, 46.6157707], [11.5202798, 46.6157383], [11.5200915, 46.6159011], [11.5191662, 46.6163844], [11.5187724, 46.616424], [11.5183861, 46.6165213], [11.5182695, 46.6164974], [11.5182422, 46.6164174], [11.5187955, 46.6160791], [11.5189212, 46.6159327], [11.519021, 46.6155441]], [[11.5120841, 46.6170871], [11.5119097, 46.6171534], [11.5118293, 46.6169545], [11.5121906, 46.6168797], [11.5123711, 46.6169231], [11.5124006, 46.6170226], [11.5122015, 46.6171485], [11.5120841, 46.6170871]], [[11.5160338, 46.6190618], [11.5158764, 46.6191449], [11.5163258, 46.6193778], [11.5166726, 46.6194655], [11.5165079, 46.6197891], [11.5166825, 46.619933], [11.5162029, 46.6202259], [11.515563, 46.6200614], [11.5155647, 46.6198925], [11.5156821, 46.6198202], [11.5159856, 46.6197287], [11.5161063, 46.6195203], [11.5156444, 46.6192432], [11.5156583, 46.6191035], [11.5156831, 46.6189643], [11.515849, 46.6188374], [11.5159206, 46.6186491], [11.5161292, 46.6185222], [11.5165225, 46.6184526], [11.5170291, 46.6185099], [11.5171364, 46.6184117], [11.5174225, 46.6184976], [11.5177741, 46.6187514], [11.5183112, 46.6188739], [11.5187301, 46.6190178], [11.5188286, 46.6190138], [11.5188149, 46.6191444], [11.5189163, 46.6191755], [11.5190059, 46.6191262], [11.518957, 46.6190055], [11.5192934, 46.6189953], [11.5197034, 46.6187784], [11.5196622, 46.6186487], [11.5193669, 46.6186043], [11.5191363, 46.6186655], [11.5189199, 46.6186159], [11.5186768, 46.6187163], [11.5187422, 46.6186211], [11.5184584, 46.6187163], [11.5182811, 46.6186471], [11.5180766, 46.6186773], [11.517895, 46.6186085], [11.5175332, 46.6183708], [11.5172949, 46.6183046], [11.5171372, 46.6181796], [11.5177563, 46.6179777], [11.5183566, 46.6178365], [11.5185401, 46.6179852], [11.5188106, 46.6177908], [11.5191021, 46.6180265], [11.5194382, 46.6179362], [11.5196279, 46.6180438], [11.5199973, 46.6179695], [11.5202774, 46.6180842], [11.5203341, 46.6183435], [11.520023, 46.6186659], [11.5200881, 46.6186879], [11.5203574, 46.6185458], [11.5205676, 46.6184891], [11.5208483, 46.6185573], [11.5210022, 46.6187176], [11.521264, 46.6186918], [11.5213847, 46.6190073], [11.5212929, 46.6190986], [11.5210953, 46.6191871], [11.5210162, 46.619297], [11.5208811, 46.6193102], [11.5207184, 46.6193], [11.5204992, 46.6191147], [11.5202863, 46.6190778], [11.5200884, 46.6189583], [11.520039, 46.6189602], [11.519994, 46.6190456], [11.5200565, 46.6191582], [11.5199481, 46.6195244], [11.5197589, 46.619562], [11.5193806, 46.6194758], [11.5193953, 46.6192345], [11.5193466, 46.6190934], [11.5192304, 46.6191104], [11.5192245, 46.6193258], [11.5189624, 46.6193004], [11.5185628, 46.6193214], [11.5184666, 46.6194154], [11.5183112, 46.6193786], [11.5182027, 46.6194737], [11.5178925, 46.6194119], [11.5175274, 46.6194512], [11.5172792, 46.6194194], [11.5169573, 46.6194341], [11.5168014, 46.6193406], [11.5167642, 46.6192982], [11.5167146, 46.6190818], [11.5166104, 46.6190489], [11.5163584, 46.6190962], [11.5161815, 46.619066], [11.5160338, 46.6190618]], [[11.5149251, 46.6206999], [11.514656, 46.6207819], [11.5144173, 46.620928], [11.5142685, 46.6208908], [11.5138181, 46.6210104], [11.5138107, 46.6209415], [11.5136252, 46.6209592], [11.5134485, 46.6210551], [11.5132065, 46.621066], [11.5130792, 46.6211363], [11.5130876, 46.6209996], [11.5132966, 46.6208388], [11.5133489, 46.6205134], [11.5135312, 46.6203919], [11.5134177, 46.6203167], [11.5136438, 46.6201105], [11.513757, 46.6200532], [11.5138885, 46.6201571], [11.5139841, 46.6201746], [11.5146332, 46.6198281], [11.5148358, 46.6193819], [11.5148231, 46.6192073], [11.514695, 46.6192154], [11.5147571, 46.6189991], [11.5146526, 46.6188961], [11.5148872, 46.6187895], [11.5146034, 46.6186123], [11.5147901, 46.618463], [11.514837, 46.6183042], [11.5152083, 46.6183597], [11.515431, 46.6184467], [11.5154755, 46.6186434], [11.5157695, 46.6187865], [11.5154481, 46.6190761], [11.5154305, 46.6191429], [11.5153311, 46.6192073], [11.51524, 46.6195029], [11.5153208, 46.6195411], [11.5154212, 46.6195257], [11.5154358, 46.6197241], [11.5151541, 46.6199793], [11.5151702, 46.6202288], [11.5151218, 46.6204141], [11.5149827, 46.620495], [11.5149251, 46.6206999]], [[11.5177061, 46.6220097], [11.5176149, 46.6216597], [11.5178723, 46.6213687], [11.5178992, 46.6216118], [11.5179796, 46.6215676], [11.5179904, 46.6219324], [11.5179314, 46.6220392], [11.5179099, 46.622194], [11.5178187, 46.6222161], [11.5177543, 46.622194], [11.5176739, 46.622205], [11.5176095, 46.6221682], [11.5177061, 46.6220097]], [[11.5137543, 46.6268909], [11.51337, 46.6271336], [11.5131452, 46.6271117], [11.5131232, 46.6269645], [11.513427, 46.6266348], [11.5133541, 46.6262973], [11.5138285, 46.6263655], [11.5139812, 46.6264961], [11.5140111, 46.6266027], [11.5139989, 46.6266459], [11.5137543, 46.6268909]], [[11.517889, 46.6268344], [11.5182571, 46.6268014], [11.5183905, 46.6269407], [11.518097, 46.6272558], [11.5178729, 46.6274573], [11.5177929, 46.6275635], [11.5177075, 46.6279959], [11.5177822, 46.6281791], [11.5181344, 46.628344], [11.5184812, 46.6286444], [11.5185132, 46.6288789], [11.5191535, 46.6290548], [11.5190574, 46.6292453], [11.5186893, 46.6294578], [11.5184065, 46.6291977], [11.5180704, 46.6293003], [11.5179555, 46.6297238], [11.5177822, 46.6299561], [11.5179949, 46.6300889], [11.518018, 46.6303252], [11.5175558, 46.6305164], [11.5174301, 46.6304764], [11.5175859, 46.6299594], [11.5174601, 46.6297807], [11.5166885, 46.6295531], [11.5161383, 46.6296835], [11.5158475, 46.6299017], [11.5157356, 46.6298627], [11.5157006, 46.629677], [11.5155324, 46.629668], [11.5154675, 46.6294219], [11.5154624, 46.6292082], [11.5156405, 46.6289727], [11.515479, 46.6289832], [11.5153779, 46.6290112], [11.5153057, 46.6288329], [11.5154841, 46.6284499], [11.5157319, 46.6282247], [11.5156327, 46.628081], [11.5157486, 46.6278498], [11.5156767, 46.6277109], [11.5157142, 46.6274877], [11.5158341, 46.6272854], [11.51563, 46.6272302], [11.515552, 46.6271019], [11.5158929, 46.6270023], [11.5164164, 46.6266585], [11.5167845, 46.6265742], [11.5173661, 46.6266439], [11.5175545, 46.6266076], [11.517889, 46.6268344]], [[11.5192118, 46.6310155], [11.519141, 46.631187], [11.5189789, 46.6311499], [11.5189621, 46.6309436], [11.5190701, 46.6308185], [11.5191646, 46.630837], [11.5192118, 46.6310155]], [[11.5192726, 46.631231], [11.51933, 46.6310433], [11.5194312, 46.6309599], [11.5195509, 46.6310784], [11.5195595, 46.6312055], [11.5194954, 46.6312867], [11.5193874, 46.6312774], [11.5192726, 46.631231]], [[11.5182398, 46.6310549], [11.5183815, 46.631136], [11.5183535, 46.6314131], [11.5179564, 46.6312876], [11.5182398, 46.6310549]], [[11.509619, 46.6345614], [11.5100352, 46.6340742], [11.5093959, 46.6339622], [11.5092276, 46.6338306], [11.5088886, 46.6337654], [11.5089681, 46.6339643], [11.5090492, 46.634137], [11.5085663, 46.634743], [11.50839, 46.634747], [11.5082466, 46.6347078], [11.5080384, 46.6347483], [11.5076168, 46.6346518], [11.5078823, 46.6343857], [11.508019, 46.6341242], [11.5080914, 46.6339292], [11.5081838, 46.6338031], [11.5083012, 46.6336565], [11.5083172, 46.6334257], [11.5086351, 46.6332939], [11.5088511, 46.6332599], [11.5087658, 46.6334538], [11.50884, 46.6336529], [11.5091015, 46.6334953], [11.5096083, 46.6333158], [11.5100565, 46.6335466], [11.5105154, 46.6336638], [11.5108248, 46.6332572], [11.511337, 46.6328285], [11.5118438, 46.6326781], [11.5121694, 46.6326344], [11.5121427, 46.6330777], [11.5123348, 46.6330703], [11.5126389, 46.6328395], [11.5127883, 46.6326563], [11.5131831, 46.6324658], [11.5138394, 46.6317661], [11.5141435, 46.6315609], [11.5142502, 46.6313301], [11.5146023, 46.6309307], [11.5153333, 46.6307439], [11.5156854, 46.6302822], [11.5161443, 46.6304104], [11.5166245, 46.6303848], [11.5169286, 46.6304947], [11.5172754, 46.6305204], [11.5176435, 46.6306962], [11.5178783, 46.630568], [11.5177396, 46.6309857], [11.5173482, 46.631242], [11.5172753, 46.6313965], [11.5172513, 46.6314444], [11.5175638, 46.6314363], [11.5176873, 46.6317359], [11.5180302, 46.6318444], [11.5181639, 46.6320263], [11.5178381, 46.6321459], [11.5177311, 46.6323724], [11.5169017, 46.6326306], [11.5167481, 46.6324606], [11.5164127, 46.6324705], [11.5161999, 46.6326526], [11.5162136, 46.6330264], [11.516315, 46.6332718], [11.5162937, 46.6334514], [11.5161603, 46.6335979], [11.516147, 46.6334322], [11.5159582, 46.6332528], [11.5153366, 46.6330561], [11.5152234, 46.633126], [11.5148508, 46.6331537], [11.5147033, 46.6330929], [11.513866, 46.633532], [11.5137946, 46.633789], [11.5135559, 46.6338902], [11.5134392, 46.6340742], [11.5134236, 46.6341929], [11.5131163, 46.6341634], [11.5129217, 46.6342683], [11.5126298, 46.6342437], [11.5123157, 46.6340577], [11.5122457, 46.6340632], [11.5121989, 46.6342387], [11.5120748, 46.6341789], [11.5120253, 46.6344039], [11.5119064, 46.634552], [11.5117622, 46.6347087], [11.5114971, 46.6347116], [11.5111946, 46.6345973], [11.5110166, 46.6347125], [11.5108914, 46.6346729], [11.5107496, 46.634544], [11.510591, 46.6346912], [11.509619, 46.6345614]], [[11.5124728, 46.6355031], [11.5121809, 46.6355775], [11.5119548, 46.6356874], [11.5117476, 46.6356324], [11.5118136, 46.6354417], [11.5121856, 46.6352671], [11.5124399, 46.6351345], [11.5127397, 46.6351942], [11.5128154, 46.6354136], [11.5124728, 46.6355031]], [[11.511765, 46.6366939], [11.5117184, 46.6365968], [11.5113992, 46.6363664], [11.5114698, 46.6362694], [11.5115593, 46.6361271], [11.5116786, 46.6361076], [11.5118548, 46.6364119], [11.5119179, 46.6364741], [11.5118863, 46.6365575], [11.5119681, 46.6365709], [11.5120037, 46.6365405], [11.5122746, 46.6364576], [11.5123175, 46.6363858], [11.5125991, 46.6362514], [11.5128239, 46.6360084], [11.5130479, 46.6359712], [11.5132686, 46.6358242], [11.5134005, 46.6355257], [11.5135229, 46.6354772], [11.5134758, 46.6358523], [11.5135024, 46.6358906], [11.5131769, 46.6362235], [11.5132969, 46.6364181], [11.513138, 46.6365148], [11.512939, 46.6363308], [11.5128416, 46.6363885], [11.512755, 46.6363367], [11.5127907, 46.6362889], [11.5127306, 46.6362606], [11.5126852, 46.6362638], [11.5126316, 46.6363633], [11.5124409, 46.6364319], [11.5123416, 46.6365442], [11.5124277, 46.6365327], [11.5126179, 46.6364208], [11.5126608, 46.6364392], [11.5125964, 46.6365774], [11.5125133, 46.6366234], [11.5125189, 46.6368016], [11.5123926, 46.6368278], [11.5123363, 46.6368057], [11.5124409, 46.6366786], [11.5124436, 46.636616], [11.5123416, 46.6365755], [11.5122853, 46.6365902], [11.5123416, 46.6364963], [11.5121727, 46.6365902], [11.5118776, 46.6367196], [11.511765, 46.6366939]], [[11.5125079, 46.6370415], [11.5124462, 46.6369696], [11.5125589, 46.636861], [11.5125511, 46.6369102], [11.512642, 46.6369383], [11.5126555, 46.6370083], [11.5125535, 46.6369899], [11.5125079, 46.6370415]], [[11.5147154, 46.6374098], [11.5144472, 46.6375166], [11.5143157, 46.6376253], [11.5143104, 46.6377137], [11.5145491, 46.6377579], [11.5146135, 46.6378591], [11.514541, 46.6378923], [11.514356, 46.6379457], [11.5143479, 46.6378831], [11.5142996, 46.6378334], [11.514257, 46.6375419], [11.514297, 46.6374485], [11.5144364, 46.637419], [11.5144713, 46.6372974], [11.5148924, 46.6373177], [11.5147154, 46.6374098]], [[11.5145024, 46.6400749], [11.5134193, 46.639868], [11.513975, 46.6391696], [11.5143329, 46.6392084], [11.5143894, 46.6394218], [11.5146248, 46.6393248], [11.5148603, 46.6392472], [11.5156702, 46.6395964], [11.5155007, 46.6399068], [11.5151993, 46.6398098], [11.5148885, 46.6398162], [11.5145024, 46.6400749]], [[11.5146073, 46.6400634], [11.5146947, 46.6400096], [11.5147429, 46.6399731], [11.5148251, 46.6399672], [11.5148827, 46.6399675], [11.5149324, 46.6399843], [11.5152613, 46.6400682], [11.5156831, 46.6402808], [11.5158871, 46.6405838], [11.5158475, 46.6406591], [11.5157279, 46.6405855], [11.5155988, 46.6405048], [11.5155326, 46.6405339], [11.5154555, 46.6405196], [11.5151134, 46.6403348], [11.5147178, 46.6401957], [11.5146583, 46.6401598], [11.514629, 46.640122], [11.5146073, 46.6400634]], [[11.5167721, 46.6431527], [11.516273, 46.6434242], [11.5158586, 46.6433014], [11.5156608, 46.6430104], [11.5156796, 46.6424285], [11.5160281, 46.6419306], [11.5162918, 46.6417948], [11.5168569, 46.64195], [11.5172618, 46.642144], [11.5174314, 46.6425578], [11.5172713, 46.6427259], [11.5171488, 46.6430234], [11.5167721, 46.6431527]], [[11.519272, 46.6580967], [11.5202162, 46.657839], [11.5210101, 46.6577286], [11.5210423, 46.6580231], [11.5215036, 46.6579863], [11.5210959, 46.65873], [11.5206561, 46.6587374], [11.5188643, 46.6582956], [11.5190253, 46.6580673], [11.5182839, 46.6580643], [11.5176198, 46.6575886], [11.5170072, 46.6576667], [11.5169428, 46.6574237], [11.5172121, 46.6568891], [11.5175876, 46.6569774], [11.5180811, 46.6572131], [11.5179631, 46.6576917], [11.518167, 46.6578243], [11.518285, 46.6572499], [11.5186069, 46.6572499], [11.5184137, 46.6579127], [11.5185843, 46.657976], [11.5189394, 46.6571174], [11.5194973, 46.6574414], [11.519272, 46.6580967]], [[11.5210949, 46.6596991], [11.5207837, 46.6602292], [11.5197978, 46.6606151], [11.5196787, 46.6610245], [11.5202054, 46.6607476], [11.520935, 46.6603426], [11.5205048, 46.6614589], [11.5197334, 46.6614177], [11.5191326, 46.660512], [11.5195403, 46.6602764], [11.5192506, 46.6600334], [11.5201303, 46.6595032], [11.5207204, 46.6593265], [11.5210949, 46.6596991]], [[11.5139827, 46.6599966], [11.514369, 46.6600481], [11.5153882, 46.6608065], [11.5150771, 46.6610569], [11.5147327, 46.661562], [11.5140471, 46.6613588], [11.5135203, 46.6614], [11.5126631, 46.6609538], [11.5132317, 46.6609096], [11.5137145, 46.6611894], [11.5143368, 46.6610201], [11.5139387, 46.6608036], [11.5139827, 46.6599966]], [[11.5201506, 46.6671309], [11.5201185, 46.6667186], [11.5203545, 46.6666744], [11.5204296, 46.6668438], [11.520848, 46.6675359], [11.5210197, 46.6680733], [11.5211806, 46.6686181], [11.5210411, 46.6688832], [11.5205321, 46.6688187], [11.5201539, 46.6681418], [11.5198932, 46.6682574], [11.5200648, 46.668412], [11.5199253, 46.6685298], [11.5196357, 46.6684562], [11.5193674, 46.6683163], [11.5190563, 46.6683457], [11.5186701, 46.6684414], [11.5176571, 46.6686631], [11.5181658, 46.6686697], [11.5186164, 46.6687433], [11.5188632, 46.6688758], [11.5192816, 46.6688979], [11.5192065, 46.6695605], [11.5190241, 46.6700832], [11.519067, 46.6703261], [11.5197322, 46.6701863], [11.5203438, 46.670385], [11.5208266, 46.6706943], [11.5213845, 46.6708783], [11.5218565, 46.6708341], [11.5223393, 46.6707163], [11.5225419, 46.6708206], [11.5228474, 46.6709203], [11.5232978, 46.6709058], [11.523498, 46.6708268], [11.5240023, 46.6707384], [11.5245173, 46.6708636], [11.5247962, 46.6710992], [11.5247855, 46.6714967], [11.5245602, 46.6717691], [11.5240774, 46.6720636], [11.5236375, 46.6723139], [11.5232298, 46.6725642], [11.522908, 46.6726599], [11.5226076, 46.6725421], [11.5221503, 46.6728011], [11.52184, 46.6729741], [11.5216895, 46.6730368], [11.521388, 46.6730299], [11.5208682, 46.6727641], [11.5206424, 46.6725217], [11.5208909, 46.6723654], [11.5197792, 46.6717666], [11.5194571, 46.6716788], [11.5192538, 46.6713506], [11.5191696, 46.6711007], [11.5188289, 46.6709831], [11.5185516, 46.6707769], [11.5181104, 46.6705228], [11.5176174, 46.6703753], [11.5170919, 46.6703533], [11.5165389, 46.6704751], [11.5161089, 46.6704806], [11.5158055, 46.6705176], [11.5158055, 46.670363], [11.5158278, 46.6702187], [11.5159863, 46.670081], [11.5162063, 46.6699132], [11.5164809, 46.6698158], [11.5167011, 46.6697897], [11.5169887, 46.6696192], [11.5171346, 46.6694107], [11.517034, 46.6689762], [11.5172896, 46.6688258], [11.5172773, 46.6684858], [11.517962, 46.6682206], [11.5181229, 46.6680291], [11.5183053, 46.6678598], [11.5188632, 46.6675874], [11.5187881, 46.6674181], [11.5187023, 46.6671309], [11.5189383, 46.666991], [11.5192172, 46.6670573], [11.5195069, 46.6670278], [11.5196678, 46.6668438], [11.5199039, 46.6667996], [11.5199253, 46.6670352], [11.5201506, 46.6671309]], [[11.5120534, 46.6721464], [11.5124171, 46.6724243], [11.5118485, 46.672844], [11.5116446, 46.6727924], [11.5117412, 46.6725348], [11.5117315, 46.6722642], [11.5120534, 46.6721464]], [[11.5173981, 46.6733403], [11.5173504, 46.6735212], [11.5170607, 46.6737126], [11.5167389, 46.6736905], [11.5159664, 46.6737347], [11.5155372, 46.6736095], [11.5151188, 46.6736463], [11.5147648, 46.6735801], [11.5148184, 46.6732341], [11.5149472, 46.6730353], [11.5153468, 46.6725808], [11.5153549, 46.6723654], [11.5158162, 46.6721151], [11.5165136, 46.6718427], [11.5169749, 46.6716587], [11.5173182, 46.6715188], [11.5175686, 46.6714174], [11.5176657, 46.6715168], [11.5178439, 46.6715703], [11.5182624, 46.6716292], [11.5191421, 46.6719163], [11.5196678, 46.6721372], [11.5198717, 46.6724685], [11.5201077, 46.6726231], [11.5201936, 46.6728734], [11.5201828, 46.6731384], [11.5205476, 46.6734108], [11.5206429, 46.6738877], [11.5200381, 46.6737175], [11.5196036, 46.6736365], [11.5195392, 46.6734718], [11.5193863, 46.6733107], [11.5191838, 46.6732445], [11.5188566, 46.6732491], [11.5184596, 46.6732288], [11.518277, 46.673134], [11.5181826, 46.6731965], [11.5180522, 46.6732626], [11.5177976, 46.6733137], [11.5173981, 46.6733403]], [[11.5119558, 46.6777982], [11.5107649, 46.6775994], [11.5110975, 46.6774669], [11.5119247, 46.6774393], [11.5126102, 46.6777614], [11.5129868, 46.6780945], [11.5131156, 46.6784478], [11.5124493, 46.678446], [11.512386, 46.6783153], [11.5119558, 46.6777982]], [[11.5213272, 46.6872784], [11.5213966, 46.6874552], [11.5209919, 46.6876041], [11.5209275, 46.6877991], [11.5209168, 46.6883621], [11.5207532, 46.68857], [11.5203831, 46.688559], [11.5201897, 46.6886659], [11.5201148, 46.6890705], [11.5200467, 46.6891314], [11.5201899, 46.6892434], [11.5203079, 46.6891772], [11.5203294, 46.6893833], [11.5205118, 46.6892876], [11.5204525, 46.6895638], [11.5202006, 46.6895194], [11.5200451, 46.6893281], [11.5198393, 46.6893172], [11.5197283, 46.6894166], [11.5196642, 46.6895121], [11.5192887, 46.6896556], [11.519219, 46.6897917], [11.5187791, 46.6897991], [11.5186181, 46.689582], [11.5185269, 46.6893097], [11.5185538, 46.68903], [11.5185707, 46.6889768], [11.5182909, 46.6889785], [11.5180602, 46.6891515], [11.5177437, 46.6893391], [11.5175506, 46.6893612], [11.5172234, 46.6894753], [11.5171695, 46.6896079], [11.5169444, 46.6895599], [11.5172288, 46.6891993], [11.5174541, 46.6886731], [11.5178618, 46.6887577], [11.5182585, 46.6887469], [11.5183389, 46.6888057], [11.5186289, 46.6887945], [11.5194467, 46.6886843], [11.5199941, 46.6886271], [11.5198275, 46.6883292], [11.520246, 46.6884138], [11.5204471, 46.6882979], [11.520501, 46.68818], [11.5202326, 46.688125], [11.5203988, 46.687757], [11.5207639, 46.6876501], [11.5206459, 46.6874624], [11.5206834, 46.6870834], [11.5204099, 46.6873226], [11.5202566, 46.6872682], [11.5201253, 46.6870541], [11.5204206, 46.6869656], [11.5206188, 46.6866677], [11.520946, 46.6872344], [11.5213272, 46.6872784]], [[11.5166008, 46.6889677], [11.5165581, 46.6892143], [11.5163433, 46.6894607], [11.5161824, 46.6895564], [11.5161502, 46.6894129], [11.5160644, 46.6892179], [11.515941, 46.6890008], [11.5160108, 46.6887984], [11.5162682, 46.6885518], [11.5166008, 46.6885776], [11.5165794, 46.6886291], [11.5166008, 46.6889677]], [[11.5125185, 46.6892289], [11.5129209, 46.6891075], [11.5130496, 46.6891259], [11.5130764, 46.6893835], [11.5127063, 46.6894534], [11.512481, 46.6893835], [11.5125185, 46.6892289]], [[11.5146857, 46.6891737], [11.5145141, 46.6893467], [11.5147608, 46.6895601], [11.5143102, 46.6896263], [11.5140796, 46.6895049], [11.5138382, 46.6894828], [11.5137953, 46.6892547], [11.5140903, 46.6891148], [11.5142727, 46.6891443], [11.5146857, 46.6891737]], [[11.5201899, 46.6901671], [11.5201094, 46.6900787], [11.5202328, 46.6899794], [11.5203294, 46.690053], [11.5205222, 46.6901562], [11.5206939, 46.6901893], [11.5206083, 46.6903731], [11.5204206, 46.6903805], [11.5202433, 46.6903181], [11.5201899, 46.6901671]], [[11.5139514, 46.6908402], [11.5130716, 46.6908918], [11.512739, 46.6908108], [11.5127712, 46.6902221], [11.5141981, 46.6902441], [11.5142196, 46.6905312], [11.5139514, 46.6908402]], [[11.5193316, 46.6903069], [11.5196425, 46.6905168], [11.5193852, 46.690719], [11.5196374, 46.6908552], [11.5195408, 46.6910906], [11.5191975, 46.6910171], [11.5191063, 46.6911127], [11.5190578, 46.6909952], [11.5189078, 46.6910023], [11.5190151, 46.6908552], [11.5191382, 46.6908885], [11.519235, 46.6908294], [11.5193048, 46.6905571], [11.5193316, 46.6903069]], [[11.5174541, 46.6911679], [11.5170785, 46.6909324], [11.5172929, 46.6908075], [11.5176952, 46.6909289], [11.5178078, 46.6909436], [11.517545, 46.6911865], [11.5176364, 46.6913813], [11.5177381, 46.691422], [11.5175989, 46.6915248], [11.5175667, 46.6914513], [11.5174326, 46.6914329], [11.517395, 46.6912746], [11.5174541, 46.6911679]], [[11.5202382, 46.6911054], [11.5201524, 46.6914696], [11.5198734, 46.6916463], [11.5198573, 46.6918229], [11.519278, 46.6920731], [11.519235, 46.6924374], [11.5191543, 46.6924376], [11.5190473, 46.6922276], [11.5187952, 46.6921688], [11.5194389, 46.6917309], [11.5196052, 46.6914954], [11.5197876, 46.6914218], [11.5201631, 46.6908772], [11.5204206, 46.6909471], [11.5204313, 46.6910207], [11.5202382, 46.6911054]], [[11.5177864, 46.6959588], [11.5180546, 46.6957785], [11.517958, 46.695598], [11.517899, 46.6953662], [11.5176791, 46.6952117], [11.5181404, 46.6951346], [11.5189236, 46.6954142], [11.5182477, 46.6959882], [11.518017, 46.6962126], [11.5177864, 46.6959588]], [[11.5139776, 46.6960894], [11.5141064, 46.6961593], [11.5136558, 46.6962752], [11.5134144, 46.6963414], [11.5132347, 46.6964297], [11.513063, 46.6965327], [11.512886, 46.6964757], [11.5126339, 46.6964481], [11.5123925, 46.6964665], [11.5123951, 46.6963064], [11.512607, 46.6962108], [11.5128404, 46.6961593], [11.5131488, 46.6960636], [11.5132776, 46.6962126], [11.5134251, 46.6962402], [11.5135941, 46.6961685], [11.5135163, 46.6960967], [11.5135002, 46.6960379], [11.5135941, 46.6960103], [11.5136933, 46.6960526], [11.5139776, 46.6960894]], [[11.5158015, 46.6988377], [11.5157023, 46.6987218], [11.515713, 46.6986023], [11.5156031, 46.698525], [11.5157774, 46.6983484], [11.5158176, 46.6982656], [11.5158391, 46.6981442], [11.5157908, 46.6979823], [11.5160268, 46.6978388], [11.5161234, 46.6978315], [11.5161046, 46.6979032], [11.5161127, 46.6980982], [11.5161315, 46.6982472], [11.5159625, 46.6985066], [11.5159303, 46.6985765], [11.5160349, 46.6986758], [11.5160698, 46.6987807], [11.5159222, 46.6987825], [11.5158015, 46.6988377]], [[11.5220209, 46.5915825], [11.5218597, 46.5915201], [11.5219536, 46.591437], [11.5220642, 46.591408], [11.5220209, 46.5915825]], [[11.5224151, 46.5920383], [11.5222778, 46.5919376], [11.5222669, 46.591678], [11.5224812, 46.5917131], [11.5226544, 46.5919801], [11.5225255, 46.592012], [11.5224151, 46.5920383]], [[11.5279116, 46.5973705], [11.5277775, 46.5973263], [11.5277989, 46.5972489], [11.5279947, 46.5970277], [11.5280802, 46.597128], [11.5280511, 46.5972452], [11.5279116, 46.5973705]], [[11.5267039, 46.599144], [11.5265362, 46.5993642], [11.5267336, 46.5994299], [11.5268784, 46.5995754], [11.5267357, 46.5995882], [11.5268979, 46.5997042], [11.5268805, 46.5998121], [11.5265653, 46.5998168], [11.5263766, 46.5997854], [11.52635, 46.5996418], [11.5262015, 46.5995105], [11.5262101, 46.5994426], [11.5264293, 46.5995789], [11.5266177, 46.5994444], [11.5264544, 46.5993668], [11.5265311, 46.5992929], [11.5264169, 46.5992934], [11.5262427, 46.5992326], [11.5266531, 46.5990483], [11.5269237, 46.5991204], [11.5268563, 46.5992047], [11.5267039, 46.599144]], [[11.5281466, 46.5999725], [11.5280357, 46.5999162], [11.5282093, 46.5997373], [11.5286914, 46.5999261], [11.5286624, 46.6000056], [11.5283587, 46.5999857], [11.5281466, 46.5999725]], [[11.5294504, 46.6004074], [11.5295683, 46.6003695], [11.5296315, 46.6005323], [11.5295881, 46.6005488], [11.5294504, 46.6004074]], [[11.529553, 46.6037766], [11.529595, 46.6039332], [11.5295504, 46.6040359], [11.5294471, 46.6040812], [11.5293188, 46.6040995], [11.5291984, 46.6040812], [11.5291138, 46.6039904], [11.5291071, 46.6038711], [11.528664, 46.6037475], [11.5288003, 46.6035261], [11.529073, 46.6035331], [11.5292162, 46.6033715], [11.5293798, 46.6036104], [11.5294276, 46.6035893], [11.5292328, 46.6028334], [11.5291015, 46.6027883], [11.5291229, 46.6026917], [11.5289917, 46.6026161], [11.5289357, 46.6026548], [11.5289234, 46.6027272], [11.5288068, 46.6026678], [11.528845, 46.6027875], [11.528867, 46.6029074], [11.5284746, 46.6026482], [11.5282077, 46.6024031], [11.5283568, 46.6023362], [11.5284322, 46.6023522], [11.5284683, 46.6023005], [11.5287643, 46.602182], [11.5288769, 46.6021928], [11.5290538, 46.6023342], [11.5289869, 46.6021196], [11.5291798, 46.6020488], [11.5297173, 46.6019358], [11.5299422, 46.6022447], [11.5299136, 46.6022934], [11.5298738, 46.6023005], [11.5298349, 46.6022811], [11.5295503, 46.6023577], [11.5294947, 46.6024374], [11.5294575, 46.6024741], [11.5295897, 46.6024954], [11.5297297, 46.6025112], [11.5299599, 46.602605], [11.5301314, 46.6029145], [11.5301366, 46.6033551], [11.5299525, 46.6034769], [11.5298534, 46.6033893], [11.5297721, 46.6035246], [11.5295951, 46.6033532], [11.5295767, 46.6035891], [11.529553, 46.6037766]], [[11.528781, 46.6031688], [11.5287135, 46.6032847], [11.5286452, 46.6033493], [11.528597, 46.6033437], [11.5286053, 46.6032055], [11.5285624, 46.6032056], [11.5285038, 46.6032665], [11.5284025, 46.6031075], [11.5282796, 46.6029618], [11.5283688, 46.6029154], [11.5284025, 46.6029535], [11.5284483, 46.6030463], [11.5285472, 46.6031821], [11.5286002, 46.6031224], [11.5285423, 46.6030032], [11.5284893, 46.602884], [11.5287569, 46.6030512], [11.528781, 46.6031688]], [[11.5302253, 46.6034254], [11.5304264, 46.60332], [11.5305321, 46.6034254], [11.5305423, 46.6035401], [11.5303781, 46.6035914], [11.530266, 46.6037513], [11.5302194, 46.6039483], [11.530113, 46.6039613], [11.5299707, 46.603963], [11.5299116, 46.603765], [11.5301264, 46.6035776], [11.5302253, 46.6034254]], [[11.5272731, 46.6048338], [11.5273792, 46.6047676], [11.5277456, 46.604708], [11.5282084, 46.6045689], [11.5284109, 46.6047279], [11.5280638, 46.6047742], [11.5276878, 46.6049266], [11.5272731, 46.6048338]], [[11.5330078, 46.613382], [11.5330353, 46.6132652], [11.5331056, 46.6131447], [11.5333756, 46.6133501], [11.5333687, 46.6133837], [11.533452, 46.6134484], [11.5333002, 46.6135276], [11.5332439, 46.6135155], [11.5331741, 46.6135239], [11.5330373, 46.6134281], [11.5330078, 46.613382]], [[11.5338474, 46.6142019], [11.5339002, 46.6143397], [11.533791, 46.6144746], [11.5336113, 46.6145501], [11.5333451, 46.6141943], [11.5333101, 46.6143103], [11.533344, 46.6144149], [11.5334135, 46.6146297], [11.5331559, 46.6146207], [11.5329775, 46.6142734], [11.5330296, 46.6141751], [11.53284, 46.6139904], [11.5328139, 46.6139385], [11.5328031, 46.6138293], [11.5328354, 46.6137546], [11.5329187, 46.6137717], [11.5330549, 46.6139653], [11.5331311, 46.6139624], [11.533123, 46.6138869], [11.5332474, 46.6138901], [11.5333419, 46.6138363], [11.5332757, 46.6137549], [11.5333657, 46.6136801], [11.533711, 46.6138715], [11.534117, 46.6141683], [11.5341069, 46.6142201], [11.5339052, 46.6141647], [11.5338474, 46.6142019]], [[11.5305171, 46.614877], [11.5303009, 46.6147963], [11.5301876, 46.6145557], [11.5301245, 46.6143934], [11.5304688, 46.6141806], [11.5305415, 46.6141281], [11.5305188, 46.6144638], [11.5306362, 46.6145958], [11.5306661, 46.6147918], [11.5305171, 46.614877]], [[11.5269313, 46.6207319], [11.5270121, 46.6206512], [11.5269313, 46.6206064], [11.5271739, 46.620515], [11.5273253, 46.6205419], [11.5274505, 46.620558], [11.5274401, 46.6206279], [11.5274871, 46.620696], [11.5270174, 46.6207856], [11.5269313, 46.6207319]], [[11.5227245, 46.6212617], [11.5225984, 46.6212101], [11.5225316, 46.6210568], [11.5226279, 46.6208914], [11.5227167, 46.620902], [11.5228988, 46.6209835], [11.5229525, 46.6211254], [11.5227245, 46.6212617]], [[11.5561339, 46.6399548], [11.556453, 46.6400506], [11.5564235, 46.6401187], [11.5561043, 46.640104], [11.5560078, 46.6399916], [11.5561339, 46.6399548]], [[11.5653741, 46.6442767], [11.5655243, 46.6443393], [11.5656372, 46.6443559], [11.5655189, 46.6445419], [11.5654331, 46.6446192], [11.5653365, 46.6445824], [11.5653365, 46.6445234], [11.5650471, 46.6444111], [11.5648537, 46.6443872], [11.5649503, 46.6442583], [11.565181, 46.6441588], [11.5652778, 46.6440392], [11.5653743, 46.6439692], [11.5653741, 46.6442767]], [[11.5648853, 46.6453781], [11.5645316, 46.6452095], [11.5646055, 46.6451534], [11.5644076, 46.6450483], [11.5641199, 46.644887], [11.5638982, 46.6446171], [11.563848, 46.6444395], [11.5637487, 46.6444002], [11.5637594, 46.6445438], [11.5638453, 46.6446874], [11.5640545, 46.6449139], [11.5642637, 46.6450603], [11.5644112, 46.6451524], [11.564253, 46.6451468], [11.5642664, 46.6451662], [11.5643509, 46.645215], [11.5645762, 46.6453015], [11.5647036, 46.6453871], [11.5648511, 46.6455363], [11.5647705, 46.6455712], [11.5646523, 46.645621], [11.5644327, 46.6455556], [11.5643596, 46.6455377], [11.5643234, 46.6455635], [11.5643931, 46.6455846], [11.564434, 46.6456067], [11.5644743, 46.6456413], [11.5645024, 46.6456753], [11.5643307, 46.6457517], [11.5645131, 46.6458843], [11.5644326, 46.6459911], [11.5646069, 46.646107], [11.5647625, 46.646247], [11.5649825, 46.6462948], [11.5651112, 46.6463354], [11.5655455, 46.6463298], [11.5656357, 46.6464257], [11.5658033, 46.6465122], [11.5658435, 46.6465527], [11.5658878, 46.6466218], [11.5660152, 46.6466991], [11.566101, 46.6466954], [11.566278, 46.64677], [11.5665436, 46.6468759], [11.5665986, 46.6468989], [11.5666388, 46.6469449], [11.5665355, 46.6470812], [11.5663987, 46.6471455], [11.5661089, 46.6470769], [11.5659174, 46.6470517], [11.5657795, 46.6470716], [11.5656705, 46.6470038], [11.5655559, 46.6469725], [11.5654313, 46.6469141], [11.5653576, 46.6469475], [11.5651155, 46.6469744], [11.5646835, 46.6470048], [11.5646217, 46.6469603], [11.564558, 46.6469545], [11.5642216, 46.6470799], [11.5640233, 46.6474544], [11.5641885, 46.6478241], [11.5641985, 46.6481126], [11.5637196, 46.6483174], [11.5634871, 46.6484623], [11.5629955, 46.6482263], [11.5628002, 46.647998], [11.5627143, 46.6476791], [11.5623791, 46.6473813], [11.5623502, 46.6470732], [11.5620678, 46.6468427], [11.5621079, 46.6467349], [11.5624777, 46.6464793], [11.5626145, 46.6465054], [11.5626951, 46.6465247], [11.5627898, 46.6463815], [11.5627992, 46.6462461], [11.562845, 46.6461863], [11.5630376, 46.6463317], [11.5633243, 46.6459326], [11.5634242, 46.6457232], [11.5634416, 46.6456698], [11.5636974, 46.6453963], [11.563679, 46.6451358], [11.5637152, 46.6449986], [11.5636374, 46.644866], [11.5635476, 46.6447482], [11.5634926, 46.6445769], [11.5635221, 46.6444131], [11.5635995, 46.6443099], [11.5637589, 46.644197], [11.5639166, 46.6439575], [11.5638718, 46.6437727], [11.5638216, 46.6436622], [11.5640196, 46.6436368], [11.5641067, 46.6438452], [11.5642439, 46.6440082], [11.5642941, 46.6441333], [11.5642122, 46.6442728], [11.5642677, 46.6445409], [11.5644208, 46.6447421], [11.5646266, 46.6448345], [11.56507, 46.6449831], [11.5652785, 46.6452313], [11.5654158, 46.6453545], [11.5656665, 46.6455013], [11.5657905, 46.6456172], [11.5660202, 46.6457604], [11.566519, 46.6460774], [11.566899, 46.6461427], [11.567485, 46.6461064], [11.5677357, 46.6462188], [11.5678756, 46.6463347], [11.5678677, 46.6465304], [11.5678043, 46.6465703], [11.5676539, 46.646737], [11.5677331, 46.646871], [11.5678281, 46.6470848], [11.5676248, 46.6472171], [11.5674691, 46.6473747], [11.5673372, 46.6477117], [11.5672026, 46.6478585], [11.5670152, 46.6479455], [11.5666483, 46.6479255], [11.5666721, 46.647786], [11.5669809, 46.6477371], [11.5670574, 46.6475686], [11.5670706, 46.6474291], [11.5671973, 46.6472841], [11.5673847, 46.6471935], [11.5675668, 46.6470794], [11.5675483, 46.6469906], [11.5673715, 46.6468837], [11.567221, 46.6467931], [11.5670785, 46.6466699], [11.5670943, 46.6465558], [11.5672791, 46.6465431], [11.5675932, 46.6465159], [11.5674691, 46.6463945], [11.5670336, 46.6462876], [11.5667248, 46.6462912], [11.5664952, 46.6463021], [11.5662788, 46.6462423], [11.5660017, 46.6461535], [11.5657879, 46.6460865], [11.5656639, 46.6460122], [11.5656269, 46.6459289], [11.5654263, 46.6458183], [11.5650357, 46.6455067], [11.5648853, 46.6453781]], [[11.5613558, 46.6458364], [11.5613237, 46.6459726], [11.561596, 46.6461132], [11.5617139, 46.6465191], [11.5614631, 46.6465508], [11.5613349, 46.646549], [11.5612156, 46.6468235], [11.5609809, 46.646846], [11.5607998, 46.6463164], [11.5606697, 46.6462028], [11.5605034, 46.6461512], [11.5600743, 46.6457866], [11.5602728, 46.645492], [11.5605142, 46.6456025], [11.5607663, 46.6458603], [11.5608548, 46.6459142], [11.5608669, 46.6458015], [11.5608284, 46.6456818], [11.561093, 46.6457222], [11.5613558, 46.6458364]], [[11.552845, 46.6486411], [11.5515441, 46.6479325], [11.5518331, 46.6476772], [11.5514351, 46.6471751], [11.5510398, 46.6468652], [11.5503847, 46.6465502], [11.5508315, 46.6458614], [11.551759, 46.6452826], [11.5518094, 46.645072], [11.5518298, 46.6448419], [11.5519193, 46.644649], [11.5521643, 46.6445607], [11.5534971, 46.6452022], [11.5543839, 46.6455629], [11.5542415, 46.6458482], [11.5541747, 46.6458918], [11.5539888, 46.6459203], [11.5536813, 46.6459309], [11.55353, 46.6465077], [11.5543221, 46.6467065], [11.5558343, 46.6471563], [11.5563643, 46.6474299], [11.5562436, 46.6475904], [11.5560135, 46.6476908], [11.555878, 46.6476765], [11.5552643, 46.6478386], [11.555216, 46.6482658], [11.5552525, 46.6486811], [11.5549285, 46.648739], [11.5544615, 46.6485033], [11.5540017, 46.6486165], [11.5537825, 46.649259], [11.5540017, 46.6495483], [11.5539871, 46.6503098], [11.553609, 46.6504814], [11.5534045, 46.6504969], [11.5529959, 46.6506967], [11.5526414, 46.6509299], [11.5519613, 46.6508622], [11.5512093, 46.6500796], [11.5513711, 46.6497488], [11.5513627, 46.6490622], [11.551996, 46.6494113], [11.5523154, 46.6494442], [11.552619, 46.6492416], [11.5528466, 46.6488885], [11.552845, 46.6486411]], [[11.5416579, 46.6477125], [11.5420659, 46.6479248], [11.5426285, 46.6481164], [11.5433371, 46.6482344], [11.5438568, 46.648367], [11.5442004, 46.6486206], [11.5442691, 46.6488505], [11.5443111, 46.6489777], [11.5443259, 46.6490225], [11.5447749, 46.648125], [11.5449144, 46.6480661], [11.5454401, 46.6481398], [11.5456279, 46.648125], [11.5456526, 46.6483316], [11.5454273, 46.6486078], [11.545188, 46.6485964], [11.5447857, 46.6490714], [11.5445657, 46.6492261], [11.5443722, 46.649163], [11.5442906, 46.6492102], [11.5438371, 46.648961], [11.5431868, 46.648709], [11.5430221, 46.6486887], [11.5429537, 46.6487306], [11.543041, 46.648797], [11.5429875, 46.6490106], [11.5429034, 46.648992], [11.5428452, 46.6491451], [11.5429334, 46.6493959], [11.5427591, 46.6494695], [11.5424997, 46.6494372], [11.5423408, 46.6492721], [11.5422248, 46.6492662], [11.5420702, 46.6493399], [11.5417398, 46.6492943], [11.5413567, 46.6493602], [11.5413723, 46.6491857], [11.541142, 46.6491152], [11.5409907, 46.6486218], [11.5411967, 46.6485376], [11.5415383, 46.6483979], [11.5415488, 46.6481162], [11.5416884, 46.6479375], [11.5416579, 46.6477125]], [[11.564623, 46.6501578], [11.5645265, 46.6502131], [11.5645064, 46.6503325], [11.5647303, 46.6503935], [11.5646552, 46.6506844], [11.5644192, 46.6508501], [11.5643655, 46.6508501], [11.5642904, 46.6507912], [11.5641993, 46.6506108], [11.5637755, 46.6504856], [11.5639844, 46.6501744], [11.5640971, 46.6501008], [11.5639471, 46.6500179], [11.5640973, 46.6498964], [11.5643119, 46.6499848], [11.5644297, 46.6499351], [11.5648859, 46.6500437], [11.5647464, 46.6501505], [11.564623, 46.6501578]], [[11.5458487, 46.6518828], [11.5456351, 46.6518682], [11.5453406, 46.6519929], [11.5453299, 46.6521033], [11.5455522, 46.6522491], [11.5455782, 46.6525166], [11.545295, 46.6526542], [11.5448042, 46.6527523], [11.5446392, 46.6527656], [11.544454, 46.6523717], [11.5443308, 46.6519093], [11.5440592, 46.6515694], [11.5436804, 46.6512429], [11.5435714, 46.6511353], [11.5436099, 46.6510753], [11.5435206, 46.6506294], [11.5438643, 46.6504564], [11.5437294, 46.650322], [11.5438367, 46.6501742], [11.5440804, 46.6503371], [11.5441011, 46.6500017], [11.5441078, 46.6498931], [11.5442171, 46.6496221], [11.5442803, 46.6494918], [11.5443537, 46.6493407], [11.5451573, 46.6492147], [11.5460076, 46.6497513], [11.5466844, 46.6493905], [11.5469545, 46.6490867], [11.5471887, 46.6491558], [11.5473905, 46.649256], [11.5477924, 46.6496566], [11.5475649, 46.6498018], [11.5473525, 46.6496801], [11.5470723, 46.6496798], [11.5470535, 46.6498707], [11.5467828, 46.6501384], [11.5468783, 46.6502679], [11.5473458, 46.6500937], [11.5476717, 46.6501931], [11.548029, 46.6504343], [11.5484041, 46.6509364], [11.5483033, 46.6510577], [11.5479861, 46.651075], [11.5474904, 46.6511588], [11.5469094, 46.6513847], [11.5466949, 46.6513431], [11.5465168, 46.6515707], [11.5467684, 46.6518816], [11.5465884, 46.6523001], [11.5464685, 46.6523594], [11.5463341, 46.65222], [11.5459575, 46.6520926], [11.5458487, 46.6518828]], [[11.5617762, 46.6510273], [11.5619451, 46.6509439], [11.5623779, 46.6508316], [11.5628055, 46.6507664], [11.5632014, 46.6508533], [11.5636131, 46.6509838], [11.5639298, 46.6512121], [11.5643099, 46.6513715], [11.5644366, 46.65127], [11.5647586, 46.6513171], [11.5645158, 46.6515309], [11.5642254, 46.6515961], [11.5637873, 46.6514766], [11.562985, 46.6511686], [11.5624413, 46.6512302], [11.5618606, 46.6514077], [11.5613539, 46.651915], [11.5611428, 46.6517157], [11.5611903, 46.6516179], [11.5613486, 46.6514258], [11.5614753, 46.6512483], [11.5617762, 46.6510273]], [[11.5405376, 46.6532881], [11.5407569, 46.6533541], [11.5408507, 46.6532565], [11.540899, 46.6531497], [11.5409688, 46.6531589], [11.5410465, 46.6532528], [11.5411619, 46.6533835], [11.5412933, 46.6535584], [11.5412531, 46.6536266], [11.5412128, 46.6536928], [11.5410707, 46.6536579], [11.5409848, 46.6536321], [11.5409178, 46.65354], [11.5407971, 46.6535584], [11.5406181, 46.6534796], [11.5405637, 46.6535106], [11.5404645, 46.6535382], [11.5404377, 46.6534774], [11.5405262, 46.6534093], [11.5404538, 46.6533044], [11.5404303, 46.6531887], [11.5404028, 46.6531368], [11.5402124, 46.6530429], [11.5401862, 46.6529456], [11.5402714, 46.6528312], [11.5403679, 46.6528349], [11.5404705, 46.652767], [11.5406013, 46.6527723], [11.5405986, 46.6529988], [11.5406764, 46.6530798], [11.540669, 46.6531279], [11.5407602, 46.653104], [11.5406925, 46.6531718], [11.5407676, 46.6532418], [11.5407193, 46.6532676], [11.5406288, 46.653231], [11.5405376, 46.6532881]], [[11.5486266, 46.6537767], [11.5486538, 46.6536531], [11.5492653, 46.6533267], [11.5495976, 46.6532917], [11.5501706, 46.653301], [11.5504935, 46.653439], [11.5502703, 46.6535444], [11.5499313, 46.6536126], [11.5487018, 46.6539103], [11.5486266, 46.6537767]], [[11.5413557, 46.6537299], [11.5415434, 46.6536986], [11.5414435, 46.6536615], [11.5415407, 46.6536066], [11.5416366, 46.6536266], [11.5416769, 46.6537554], [11.5414811, 46.6537794], [11.5413523, 46.6537462], [11.5413557, 46.6537299]], [[11.5644083, 46.6536575], [11.5646145, 46.6536161], [11.5646999, 46.6535436], [11.5648558, 46.6534159], [11.5650067, 46.6534781], [11.5652782, 46.6534988], [11.5654895, 46.6535436], [11.5656906, 46.653592], [11.5659018, 46.653623], [11.5659219, 46.6536955], [11.5655498, 46.6540269], [11.5654643, 46.6541408], [11.5657007, 46.6541891], [11.5657057, 46.6543306], [11.5653838, 46.6545619], [11.5648106, 46.6545964], [11.5644133, 46.6545343], [11.564363, 46.654448], [11.5644736, 46.654127], [11.5644586, 46.6539544], [11.5644083, 46.6536575]], [[11.5694974, 46.6540968], [11.5689068, 46.6544645], [11.5686713, 46.6543111], [11.5690766, 46.6540287], [11.569196, 46.6540742], [11.5693301, 46.6539924], [11.5694974, 46.6540968]], [[11.5424017, 46.6543265], [11.5423125, 46.6543593], [11.5422589, 46.6544624], [11.5421731, 46.6544587], [11.5420477, 46.654297], [11.5419585, 46.6543409], [11.5420068, 46.6544385], [11.5418599, 46.654459], [11.5417815, 46.65456], [11.5417707, 46.6545176], [11.5418706, 46.6542712], [11.5420309, 46.6541936], [11.5420148, 46.6540942], [11.5421033, 46.6540169], [11.5421945, 46.6540298], [11.5423608, 46.6540169], [11.5424956, 46.6539269], [11.5428604, 46.6539601], [11.5431199, 46.6539101], [11.5430153, 46.6540703], [11.5432111, 46.6541807], [11.5431982, 46.6542234], [11.5429992, 46.6542709], [11.5428657, 46.6542859], [11.5426458, 46.6541497], [11.5425915, 46.6541458], [11.5425298, 46.6543151], [11.5424017, 46.6543265]], [[11.5674179, 46.654698], [11.5678982, 46.6546809], [11.5680455, 46.6547827], [11.5677987, 46.6548747], [11.5677934, 46.6549557], [11.5675681, 46.6550699], [11.5675037, 46.6552245], [11.567107, 46.6552577], [11.5667154, 46.6553055], [11.5667315, 46.6549079], [11.5670748, 46.654709], [11.5671338, 46.6545102], [11.5674179, 46.654698]], [[11.5567487, 46.6557771], [11.5571671, 46.6565504], [11.5568452, 46.6566903], [11.5567165, 46.6568302], [11.5565073, 46.6568063], [11.5564697, 46.6567124], [11.556105, 46.6565283], [11.5557294, 46.6566019], [11.5554505, 46.6564252], [11.5554183, 46.6562558], [11.5551984, 46.6561582], [11.5555471, 46.6555194], [11.55559, 46.6549008], [11.5559977, 46.6546946], [11.5565985, 46.6548345], [11.556974, 46.6545547], [11.5571081, 46.6547959], [11.5572637, 46.65454], [11.5575694, 46.6547001], [11.5577035, 46.6545621], [11.557843, 46.6549229], [11.5578645, 46.6551807], [11.5578323, 46.6556225], [11.5575802, 46.6559741], [11.5572744, 46.6555047], [11.5567487, 46.6557771]], [[11.5448554, 46.656388], [11.544673, 46.6570876], [11.5450378, 46.6576841], [11.5452073, 46.6578207], [11.5453575, 46.6579753], [11.5453489, 46.658299], [11.545483, 46.6583947], [11.5452899, 46.6584352], [11.5446569, 46.6579897], [11.544614, 46.6578314], [11.5449037, 46.6576509], [11.5446355, 46.6571355], [11.5444853, 46.6568961], [11.5443458, 46.656458], [11.5443458, 46.656352], [11.544293, 46.6562787], [11.5441872, 46.6562669], [11.5439596, 46.6559941], [11.5440668, 46.6557695], [11.5441688, 46.6557474], [11.5443726, 46.6559241], [11.5443853, 46.6561419], [11.5445049, 46.6561929], [11.5446726, 46.6561731], [11.5448554, 46.656388]], [[11.5461214, 46.6579823], [11.5462931, 46.6576951], [11.546513, 46.6575773], [11.5467576, 46.6575998], [11.5470334, 46.6579308], [11.5469958, 46.658229], [11.5468349, 46.6583468], [11.5467061, 46.6583615], [11.5463735, 46.6582364], [11.5463253, 46.6581738], [11.5461751, 46.658159], [11.5461214, 46.6579823]], [[11.546631, 46.6594587], [11.5461053, 46.6592489], [11.546057, 46.6591421], [11.5462502, 46.6590464], [11.5463896, 46.6588034], [11.5465774, 46.6587702], [11.5465076, 46.659028], [11.546631, 46.6594587]], [[11.5259776, 46.6585165], [11.5262243, 46.6582072], [11.5265355, 46.658244], [11.5272114, 46.6590908], [11.5276513, 46.6595327], [11.5272328, 46.6600113], [11.5258703, 46.6602764], [11.5247749, 46.660082], [11.5243361, 46.6597094], [11.5244326, 46.6594222], [11.5250442, 46.6594443], [11.5246901, 46.6592234], [11.5241644, 46.659297], [11.5233694, 46.6594487], [11.5231666, 46.6591866], [11.5242288, 46.6584355], [11.5245828, 46.6585459], [11.5255484, 46.658811], [11.5262125, 46.6593677], [11.5259776, 46.6585165]], [[11.5442739, 46.6608395], [11.5440636, 46.6605729], [11.5442514, 46.6601131], [11.5457604, 46.6593114], [11.5463397, 46.6595323], [11.5468687, 46.6600383], [11.5467931, 46.6606344], [11.5452513, 46.6614072], [11.5445609, 46.6608789], [11.5442739, 46.6608395]], [[11.529679, 46.6601954], [11.5296887, 46.6609067], [11.5295717, 46.6613146], [11.5297316, 46.6615399], [11.5297209, 46.6619964], [11.5292499, 46.6618595], [11.5287553, 46.6624235], [11.5274152, 46.662397], [11.5271363, 46.6619331], [11.5273938, 46.661587], [11.5269432, 46.6611968], [11.5279195, 46.6605046], [11.5283164, 46.6597904], [11.5286372, 46.6604354], [11.5291748, 46.6598346], [11.529679, 46.6601954]], [[11.5414968, 46.6623029], [11.5409711, 46.6622072], [11.5407731, 46.6623047], [11.5411486, 46.6626987], [11.5403332, 46.6628238], [11.5395817, 46.6628331], [11.5388687, 46.6628275], [11.5384074, 46.6626471], [11.5381875, 46.6626103], [11.537871, 46.6625882], [11.5373452, 46.6621796], [11.5375486, 46.661839], [11.5379997, 46.6617893], [11.5389492, 46.6616899], [11.539491, 46.6616494], [11.5395715, 46.6618961], [11.5398772, 46.6619219], [11.5405794, 46.6615187], [11.5423283, 46.6611469], [11.5422371, 46.6613015], [11.5417113, 46.6616586], [11.5416958, 46.6619403], [11.5422483, 46.6619366], [11.5424039, 46.6620065], [11.5422912, 46.6622606], [11.5417221, 46.6622072], [11.5414968, 46.6623029]], [[11.534817, 46.6638766], [11.5346882, 46.6638177], [11.5341089, 46.6636557], [11.5338501, 46.6640902], [11.533508, 46.6641269], [11.5329716, 46.6641122], [11.5324137, 46.6640091], [11.5325425, 46.6637735], [11.5332935, 46.6636704], [11.5333578, 46.6634348], [11.5329501, 46.6631256], [11.5323708, 46.6626396], [11.5327785, 46.6619769], [11.5334866, 46.6619033], [11.5338299, 46.6620505], [11.5347955, 46.6630961], [11.5352676, 46.6630961], [11.5354607, 46.663479], [11.5351817, 46.6636999], [11.534817, 46.6638766]], [[11.5377101, 46.6639506], [11.5382358, 46.6640427], [11.5390887, 46.6639727], [11.5394589, 46.6641826], [11.5398237, 46.6642672], [11.539593, 46.6643372], [11.5396845, 46.6644679], [11.5388787, 46.6642657], [11.538504, 46.6642415], [11.5385308, 46.6641347], [11.5379515, 46.6640537], [11.5378659, 46.6641218], [11.5375599, 46.6640316], [11.5377101, 46.6639506]], [[11.5409003, 46.6643913], [11.5409221, 46.6643819], [11.5409464, 46.6643814], [11.5409767, 46.6643969], [11.5409968, 46.6644063], [11.5410686, 46.6643584], [11.5411209, 46.6642775], [11.5412563, 46.6643187], [11.541204, 46.6643996], [11.5410411, 46.66461], [11.5409667, 46.6647005], [11.540847, 46.6646541], [11.5409215, 46.6645636], [11.5408416, 46.6645342], [11.5407305, 46.6645358], [11.5406579, 46.6645171], [11.5407922, 46.6643882], [11.5408459, 46.6644186], [11.5408702, 46.6644074], [11.5409003, 46.6643913]], [[11.5276027, 46.6662183], [11.5273562, 46.6662113], [11.5270258, 46.6662557], [11.5270707, 46.6660707], [11.5271137, 46.66557], [11.5274355, 46.665467], [11.5280265, 46.6655708], [11.5281657, 46.6656301], [11.5280262, 46.6658508], [11.5278081, 46.6659862], [11.5276027, 46.6662183]], [[11.539747, 46.6662633], [11.5395093, 46.6664293], [11.5394272, 46.6666272], [11.5392572, 46.6670811], [11.539067, 46.6671126], [11.5389359, 46.6673137], [11.538872, 46.6676], [11.5386364, 46.6676168], [11.5377149, 46.667544], [11.5377138, 46.6673076], [11.5376927, 46.6663308], [11.53748, 46.6659502], [11.5375175, 46.6658747], [11.5370197, 46.665777], [11.5372501, 46.6654688], [11.5367791, 46.6655927], [11.5366099, 46.6657913], [11.5359514, 46.6656185], [11.5354607, 46.6655553], [11.5350745, 46.6652903], [11.5350959, 46.6650252], [11.5355036, 46.6646865], [11.5360401, 46.6646423], [11.5363834, 46.664981], [11.5366838, 46.6648485], [11.537087, 46.6646661], [11.5374563, 46.6648632], [11.5380785, 46.6647896], [11.5390012, 46.6648927], [11.5398166, 46.6647454], [11.5403745, 46.6645834], [11.5406407, 46.6646711], [11.5403159, 46.6649387], [11.5403448, 46.6651578], [11.539747, 46.6662633]], [[11.524862, 46.6662848], [11.5249371, 46.6660934], [11.5251302, 46.6656958], [11.5260529, 46.6658283], [11.5262567, 46.6662259], [11.5260958, 46.6663363], [11.5255916, 46.6663216], [11.5253663, 46.6666308], [11.5251195, 46.6666603], [11.5249586, 46.666513], [11.524862, 46.6662848]], [[11.5274796, 46.6669073], [11.5276512, 46.6671538], [11.5279948, 46.6668552], [11.5281566, 46.6665865], [11.5281571, 46.6664869], [11.5279626, 46.6662367], [11.5280088, 46.6661044], [11.5283703, 46.6660416], [11.5287488, 46.666065], [11.5288687, 46.6662263], [11.5290181, 46.6663919], [11.5293308, 46.6665167], [11.5294639, 46.6663626], [11.5292048, 46.6663812], [11.5291187, 46.6660932], [11.5294864, 46.6658504], [11.529164, 46.6654565], [11.5296457, 46.6650546], [11.5300513, 46.664637], [11.5303341, 46.6646744], [11.5305027, 46.6648993], [11.5306357, 46.664843], [11.5306254, 46.6647128], [11.5308919, 46.664748], [11.5314267, 46.6648338], [11.5319631, 46.6654817], [11.5322292, 46.6657411], [11.5319232, 46.6658714], [11.5316222, 46.665756], [11.5314208, 46.665814], [11.5314498, 46.6659217], [11.5312491, 46.6659633], [11.5312371, 46.6661716], [11.5320399, 46.6662556], [11.5323231, 46.6662228], [11.5322834, 46.6661854], [11.532075, 46.6661661], [11.532009, 46.6661076], [11.5324336, 46.6660829], [11.532568, 46.6662706], [11.532381, 46.6664361], [11.5322408, 46.6665153], [11.5325042, 46.666611], [11.5326742, 46.6662679], [11.5329175, 46.6662738], [11.5331393, 46.6660038], [11.5335271, 46.6659066], [11.5341732, 46.6660854], [11.5355251, 46.6663799], [11.5362546, 46.666645], [11.5362761, 46.6670131], [11.5356753, 46.6677346], [11.535289, 46.6678524], [11.5344522, 46.6682353], [11.5341438, 46.6683309], [11.5339532, 46.6679314], [11.5335639, 46.668031], [11.5333932, 46.6680029], [11.5336041, 46.6676671], [11.5336692, 46.6675634], [11.5326712, 46.6677494], [11.5323922, 46.6680586], [11.5323922, 46.6686328], [11.5322635, 46.6691777], [11.5317271, 46.6690451], [11.5313837, 46.669104], [11.530976, 46.669104], [11.5301392, 46.6689568], [11.5296457, 46.6687065], [11.5290449, 46.6682942], [11.5286372, 46.6679408], [11.5278432, 46.6678524], [11.5270707, 46.6677346], [11.526706, 46.6674843], [11.5257618, 46.6671604], [11.5258477, 46.6669542], [11.5262983, 46.6668364], [11.5267234, 46.6667267], [11.5269635, 46.6665125], [11.5273878, 46.6663474], [11.527586, 46.6665942], [11.5276021, 46.6667674], [11.5274796, 46.6669073]], [[11.535053, 46.668088], [11.5354822, 46.6679997], [11.5360186, 46.6678672], [11.5364263, 46.6681028], [11.536834, 46.6685298], [11.536952, 46.6690672], [11.5372202, 46.6694206], [11.5367911, 46.6697961], [11.5362332, 46.6701642], [11.5356967, 46.6701789], [11.535568, 46.6698991], [11.5353749, 46.6699875], [11.5350315, 46.6702967], [11.5350315, 46.6707973], [11.534538, 46.6710035], [11.5344093, 46.6709298], [11.5345595, 46.6705765], [11.5342376, 46.6701789], [11.5345809, 46.6696194], [11.5344522, 46.6692366], [11.5347955, 46.6689273], [11.5347955, 46.6684709], [11.535053, 46.668088]], [[11.5333364, 46.6691777], [11.5335295, 46.6697519], [11.5336797, 46.6704587], [11.5328643, 46.6709151], [11.533036, 46.6712538], [11.5324995, 46.671563], [11.532006, 46.6721814], [11.5316627, 46.6727703], [11.5312979, 46.6730353], [11.5312979, 46.6728439], [11.5314267, 46.6723433], [11.5310619, 46.6722844], [11.5310735, 46.6717995], [11.5312837, 46.6715337], [11.5311708, 46.6713316], [11.5311652, 46.6706582], [11.5315791, 46.6704736], [11.5316949, 46.6707392], [11.5319202, 46.6706354], [11.5323279, 46.6695605], [11.5333364, 46.6691777]], [[11.5347489, 46.672568], [11.535019, 46.6728071], [11.5351531, 46.6726672], [11.5354945, 46.6728036], [11.535339, 46.6731496], [11.5351263, 46.6732193], [11.534883, 46.673433], [11.5347508, 46.6736132], [11.5345236, 46.6736722], [11.5345504, 46.6735508], [11.5345094, 46.6734218], [11.5346577, 46.6732011], [11.534588, 46.6731091], [11.534647, 46.6728514], [11.5347489, 46.672568]], [[11.531009, 46.6760371], [11.5312472, 46.6759173], [11.531409, 46.6759419], [11.531514, 46.6760372], [11.5315914, 46.6760535], [11.53171, 46.675887], [11.5318797, 46.6759019], [11.5322743, 46.6761421], [11.5323419, 46.6757799], [11.5331093, 46.6756724], [11.5331288, 46.6759891], [11.5332125, 46.6760647], [11.5333796, 46.6760588], [11.5335792, 46.6757399], [11.5332262, 46.6753201], [11.5339609, 46.6750553], [11.5339126, 46.6755047], [11.5339845, 46.6755444], [11.5338544, 46.6758076], [11.5336618, 46.6758893], [11.5335443, 46.6762692], [11.5335352, 46.6766394], [11.5334024, 46.6766663], [11.533275, 46.6766182], [11.5332566, 46.6765461], [11.5330767, 46.6763323], [11.5329671, 46.6763509], [11.5329979, 46.676485], [11.5328225, 46.6764107], [11.5329299, 46.6762037], [11.5328772, 46.6759766], [11.5327642, 46.6759552], [11.5327295, 46.6760905], [11.5326107, 46.676163], [11.5325569, 46.6761352], [11.5324236, 46.6761959], [11.5323365, 46.6761612], [11.532235, 46.6766724], [11.5321608, 46.6766743], [11.5319197, 46.6767089], [11.531845, 46.6765397], [11.5317574, 46.6766487], [11.5316634, 46.6766492], [11.5316222, 46.6767733], [11.5319619, 46.6770646], [11.5321119, 46.6770282], [11.5321107, 46.6770803], [11.5323255, 46.6771531], [11.5325738, 46.677401], [11.5327105, 46.6772775], [11.5327354, 46.6771136], [11.5328404, 46.6770724], [11.533276, 46.6774223], [11.5329574, 46.6776753], [11.5325012, 46.6777615], [11.5322457, 46.6777924], [11.5320408, 46.6779382], [11.5319381, 46.6783554], [11.5318021, 46.6784881], [11.5315273, 46.6785577], [11.5313733, 46.6787126], [11.5315215, 46.6790119], [11.5318858, 46.6791647], [11.5319427, 46.679215], [11.5315664, 46.6793763], [11.5313296, 46.6795521], [11.5313073, 46.67977], [11.5316456, 46.6798505], [11.5316964, 46.6797784], [11.5317572, 46.6797853], [11.5317424, 46.6798486], [11.531958, 46.6799656], [11.5319125, 46.6800921], [11.5317553, 46.6801378], [11.5315044, 46.6802602], [11.5313814, 46.6801707], [11.5312451, 46.6798096], [11.5312455, 46.6794474], [11.5309252, 46.6786764], [11.5309037, 46.6779564], [11.5307173, 46.6780383], [11.5302058, 46.6780045], [11.5300199, 46.6782568], [11.5298686, 46.6781922], [11.5296323, 46.6785418], [11.5295131, 46.6785934], [11.5294642, 46.6783159], [11.5293743, 46.6782211], [11.5293325, 46.6784345], [11.5291804, 46.6784417], [11.5290361, 46.6782752], [11.5288196, 46.6781712], [11.5285935, 46.6782352], [11.5284811, 46.6782071], [11.5285106, 46.678475], [11.5284741, 46.6785155], [11.5283239, 46.6783532], [11.5280654, 46.6780205], [11.5277108, 46.6777461], [11.5274235, 46.6776372], [11.527453, 46.6775118], [11.5275973, 46.6773884], [11.5277575, 46.6773125], [11.5277406, 46.6771881], [11.5271483, 46.6769215], [11.5273146, 46.676641], [11.527453, 46.6765288], [11.5280168, 46.6766123], [11.5280791, 46.6767825], [11.5286557, 46.6765376], [11.5289438, 46.6767408], [11.529925, 46.6769712], [11.5291063, 46.6766918], [11.5290039, 46.6766042], [11.5295358, 46.6762225], [11.52962, 46.6760437], [11.5295626, 46.675558], [11.530015, 46.6748153], [11.5299578, 46.6744891], [11.5303851, 46.673811], [11.5305267, 46.6737203], [11.5304683, 46.6740453], [11.5310187, 46.6737994], [11.5318569, 46.6738539], [11.5327023, 46.6740961], [11.5329385, 46.6743266], [11.5326108, 46.6747095], [11.5323008, 46.6749281], [11.5322533, 46.6751979], [11.5319548, 46.6753926], [11.5316087, 46.6753076], [11.5312529, 46.6753776], [11.5305921, 46.6753478], [11.5301549, 46.6757513], [11.5298586, 46.6758456], [11.5297057, 46.6759937], [11.5300472, 46.6761664], [11.5302968, 46.6759436], [11.5303447, 46.6759877], [11.5307895, 46.6758306], [11.5309238, 46.6760086], [11.531009, 46.6760371]], [[11.5257655, 46.6783055], [11.5257466, 46.6781101], [11.5260296, 46.6778687], [11.5261849, 46.6778449], [11.5268596, 46.6772473], [11.5273393, 46.677667], [11.5279224, 46.678054], [11.5282454, 46.6784167], [11.5282932, 46.6786716], [11.528065, 46.67922], [11.5274731, 46.6792949], [11.5267543, 46.6791355], [11.5269399, 46.6788797], [11.5267262, 46.6790175], [11.5264035, 46.6789809], [11.5259784, 46.6791016], [11.5256192, 46.6790569], [11.5252756, 46.679148], [11.5251552, 46.6787398], [11.5255045, 46.6784315], [11.5255913, 46.6784629], [11.5257655, 46.6783055]], [[11.5228128, 46.6854239], [11.5228558, 46.6856962], [11.5222871, 46.6862151], [11.5225714, 46.6863844], [11.522271, 46.6865132], [11.521756, 46.6865721], [11.5216541, 46.6867119], [11.5212625, 46.686826], [11.5212142, 46.6866199], [11.5213054, 46.6862188], [11.521107, 46.6862409], [11.5210855, 46.6861415], [11.5216112, 46.6859833], [11.5214127, 46.6857441], [11.5219331, 46.6855454], [11.5221691, 46.6854718], [11.5228128, 46.6854239]]]]}, "properties": {"osm_id": "relation/2717728", "landuse": "forest", "type": "multipolygon"}}, {"type": "Feature", "geometry": {"type": "Polygon", "coordinates": [[[11.3820865, 46.600701], [11.3818143, 46.6006925], [11.3814653, 46.6005923], [11.3815103, 46.6007148], [11.381254, 46.6007367], [11.3809261, 46.6009496], [11.3808546, 46.6010367], [11.3807691, 46.6011944], [11.380725, 46.6024614], [11.3806965, 46.6027083], [11.3806816, 46.6029592], [11.3809047, 46.6030891], [11.3808998, 46.6035241], [11.3810486, 46.6037555], [11.3810507, 46.6038876], [11.3808434, 46.6041604], [11.3807255, 46.6051317], [11.380368, 46.6052729], [11.3803039, 46.6053405], [11.3803302, 46.6054975], [11.3803962, 46.6056169], [11.3803946, 46.6059676], [11.3803817, 46.6066244], [11.380252, 46.6071079], [11.3801792, 46.6073041], [11.3800129, 46.6075345], [11.3793988, 46.6083896], [11.3790535, 46.6093492], [11.3789403, 46.6095343], [11.3785208, 46.6104098], [11.3782649, 46.6105706], [11.377751, 46.6106115], [11.3777128, 46.6107083], [11.3774162, 46.6114895], [11.3777717, 46.6120212], [11.3779314, 46.61226], [11.3772877, 46.6132181], [11.3772501, 46.6137886], [11.3773467, 46.6143793], [11.3768129, 46.6148677], [11.3766962, 46.6148778], [11.3765879, 46.61511], [11.3772225, 46.615124], [11.3771852, 46.6148598], [11.3775092, 46.6145878], [11.3789391, 46.6154757], [11.3791185, 46.6158067], [11.3802478, 46.616736], [11.3809658, 46.61688], [11.3821843, 46.6174986], [11.3828696, 46.6181109], [11.3851272, 46.6203657], [11.3876678, 46.6231308], [11.3884973, 46.6238014], [11.3883145, 46.6237942], [11.3877425, 46.6236339], [11.3869809, 46.6236801], [11.3864598, 46.6249865], [11.3871765, 46.6249121], [11.3877365, 46.625156], [11.388348, 46.6249276], [11.3888308, 46.6252149], [11.389657, 46.6251191], [11.3897204, 46.6243991], [11.3905923, 46.6248709], [11.3948273, 46.6269537], [11.3961813, 46.6274319], [11.3968481, 46.6278231], [11.3969173, 46.6281878], [11.3978072, 46.6286892], [11.3981307, 46.6300758], [11.3996478, 46.6314528], [11.4010034, 46.6323195], [11.402492, 46.6329237], [11.4032344, 46.6343496], [11.4043239, 46.6350822], [11.4056661, 46.6353253], [11.4065995, 46.6352107], [11.4066162, 46.634607], [11.4057927, 46.6347724], [11.4058576, 46.6335823], [11.4041619, 46.6331896], [11.4044795, 46.6329586], [11.4062052, 46.6325641], [11.4064327, 46.6320031], [11.4060341, 46.6311621], [11.4043808, 46.6311942], [11.4047113, 46.6308129], [11.4087405, 46.6303838], [11.4092602, 46.6302715], [11.4096829, 46.6304515], [11.4103111, 46.6301815], [11.4105999, 46.6303874], [11.4097714, 46.6308405], [11.4102655, 46.6313884], [11.4108421, 46.6314745], [11.4119307, 46.6319272], [11.4123867, 46.6319972], [11.4123314, 46.6308999], [11.4129531, 46.6300555], [11.4133024, 46.6286745], [11.41298, 46.6286498], [11.4123684, 46.6284122], [11.4125755, 46.6278393], [11.4129875, 46.6275019], [11.4129564, 46.6271405], [11.4130765, 46.6264851], [11.4128939, 46.6259842], [11.4129569, 46.6258898], [11.4131919, 46.626358], [11.4132412, 46.627016], [11.4132519, 46.6275417], [11.4136285, 46.6282169], [11.415505, 46.6297332], [11.4164856, 46.6294871], [11.4166787, 46.6296448], [11.4159926, 46.6298791], [11.4158719, 46.6308898], [11.4165157, 46.6315699], [11.4170483, 46.6314966], [11.4169615, 46.6305769], [11.4176454, 46.6289132], [11.4175279, 46.6286855], [11.4178294, 46.6284649], [11.4173611, 46.6282494], [11.4179147, 46.6283131], [11.4183104, 46.6269073], [11.4191011, 46.6284179], [11.4191816, 46.6285717], [11.4197491, 46.6281028], [11.418222, 46.6258952], [11.4173148, 46.6253877], [11.4174966, 46.6251372], [11.4184799, 46.6257609], [11.4191059, 46.6253796], [11.4194434, 46.6256518], [11.4202099, 46.6256507], [11.4198033, 46.6260357], [11.4198614, 46.6262801], [11.4200873, 46.6262116], [11.4206798, 46.6265254], [11.4207267, 46.6269509], [11.4213551, 46.6274105], [11.4220458, 46.6279156], [11.4233129, 46.6265684], [11.4237603, 46.6268332], [11.4240956, 46.6267014], [11.4244355, 46.6267552], [11.4244362, 46.6265378], [11.4247466, 46.6261149], [11.4257745, 46.6261164], [11.4271317, 46.6272511], [11.4270324, 46.6275086], [11.4272638, 46.6280026], [11.4277475, 46.6290352], [11.4302226, 46.6308601], [11.4306169, 46.6327219], [11.4300558, 46.6357475], [11.4286026, 46.637072], [11.4300606, 46.637044], [11.4298359, 46.6388074], [11.431002, 46.6390743], [11.4318727, 46.6373447], [11.434467, 46.6355769], [11.434018, 46.6339452], [11.4344922, 46.6332991], [11.4352952, 46.6338501], [11.4359127, 46.6337124], [11.4368718, 46.6350369], [11.4343479, 46.6379387], [11.4347631, 46.6389324], [11.4369196, 46.638675], [11.4376389, 46.6371578], [11.4373326, 46.6352104], [11.4381604, 46.6354436], [11.4385021, 46.6336825], [11.4393362, 46.6334807], [11.4386924, 46.6330218], [11.438619, 46.6315722], [11.4344096, 46.6281886], [11.4343881, 46.6276688], [11.4354492, 46.6280446], [11.4355109, 46.6277226], [11.4362317, 46.6285785], [11.4368632, 46.6290094], [11.4373904, 46.6292037], [11.4380273, 46.6287821], [11.4387144, 46.6288802], [11.4403736, 46.6292877], [11.4410239, 46.6296452], [11.4413694, 46.6301698], [11.4440172, 46.6308763], [11.4435248, 46.630242], [11.4426976, 46.6291192], [11.4418221, 46.6285268], [11.4422234, 46.6280883], [11.4417621, 46.6277611], [11.4414922, 46.6277698], [11.4414652, 46.6279188], [11.4412317, 46.6278648], [11.4411395, 46.6277169], [11.4409035, 46.6278247], [11.4407844, 46.6277954], [11.4408684, 46.6274198], [11.441187, 46.6274476], [11.4414383, 46.6272579], [11.4396801, 46.6268039], [11.4395226, 46.6268626], [11.4399918, 46.6271389], [11.4403357, 46.627269], [11.4401294, 46.627476], [11.4397233, 46.6274159], [11.4392049, 46.6269221], [11.4390316, 46.6272894], [11.4386789, 46.6272441], [11.4381044, 46.6270832], [11.4388351, 46.6266179], [11.4391507, 46.6265224], [11.4389058, 46.6264382], [11.4387341, 46.6261127], [11.4389683, 46.6259346], [11.4387947, 46.6255351], [11.440238, 46.6256458], [11.4395232, 46.625406], [11.438147, 46.6248104], [11.4375234, 46.6236729], [11.4385558, 46.6240705], [11.4393516, 46.6240426], [11.4399792, 46.6242893], [11.4404592, 46.6248563], [11.4420193, 46.6253732], [11.442029, 46.6262292], [11.4432893, 46.6261966], [11.4432899, 46.6255423], [11.4436689, 46.6255003], [11.4441517, 46.6259309], [11.4450531, 46.626151], [11.4436962, 46.6251945], [11.4424621, 46.6243674], [11.4406017, 46.6238473], [11.4399295, 46.6230313], [11.4392252, 46.6220129], [11.4393923, 46.6216939], [11.4394029, 46.621544], [11.4396491, 46.6213975], [11.4395889, 46.6211269], [11.4397147, 46.6208903], [11.4401688, 46.6206761], [11.4403383, 46.6205408], [11.4399171, 46.620338], [11.4404519, 46.6201539], [11.4406817, 46.6197791], [11.4405037, 46.6194868], [11.4399235, 46.6191202], [11.4391731, 46.6190299], [11.4378271, 46.6189395], [11.4367188, 46.6188212], [11.4363687, 46.6191969], [11.4365984, 46.6198432], [11.4357998, 46.6200912], [11.4354606, 46.6198958], [11.4351215, 46.6189264], [11.4349136, 46.61819], [11.4337831, 46.6172157], [11.4323957, 46.6167591], [11.4315447, 46.6163128], [11.431418, 46.6158695], [11.4320524, 46.6156888], [11.4316656, 46.6150565], [11.4316733, 46.6143923], [11.4312881, 46.614136], [11.4306098, 46.6137677], [11.4300299, 46.6134897], [11.4289578, 46.6135122], [11.4281372, 46.6130582], [11.4277871, 46.6121068], [11.4276561, 46.6115007], [11.4266728, 46.6107408], [11.4269633, 46.6100499], [11.4272538, 46.6094741], [11.4265051, 46.6088907], [11.4270415, 46.6086451], [11.4276673, 46.6085913], [11.4292765, 46.6092515], [11.4296899, 46.6085145], [11.4295111, 46.6082228], [11.4306398, 46.6067796], [11.430718, 46.6055282], [11.4300364, 46.6046914], [11.4296788, 46.6043075], [11.4290865, 46.6042384], [11.4285948, 46.6043536], [11.4281813, 46.6042921], [11.4275667, 46.6043919], [11.4269166, 46.604598], [11.4265945, 46.6050752], [11.4260693, 46.605129], [11.4257341, 46.6049754], [11.4245384, 46.6049677], [11.4240579, 46.6052672], [11.4234991, 46.6045839], [11.4225828, 46.6044917], [11.4213201, 46.6047067], [11.419845, 46.604914], [11.4197332, 46.6053209], [11.4191969, 46.6054744], [11.419208, 46.6058199], [11.4188169, 46.605889], [11.4178671, 46.6060579], [11.4181353, 46.6056126], [11.4186493, 46.6050522], [11.4182917, 46.6045071], [11.4189175, 46.6041847], [11.4197668, 46.6041232], [11.4200685, 46.6043228], [11.4208731, 46.604223], [11.4217671, 46.6043612], [11.4225269, 46.6041002], [11.4226834, 46.6038315], [11.4230521, 46.6034246], [11.4234097, 46.6035167], [11.4237785, 46.6038008], [11.4243037, 46.6038315], [11.4249854, 46.6033478], [11.4252871, 46.6029409], [11.425667, 46.6020426], [11.4255329, 46.6018046], [11.4261811, 46.6013823], [11.4276226, 46.6012748], [11.4288071, 46.6011213], [11.4299134, 46.6014975], [11.4308521, 46.602319], [11.4311091, 46.6031635], [11.4314891, 46.6039313], [11.4319696, 46.6049294], [11.4331876, 46.607125], [11.4341598, 46.6081768], [11.4346525, 46.6084239], [11.438436, 46.6083147], [11.4397912, 46.6086077], [11.4403745, 46.6087228], [11.4408232, 46.6093287], [11.4410243, 46.6096475], [11.4413493, 46.6095731], [11.4412255, 46.6092064], [11.4415659, 46.6091267], [11.4414849, 46.6087013], [11.4414653, 46.6081967], [11.4410553, 46.6076014], [11.4406607, 46.6072772], [11.4403513, 46.6071178], [11.4404209, 46.6069371], [11.440359, 46.6067777], [11.440653, 46.6067352], [11.4410166, 46.6068627], [11.4414498, 46.6067405], [11.4420455, 46.607171], [11.4427108, 46.6069424], [11.4431061, 46.6066037], [11.4436859, 46.6066713], [11.4442001, 46.6070171], [11.4444518, 46.6069269], [11.4438102, 46.6063639], [11.443651, 46.6062242], [11.4428269, 46.6062165], [11.4385988, 46.60421], [11.4385222, 46.6033456], [11.4388723, 46.6029773], [11.4393099, 46.6024812], [11.4406118, 46.6022106], [11.441498, 46.6019249], [11.4427014, 46.6020753], [11.4447145, 46.6023459], [11.4455569, 46.6017746], [11.4454913, 46.6011582], [11.446465, 46.601053], [11.4471104, 46.6011732], [11.4470339, 46.60194], [11.4483905, 46.6027818], [11.44885, 46.6029697], [11.4492219, 46.6027442], [11.4491782, 46.6020903], [11.4494626, 46.6018422], [11.4498455, 46.6021354], [11.4503928, 46.6023872], [11.450826, 46.6022702], [11.4507872, 46.6013348], [11.4505565, 46.6014341], [11.4489403, 46.6003482], [11.4473595, 46.5991515], [11.445926, 46.5984059], [11.444364, 46.5981586], [11.4432366, 46.5978266], [11.4417872, 46.5968242], [11.4407452, 46.5965899], [11.4386611, 46.5965053], [11.4364822, 46.5967461], [11.4353928, 46.5968633], [11.4335076, 46.5968502], [11.432503, 46.5967219], [11.4320298, 46.5966615], [11.4310636, 46.5962644], [11.430012, 46.5957567], [11.4285058, 46.595275], [11.4264596, 46.5950276], [11.4248965, 46.594292], [11.424006, 46.5943701], [11.4230303, 46.593628], [11.4224145, 46.5933221], [11.4216945, 46.5930357], [11.4210788, 46.5929315], [11.4206518, 46.5927178], [11.4201963, 46.5925981], [11.4197006, 46.5929387], [11.4191647, 46.5932978], [11.4183073, 46.5934175], [11.4172757, 46.5934267], [11.4167666, 46.5932978], [11.416137, 46.5932518], [11.4158154, 46.5934175], [11.4157083, 46.5937489], [11.4154805, 46.5940619], [11.415092, 46.5942], [11.4143953, 46.5942092], [11.4130958, 46.5941908], [11.4108719, 46.5945866], [11.4082996, 46.5955256], [11.4072546, 46.5958294], [11.4066423, 46.5956805], [11.406059, 46.5955387], [11.40346, 46.5970392], [11.4030517, 46.5974679], [11.4010753, 46.599543], [11.3997222, 46.60062], [11.3985164, 46.6009146], [11.3958504, 46.6013748], [11.3948054, 46.6017338], [11.3933049, 46.6021388], [11.3909336, 46.6021388], [11.3892322, 46.6027095], [11.3874906, 46.602866], [11.3862982, 46.6024333], [11.3853844, 46.6016618], [11.3842351, 46.6011723], [11.3838233, 46.6008684], [11.382804, 46.600702], [11.3820865, 46.600701]], [[11.3855593, 46.6023478], [11.3856252, 46.6025339], [11.3852267, 46.6026685], [11.3854404, 46.6027772], [11.3846431, 46.6028712], [11.3844675, 46.6027415], [11.3844069, 46.6029915], [11.3838137, 46.6018001], [11.3834432, 46.6012273], [11.3828931, 46.6010314], [11.3827925, 46.6008705], [11.3837069, 46.6009484], [11.3842558, 46.6012163], [11.3847976, 46.6014338], [11.3856559, 46.6019461], [11.3860368, 46.6023257], [11.3858919, 46.602451], [11.3855593, 46.6023478]], [[11.3833488, 46.602445], [11.3833291, 46.6024941], [11.3831285, 46.6025244], [11.3828747, 46.6027687], [11.3826296, 46.6028401], [11.3823835, 46.6024527], [11.3822685, 46.602118], [11.3824364, 46.6019778], [11.3831759, 46.6018744], [11.3831639, 46.6023389], [11.3833488, 46.602445]], [[11.3850729, 46.6046349], [11.3852371, 46.6047301], [11.3855103, 46.6047042], [11.38546, 46.6048018], [11.3849821, 46.6048305], [11.3846589, 46.6048953], [11.3843934, 46.6050353], [11.3841282, 46.6052768], [11.383799, 46.6055895], [11.383595, 46.6054999], [11.3834028, 46.6054196], [11.3835504, 46.6052688], [11.3835226, 46.6051504], [11.3832855, 46.6047562], [11.3832948, 46.6044765], [11.3833365, 46.6043303], [11.3834664, 46.6041816], [11.3836799, 46.6040235], [11.3837788, 46.6037757], [11.3836304, 46.6035713], [11.3838848, 46.6031718], [11.3845143, 46.6037326], [11.3845941, 46.6038935], [11.3845005, 46.6040132], [11.384321, 46.6039982], [11.3847684, 46.6042798], [11.3847194, 46.6038256], [11.3852623, 46.6040114], [11.3851596, 46.604173], [11.3848789, 46.6043399], [11.3849778, 46.6044476], [11.3854488, 46.6045687], [11.3850729, 46.6046349]], [[11.3890136, 46.6060136], [11.3887078, 46.6056488], [11.3884516, 46.6051312], [11.3883431, 46.6046611], [11.3881285, 46.6041525], [11.3881446, 46.6037286], [11.3885013, 46.6037636], [11.3887454, 46.6041801], [11.3889492, 46.6045892], [11.389157, 46.6048234], [11.3892374, 46.6051385], [11.389247, 46.6058165], [11.3894869, 46.6060617], [11.3901616, 46.6064282], [11.3899563, 46.6066993], [11.3890136, 46.6060136]], [[11.4034115, 46.6069569], [11.402969, 46.6066364], [11.4027812, 46.606546], [11.4027061, 46.6064908], [11.4026364, 46.6060798], [11.4022099, 46.6058919], [11.4018934, 46.6053851], [11.402505, 46.6050811], [11.4020671, 46.6047106], [11.4016614, 46.6044654], [11.4014542, 46.6043013], [11.4013775, 46.6040755], [11.4010432, 46.6039676], [11.4005792, 46.6038787], [11.400563, 46.6037377], [11.4007776, 46.6037137], [11.4010056, 46.6036898], [11.4014415, 46.6038068], [11.4016862, 46.6040054], [11.4017442, 46.6042042], [11.4020039, 46.6044289], [11.4026498, 46.6048231], [11.4036838, 46.6049771], [11.4040754, 46.604896], [11.4046722, 46.604941], [11.4048385, 46.6047788], [11.4051496, 46.6046904], [11.4053481, 46.6045319], [11.4057115, 46.6047191], [11.4054822, 46.6048931], [11.4053588, 46.6052322], [11.4048492, 46.6052211], [11.4048117, 46.6054091], [11.404286, 46.605527], [11.4038085, 46.6058218], [11.403771, 46.6062162], [11.4037468, 46.6063912], [11.4039144, 46.60637], [11.4039768, 46.6064184], [11.4034437, 46.6065995], [11.4036235, 46.60671], [11.4035792, 46.6067929], [11.4035748, 46.6068459], [11.4035592, 46.6069185], [11.40353, 46.606964], [11.4034739, 46.6069726], [11.4034115, 46.6069569]], [[11.3928653, 46.6111095], [11.392972, 46.6109405], [11.3932201, 46.6109112], [11.3933874, 46.611], [11.3934581, 46.6111248], [11.3936309, 46.6111289], [11.3936631, 46.6113666], [11.3935621, 46.6115006], [11.3936793, 46.61192], [11.3933341, 46.6120058], [11.3932617, 46.6119649], [11.3929023, 46.6120214], [11.3926925, 46.6118811], [11.3925427, 46.6118974], [11.392589, 46.6121333], [11.3922189, 46.612147], [11.3921396, 46.6120792], [11.3919917, 46.6121118], [11.3918125, 46.6120297], [11.391721, 46.6118524], [11.391814, 46.6117561], [11.3915578, 46.6115366], [11.3919398, 46.6113131], [11.3920273, 46.6113969], [11.3928653, 46.6111095]], [[11.4034371, 46.6176161], [11.4030632, 46.6178204], [11.4028271, 46.6177025], [11.4027198, 46.617522], [11.402178, 46.6177357], [11.4018347, 46.6174262], [11.4023658, 46.6173856], [11.4029666, 46.617323], [11.4034371, 46.6176161]], [[11.3957922, 46.6180349], [11.3958515, 46.6181997], [11.3953785, 46.6183532], [11.3951059, 46.6189737], [11.3945745, 46.6188635], [11.3944129, 46.6184564], [11.3945753, 46.6182777], [11.3948025, 46.617968], [11.394648, 46.6178779], [11.3938947, 46.6176981], [11.3938518, 46.617536], [11.3940481, 46.6174837], [11.3940139, 46.6173611], [11.3943138, 46.6171915], [11.3954647, 46.6172307], [11.3957841, 46.61716], [11.3957142, 46.616849], [11.3961213, 46.6165321], [11.3964647, 46.6165665], [11.3966631, 46.6170542], [11.3966158, 46.6170998], [11.3963893, 46.6171161], [11.3961959, 46.6170137], [11.395965, 46.6172392], [11.3959655, 46.6176205], [11.3957922, 46.6180349]], [[11.4000607, 46.6192434], [11.400127, 46.61946], [11.4002247, 46.6197029], [11.4002172, 46.6198344], [11.3996776, 46.6199018], [11.3993879, 46.6199092], [11.3991364, 46.6201304], [11.3991241, 46.6203279], [11.3990399, 46.6205726], [11.3982888, 46.6208526], [11.3978114, 46.6208452], [11.3975271, 46.6207531], [11.3976236, 46.6205468], [11.3978421, 46.6203736], [11.3973769, 46.620362], [11.397445, 46.6199129], [11.3976655, 46.6198593], [11.3974171, 46.6196702], [11.3969877, 46.6196496], [11.3968745, 46.6194934], [11.3969711, 46.6193687], [11.3970556, 46.6189492], [11.3974922, 46.6187674], [11.3975794, 46.618543], [11.3983261, 46.6180126], [11.3984951, 46.6181187], [11.3984645, 46.6185061], [11.3985922, 46.6188025], [11.3994308, 46.6188333], [11.3997512, 46.6187734], [11.3998566, 46.6186224], [11.400543, 46.6184357], [11.4007216, 46.6184496], [11.4004319, 46.618856], [11.4000607, 46.6192434]], [[11.4007087, 46.6196464], [11.401109, 46.6191605], [11.4020594, 46.6189733], [11.4024917, 46.6186922], [11.4030464, 46.6186565], [11.4030672, 46.6187864], [11.4036503, 46.61876], [11.40383, 46.6188963], [11.4040768, 46.6189553], [11.4041143, 46.6192242], [11.4037388, 46.6194619], [11.4034653, 46.6193219], [11.4031537, 46.619327], [11.4028748, 46.6195407], [11.4027492, 46.619688], [11.4026291, 46.6196791], [11.4020916, 46.6195997], [11.4017529, 46.619596], [11.4014163, 46.6197742], [11.4014222, 46.6200778], [11.4016581, 46.6199197], [11.4017806, 46.6201697], [11.4015873, 46.6203734], [11.4018435, 46.6202738], [11.402251, 46.6202485], [11.4023767, 46.6200836], [11.4026275, 46.6199915], [11.4028163, 46.6201736], [11.4025825, 46.6203747], [11.4027554, 46.6204698], [11.4027782, 46.620565], [11.4023807, 46.6207054], [11.4019357, 46.6206849], [11.4018727, 46.6208021], [11.4015401, 46.6208892], [11.4015102, 46.6209977], [11.4009758, 46.6211472], [11.4005681, 46.6208745], [11.4006432, 46.6203808], [11.4009361, 46.6202397], [11.4006217, 46.619946], [11.4007087, 46.6196464]], [[11.4017004, 46.6213686], [11.4018372, 46.6213004], [11.4019149, 46.6213944], [11.401864, 46.6215381], [11.4016789, 46.6214644], [11.4017004, 46.6213686]], [[11.3997745, 46.6217204], [11.3999864, 46.6215989], [11.4000642, 46.6217168], [11.4000025, 46.6218568], [11.3997826, 46.6217665], [11.3997745, 46.6217204]], [[11.4020249, 46.6216154], [11.4021456, 46.6215546], [11.402387, 46.6217241], [11.4025935, 46.6221257], [11.401982, 46.622286], [11.4019069, 46.6222031], [11.4021268, 46.621831], [11.4020678, 46.6218015], [11.4021107, 46.6216928], [11.4020249, 46.6216154]], [[11.4014791, 46.6295898], [11.4013841, 46.629315], [11.4017757, 46.6290792], [11.4024355, 46.6295102], [11.4022049, 46.6296465], [11.4019688, 46.6298676], [11.4017795, 46.6298072], [11.4017848, 46.6297114], [11.4014791, 46.6295898]], [[11.4109472, 46.6071515], [11.4109754, 46.6070306], [11.4113348, 46.606839], [11.4112651, 46.6069938], [11.4110773, 46.6071891], [11.4110022, 46.607237], [11.4109472, 46.6071515]], [[11.4054886, 46.6077167], [11.4052284, 46.6076232], [11.4049928, 46.6075688], [11.4046944, 46.6073592], [11.4039228, 46.6069229], [11.4037157, 46.6068313], [11.4037441, 46.6065995], [11.4042243, 46.6064262], [11.4043691, 46.6066068], [11.4045113, 46.6065442], [11.4045942, 46.6065565], [11.4048107, 46.6066117], [11.4049039, 46.60649], [11.4048763, 46.6062088], [11.4050525, 46.6061303], [11.4058086, 46.6062525], [11.4062421, 46.6061049], [11.4064843, 46.6061262], [11.4082955, 46.6071336], [11.4081343, 46.607337], [11.4070557, 46.607533], [11.4069523, 46.60763], [11.4074636, 46.6078105], [11.407797, 46.6077016], [11.4078139, 46.6075287], [11.408464, 46.6074086], [11.4084394, 46.6074858], [11.4080719, 46.6076588], [11.4079624, 46.6077785], [11.4086553, 46.6078285], [11.4086172, 46.6081184], [11.408497, 46.6082223], [11.4084089, 46.6082304], [11.4083026, 46.6081692], [11.4082945, 46.6084885], [11.4084351, 46.6086673], [11.408298, 46.6087231], [11.408059, 46.6086837], [11.4074783, 46.6083328], [11.4071935, 46.6084305], [11.4065069, 46.6079157], [11.4062572, 46.6078816], [11.4058536, 46.6077682], [11.4054886, 46.6077167]], [[11.4099665, 46.6137333], [11.4098443, 46.6138223], [11.4098274, 46.6139218], [11.4094849, 46.6141835], [11.4093824, 46.6141274], [11.4091772, 46.6142718], [11.4088253, 46.6141493], [11.407467, 46.6142068], [11.4072629, 46.6141036], [11.4072927, 46.6139549], [11.40711, 46.6137375], [11.4071009, 46.6134788], [11.4067557, 46.6134315], [11.4064904, 46.6132174], [11.4066191, 46.6126426], [11.4054715, 46.6121292], [11.4053527, 46.612464], [11.4047556, 46.6124929], [11.4045332, 46.6123153], [11.4047368, 46.6122036], [11.4046365, 46.6121246], [11.4043549, 46.6121876], [11.4035684, 46.6122353], [11.4031334, 46.6120076], [11.4030197, 46.6117288], [11.4033557, 46.6116752], [11.4035517, 46.611738], [11.4039228, 46.6117533], [11.4041703, 46.6116295], [11.4050099, 46.6115606], [11.4054176, 46.6120888], [11.4087725, 46.6126147], [11.4097949, 46.6134238], [11.4099665, 46.6137333]], [[11.4082687, 46.615259], [11.4073834, 46.6151099], [11.4065961, 46.614973], [11.4058829, 46.6150473], [11.4049454, 46.6146475], [11.4045831, 46.6142377], [11.4048084, 46.614054], [11.4052387, 46.6138068], [11.4060934, 46.6146033], [11.4067074, 46.6147864], [11.4076663, 46.6148715], [11.4077717, 46.6146624], [11.4083143, 46.6148732], [11.4086456, 46.6149308], [11.4087258, 46.6148822], [11.4086027, 46.6147361], [11.4089664, 46.6145054], [11.4092102, 46.6146274], [11.4090597, 46.6147998], [11.4091343, 46.6149128], [11.4082687, 46.615259]], [[11.4093392, 46.6152944], [11.4093258, 46.6152447], [11.4095358, 46.6150476], [11.409788, 46.6151011], [11.4094787, 46.6153055], [11.4093392, 46.6152944]], [[11.4127295, 46.6169329], [11.4125724, 46.6170761], [11.4119954, 46.6169184], [11.411397, 46.6165739], [11.4106111, 46.6165086], [11.4096868, 46.6165958], [11.4093536, 46.616615], [11.4092656, 46.616668], [11.4090353, 46.6166056], [11.4086738, 46.6167342], [11.4080688, 46.6166072], [11.4080181, 46.6165117], [11.4080759, 46.616417], [11.4079324, 46.6164064], [11.4078641, 46.6165222], [11.4076452, 46.6165684], [11.4075641, 46.6166628], [11.4073941, 46.6166215], [11.407059, 46.6163351], [11.4076491, 46.6160846], [11.4063831, 46.6159446], [11.4056535, 46.615635], [11.4054958, 46.6153981], [11.406558, 46.6152581], [11.4070622, 46.6154276], [11.4077811, 46.615656], [11.4101489, 46.6157898], [11.4108337, 46.6159246], [11.4108498, 46.6161195], [11.4110612, 46.6161732], [11.4112795, 46.6163224], [11.4119034, 46.6165617], [11.4122398, 46.6168106], [11.4127295, 46.6169329]], [[11.404788, 46.6181292], [11.4052173, 46.6179937], [11.4051486, 46.6182324], [11.4050559, 46.618309], [11.4045433, 46.6186107], [11.4041056, 46.6183329], [11.403894, 46.6183691], [11.4037331, 46.617669], [11.4046772, 46.6168142], [11.4047308, 46.6164752], [11.4050956, 46.6164088], [11.4057104, 46.6165772], [11.4059325, 46.6163867], [11.4061503, 46.6164372], [11.4060827, 46.6166004], [11.406426, 46.6170058], [11.4063187, 46.6178753], [11.4058145, 46.6179048], [11.4057183, 46.6180212], [11.4059329, 46.6181428], [11.4057424, 46.6182515], [11.4057934, 46.6184117], [11.4055842, 46.6184007], [11.4055037, 46.6183306], [11.4055815, 46.6181852], [11.4054903, 46.6181741], [11.4053803, 46.6183656], [11.4052972, 46.6183013], [11.4054447, 46.6178223], [11.4053965, 46.6177128], [11.4052885, 46.6177347], [11.4051518, 46.6179594], [11.4048168, 46.6180498], [11.404788, 46.6181292]], [[11.4115235, 46.6176214], [11.4119013, 46.6177074], [11.4109361, 46.6182269], [11.4111126, 46.6184624], [11.4100112, 46.6189983], [11.4100214, 46.618691], [11.4095809, 46.6188796], [11.4092761, 46.6188216], [11.4091096, 46.6187104], [11.4087969, 46.6188447], [11.4087604, 46.6187089], [11.4089911, 46.6186194], [11.408997, 46.6185061], [11.4092295, 46.618472], [11.4094228, 46.618578], [11.4097479, 46.6185591], [11.4099131, 46.6184406], [11.4101114, 46.6184409], [11.4102384, 46.6178156], [11.4100426, 46.6178301], [11.4098743, 46.6179304], [11.40972, 46.6177609], [11.4093233, 46.6176066], [11.4093174, 46.6179014], [11.409349, 46.6180154], [11.4089818, 46.6182605], [11.4082531, 46.6182473], [11.4080459, 46.6181867], [11.4079262, 46.6181979], [11.4079081, 46.6183076], [11.4075555, 46.6185864], [11.4073643, 46.619012], [11.407147, 46.6188922], [11.4072947, 46.618275], [11.4070993, 46.6182232], [11.4070418, 46.617795], [11.4069884, 46.6174916], [11.4071555, 46.6171624], [11.4072533, 46.6172169], [11.4072259, 46.6176901], [11.4074024, 46.617683], [11.4073074, 46.6173981], [11.4075983, 46.6172473], [11.4078133, 46.6169617], [11.4079866, 46.6169633], [11.4082938, 46.6167968], [11.4084299, 46.6169784], [11.4089166, 46.6170512], [11.4089983, 46.6171862], [11.4088757, 46.6173456], [11.4084404, 46.6173629], [11.4084231, 46.6174609], [11.4089711, 46.6174532], [11.4091173, 46.6174129], [11.4097688, 46.6173276], [11.4099958, 46.617246], [11.4102277, 46.6174586], [11.4104336, 46.6172534], [11.4106622, 46.6172053], [11.4108769, 46.6172216], [11.4110902, 46.6171435], [11.4111674, 46.6171618], [11.4110224, 46.6175684], [11.4111966, 46.6176485], [11.4115235, 46.6176214]], [[11.4070782, 46.6201426], [11.4068762, 46.6202305], [11.406636, 46.6201748], [11.4063724, 46.6203219], [11.4063308, 46.6207934], [11.406303, 46.6208491], [11.4068073, 46.6208307], [11.4068073, 46.620932], [11.4069119, 46.621037], [11.4069992, 46.6210024], [11.4070755, 46.620803], [11.4071184, 46.620768], [11.4072177, 46.6207957], [11.4072284, 46.6209301], [11.4070916, 46.6211788], [11.4068609, 46.6212396], [11.4063969, 46.6211973], [11.4064371, 46.6211107], [11.4067256, 46.6211406], [11.4066517, 46.6210536], [11.4066061, 46.620943], [11.4063218, 46.6209283], [11.406067, 46.6208012], [11.4059275, 46.6208067], [11.4058229, 46.6208472], [11.4056486, 46.6208049], [11.4055466, 46.6209265], [11.4054689, 46.6209172], [11.405611, 46.6206299], [11.4054018, 46.620488], [11.4053723, 46.6203664], [11.4056244, 46.6203241], [11.4058417, 46.6204217], [11.4058551, 46.6205543], [11.4060697, 46.6206943], [11.4061835, 46.6207628], [11.4062624, 46.6206695], [11.405879, 46.6203539], [11.4056302, 46.6198678], [11.404777, 46.6202471], [11.4052276, 46.6206229], [11.404924, 46.6209187], [11.4044569, 46.6207871], [11.4040146, 46.6208413], [11.4037712, 46.6207045], [11.4042454, 46.6202768], [11.404527, 46.619806], [11.4044658, 46.6195028], [11.4049728, 46.6190437], [11.4053432, 46.6191209], [11.4058914, 46.6190719], [11.4058637, 46.6189006], [11.4059979, 46.6188476], [11.4061603, 46.618843], [11.406894, 46.6192446], [11.4074315, 46.619405], [11.4075844, 46.6195717], [11.4078865, 46.6196401], [11.4079818, 46.6197586], [11.4079341, 46.6199611], [11.4072736, 46.6197618], [11.4070602, 46.6199407], [11.4070782, 46.6201426]], [[11.4051819, 46.621422], [11.4053884, 46.6212507], [11.4055091, 46.6213796], [11.4055788, 46.6214552], [11.4053482, 46.6215768], [11.405257, 46.6215731], [11.4051819, 46.621422]], [[11.4063191, 46.6220815], [11.405949, 46.6220483], [11.4055386, 46.6221368], [11.405603, 46.6219691], [11.4058766, 46.6218199], [11.4064184, 46.6218199], [11.4065283, 46.6217204], [11.4068678, 46.6216712], [11.4070609, 46.6217043], [11.4070889, 46.6218494], [11.4068341, 46.6220041], [11.4069655, 46.6221755], [11.4072969, 46.6222514], [11.4070916, 46.6222841], [11.4063191, 46.6220815]], [[11.4095363, 46.6221019], [11.4097849, 46.6225259], [11.4094797, 46.6225845], [11.4092647, 46.6229835], [11.4090421, 46.622915], [11.4092107, 46.622413], [11.4085288, 46.6221191], [11.4090686, 46.6219315], [11.4092072, 46.621937], [11.4095363, 46.6221019]], [[11.4085105, 46.6232642], [11.4085293, 46.6230523], [11.4088136, 46.623161], [11.409204, 46.6231688], [11.4094868, 46.6230652], [11.4096343, 46.6230763], [11.4097068, 46.623196], [11.4101144, 46.623255], [11.4103183, 46.6235221], [11.4101869, 46.6235957], [11.4097953, 46.6234318], [11.4092374, 46.6235092], [11.408894, 46.6234686], [11.4086848, 46.62385], [11.4084139, 46.6239439], [11.4081082, 46.6242368], [11.4082342, 46.6244284], [11.4079767, 46.6246402], [11.4077782, 46.6246052], [11.4077407, 46.6244449], [11.407848, 46.6243234], [11.4077943, 46.6240913], [11.4079043, 46.6239218], [11.4078426, 46.6236326], [11.4078721, 46.62343], [11.408312, 46.6233655], [11.4085105, 46.6232642]], [[11.4114394, 46.624373], [11.411013, 46.6241649], [11.4109379, 46.6239696], [11.4106455, 46.6237485], [11.4107501, 46.6237025], [11.4113254, 46.6239257], [11.4112088, 46.6240949], [11.4113938, 46.6241704], [11.4116057, 46.6241556], [11.4114394, 46.624373]], [[11.4304854, 46.5984308], [11.4275199, 46.5970751], [11.426447, 46.5981367], [11.4247304, 46.5989771], [11.4241725, 46.5981956], [11.421662, 46.5979597], [11.4217693, 46.5971046], [11.4211942, 46.5974282], [11.4219023, 46.5946858], [11.4260651, 46.5954672], [11.4255458, 46.5965591], [11.4268805, 46.5958211], [11.4274985, 46.5962494], [11.4295198, 46.5971039], [11.4309961, 46.5972668], [11.4309102, 46.5981367], [11.4304854, 46.5984308]], [[11.4190055, 46.5999494], [11.4187223, 46.5994489], [11.4181901, 46.5994629], [11.4173704, 46.5999059], [11.415804, 46.6003629], [11.4144736, 46.6015276], [11.4141732, 46.6011738], [11.4137012, 46.6010853], [11.4130188, 46.601409], [11.4108473, 46.6009232], [11.4104396, 46.6002745], [11.4108688, 46.5993899], [11.4118172, 46.5990058], [11.4123064, 46.5994194], [11.4124352, 46.5986232], [11.4149028, 46.5967065], [11.4166623, 46.5937133], [11.4178425, 46.5935659], [11.418851, 46.5938903], [11.4191729, 46.5943179], [11.4196449, 46.5948634], [11.4192802, 46.5964264], [11.4202071, 46.5981507], [11.4207393, 46.5981514], [11.4214903, 46.5998322], [11.4210011, 46.5999494], [11.4214474, 46.6007315], [11.4206792, 46.6007308], [11.4190055, 46.5999494]], [[11.4166027, 46.6060577], [11.4168065, 46.6060688], [11.416785, 46.6063415], [11.4164525, 46.6064152], [11.4161306, 46.6064041], [11.4161145, 46.6062162], [11.4162003, 46.6061572], [11.416136, 46.6060798], [11.4163613, 46.6058808], [11.4166027, 46.6060577]], [[11.4142691, 46.6070859], [11.4142785, 46.6072842], [11.413958, 46.6073218], [11.4140438, 46.6071891], [11.4138024, 46.6071965], [11.4136308, 46.607027], [11.4135932, 46.6068132], [11.413443, 46.606651], [11.4135557, 46.6064226], [11.4140706, 46.6063452], [11.4149504, 46.6068869], [11.414312, 46.6069864], [11.4142691, 46.6070859]], [[11.4238342, 46.6108793], [11.4226832, 46.6112477], [11.4220463, 46.6111403], [11.421711, 46.6108639], [11.4199342, 46.6108793], [11.4200236, 46.6106259], [11.4216887, 46.6106413], [11.4224933, 46.6099581], [11.4231749, 46.6100963], [11.4241248, 46.61015], [11.4252199, 46.6098199], [11.4257675, 46.6094975], [11.4257675, 46.6098122], [11.4253316, 46.6102114], [11.425544, 46.6109944], [11.42484, 46.6110635], [11.4238342, 46.6108793]], [[11.4122947, 46.6209117], [11.4120702, 46.6207054], [11.4122816, 46.6205731], [11.4119544, 46.6203515], [11.4119744, 46.6201222], [11.4117961, 46.6199718], [11.4110814, 46.619851], [11.4110235, 46.6201079], [11.4108751, 46.6200287], [11.410481, 46.6196966], [11.4105459, 46.6192124], [11.410864, 46.6189891], [11.4109563, 46.6188414], [11.4116065, 46.6183849], [11.4120186, 46.6183946], [11.4124071, 46.6184392], [11.4124785, 46.6185516], [11.4121917, 46.6186614], [11.4122481, 46.6190267], [11.4125074, 46.6190193], [11.4128379, 46.6193592], [11.4130138, 46.6192166], [11.4133947, 46.6192498], [11.4135135, 46.6191837], [11.4138614, 46.619224], [11.4138193, 46.6194268], [11.4140706, 46.6196846], [11.4143389, 46.6196662], [11.4142638, 46.6198541], [11.4144086, 46.6199609], [11.4145856, 46.6201967], [11.4143987, 46.620208], [11.4142646, 46.6200716], [11.4141465, 46.6199206], [11.4139475, 46.6203005], [11.4146312, 46.6204547], [11.4147205, 46.6205672], [11.4151068, 46.620663], [11.4155649, 46.6207188], [11.4153892, 46.6206199], [11.415331, 46.6199335], [11.4152022, 46.6196288], [11.4157386, 46.6195699], [11.4164467, 46.6197614], [11.417069, 46.6201594], [11.4174811, 46.6198773], [11.4181481, 46.6208415], [11.4192339, 46.6215859], [11.419456, 46.6219772], [11.419365, 46.622311], [11.4188629, 46.6222664], [11.4188321, 46.6221249], [11.4182689, 46.6219542], [11.4177833, 46.6220045], [11.4171133, 46.6218982], [11.4166177, 46.6221207], [11.416151, 46.6218895], [11.4158216, 46.6221358], [11.415221, 46.6217563], [11.4155158, 46.6212479], [11.415323, 46.6210169], [11.415014, 46.6209151], [11.4148037, 46.6208398], [11.4146964, 46.6207293], [11.4145642, 46.6206887], [11.4135892, 46.6207976], [11.4133126, 46.6208525], [11.4123833, 46.6213555], [11.4121333, 46.6214159], [11.4119495, 46.6213061], [11.411949, 46.6210793], [11.4122947, 46.6209117]], [[11.4341601, 46.6243819], [11.4339573, 46.6244523], [11.433731, 46.6243451], [11.4334853, 46.6243639], [11.4332374, 46.6241977], [11.4330765, 46.6238293], [11.4332803, 46.6239324], [11.433731, 46.6240356], [11.4341601, 46.6243819]], [[11.4358338, 46.6250524], [11.4355012, 46.6248387], [11.4352019, 46.6249975], [11.4345356, 46.624824], [11.4339455, 46.6246251], [11.4343854, 46.6243966], [11.4348468, 46.624544], [11.4354368, 46.6245293], [11.4360806, 46.6248461], [11.4358338, 46.6250524]], [[11.436381, 46.6246472], [11.436853, 46.624603], [11.4366277, 46.625023], [11.4367672, 46.6250966], [11.436499, 46.6251924], [11.4360698, 46.6251114], [11.4363595, 46.6248166], [11.436381, 46.6246472]], [[11.4232115, 46.6259426], [11.4233242, 46.6253255], [11.4236997, 46.6250529], [11.4237158, 46.6253219], [11.4235334, 46.6255171], [11.4233671, 46.6258708], [11.4232115, 46.6259426]], [[11.4212964, 46.625609], [11.421334, 46.625764], [11.4210658, 46.6257566], [11.4210443, 46.6256903], [11.4206044, 46.6255355], [11.4210228, 46.625484], [11.4210711, 46.625598], [11.4212964, 46.625609]], [[11.4221708, 46.6258376], [11.4226643, 46.6260034], [11.4225892, 46.6261766], [11.4226751, 46.6262908], [11.4222996, 46.6264234], [11.4218436, 46.6263497], [11.4219723, 46.6262134], [11.4219187, 46.6260624], [11.4217739, 46.6260034], [11.4216558, 46.626029], [11.4215539, 46.6259666], [11.4216988, 46.6259332], [11.4219348, 46.6258524], [11.4220153, 46.6259038], [11.4221708, 46.6258376]], [[11.4361771, 46.6261724], [11.4374539, 46.6264229], [11.4373144, 46.6267324], [11.4365312, 46.6265408], [11.4361138, 46.6265301], [11.4356729, 46.6263713], [11.4361771, 46.6261724]]]}, "properties": {"osm_id": "relation/2717729", "landuse": "forest", "type": "multipolygon"}}, {"type": "Feature", "geometry": {"type": "MultiPolygon", "coordinates": [[[[11.3755938, 46.5775886], [11.3756984, 46.5775499], [11.37598, 46.5771941], [11.3759478, 46.5771664], [11.3759693, 46.5770466], [11.3761222, 46.5769912], [11.3761222, 46.576923], [11.3760605, 46.5769267], [11.375913, 46.5766229], [11.3759401, 46.5769372], [11.3758146, 46.5772953], [11.375512, 46.5775341], [11.3750764, 46.577793], [11.3752921, 46.5779417], [11.3754226, 46.5779593], [11.3755911, 46.5777048], [11.3755938, 46.5775886]]], [[[11.3853844, 46.6016618], [11.3862982, 46.6024333], [11.3874906, 46.602866], [11.3892322, 46.6027095], [11.3909336, 46.6021388], [11.3933049, 46.6021388], [11.3948054, 46.6017338], [11.3958504, 46.6013748], [11.3985164, 46.6009146], [11.3997222, 46.60062], [11.4010753, 46.599543], [11.4030517, 46.5974679], [11.40346, 46.5970392], [11.406059, 46.5955387], [11.4066423, 46.5956805], [11.4072546, 46.5958294], [11.4082996, 46.5955256], [11.4108719, 46.5945866], [11.4130958, 46.5941908], [11.4143953, 46.5942092], [11.415092, 46.5942], [11.4154805, 46.5940619], [11.4157083, 46.5937489], [11.4158154, 46.5934175], [11.416137, 46.5932518], [11.4167666, 46.5932978], [11.4172757, 46.5934267], [11.4183073, 46.5934175], [11.4191647, 46.5932978], [11.4197006, 46.5929387], [11.4201963, 46.5925981], [11.4206518, 46.5927178], [11.4210788, 46.5929315], [11.4216945, 46.5930357], [11.4224145, 46.5933221], [11.4230303, 46.593628], [11.424006, 46.5943701], [11.4248965, 46.594292], [11.4264596, 46.5950276], [11.4285058, 46.595275], [11.430012, 46.5957567], [11.4310636, 46.5962644], [11.4320298, 46.5966615], [11.432503, 46.5967219], [11.4335076, 46.5968502], [11.4353928, 46.5968633], [11.4364822, 46.5967461], [11.4386611, 46.5965053], [11.4407452, 46.5965899], [11.4417872, 46.5968242], [11.4432366, 46.5978266], [11.444364, 46.5981586], [11.445926, 46.5984059], [11.4473595, 46.5991515], [11.4489403, 46.6003482], [11.4505565, 46.6014341], [11.4507872, 46.6013348], [11.450826, 46.6022702], [11.4511992, 46.6027761], [11.4515959, 46.6029105], [11.4524173, 46.6027953], [11.4534118, 46.602684], [11.4542197, 46.6030881], [11.4548447, 46.6036877], [11.4536329, 46.6022281], [11.452258, 46.6014398], [11.451544, 46.6013122], [11.4513455, 46.6005921], [11.4516378, 46.6003267], [11.4523781, 46.6002456], [11.4516314, 46.6000882], [11.4510156, 46.6005404], [11.4506444, 46.5996459], [11.4504042, 46.5995465], [11.450301, 46.6000219], [11.4508414, 46.6011249], [11.4507102, 46.6012312], [11.4503452, 46.6009839], [11.4497352, 46.6001025], [11.4490391, 46.5995437], [11.4500881, 46.5991052], [11.4498499, 46.5987425], [11.4490871, 46.5987215], [11.4491133, 46.5985704], [11.4503112, 46.5984152], [11.4512741, 46.5988085], [11.4514457, 46.5986371], [11.4494935, 46.5972025], [11.4483434, 46.5964668], [11.4475666, 46.5957768], [11.4473254, 46.5953219], [11.4472476, 46.5956883], [11.447629, 46.5966861], [11.4467952, 46.595957], [11.4464304, 46.5947996], [11.4459798, 46.5942024], [11.4461407, 46.5938706], [11.445851, 46.5938633], [11.4455077, 46.5940549], [11.4451322, 46.5940992], [11.4449606, 46.5936126], [11.4455399, 46.5934504], [11.4455614, 46.5931408], [11.445261, 46.5929048], [11.4443919, 46.5927648], [11.4442524, 46.5930228], [11.4438984, 46.5926837], [11.4427182, 46.5930965], [11.4426646, 46.5928311], [11.4421711, 46.5928606], [11.4417312, 46.5926394], [11.4407227, 46.5925804], [11.440433, 46.5919169], [11.4402399, 46.590811], [11.4405725, 46.5913566], [11.4409587, 46.5909805], [11.440948, 46.590693], [11.4426753, 46.5901695], [11.4429757, 46.5893143], [11.4426501, 46.5890108], [11.4424355, 46.5884954], [11.4431796, 46.5884221], [11.442833, 46.5875439], [11.4436425, 46.5870086], [11.4446212, 46.5879039], [11.4459476, 46.5884885], [11.4479432, 46.5887834], [11.4483616, 46.5882968], [11.4486727, 46.5884516], [11.4497165, 46.5886456], [11.4504268, 46.5885133], [11.4509198, 46.5873664], [11.4510523, 46.587001], [11.4509128, 46.5864027], [11.4513747, 46.5858921], [11.4507808, 46.5841036], [11.4489953, 46.5839731], [11.4462593, 46.5836982], [11.4452834, 46.5832933], [11.4448757, 46.5828221], [11.4453116, 46.5823531], [11.4473018, 46.5823662], [11.4491555, 46.5812106], [11.4490482, 46.5806502], [11.4515159, 46.5806649], [11.4528892, 46.5808493], [11.4535329, 46.5811], [11.4542195, 46.582361], [11.454359, 46.5817342], [11.4542839, 46.5808788], [11.4537367, 46.5807092], [11.4534685, 46.5800676], [11.4526531, 46.5796399], [11.4525458, 46.5793523], [11.4521167, 46.5793228], [11.4521918, 46.5785485], [11.4523136, 46.5785244], [11.4519166, 46.5784433], [11.4519493, 46.578159], [11.4513593, 46.5778861], [11.4511125, 46.5781664], [11.4507584, 46.5778861], [11.4503937, 46.5777018], [11.4498894, 46.5775838], [11.4490179, 46.5775844], [11.4488102, 46.577604], [11.4487795, 46.5775757], [11.4487022, 46.5775492], [11.4481096, 46.5775491], [11.4470665, 46.5782742], [11.4477982, 46.5786444], [11.4469163, 46.5791887], [11.4450495, 46.5793657], [11.4459293, 46.5810175], [11.4454143, 46.5813567], [11.4441912, 46.5828308], [11.4426462, 46.5833027], [11.4400284, 46.5833765], [11.4393847, 46.5824179], [11.4393418, 46.5814452], [11.4379878, 46.5815973], [11.4365072, 46.5784558], [11.4397709, 46.5755161], [11.4407822, 46.575233], [11.4416523, 46.5761191], [11.4423694, 46.576255], [11.4428823, 46.576932], [11.444796, 46.5766617], [11.4453468, 46.5767542], [11.4457435, 46.5770458], [11.4458401, 46.5769965], [11.4457314, 46.5768634], [11.4444938, 46.5761592], [11.4437304, 46.5754788], [11.4439466, 46.5753774], [11.4437675, 46.5748064], [11.4433217, 46.5748919], [11.4430707, 46.5754126], [11.4426039, 46.5758033], [11.4418229, 46.5754587], [11.4414093, 46.5748661], [11.4409624, 46.5747561], [11.4408765, 46.5740554], [11.4405117, 46.5730893], [11.4408883, 46.5726218], [11.4409072, 46.5724658], [11.4410332, 46.5715449], [11.4407344, 46.5709013], [11.4405687, 46.5705572], [11.4399097, 46.569916], [11.4393941, 46.5694007], [11.439226, 46.569223], [11.4390796, 46.5691591], [11.4387644, 46.5691654], [11.439422, 46.5696737], [11.4394488, 46.5703677], [11.4386334, 46.570648], [11.4395561, 46.5720494], [11.4391484, 46.5733622], [11.4385261, 46.5747045], [11.437818, 46.574734], [11.4372172, 46.5743947], [11.437067, 46.5737752], [11.4366164, 46.5732737], [11.4359727, 46.5730967], [11.4348354, 46.5728016], [11.4342367, 46.5725097], [11.4322777, 46.5725092], [11.4319008, 46.5711272], [11.4315953, 46.5710315], [11.4309301, 46.570648], [11.428677, 46.5697777], [11.4277329, 46.5697187], [11.4269175, 46.5689958], [11.4239789, 46.5675649], [11.4234424, 46.5677862], [11.4228202, 46.5672108], [11.4184007, 46.5682139], [11.4178643, 46.568863], [11.4172824, 46.5690289], [11.4172363, 46.5692387], [11.4165828, 46.5692196], [11.4154288, 46.5690061], [11.4152893, 46.5682287], [11.4136156, 46.5688335], [11.4135084, 46.568627], [11.4132079, 46.5687155], [11.4131997, 46.5691916], [11.4133865, 46.5694992], [11.4131016, 46.5695073], [11.4127427, 46.569487], [11.4119512, 46.5693518], [11.4115186, 46.569095], [11.4111696, 46.568855], [11.4107321, 46.5685373], [11.4107519, 46.5683654], [11.4100966, 46.5680812], [11.4098176, 46.5678894], [11.4091868, 46.5672804], [11.4088683, 46.5675576], [11.4085907, 46.567715], [11.4082222, 46.5679089], [11.4074852, 46.5679516], [11.4072565, 46.5678117], [11.4069899, 46.5672044], [11.4072689, 46.5668171], [11.4075857, 46.5667218], [11.4081057, 46.5663488], [11.4075907, 46.566039], [11.4070801, 46.5662607], [11.4068048, 46.5660861], [11.406914, 46.5659141], [11.4067912, 46.5657475], [11.4065373, 46.5656014], [11.4063896, 46.5657305], [11.406073, 46.5654874], [11.4061205, 46.5654163], [11.4056657, 46.5652052], [11.405659, 46.5650333], [11.4050158, 46.564726], [11.405336, 46.5643953], [11.4060887, 46.5641949], [11.4056419, 46.5639935], [11.4056756, 46.5637572], [11.4054841, 46.5638122], [11.4055033, 46.5640292], [11.4053494, 46.5643048], [11.4048136, 46.5642854], [11.4048061, 46.5644375], [11.404435, 46.564445], [11.4040573, 46.5640885], [11.4039213, 46.5641969], [11.4034473, 46.5638591], [11.4035507, 46.5637699], [11.4028884, 46.5634291], [11.4027475, 46.5629772], [11.4027682, 46.5627899], [11.4042541, 46.5632568], [11.4050474, 46.5634081], [11.4051935, 46.5634], [11.4055407, 46.5627618], [11.4049757, 46.5624657], [11.4047808, 46.5627756], [11.4039891, 46.5627445], [11.4030262, 46.5617251], [11.4030385, 46.5618962], [11.4027719, 46.5621928], [11.4027118, 46.5627069], [11.4025123, 46.5627194], [11.4026124, 46.5628727], [11.4026536, 46.5632048], [11.4021781, 46.5633871], [11.4018581, 46.5633223], [11.4017497, 46.5633968], [11.4018864, 46.5635557], [11.4015397, 46.5638998], [11.4011652, 46.5639543], [11.4005929, 46.5637607], [11.3994562, 46.5627868], [11.3995693, 46.5626377], [11.3994091, 46.5622747], [11.4001067, 46.56162], [11.4006724, 46.5616459], [11.401304, 46.5619117], [11.4021668, 46.5617933], [11.401883, 46.5610966], [11.4011437, 46.5610236], [11.4005215, 46.5612311], [11.4002093, 46.5610081], [11.39885, 46.5619976], [11.3983356, 46.5617406], [11.397349, 46.5618781], [11.3969668, 46.5618357], [11.3963344, 46.5617143], [11.3958817, 46.5616158], [11.3956262, 46.5615902], [11.395456, 46.5616396], [11.3953608, 46.5617777], [11.3953538, 46.5620705], [11.3953083, 46.5622687], [11.3953121, 46.5627121], [11.3953728, 46.5628581], [11.3957673, 46.563484], [11.3959152, 46.5636249], [11.3963438, 46.5638857], [11.3964955, 46.5640474], [11.3966776, 46.564329], [11.3967876, 46.5645481], [11.3972049, 46.5649967], [11.3975289, 46.5652029], [11.3976574, 46.564999], [11.39948, 46.5661322], [11.3997342, 46.5659687], [11.4004615, 46.5662492], [11.400049, 46.5665555], [11.3991747, 46.5663527], [11.3989172, 46.5663656], [11.3985149, 46.5661646], [11.398633, 46.5664007], [11.3990026, 46.566475], [11.399188, 46.5664434], [11.3999527, 46.5666662], [11.3998564, 46.5667769], [11.3990154, 46.5668252], [11.398331, 46.5667041], [11.3984574, 46.5668427], [11.3987126, 46.566819], [11.3999598, 46.567197], [11.4005526, 46.5671454], [11.4020434, 46.5680226], [11.4021872, 46.5680291], [11.4024123, 46.5684143], [11.4030211, 46.56844], [11.4030894, 46.5686107], [11.4040764, 46.5692156], [11.4038671, 46.56966], [11.4029902, 46.5699792], [11.4009716, 46.5694751], [11.4009661, 46.56922], [11.3999861, 46.5690207], [11.399144, 46.568672], [11.3986013, 46.5688318], [11.3974414, 46.5683039], [11.3973319, 46.568085], [11.3978919, 46.5674109], [11.3978859, 46.5671579], [11.3977356, 46.5669482], [11.3966495, 46.5664531], [11.3960401, 46.5665133], [11.3952606, 46.5663046], [11.3963764, 46.5669721], [11.3966406, 46.5668891], [11.3970765, 46.5672339], [11.3969321, 46.567317], [11.3950599, 46.5673594], [11.3949069, 46.5672884], [11.3947217, 46.567293], [11.3946721, 46.5676574], [11.3942525, 46.5675585], [11.394411, 46.5679894], [11.3944805, 46.5680859], [11.3941667, 46.5683865], [11.3940432, 46.5686297], [11.3939734, 46.5690464], [11.394129, 46.5691902], [11.393893, 46.5695479], [11.393893, 46.5696955], [11.3939681, 46.570422], [11.3937964, 46.5704515], [11.393496, 46.5708903], [11.3932975, 46.5708387], [11.3929241, 46.5711384], [11.3928812, 46.5712859], [11.3927675, 46.5714137], [11.3925254, 46.5715406], [11.3920787, 46.5718807], [11.392348, 46.5723986], [11.3921174, 46.5725351], [11.3920584, 46.5727231], [11.3917169, 46.5726208], [11.3912233, 46.5728353], [11.3910906, 46.5729758], [11.3905064, 46.5729015], [11.3902076, 46.5729481], [11.3901057, 46.5728301], [11.3902505, 46.5725019], [11.3907065, 46.572347], [11.3907763, 46.5719377], [11.3914093, 46.5718934], [11.3914736, 46.5717275], [11.3913127, 46.5716463], [11.3915702, 46.5713107], [11.3911786, 46.5706506], [11.3909426, 46.5707871], [11.3906421, 46.5707022], [11.3904061, 46.5705105], [11.390331, 46.570245], [11.3904812, 46.5700089], [11.3911957, 46.5702078], [11.3911625, 46.5703482], [11.3914897, 46.5703777], [11.3921388, 46.5702376], [11.3931527, 46.5697287], [11.3931849, 46.5698946], [11.3921925, 46.5704736], [11.3921013, 46.5707834], [11.3924982, 46.5707576], [11.3925304, 46.5709014], [11.3933673, 46.5701343], [11.3935497, 46.5702855], [11.3936784, 46.5699684], [11.3937052, 46.5691533], [11.3938179, 46.5690132], [11.393956, 46.5685362], [11.3937858, 46.5681898], [11.3938028, 46.5677329], [11.3938646, 46.5673893], [11.3934576, 46.567145], [11.3931161, 46.5671203], [11.3924558, 46.5668257], [11.3921043, 46.5665463], [11.3920444, 46.5663046], [11.3916507, 46.5661672], [11.3915542, 46.5660059], [11.3913671, 46.5660356], [11.3912115, 46.5659634], [11.3910378, 46.565813], [11.3909443, 46.5654795], [11.3913281, 46.5651498], [11.3923662, 46.5650495], [11.3925373, 46.5652205], [11.3935745, 46.5654659], [11.3940973, 46.5658017], [11.3944229, 46.5653288], [11.3924877, 46.5645712], [11.3915623, 46.5645232], [11.3913182, 46.5645306], [11.3907791, 46.5644421], [11.39024, 46.5643185], [11.3894058, 46.5642392], [11.3892341, 46.564313], [11.388923, 46.5643296], [11.3887755, 46.5644531], [11.3887084, 46.5648238], [11.3887031, 46.5653014], [11.3885582, 46.5653899], [11.3885126, 46.5654453], [11.3884482, 46.5654821], [11.388349, 46.5654895], [11.3882551, 46.5654508], [11.3882256, 46.5653862], [11.3882659, 46.5650893], [11.3882578, 46.5650119], [11.3882149, 46.5649363], [11.3877348, 46.5643074], [11.3875095, 46.5636104], [11.38737, 46.5635956], [11.3872198, 46.5637874], [11.3869784, 46.5638685], [11.3872627, 46.5639589], [11.387421, 46.5642613], [11.3873834, 46.5643941], [11.3871715, 46.5643701], [11.386965, 46.5643038], [11.3868067, 46.5639054], [11.3864688, 46.5637765], [11.3862136, 46.5638178], [11.3858722, 46.5636854], [11.3859046, 46.5636285], [11.3854948, 46.5635529], [11.3852189, 46.5636749], [11.3850687, 46.5638704], [11.3850445, 46.5640068], [11.3850606, 46.5642005], [11.3851518, 46.5643904], [11.3852806, 46.5645416], [11.3858116, 46.5649252], [11.3859913, 46.5650672], [11.3859887, 46.5651447], [11.3859082, 46.5652037], [11.3858197, 46.5652277], [11.3856239, 46.5652074], [11.3849678, 46.5650488], [11.3855837, 46.5652968], [11.3855568, 46.5653125], [11.385429, 46.5657138], [11.3851503, 46.566002], [11.3851994, 46.5663394], [11.3854744, 46.5664718], [11.3856052, 46.5666641], [11.3857225, 46.5668037], [11.3859525, 46.5669401], [11.3861555, 46.5671262], [11.3863901, 46.5671758], [11.3868096, 46.5673185], [11.3873915, 46.5675263], [11.3875313, 46.5677743], [11.3875358, 46.5679108], [11.3874592, 46.5680504], [11.3873058, 46.5682085], [11.3865976, 46.5687171], [11.3862502, 46.568897], [11.3862141, 46.5689714], [11.3862999, 46.569235], [11.3862547, 46.5693777], [11.3860969, 46.5694893], [11.3858984, 46.5695451], [11.3854969, 46.5695699], [11.3850007, 46.5696878], [11.3849105, 46.5697374], [11.3848067, 46.5698863], [11.3847616, 46.5702367], [11.3846037, 46.5705437], [11.3845045, 46.5709189], [11.3844233, 46.571043], [11.3843105, 46.571105], [11.3841527, 46.5711267], [11.3835933, 46.5710275], [11.3832144, 46.5710306], [11.3829888, 46.5711422], [11.3829031, 46.5712631], [11.3829031, 46.5713593], [11.3827904, 46.5713903], [11.3827362, 46.571567], [11.3827137, 46.5725842], [11.3827407, 46.5726896], [11.3828056, 46.572836], [11.3828423, 46.5729522], [11.3829348, 46.5733879], [11.3830723, 46.573836], [11.3832708, 46.5743538], [11.3833295, 46.5745771], [11.383458, 46.5750887], [11.3835866, 46.5753786], [11.3838144, 46.5757352], [11.3839227, 46.5758096], [11.3843692, 46.5759631], [11.3847211, 46.5759957], [11.3849128, 46.5760592], [11.3851857, 46.5760561], [11.3855285, 46.5760127], [11.3859233, 46.5761042], [11.3860878, 46.5761558], [11.3861887, 46.5761402], [11.3866852, 46.5762675], [11.3866224, 46.5764382], [11.3862034, 46.5764944], [11.3858746, 46.5775178], [11.3858374, 46.5777832], [11.3856312, 46.5780005], [11.3853549, 46.5781816], [11.3851506, 46.5783686], [11.3850275, 46.5784068], [11.3849602, 46.5787972], [11.3849399, 46.5794545], [11.385003, 46.5797754], [11.3850797, 46.5800823], [11.3855511, 46.5811877], [11.3857496, 46.5816946], [11.3861437, 46.5823882], [11.3863989, 46.5826345], [11.3868142, 46.5830044], [11.3870307, 46.5830495], [11.3873058, 46.5831022], [11.3875675, 46.5830929], [11.3880682, 46.5830789], [11.3882937, 46.5831146], [11.3886095, 46.5832339], [11.3888689, 46.5833781], [11.3889433, 46.5834696], [11.3888847, 46.583592], [11.3887381, 46.5837005], [11.3884561, 46.5840276], [11.3884764, 46.5842043], [11.3885892, 46.5842571], [11.3886817, 46.5843284], [11.3887042, 46.5844043], [11.3886366, 46.584533], [11.3884652, 46.5845857], [11.3880276, 46.5846461], [11.3872968, 46.5847128], [11.3872946, 46.584781], [11.3884336, 46.5846833], [11.3881945, 46.5849794], [11.387378, 46.5849996], [11.3872337, 46.5848446], [11.387042, 46.5848105], [11.3869021, 46.5849174], [11.3867284, 46.5850011], [11.3865773, 46.5850569], [11.3859165, 46.585229], [11.3859142, 46.5853809], [11.3855691, 46.5854057], [11.3856052, 46.5855003], [11.3857406, 46.5855793], [11.3857902, 46.5856522], [11.3857969, 46.5857374], [11.3857631, 46.5858769], [11.3856774, 46.5859947], [11.3855511, 46.5860986], [11.385294, 46.5861839], [11.385206, 46.5862521], [11.3851135, 46.586359], [11.3849015, 46.5865357], [11.3848384, 46.5866179], [11.3848248, 46.5868349], [11.3847301, 46.5869821], [11.3846264, 46.5872751], [11.3846399, 46.5873836], [11.3847279, 46.5874844], [11.3847933, 46.5875696], [11.384791, 46.5876657], [11.3847211, 46.5877959], [11.384588, 46.5878889], [11.3844843, 46.5880408], [11.3845384, 46.5883756], [11.3844459, 46.5884934], [11.3842903, 46.5885694], [11.3841189, 46.5885399], [11.3840648, 46.5884717], [11.3841099, 46.5883167], [11.3841256, 46.5880656], [11.3842159, 46.5877913], [11.3843783, 46.5876518], [11.3843783, 46.5875929], [11.3843332, 46.5875309], [11.384164, 46.5874518], [11.3840783, 46.5873697], [11.3840354, 46.5872596], [11.3840557, 46.5871713], [11.3839948, 46.5871542], [11.38397, 46.5872333], [11.38397, 46.5873201], [11.3840174, 46.5874146], [11.3840986, 46.5875045], [11.384173, 46.5875774], [11.3841685, 46.5876347], [11.3841189, 46.5876874], [11.383961, 46.5877789], [11.383873, 46.5878595], [11.3835956, 46.5881664], [11.3833881, 46.5883291], [11.3831265, 46.5887058], [11.383131, 46.5888236], [11.3832212, 46.588943], [11.3834468, 46.5890205], [11.3835528, 46.5891212], [11.3835573, 46.589222], [11.3836091, 46.5893367], [11.3837084, 46.5894002], [11.3838189, 46.5895134], [11.3841505, 46.5896947], [11.3844076, 46.5897629], [11.3845474, 46.5898342], [11.3845993, 46.5899241], [11.3846038, 46.5900512], [11.3845542, 46.5901395], [11.3843241, 46.5903581], [11.384252, 46.5903581], [11.3841843, 46.5904325], [11.3841166, 46.590558], [11.3840399, 46.5907719], [11.3840332, 46.5909083], [11.3840625, 46.5910943], [11.3840754, 46.591498], [11.384073, 46.591774], [11.3840232, 46.5920764], [11.3839036, 46.5924174], [11.383811, 46.5925538], [11.383002, 46.5934003], [11.3828579, 46.5934644], [11.382865, 46.5936457], [11.3828619, 46.593801], [11.3828412, 46.5939365], [11.382758, 46.5940876], [11.3821611, 46.5947372], [11.3819741, 46.5945506], [11.3817944, 46.5947093], [11.3817086, 46.5949092], [11.3816831, 46.5951472], [11.3815999, 46.5954207], [11.3815677, 46.5957524], [11.3814105, 46.595922], [11.3813531, 46.5961369], [11.3809052, 46.5963367], [11.3804278, 46.5966284], [11.3802752, 46.5968996], [11.3801864, 46.5970573], [11.3798377, 46.597225], [11.3796968, 46.5974681], [11.3797844, 46.5977126], [11.3801758, 46.5974208], [11.3801833, 46.597186], [11.3805726, 46.5970413], [11.3805026, 46.5968747], [11.3806906, 46.5966913], [11.3809974, 46.5967721], [11.3811429, 46.5967991], [11.381118, 46.5968508], [11.3811051, 46.5968898], [11.3811003, 46.5969423], [11.381122, 46.5971046], [11.3811364, 46.597208], [11.3813332, 46.5978946], [11.3813855, 46.598093], [11.3813972, 46.5981796], [11.3813921, 46.5982584], [11.3813819, 46.598338], [11.3813321, 46.5985364], [11.3812579, 46.5987215], [11.381198, 46.5989538], [11.3811876, 46.5990139], [11.3812167, 46.5990827], [11.3812729, 46.5991434], [11.3814981, 46.5993422], [11.3817646, 46.5999457], [11.3818955, 46.6001517], [11.3820329, 46.600272], [11.3823459, 46.6003925], [11.3830912, 46.6005036], [11.3834533, 46.6006216], [11.3838476, 46.6006824], [11.3838233, 46.6008684], [11.3842351, 46.6011723], [11.3853844, 46.6016618]], [[11.3856231, 46.586515], [11.3856043, 46.586283], [11.3858535, 46.5862007], [11.3861912, 46.58628], [11.3867118, 46.5858783], [11.3867467, 46.5854861], [11.3874668, 46.5854046], [11.3878501, 46.5852191], [11.3884137, 46.5851659], [11.388659, 46.58482], [11.3889734, 46.5848175], [11.3889043, 46.5850786], [11.3891628, 46.5850326], [11.3893551, 46.5852805], [11.3893996, 46.5854783], [11.3887988, 46.5861014], [11.3886175, 46.5864361], [11.3889761, 46.5871716], [11.388812, 46.5877276], [11.3881757, 46.5879818], [11.3880176, 46.5881103], [11.3881076, 46.588266], [11.3880137, 46.5884026], [11.3877365, 46.5883388], [11.387226, 46.5877029], [11.3871144, 46.5874579], [11.3867322, 46.5875023], [11.3864889, 46.5876373], [11.3862848, 46.5874792], [11.3861485, 46.587476], [11.3858186, 46.5870426], [11.385474, 46.5870586], [11.3855799, 46.5867989], [11.385429, 46.5867678], [11.3854305, 46.5867042], [11.3856231, 46.586515]], [[11.3944635, 46.5870559], [11.3940493, 46.5872048], [11.3935579, 46.5870088], [11.3927254, 46.5868273], [11.3926631, 46.5865107], [11.3928353, 46.5864146], [11.3928161, 46.5862666], [11.3929644, 46.5860242], [11.3933627, 46.5858555], [11.394221, 46.5858334], [11.3946287, 46.5861702], [11.3955943, 46.5865044], [11.3954897, 46.5867778], [11.3957965, 46.5872449], [11.395869, 46.5875868], [11.3955857, 46.5876141], [11.3944635, 46.5870559]], [[11.3915345, 46.5926815], [11.3913521, 46.5927405], [11.3916383, 46.5931597], [11.3900432, 46.5933377], [11.389024, 46.5926594], [11.3887171, 46.5926461], [11.3880841, 46.5923807], [11.387936, 46.5926753], [11.3875906, 46.5927346], [11.3874039, 46.5922908], [11.3875799, 46.5918499], [11.3872859, 46.5916862], [11.3874326, 46.5914061], [11.3881657, 46.5914429], [11.3885733, 46.5911627], [11.3889279, 46.5912419], [11.3889274, 46.5905655], [11.3896588, 46.5902968], [11.390074, 46.5905647], [11.3909209, 46.5906121], [11.3913561, 46.5909263], [11.390884, 46.5921002], [11.3905303, 46.5924618], [11.390762, 46.5928142], [11.3909058, 46.5926314], [11.3911375, 46.5924677], [11.3915345, 46.5926815]], [[11.3946, 46.5921776], [11.3944208, 46.5927201], [11.393706, 46.5923733], [11.3932618, 46.5924972], [11.3930473, 46.5922465], [11.3930365, 46.5919295], [11.3934442, 46.5914576], [11.3938873, 46.591423], [11.3943052, 46.5916129], [11.3940608, 46.5920683], [11.3946, 46.5921776]], [[11.4015812, 46.5924317], [11.401667, 46.5925902], [11.4013355, 46.5927519], [11.4010458, 46.5927076], [11.400842, 46.5925749], [11.4008946, 46.5923654], [11.4004236, 46.5922542], [11.4010448, 46.5919857], [11.401667, 46.5919636], [11.4018559, 46.5918487], [11.4019578, 46.5919261], [11.4015812, 46.5924317]], [[11.4027249, 46.5926377], [11.4032506, 46.5928294], [11.4030146, 46.5933602], [11.4034116, 46.5942965], [11.4027464, 46.5949674], [11.4030361, 46.5944587], [11.4027142, 46.5941786], [11.4027571, 46.5938026], [11.4025404, 46.5925459], [11.4022636, 46.5922027], [11.4023601, 46.591952], [11.4031326, 46.5917972], [11.4027249, 46.5926377]], [[11.3977682, 46.5946946], [11.3970762, 46.5947905], [11.3969421, 46.5949158], [11.3968884, 46.5947905], [11.3966041, 46.594573], [11.3966953, 46.5942117], [11.396926, 46.5938431], [11.397339, 46.5935077], [11.3975375, 46.5934008], [11.3976909, 46.593438], [11.3975268, 46.5935519], [11.3975858, 46.593703], [11.3977145, 46.5937215], [11.3975912, 46.5938984], [11.3974678, 46.59395], [11.3973766, 46.5938652], [11.3972371, 46.5940827], [11.3975107, 46.5943076], [11.3974571, 46.5946504], [11.3983636, 46.5944182], [11.3986319, 46.5943813], [11.3983315, 46.5947389], [11.3978701, 46.5948531], [11.398104, 46.5950157], [11.3980471, 46.5950964], [11.397677, 46.5950927], [11.3976716, 46.5948974], [11.3977682, 46.5946946]], [[11.3859097, 46.5994281], [11.3857484, 46.5994153], [11.3856865, 46.5994523], [11.3857754, 46.5998295], [11.3853059, 46.5997629], [11.385167, 46.5998299], [11.3849999, 46.5997648], [11.3846895, 46.5995524], [11.3848722, 46.5997978], [11.3845985, 46.599765], [11.3842725, 46.5995954], [11.3841189, 46.5993804], [11.3837282, 46.5993843], [11.3838999, 46.5986471], [11.3836424, 46.5985144], [11.3836853, 46.5978878], [11.3845584, 46.5971389], [11.3844106, 46.5969943], [11.3846405, 46.5967804], [11.3848617, 46.5967872], [11.384954, 46.5963405], [11.3847553, 46.5962965], [11.3847979, 46.596142], [11.3849602, 46.5960364], [11.3852254, 46.596076], [11.3857021, 46.5965414], [11.3861782, 46.5967041], [11.3861798, 46.5968097], [11.3857726, 46.5974563], [11.3860427, 46.5971365], [11.386371, 46.5968877], [11.386878, 46.5966969], [11.38696, 46.5967519], [11.3865746, 46.5977215], [11.3858418, 46.5979468], [11.3855946, 46.5975535], [11.3850908, 46.5984112], [11.3851591, 46.5995624], [11.3854448, 46.599458], [11.385477, 46.5989862], [11.3858169, 46.5987876], [11.3856672, 46.5986781], [11.3854862, 46.5986524], [11.3854234, 46.5984997], [11.3858804, 46.5983581], [11.386346, 46.5985513], [11.3861017, 46.5991187], [11.3859097, 46.5994281]], [[11.4295237, 46.5731187], [11.4283346, 46.5728745], [11.4273154, 46.5722694], [11.4268531, 46.5716068], [11.4265742, 46.5708693], [11.4252663, 46.5703235], [11.4245368, 46.5697334], [11.4253103, 46.5695815], [11.4252234, 46.5694679], [11.4246012, 46.5695121], [11.424451, 46.5690696], [11.4247084, 46.5685238], [11.425718, 46.5686964], [11.4259519, 46.5698662], [11.4278423, 46.5711599], [11.4286126, 46.5714944], [11.4305429, 46.5722163], [11.4300179, 46.57297], [11.4295237, 46.5731187]], [[11.4183578, 46.5710757], [11.4188835, 46.5714253], [11.4193234, 46.5726836], [11.4181647, 46.5728606], [11.4177784, 46.5721378], [11.4183578, 46.5710757]], [[11.4225313, 46.576352], [11.422703, 46.5767059], [11.4242801, 46.5762826], [11.4244732, 46.5773299], [11.423808, 46.5774036], [11.422027, 46.5776986], [11.4216623, 46.5773446], [11.422027, 46.5769316], [11.4216837, 46.5758106], [11.4219841, 46.5753829], [11.4214691, 46.5749994], [11.4222416, 46.5743946], [11.4226815, 46.574346], [11.4233574, 46.5754419], [11.4239904, 46.575467], [11.4243123, 46.5758357], [11.4232072, 46.5761941], [11.4229283, 46.5757664], [11.4220056, 46.5760614], [11.4221773, 46.5763711], [11.4225313, 46.576352]], [[11.4127991, 46.5788494], [11.4157001, 46.58135], [11.4164307, 46.5817276], [11.4186896, 46.5832241], [11.4181648, 46.5818253], [11.417242, 46.5803092], [11.4185294, 46.5808696], [11.4214906, 46.5793357], [11.421394, 46.5789626], [11.4156541, 46.5798077], [11.4138517, 46.5785393], [11.4149675, 46.5767989], [11.4183578, 46.5767989], [11.4172849, 46.5773594], [11.4225635, 46.5778903], [11.4221773, 46.5800732], [11.4211795, 46.580703], [11.4223918, 46.5827869], [11.4219198, 46.5838192], [11.421394, 46.5851863], [11.4206323, 46.5846451], [11.4184007, 46.5847631], [11.4175424, 46.5847631], [11.416727, 46.5847336], [11.4162549, 46.5844681], [11.4163408, 46.5842617], [11.4176711, 46.5841437], [11.4171761, 46.5834798], [11.4174221, 46.5828804], [11.4167139, 46.58245], [11.4154989, 46.5823937], [11.4142582, 46.5816952], [11.4147517, 46.5812829], [11.411812, 46.5796901], [11.4106104, 46.5773007], [11.405997, 46.5723152], [11.4062116, 46.5717251], [11.4072844, 46.5721972], [11.4075419, 46.5720202], [11.406748, 46.5716366], [11.4065334, 46.5709581], [11.4069626, 46.5708696], [11.4066622, 46.5698517], [11.4058897, 46.5691289], [11.4066192, 46.5688486], [11.4086148, 46.5700582], [11.4087693, 46.5710842], [11.4084646, 46.5716366], [11.4094774, 46.5726331], [11.4089796, 46.573038], [11.4099881, 46.5736722], [11.4105889, 46.5733625], [11.4107863, 46.5735771], [11.4101855, 46.5751996], [11.4127991, 46.5788494]], [[11.4317932, 46.5833478], [11.4312789, 46.5831634], [11.4307794, 46.5828867], [11.4306407, 46.582672], [11.430569, 46.5824808], [11.4305791, 46.5823084], [11.430567, 46.5822854], [11.4307185, 46.5815738], [11.4307554, 46.5814507], [11.4306032, 46.5812664], [11.4305241, 46.5809834], [11.4305904, 46.5808198], [11.4307661, 46.5807303], [11.431094, 46.5806939], [11.4313817, 46.5808041], [11.4317116, 46.5809589], [11.432242, 46.5811894], [11.432468, 46.5812839], [11.4327684, 46.5814401], [11.4329917, 46.5817503], [11.433038, 46.581972], [11.4330527, 46.5822743], [11.4330608, 46.5824647], [11.43304, 46.5825393], [11.4331466, 46.5825748], [11.4330876, 46.582726], [11.4329776, 46.5827241], [11.432822, 46.5829241], [11.4325686, 46.5831859], [11.43235, 46.5833154], [11.43212, 46.5833541], [11.4319141, 46.5833454], [11.4317932, 46.5833478]], [[11.4383072, 46.5898079], [11.4379121, 46.5897772], [11.4377407, 46.5895467], [11.4379345, 46.5893725], [11.4383519, 46.5889883], [11.438583, 46.5886092], [11.4392687, 46.5884351], [11.4396116, 46.5885478], [11.4401483, 46.5885222], [11.4404986, 46.58885], [11.4404986, 46.589183], [11.4403123, 46.5891983], [11.439798, 46.5893469], [11.4398427, 46.5895415], [11.4393209, 46.5895159], [11.4389184, 46.5897874], [11.4392389, 46.5900743], [11.4387321, 46.5900436], [11.4382028, 46.5901153], [11.4383072, 46.5898079]], [[11.42674, 46.5900915], [11.426234, 46.5909318], [11.4253591, 46.5908666], [11.4251588, 46.5906276], [11.4250955, 46.5903016], [11.4258229, 46.5892367], [11.4270774, 46.5881355], [11.4278785, 46.5878385], [11.4284688, 46.5876863], [11.428264, 46.5871704], [11.4274575, 46.5869132], [11.4277661, 46.5869271], [11.4282277, 46.5869831], [11.4284429, 46.5869651], [11.4286008, 46.5869714], [11.4290541, 46.587488], [11.4295982, 46.5876007], [11.4305822, 46.587611], [11.4313052, 46.5876878], [11.4320635, 46.5878167], [11.4323195, 46.5880333], [11.4331312, 46.5881565], [11.4331101, 46.5877653], [11.4335845, 46.587758], [11.4345016, 46.5878594], [11.4348284, 46.5880985], [11.4345543, 46.5885839], [11.4344173, 46.589062], [11.434607, 46.5896923], [11.4346176, 46.5905688], [11.434311, 46.5910091], [11.434311, 46.5918494], [11.4346483, 46.5920233], [11.435713, 46.5938343], [11.4343321, 46.5936242], [11.4331514, 46.5932258], [11.4324886, 46.5926711], [11.4318878, 46.5925117], [11.4315188, 46.5929174], [11.4320793, 46.5935869], [11.4316787, 46.5936593], [11.4294966, 46.5931305], [11.4289485, 46.5928553], [11.4289274, 46.5917252], [11.428843, 46.5909428], [11.4290012, 46.5905951], [11.429349, 46.5907473], [11.4296442, 46.5913413], [11.4303505, 46.5917325], [11.4307405, 46.5914065], [11.4303189, 46.5911167], [11.430224, 46.5907328], [11.4307648, 46.5888573], [11.4305297, 46.5885015], [11.4300659, 46.588161], [11.4297057, 46.5886143], [11.4291575, 46.5886288], [11.4286926, 46.588806], [11.4291473, 46.5893695], [11.4289013, 46.5896103], [11.428469, 46.5896922], [11.4280963, 46.5895334], [11.4280665, 46.5892466], [11.4279696, 46.5887855], [11.4270352, 46.5887803], [11.4265503, 46.5894685], [11.42674, 46.5900915]], [[11.4234102, 46.5925931], [11.4241398, 46.5916862], [11.4247074, 46.591388], [11.4257747, 46.591479], [11.4264036, 46.5916715], [11.4275408, 46.5920844], [11.4282489, 46.5924014], [11.4279641, 46.5934546], [11.4270151, 46.5931092], [11.4252449, 46.5933451], [11.4244402, 46.5933525], [11.4237965, 46.5936179], [11.4235604, 46.5933672], [11.4233244, 46.5929175], [11.422943, 46.5928353], [11.4234102, 46.5925931]]]]}, "properties": {"osm_id": "relation/2726923", "landuse": "forest", "type": "multipolygon"}}, {"type": "Feature", "geometry": {"type": "Polygon", "coordinates": [[[11.4715671, 46.6447179], [11.4721991, 46.645057], [11.4731418, 46.644978], [11.4733257, 46.64527], [11.4727739, 46.6457436], [11.4730843, 46.6458935], [11.4735441, 46.6457672], [11.4743373, 46.6456489], [11.474692, 46.6452514], [11.4754236, 46.6452849], [11.4760739, 46.6458095], [11.4768218, 46.6454747], [11.4773908, 46.6451956], [11.4781874, 46.6453073], [11.4777647, 46.6446711], [11.4781874, 46.6445483], [11.4790978, 46.6444255], [11.4801383, 46.6446934], [11.4803577, 46.6448897], [11.4806748, 46.6451733], [11.4811576, 46.6451471], [11.4812926, 46.6451398], [11.482138, 46.6449055], [11.4826582, 46.6444255], [11.4829833, 46.6440126], [11.4822843, 46.6437447], [11.4824016, 46.643074], [11.4818195, 46.6432988], [11.4815139, 46.6432838], [11.4813174, 46.6431589], [11.4814411, 46.6427543], [11.4807572, 46.6429641], [11.4806314, 46.6433368], [11.4803487, 46.6436126], [11.479694, 46.6438425], [11.4791732, 46.6438374], [11.4790765, 46.6436842], [11.4789724, 46.643204], [11.4787417, 46.6430049], [11.4775886, 46.6432858], [11.4770381, 46.6434901], [11.4770009, 46.6437608], [11.4764876, 46.6439242], [11.4759594, 46.64396], [11.4756246, 46.6437403], [11.4751485, 46.6437454], [11.4751882, 46.6436485], [11.4748721, 46.6436722], [11.4745157, 46.6438892], [11.4742283, 46.6440904], [11.4737685, 46.6439721], [11.4730845, 46.6439405], [11.4732224, 46.6440944], [11.4729063, 46.6442838], [11.472412, 46.6443075], [11.4719464, 46.6443864], [11.4715671, 46.6447179]]]}, "properties": {"osm_id": "relation/3000867", "natural": "scrub", "type": "multipolygon"}}, {"type": "Feature", "geometry": {"type": "Polygon", "coordinates": [[[11.4642968, 46.63933], [11.4639855, 46.6385919], [11.4654444, 46.6375715], [11.4643589, 46.6366382], [11.4671026, 46.6368622], [11.4684242, 46.6356868], [11.4717596, 46.6345968], [11.4734457, 46.6335023], [11.4773764, 46.6320941], [11.4787212, 46.6318765], [11.4788938, 46.6300805], [11.4783447, 46.6300617], [11.4779711, 46.6297505], [11.4761219, 46.6301774], [11.4765172, 46.6305515], [11.4772156, 46.6311674], [11.4758691, 46.631329], [11.4755047, 46.6319007], [11.4745082, 46.6317634], [11.4741581, 46.6319424], [11.4741581, 46.6322098], [11.4733723, 46.6323888], [11.4738081, 46.6319647], [11.4733866, 46.6317855], [11.4728401, 46.6318713], [11.4725865, 46.6316972], [11.4730366, 46.6312508], [11.4727294, 46.6309589], [11.4723863, 46.6312117], [11.4703908, 46.631138], [11.4679756, 46.6327133], [11.4675678, 46.6331117], [11.4699122, 46.6343446], [11.4705865, 46.6343607], [11.4705865, 46.6348291], [11.4689086, 46.6349153], [11.4685401, 46.6354482], [11.468054, 46.634883], [11.4674502, 46.6344684], [11.4661597, 46.6340104], [11.4636184, 46.6326772], [11.4625587, 46.6329062], [11.4608421, 46.6315211], [11.4602198, 46.6314032], [11.4568874, 46.6311811], [11.4567839, 46.6320759], [11.4568955, 46.6324428], [11.4556198, 46.6333338], [11.4542149, 46.6339655], [11.4542519, 46.633055], [11.4531114, 46.6333235], [11.4523019, 46.6342904], [11.4613356, 46.6352931], [11.460737, 46.6368511], [11.4642968, 46.63933]]]}, "properties": {"osm_id": "relation/3000868", "natural": "scrub", "type": "multipolygon"}}, {"type": "Feature", "geometry": {"type": "Polygon", "coordinates": [[[11.491979, 46.6480528], [11.4933704, 46.6479323], [11.4947369, 46.6476685], [11.4956891, 46.6474755], [11.4962604, 46.6481599], [11.4968682, 46.6481049], [11.4970366, 46.6476515], [11.4969179, 46.6472638], [11.4967443, 46.6475363], [11.4967261, 46.6480393], [11.4964723, 46.6479635], [11.4962953, 46.6472284], [11.4963374, 46.6469062], [11.4968967, 46.6469951], [11.4970064, 46.6471192], [11.4975203, 46.6466764], [11.497387, 46.6461345], [11.4975262, 46.6460286], [11.4976557, 46.6462115], [11.4975838, 46.6468977], [11.4973285, 46.6474976], [11.4980294, 46.6473627], [11.4984135, 46.6474897], [11.4988973, 46.6479242], [11.4997253, 46.6473312], [11.500195, 46.6470673], [11.5005055, 46.6473635], [11.50088, 46.6475351], [11.5011162, 46.6476007], [11.501178, 46.6473151], [11.5013242, 46.6471221], [11.5015715, 46.6471067], [11.501937, 46.647319], [11.5019595, 46.6475583], [11.5013974, 46.6477672], [11.5014535, 46.6479558], [11.5018966, 46.6478077], [11.5023373, 46.6478353], [11.5026532, 46.6479926], [11.5028222, 46.6482025], [11.5031197, 46.6482877], [11.5031832, 46.6477418], [11.5036404, 46.6475467], [11.5039946, 46.6475081], [11.5042645, 46.6475891], [11.5047817, 46.6478554], [11.5052483, 46.6479944], [11.5055969, 46.6479867], [11.5058161, 46.647674], [11.5057374, 46.6474695], [11.5054901, 46.6472842], [11.5050628, 46.6472727], [11.5045512, 46.6473653], [11.5041352, 46.6472418], [11.503646, 46.6467787], [11.5032413, 46.6467632], [11.5027578, 46.6469832], [11.5023755, 46.6469099], [11.5014839, 46.646662], [11.5018392, 46.6455799], [11.5013915, 46.6450849], [11.5011871, 46.6451829], [11.5002835, 46.6447838], [11.5000456, 46.6447892], [11.4998079, 46.6452672], [11.4990182, 46.644907], [11.4984153, 46.6442672], [11.4985744, 46.6435594], [11.4979538, 46.6433981], [11.49706, 46.6429056], [11.4966425, 46.6429269], [11.4959893, 46.6429115], [11.4956331, 46.642761], [11.4950904, 46.6428809], [11.495147, 46.6425857], [11.4953863, 46.6424439], [11.4957046, 46.6423941], [11.4957548, 46.6421909], [11.4957417, 46.6418862], [11.4949424, 46.641462], [11.4941441, 46.6413076], [11.4932774, 46.6414646], [11.4928735, 46.6416473], [11.4929698, 46.6420068], [11.4923829, 46.6425737], [11.4921752, 46.6430645], [11.4911821, 46.6434341], [11.4907146, 46.6439709], [11.4898039, 46.6444417], [11.4897795, 46.6445574], [11.4896988, 46.6446334], [11.4896659, 46.6449596], [11.4898041, 46.6453562], [11.4891068, 46.6452909], [11.4886542, 46.645293], [11.4886112, 46.6450833], [11.4885272, 46.645132], [11.4882732, 46.6451997], [11.4881281, 46.6453237], [11.488008, 46.6456021], [11.4878924, 46.6458698], [11.4869254, 46.6464796], [11.4870266, 46.6471203], [11.4875101, 46.6470122], [11.4884681, 46.646878], [11.4890279, 46.6476869], [11.4918278, 46.6476529], [11.4920414, 46.6477686], [11.491979, 46.6480528]]]}, "properties": {"osm_id": "relation/3000869", "natural": "scrub", "type": "multipolygon"}}, {"type": "Feature", "geometry": {"type": "MultiPolygon", "coordinates": [[[[11.4674782, 46.6080611], [11.4676391, 46.6078787], [11.4677273, 46.6075448], [11.4650254, 46.6067797], [11.4632813, 46.6052507], [11.4628382, 46.6056972], [11.4629152, 46.605933], [11.4626046, 46.60594], [11.4626743, 46.6061976], [11.463126, 46.6068166], [11.4632872, 46.6068455], [11.4634154, 46.606653], [11.4635541, 46.6066491], [11.4640447, 46.607025], [11.4639779, 46.607245], [11.4637992, 46.6072415], [11.4642225, 46.6075367], [11.4640009, 46.6075629], [11.463778, 46.6074556], [11.4637086, 46.6075443], [11.464065, 46.6077424], [11.4637569, 46.6079288], [11.4638766, 46.6081569], [11.4635366, 46.608213], [11.4636496, 46.6083149], [11.4639481, 46.6082929], [11.4638357, 46.6085277], [11.464061, 46.609039], [11.4636244, 46.6091837], [11.4634417, 46.6093731], [11.4637381, 46.6095006], [11.4639197, 46.6095225], [11.464149, 46.609632], [11.464646, 46.6098634], [11.4643491, 46.6106163], [11.4647713, 46.6106338], [11.4649909, 46.6099889], [11.4648898, 46.6092533], [11.4652753, 46.6090611], [11.4659134, 46.6086161], [11.4656467, 46.6084669], [11.4659622, 46.6080425], [11.4664096, 46.6084169], [11.4664184, 46.6087798], [11.4672008, 46.6085279], [11.4671541, 46.608437], [11.4672051, 46.608259], [11.4674782, 46.6080611]]], [[[11.4681533, 46.6088665], [11.4677861, 46.6086145], [11.4675007, 46.6085325], [11.4673497, 46.6088492], [11.4678102, 46.6088601], [11.4678631, 46.6089612], [11.4675294, 46.6090672], [11.4679312, 46.6092362], [11.4679264, 46.6090646], [11.4679797, 46.6089476], [11.4681533, 46.6088665]]], [[[11.4727246, 46.6222219], [11.4723041, 46.6220486], [11.4721443, 46.621702], [11.4723966, 46.6213786], [11.4727835, 46.6211013], [11.4733133, 46.620362], [11.4736292, 46.6196692], [11.4740972, 46.6183835], [11.472683, 46.6179909], [11.4743702, 46.6165792], [11.4740471, 46.6163326], [11.4729612, 46.6167457], [11.4720636, 46.6176284], [11.4706098, 46.6176333], [11.4706426, 46.6165044], [11.4716601, 46.6151072], [11.4717304, 46.614245], [11.4729242, 46.6134189], [11.4721517, 46.6123396], [11.473328, 46.6095054], [11.4719395, 46.6082506], [11.4705489, 46.6081183], [11.4703967, 46.6082176], [11.4703385, 46.6085474], [11.4700606, 46.608671], [11.4698672, 46.6087875], [11.4696778, 46.6090635], [11.4693691, 46.6089843], [11.468989, 46.609001], [11.4691755, 46.6092583], [11.4685103, 46.6090878], [11.468503, 46.6094354], [11.4681291, 46.609428], [11.4681235, 46.6095653], [11.468502, 46.6096642], [11.4681144, 46.6097864], [11.4681101, 46.6098916], [11.4684786, 46.6100049], [11.4685328, 46.6100758], [11.4681629, 46.6101471], [11.468204, 46.6102358], [11.4678649, 46.610315], [11.4675165, 46.6108], [11.4676461, 46.6113306], [11.4676522, 46.6117408], [11.4671499, 46.6114299], [11.4669516, 46.6112352], [11.4668119, 46.6112232], [11.4668167, 46.6114163], [11.4667459, 46.6114502], [11.4666282, 46.61101], [11.4665753, 46.6108206], [11.4661148, 46.6106378], [11.4656846, 46.6107692], [11.4657113, 46.6111861], [11.4665336, 46.6116916], [11.466611, 46.6121474], [11.4669146, 46.6119259], [11.4670283, 46.6121183], [11.4665402, 46.6132761], [11.4664899, 46.6141088], [11.4668261, 46.6144221], [11.4662784, 46.6149674], [11.466538, 46.6150559], [11.4663952, 46.6156774], [11.4658176, 46.6156834], [11.4653015, 46.6153842], [11.4649695, 46.6159248], [11.4644545, 46.6164526], [11.4641707, 46.616686], [11.4641106, 46.6161952], [11.4637877, 46.6158547], [11.4632378, 46.6159461], [11.4639556, 46.6163794], [11.4636568, 46.6164143], [11.4633569, 46.6162958], [11.4632502, 46.6164367], [11.4631131, 46.6164979], [11.4627934, 46.6168432], [11.4626553, 46.6166123], [11.4616438, 46.6171278], [11.4613203, 46.6174591], [11.4613831, 46.6171941], [11.4615534, 46.6170125], [11.4608365, 46.6173102], [11.4607104, 46.6175875], [11.4610296, 46.6175899], [11.4606771, 46.6177794], [11.4602201, 46.6181731], [11.4598438, 46.6182669], [11.4597343, 46.6180206], [11.4594272, 46.617945], [11.4595072, 46.6176103], [11.4591692, 46.6176545], [11.4588148, 46.6174885], [11.4570234, 46.6188837], [11.4586963, 46.621323], [11.4595512, 46.6210494], [11.4598384, 46.6208659], [11.4599959, 46.6205408], [11.4598626, 46.6203754], [11.4598886, 46.6199583], [11.4597081, 46.6198529], [11.4599371, 46.619859], [11.4599835, 46.6196573], [11.4601136, 46.6196451], [11.4600598, 46.6193559], [11.4600401, 46.6192501], [11.4603464, 46.6190841], [11.4603354, 46.6188736], [11.4610087, 46.6187509], [11.4610054, 46.6186545], [11.4607567, 46.6187162], [11.4605264, 46.6187483], [11.4603191, 46.6185786], [11.4601225, 46.6186164], [11.4599862, 46.6185759], [11.4598972, 46.6186324], [11.4600181, 46.6188658], [11.4598309, 46.619009], [11.4593594, 46.6189003], [11.4593175, 46.6187684], [11.4592035, 46.6186562], [11.4594377, 46.6185241], [11.4596753, 46.6185464], [11.4596796, 46.6184825], [11.4594868, 46.6183889], [11.4592456, 46.6184874], [11.4589165, 46.6184909], [11.4589305, 46.6183137], [11.4591547, 46.6183594], [11.4593822, 46.6182336], [11.4593578, 46.6181534], [11.4596319, 46.6181488], [11.4597971, 46.6183835], [11.4601214, 46.618291], [11.4603224, 46.6185316], [11.460524, 46.6186037], [11.4605682, 46.6184675], [11.4603779, 46.6183796], [11.4603767, 46.6182856], [11.4604422, 46.6181951], [11.4607785, 46.6182127], [11.460922, 46.6183047], [11.4610468, 46.618222], [11.4608429, 46.617953], [11.4611433, 46.6177045], [11.4610155, 46.6180553], [11.4611689, 46.6181462], [11.4612871, 46.6180729], [11.461378, 46.6182413], [11.4611409, 46.6185238], [11.4612651, 46.6184786], [11.4614172, 46.6185353], [11.461746, 46.6182172], [11.4622114, 46.618217], [11.4623753, 46.6180351], [11.4624764, 46.6178913], [11.4626408, 46.6178612], [11.4629173, 46.6176379], [11.4631539, 46.617749], [11.4632121, 46.617555], [11.4634924, 46.6173603], [11.4636697, 46.6173303], [11.4636131, 46.6174928], [11.463403, 46.6176021], [11.4633948, 46.6177371], [11.4635358, 46.6177326], [11.4633408, 46.6180764], [11.4628055, 46.6182742], [11.4626647, 46.6184817], [11.4629938, 46.6185035], [11.4624479, 46.6186367], [11.4624158, 46.6190158], [11.4621254, 46.6190962], [11.4620429, 46.6192063], [11.4613995, 46.6193463], [11.4614617, 46.61953], [11.4621422, 46.6194802], [11.4628205, 46.6195447], [11.4626655, 46.6198763], [11.462504, 46.6198568], [11.4625829, 46.6200736], [11.46249, 46.6201598], [11.4623474, 46.6201213], [11.4621263, 46.6203512], [11.4618764, 46.6213512], [11.4616071, 46.6215923], [11.4617133, 46.621662], [11.4616186, 46.6217648], [11.4617052, 46.621851], [11.4619308, 46.6216883], [11.4621762, 46.6216614], [11.4621596, 46.6215177], [11.4624702, 46.6218104], [11.4656991, 46.6209721], [11.4679208, 46.6204275], [11.4683051, 46.6198825], [11.4694599, 46.619332], [11.4704926, 46.6192107], [11.4710158, 46.6193269], [11.469021, 46.6200497], [11.4704068, 46.619878], [11.4720001, 46.6209103], [11.4719092, 46.6211839], [11.4697211, 46.6224067], [11.4671077, 46.623062], [11.4675189, 46.6234513], [11.4669582, 46.6241556], [11.4655846, 46.6249799], [11.4668824, 46.6248529], [11.4684332, 46.624669], [11.4700648, 46.6243256], [11.4699284, 46.624839], [11.4704689, 46.6254773], [11.4707063, 46.62512], [11.4707288, 46.6244487], [11.4719143, 46.6233567], [11.4737568, 46.6223381], [11.4734563, 46.6222623], [11.4730975, 46.6222071], [11.4727246, 46.6222219]], [[11.4709583, 46.6102184], [11.4702293, 46.61013], [11.4701228, 46.6099802], [11.4705171, 46.6099527], [11.4706745, 46.6097169], [11.4710103, 46.6097344], [11.471226, 46.6098713], [11.471646, 46.6100749], [11.4719186, 46.610106], [11.4719902, 46.6103765], [11.4722208, 46.6105169], [11.471899, 46.6108928], [11.4715181, 46.610657], [11.4713092, 46.6107629], [11.4709817, 46.6106091], [11.4710034, 46.6104939], [11.4708583, 46.6104285], [11.4709334, 46.6103806], [11.4709583, 46.6102184]], [[11.4701022, 46.6132378], [11.4698438, 46.6134056], [11.4697081, 46.6134522], [11.4693012, 46.6132845], [11.4692198, 46.612977], [11.46922, 46.612405], [11.4694308, 46.612222], [11.469606, 46.6122906], [11.4697183, 46.6121358], [11.4698693, 46.6122003], [11.4699619, 46.6120578], [11.4700421, 46.6120494], [11.4700635, 46.6117988], [11.4701126, 46.6117091], [11.4701397, 46.6115661], [11.470037, 46.6112291], [11.4697079, 46.6110684], [11.4699828, 46.6109424], [11.470298, 46.6109903], [11.4702116, 46.6108062], [11.4702709, 46.6106509], [11.4701706, 46.6105573], [11.4701154, 46.6106501], [11.4700225, 46.6104994], [11.470159, 46.6102997], [11.4703771, 46.6102361], [11.4702792, 46.6103883], [11.4703456, 46.6106289], [11.4706871, 46.610902], [11.4705968, 46.6111347], [11.4704393, 46.611172], [11.4704087, 46.6114323], [11.470522, 46.6116259], [11.4706305, 46.6120173], [11.4704246, 46.61197], [11.4703344, 46.6118865], [11.4701504, 46.6119327], [11.4701286, 46.6122223], [11.4704197, 46.6124702], [11.4704441, 46.6126102], [11.4702298, 46.6127571], [11.4700407, 46.613032], [11.4701244, 46.6131315], [11.4701022, 46.6132378]], [[11.4708677, 46.6149194], [11.4706571, 46.6149638], [11.4709331, 46.6151073], [11.470729, 46.6155352], [11.470128, 46.6156119], [11.4697674, 46.6158301], [11.4690719, 46.6161368], [11.4682391, 46.6159245], [11.4679121, 46.6152294], [11.4683765, 46.6148924], [11.4691795, 46.6147272], [11.4696199, 46.6147519], [11.4689928, 46.6149319], [11.4681382, 46.6155495], [11.4685339, 46.6155865], [11.4692599, 46.6153114], [11.4696406, 46.6152099], [11.4699391, 46.6147627], [11.4705469, 46.6146489], [11.4708754, 46.6144586], [11.4707097, 46.6141741], [11.4710323, 46.6140107], [11.471064, 46.6138563], [11.4708612, 46.6136584], [11.4709623, 46.613557], [11.4710179, 46.6137124], [11.4711359, 46.6136586], [11.4711585, 46.6133603], [11.4710796, 46.6131517], [11.4711525, 46.6130225], [11.4713225, 46.6128848], [11.4716382, 46.6130141], [11.4721542, 46.6128306], [11.4724517, 46.6128515], [11.4725349, 46.6131827], [11.4722532, 46.6132136], [11.4719835, 46.6132092], [11.4718567, 46.6133352], [11.4714572, 46.6135567], [11.4713164, 46.6139816], [11.4710493, 46.6143945], [11.4711128, 46.6146229], [11.4708677, 46.6149194]]]]}, "properties": {"osm_id": "relation/3007946", "natural": "scrub", "type": "multipolygon"}}, {"type": "Feature", "geometry": {"type": "Polygon", "coordinates": [[[11.4386924, 46.6330218], [11.4393362, 46.6334807], [11.4385021, 46.6336825], [11.4381604, 46.6354436], [11.4373326, 46.6352104], [11.4376389, 46.6371578], [11.4369196, 46.638675], [11.4347631, 46.6389324], [11.4343479, 46.6379387], [11.4368718, 46.6350369], [11.4359127, 46.6337124], [11.4352952, 46.6338501], [11.4344922, 46.6332991], [11.434018, 46.6339452], [11.434467, 46.6355769], [11.4318727, 46.6373447], [11.431002, 46.6390743], [11.4298359, 46.6388074], [11.4300606, 46.637044], [11.4286026, 46.637072], [11.4300558, 46.6357475], [11.4296793, 46.6358722], [11.4293139, 46.6361809], [11.4287689, 46.6360866], [11.4281998, 46.6362033], [11.4277357, 46.6356799], [11.4255899, 46.6352587], [11.4260253, 46.6356475], [11.4256876, 46.6363858], [11.4263399, 46.636977], [11.4252289, 46.636893], [11.4237156, 46.6371516], [11.4226406, 46.635914], [11.4227264, 46.6370727], [11.4242429, 46.6393464], [11.4246613, 46.6409021], [11.4228557, 46.6437137], [11.4233543, 46.6438592], [11.4248421, 46.6427506], [11.4251356, 46.6419002], [11.4254113, 46.6417113], [11.4262632, 46.6420704], [11.4263624, 46.642579], [11.4256709, 46.6425444], [11.4254268, 46.6429896], [11.4264976, 46.6431635], [11.4253871, 46.6433815], [11.4248325, 46.6430453], [11.4246238, 46.6435481], [11.4239334, 46.6440282], [11.4247139, 46.6456553], [11.4259346, 46.6456536], [11.426424, 46.6467539], [11.4336767, 46.6440729], [11.433923, 46.6395644], [11.4356713, 46.6394271], [11.4346772, 46.6412848], [11.4358263, 46.6421474], [11.4372511, 46.6406038], [11.4377398, 46.6389191], [11.4382832, 46.6376042], [11.4385041, 46.6366902], [11.4391269, 46.6362975], [11.439614, 46.6364983], [11.4384297, 46.6347154], [11.4386169, 46.634147], [11.4396463, 46.634266], [11.439531, 46.6336667], [11.4398415, 46.6335372], [11.4391258, 46.6331961], [11.4388679, 46.6313567], [11.4393748, 46.6313966], [11.4398614, 46.6316716], [11.4418167, 46.6323233], [11.4423746, 46.6321196], [11.4426092, 46.6324721], [11.4433172, 46.6326051], [11.4432495, 46.6323569], [11.4424957, 46.6319882], [11.4426975, 46.6316441], [11.4426953, 46.6314633], [11.4416584, 46.6309947], [11.4419788, 46.6307131], [11.4430227, 46.631577], [11.4442254, 46.6319776], [11.4446567, 46.6323474], [11.4463959, 46.6336982], [11.4471354, 46.6338845], [11.4469772, 46.6340731], [11.4465963, 46.6340079], [11.446746, 46.6343044], [11.4471971, 46.6343637], [11.4477609, 46.6346433], [11.4485334, 46.6349277], [11.451103, 46.6359627], [11.4522112, 46.6358386], [11.4523234, 46.6362578], [11.4527858, 46.6363233], [11.4532004, 46.6360515], [11.4530148, 46.6360062], [11.4527649, 46.6358069], [11.453327, 46.6357078], [11.4533458, 46.6354795], [11.4524923, 46.6351476], [11.4523019, 46.6342904], [11.4531114, 46.6333235], [11.4542519, 46.633055], [11.4542149, 46.6339655], [11.4556198, 46.6333338], [11.4568955, 46.6324428], [11.4567839, 46.6320759], [11.4568874, 46.6311811], [11.4550426, 46.6310599], [11.4544353, 46.6300554], [11.452966, 46.6295009], [11.4521952, 46.6287612], [11.4511282, 46.6286968], [11.4517086, 46.6281519], [11.4516716, 46.6275676], [11.45112, 46.6267941], [11.4497449, 46.6269284], [11.4488284, 46.6272867], [11.4483775, 46.6270428], [11.4483375, 46.6269011], [11.4488485, 46.6269505], [11.4489767, 46.6267293], [11.4493042, 46.6267878], [11.449449, 46.626737], [11.4494525, 46.6265692], [11.4496447, 46.6263066], [11.4494836, 46.6262404], [11.4494489, 46.6260669], [11.4492358, 46.6259564], [11.4490886, 46.626222], [11.4490166, 46.626198], [11.4489746, 46.6259748], [11.4486709, 46.6258412], [11.448508, 46.6258885], [11.4481085, 46.6257324], [11.4480457, 46.6252308], [11.4477633, 46.6251683], [11.4476922, 46.6249639], [11.4477697, 46.6248502], [11.4480972, 46.6250683], [11.4481968, 46.6249413], [11.4479875, 46.6247962], [11.4478544, 46.6245148], [11.4471249, 46.624596], [11.4462875, 46.6252901], [11.4465037, 46.6248423], [11.4463527, 46.624475], [11.4458323, 46.6241644], [11.4454101, 46.6243411], [11.4458734, 46.6233975], [11.4457725, 46.6231829], [11.4461287, 46.6232636], [11.4462003, 46.6231245], [11.4460826, 46.6230245], [11.4457576, 46.6230485], [11.4456164, 46.6226227], [11.4456977, 46.622598], [11.4457207, 46.6224807], [11.4450859, 46.6224866], [11.4447801, 46.6222788], [11.4449662, 46.6221215], [11.4447144, 46.6217713], [11.4443772, 46.6217974], [11.4443654, 46.6220439], [11.4437185, 46.6217711], [11.4432115, 46.6220104], [11.4429181, 46.6223904], [11.4425278, 46.6226957], [11.4424855, 46.622921], [11.442832, 46.6230722], [11.4424849, 46.6232662], [11.4417028, 46.6229928], [11.4414225, 46.6232649], [11.4411661, 46.623583], [11.440135, 46.6231046], [11.4405454, 46.6223954], [11.44023, 46.6217952], [11.4395905, 46.6219183], [11.4393923, 46.6216939], [11.4392252, 46.6220129], [11.4399295, 46.6230313], [11.4406017, 46.6238473], [11.4424621, 46.6243674], [11.4436962, 46.6251945], [11.4450531, 46.626151], [11.4441517, 46.6259309], [11.4436689, 46.6255003], [11.4432899, 46.6255423], [11.4432893, 46.6261966], [11.442029, 46.6262292], [11.4420193, 46.6253732], [11.4404592, 46.6248563], [11.4399792, 46.6242893], [11.4393516, 46.6240426], [11.4385558, 46.6240705], [11.4375234, 46.6236729], [11.438147, 46.6248104], [11.4395232, 46.625406], [11.440238, 46.6256458], [11.4387947, 46.6255351], [11.4389683, 46.6259346], [11.4398518, 46.6259373], [11.4399671, 46.6265167], [11.4396801, 46.6268039], [11.4414383, 46.6272579], [11.4418224, 46.6271023], [11.4421014, 46.6271938], [11.4421236, 46.6269999], [11.4426974, 46.6271139], [11.4426931, 46.6272432], [11.4423044, 46.6273716], [11.4417524, 46.627261], [11.4416296, 46.6273659], [11.4417621, 46.6277611], [11.4422234, 46.6280883], [11.4430516, 46.62787], [11.4446062, 46.6287467], [11.4440188, 46.6292481], [11.4435248, 46.630242], [11.4440172, 46.6308763], [11.4413694, 46.6301698], [11.4414241, 46.6307515], [11.4406499, 46.6309984], [11.4403049, 46.6313141], [11.4394981, 46.6312949], [11.4392, 46.6307352], [11.4385019, 46.6302734], [11.4379489, 46.6301099], [11.439436, 46.6295487], [11.4406756, 46.6302517], [11.4410239, 46.6296452], [11.4403736, 46.6292877], [11.4387144, 46.6288802], [11.4380273, 46.6287821], [11.4373904, 46.6292037], [11.4378288, 46.6298471], [11.4375021, 46.6299012], [11.4370419, 46.629755], [11.437508, 46.6303761], [11.4385176, 46.6308347], [11.4384661, 46.6310097], [11.438619, 46.6315722], [11.4386924, 46.6330218]], [[11.4460681, 46.6303929], [11.4455317, 46.6303524], [11.445419, 46.6300761], [11.4453171, 46.6300024], [11.4456068, 46.6299398], [11.445419, 46.629763], [11.4458589, 46.6297924], [11.4458642, 46.6297003], [11.4448879, 46.6293614], [11.4450971, 46.6291772], [11.4454673, 46.6291809], [11.4460252, 46.6295456], [11.4462666, 46.6296893], [11.4468513, 46.6298256], [11.4471356, 46.6300761], [11.4473931, 46.6301019], [11.4474307, 46.6302455], [11.4477418, 46.6302934], [11.447613, 46.6305144], [11.4473287, 46.6306876], [11.4471624, 46.6306102], [11.4467226, 46.6306029], [11.4466153, 46.6306471], [11.4462398, 46.6304887], [11.446052, 46.6304887], [11.4460681, 46.6303929]], [[11.4478719, 46.6315621], [11.4477914, 46.6316763], [11.4472925, 46.6317389], [11.4472979, 46.6315658], [11.4472711, 46.6314847], [11.4473033, 46.6314037], [11.4474803, 46.6314663], [11.4478719, 46.6315621]], [[11.4499425, 46.6321588], [11.4501679, 46.6323136], [11.4499104, 46.632413], [11.4499265, 46.6326009], [11.4496475, 46.6328477], [11.4493471, 46.6329508], [11.4489448, 46.632914], [11.4488482, 46.6328772], [11.448875, 46.6327961], [11.4487449, 46.6327431], [11.4486926, 46.6325788], [11.4485585, 46.6323357], [11.4484459, 46.6323983], [11.4484137, 46.6325051], [11.4483386, 46.6325751], [11.4479792, 46.6326377], [11.4478772, 46.6327519], [11.447715, 46.6327578], [11.4476144, 46.6326782], [11.4474521, 46.6326915], [11.4474105, 46.6325861], [11.447491, 46.6325419], [11.4475017, 46.6324572], [11.4476788, 46.6323762], [11.4477485, 46.6324646], [11.4479671, 46.6323673], [11.447888, 46.6322399], [11.4481026, 46.6322546], [11.4481186, 46.6321809], [11.4478933, 46.6319452], [11.4481079, 46.6317242], [11.4480328, 46.6315989], [11.4485639, 46.63168], [11.449213, 46.6315068], [11.4493525, 46.6314258], [11.4496032, 46.6314869], [11.4502161, 46.6314332], [11.4503221, 46.6315459], [11.4500767, 46.6319894], [11.4499425, 46.6321588]], [[11.4486604, 46.6329582], [11.4486658, 46.6331055], [11.4483171, 46.6331866], [11.4482796, 46.6331534], [11.4483547, 46.6330834], [11.4480368, 46.6329309], [11.4480543, 46.6328514], [11.4482957, 46.6327998], [11.4486014, 46.632844], [11.4486604, 46.6329582]]]}, "properties": {"osm_id": "relation/6788396", "natural": "scrub", "type": "multipolygon"}}, {"type": "Feature", "geometry": {"type": "Polygon", "coordinates": [[[11.4480298, 46.5960078], [11.4485995, 46.5964999], [11.4496895, 46.5971432], [11.4516523, 46.5985468], [11.4523245, 46.5990145], [11.4521314, 46.5991103], [11.4522494, 46.5993905], [11.4527687, 46.5997049], [11.4533652, 46.6002161], [11.4533437, 46.6003488], [11.454481, 46.6011965], [11.4540829, 46.6010907], [11.452479, 46.599985], [11.4518202, 46.5993241], [11.4504042, 46.5995465], [11.4506444, 46.5996459], [11.4510156, 46.6005404], [11.4516314, 46.6000882], [11.4523781, 46.6002456], [11.4516378, 46.6003267], [11.4513455, 46.6005921], [11.451544, 46.6013122], [11.452258, 46.6014398], [11.4536329, 46.6022281], [11.4548447, 46.6036877], [11.4551033, 46.6034964], [11.4550003, 46.60328], [11.4551612, 46.6032358], [11.4553543, 46.603479], [11.4555002, 46.6033195], [11.4553114, 46.6031916], [11.4555217, 46.602833], [11.4552427, 46.6026192], [11.4556719, 46.6026118], [11.4555324, 46.6024349], [11.4553071, 46.6024202], [11.4552642, 46.6024939], [11.4550282, 46.6024128], [11.4546634, 46.6022211], [11.4553758, 46.6022186], [11.4558221, 46.6020737], [11.4553715, 46.6019263], [11.4553715, 46.6017862], [11.4557262, 46.6017821], [11.4565369, 46.6021723], [11.4566402, 46.602164], [11.4564108, 46.6019512], [11.4564953, 46.6018765], [11.4568963, 46.6020811], [11.4572839, 46.60214], [11.4575172, 46.6023759], [11.4580966, 46.6024718], [11.4584871, 46.6023512], [11.4588626, 46.6024323], [11.4592036, 46.6022939], [11.4589187, 46.6021846], [11.4591948, 46.6018637], [11.4601539, 46.6009665], [11.4607085, 46.6007926], [11.4613217, 46.5996861], [11.4634481, 46.5989928], [11.4631848, 46.598361], [11.4614542, 46.5981671], [11.4595965, 46.5969939], [11.4597714, 46.5965324], [11.4612568, 46.5966503], [11.4617407, 46.5962497], [11.4626263, 46.5959297], [11.4631032, 46.5964704], [11.4637759, 46.5962235], [11.4639106, 46.5956805], [11.46307, 46.5953042], [11.4637609, 46.5950778], [11.4640122, 46.5946984], [11.4653225, 46.5945315], [11.4650886, 46.5942223], [11.4642689, 46.5936937], [11.4629771, 46.5935669], [11.4621591, 46.5932668], [11.4614848, 46.5931193], [11.4611425, 46.5925929], [11.4607627, 46.5926224], [11.4598433, 46.592378], [11.4594849, 46.5925734], [11.4591067, 46.5922955], [11.4593588, 46.5919736], [11.4573788, 46.5910966], [11.457278, 46.590032], [11.4564938, 46.5902928], [11.4567373, 46.5898506], [11.4571133, 46.5894215], [11.4600581, 46.5898651], [11.4606249, 46.5893441], [11.4620303, 46.5898396], [11.4619649, 46.5895078], [11.4615711, 46.5891273], [11.4596265, 46.5879601], [11.4585944, 46.5881751], [11.4584024, 46.5888575], [11.4563864, 46.5891148], [11.4562346, 46.5897083], [11.4562196, 46.5907169], [11.4558446, 46.591215], [11.45546, 46.5914074], [11.4553146, 46.5925225], [11.4550142, 46.5931533], [11.4545008, 46.5934511], [11.4536457, 46.5935226], [11.4529575, 46.5941342], [11.4529146, 46.5944291], [11.4532729, 46.5948099], [11.4533974, 46.5951958], [11.4532901, 46.5954538], [11.4531828, 46.5959256], [11.4526506, 46.5963654], [11.4522279, 46.5962574], [11.4520284, 46.596218], [11.451949, 46.5960952], [11.452082, 46.5959083], [11.451949, 46.5954391], [11.4506615, 46.595041], [11.449786, 46.5944486], [11.4494427, 46.5940579], [11.4490307, 46.5926302], [11.448902, 46.5926228], [11.4477325, 46.5945102], [11.4478184, 46.5947092], [11.4476574, 46.5948124], [11.4475287, 46.5951516], [11.4476435, 46.5954955], [11.4480298, 46.5960078]], [[11.4608049, 46.5941141], [11.4608222, 46.5941678], [11.4608654, 46.594128], [11.4609352, 46.5940697], [11.4608875, 46.5939589], [11.4609503, 46.5939323], [11.4610366, 46.5939657], [11.4612223, 46.594125], [11.4613983, 46.5942888], [11.4614516, 46.5943908], [11.4614724, 46.5945639], [11.461469, 46.5948537], [11.4614982, 46.594912], [11.4614412, 46.5949984], [11.4614491, 46.5950258], [11.4614497, 46.5950638], [11.4614247, 46.5950933], [11.4613685, 46.5950884], [11.4613283, 46.5950478], [11.461148, 46.5947948], [11.4610255, 46.5947332], [11.4609262, 46.5946173], [11.4608615, 46.594493], [11.4607909, 46.5943622], [11.4606909, 46.5943818], [11.4606371, 46.5942969], [11.4606529, 46.5942077], [11.4605864, 46.5940618], [11.4603805, 46.5938855], [11.4602158, 46.5937614], [11.4599718, 46.5937505], [11.4598198, 46.5936156], [11.4598325, 46.5934393], [11.4600384, 46.5934088], [11.460333, 46.5935285], [11.4607258, 46.5937092], [11.4607448, 46.5938833], [11.4606877, 46.5939421], [11.4607036, 46.594064], [11.4608049, 46.5941141]], [[11.4503483, 46.5973416], [11.4500371, 46.5972605], [11.4500157, 46.597172], [11.4497689, 46.5970762], [11.4496616, 46.5967739], [11.4495007, 46.5967666], [11.4495436, 46.596597], [11.4496402, 46.5965528], [11.4495972, 46.5963537], [11.4492861, 46.5963242], [11.449211, 46.5961989], [11.4493398, 46.5961989], [11.4495114, 46.5959999], [11.4499084, 46.5961842], [11.4499084, 46.5963832], [11.4501122, 46.5966781], [11.4501337, 46.5969287], [11.4504019, 46.5970025], [11.4505307, 46.5971573], [11.4503483, 46.5973416]], [[11.4559291, 46.5980561], [11.4557896, 46.5980377], [11.4556713, 46.5979971], [11.4553873, 46.5977391], [11.4552264, 46.5976101], [11.4550164, 46.5974558], [11.4549305, 46.5973305], [11.4548938, 46.5971717], [11.454926, 46.5970205], [11.4550217, 46.5968993], [11.4551674, 46.5967846], [11.4553658, 46.5967146], [11.4556011, 46.5966855], [11.4558157, 46.5967223], [11.455972, 46.596792], [11.4561276, 46.5969357], [11.4562877, 46.5970983], [11.4564594, 46.597231], [11.4566158, 46.5973744], [11.4566801, 46.5975439], [11.4566587, 46.5976949], [11.4565782, 46.5978423], [11.4564602, 46.5979308], [11.4562716, 46.5980161], [11.4561061, 46.598045], [11.4559291, 46.5980561]]]}, "properties": {"osm_id": "relation/6848344", "natural": "scrub", "type": "multipolygon"}}, {"type": "Feature", "geometry": {"type": "MultiPolygon", "coordinates": [[[[11.4678151, 46.5552015], [11.4678331, 46.5550495], [11.4678512, 46.5548293], [11.4677339, 46.5544043], [11.4675895, 46.5539483], [11.4675489, 46.5536319], [11.4675759, 46.553482], [11.46715, 46.5532609], [11.4661438, 46.5526312], [11.465723, 46.552622], [11.4654354, 46.5523096], [11.4655879, 46.5518377], [11.4658454, 46.5515997], [11.4659232, 46.5511201], [11.4658298, 46.5509922], [11.4655487, 46.5508733], [11.4651266, 46.5506516], [11.4647159, 46.5504781], [11.4646586, 46.5502414], [11.4649383, 46.549996], [11.4653212, 46.5497374], [11.4656104, 46.5504251], [11.4658183, 46.5504693], [11.4660793, 46.5505593], [11.4663051, 46.5506363], [11.4666796, 46.5507826], [11.4669421, 46.5509429], [11.4668737, 46.5510319], [11.466749, 46.5510647], [11.4665897, 46.5510576], [11.4666143, 46.5513018], [11.4673163, 46.5518765], [11.4677278, 46.5523669], [11.4678554, 46.5526161], [11.4677875, 46.5528551], [11.4678512, 46.5528564], [11.4679233, 46.5526609], [11.4679549, 46.5524252], [11.4679369, 46.5521584], [11.4679233, 46.551963], [11.467973, 46.5517706], [11.4683429, 46.5511005], [11.4685864, 46.5503157], [11.4686857, 46.5501885], [11.4690105, 46.5498783], [11.4693612, 46.5493315], [11.4698585, 46.5487211], [11.4701727, 46.5482959], [11.4702413, 46.5481712], [11.4701024, 46.5481638], [11.4701158, 46.5480066], [11.4702951, 46.5480117], [11.4702978, 46.54794], [11.4701663, 46.5477756], [11.4699262, 46.5475201], [11.4698584, 46.547291], [11.4697007, 46.547332], [11.4695234, 46.5470574], [11.4695291, 46.5467962], [11.4694199, 46.5466293], [11.4691538, 46.5465781], [11.4689132, 46.5463383], [11.4686134, 46.5462112], [11.4688251, 46.5464615], [11.4687382, 46.5465642], [11.4685241, 46.5464954], [11.4682566, 46.5464331], [11.468096, 46.5465661], [11.4672581, 46.5464216], [11.4669432, 46.5464816], [11.4662964, 46.5463101], [11.4661281, 46.5463623], [11.4657264, 46.5463026], [11.4655559, 46.5463613], [11.4663944, 46.5464776], [11.4666438, 46.5466237], [11.4680939, 46.5472207], [11.4679461, 46.5472763], [11.4674561, 46.5472403], [11.467631, 46.5476112], [11.4674631, 46.5478393], [11.4672699, 46.5477494], [11.466752, 46.5482055], [11.4665758, 46.5479702], [11.4658408, 46.5478405], [11.4657346, 46.5474989], [11.4646626, 46.5475033], [11.4644923, 46.5479176], [11.4645887, 46.5482405], [11.4633682, 46.548135], [11.4632607, 46.5484359], [11.464366, 46.5488822], [11.4637852, 46.548927], [11.4626876, 46.5486683], [11.4628308, 46.549405], [11.46301, 46.5495424], [11.4629981, 46.5498416], [11.462097, 46.5497893], [11.4620792, 46.5498908], [11.4619967, 46.5501747], [11.4620245, 46.5504201], [11.4623786, 46.5505087], [11.4624537, 46.55073], [11.4619173, 46.5508112], [11.4617349, 46.5510621], [11.4618958, 46.5514162], [11.462282, 46.5517851], [11.4628507, 46.5519475], [11.4628936, 46.5519436], [11.4638163, 46.5518589], [11.4640737, 46.5519475], [11.4643956, 46.5519179], [11.4646656, 46.5521774], [11.4656651, 46.5529828], [11.4656773, 46.5533638], [11.465211, 46.5536149], [11.46549, 46.5538731], [11.4655865, 46.554183], [11.4655972, 46.5544781], [11.4653076, 46.5547954], [11.4640653, 46.5552557], [11.4637733, 46.5546994], [11.4633921, 46.5544577], [11.4632905, 46.5536149], [11.4626514, 46.5536508], [11.4625878, 46.5533364], [11.4621195, 46.5532935], [11.4614413, 46.5533525], [11.4616061, 46.5534526], [11.4614881, 46.5536961], [11.4609836, 46.5540457], [11.4604796, 46.5538879], [11.4599753, 46.5537403], [11.4587522, 46.5543674], [11.457395, 46.5548571], [11.4569975, 46.5547656], [11.4567291, 46.5547092], [11.4565987, 46.5547098], [11.4569573, 46.5552992], [11.4567996, 46.5553413], [11.4566285, 46.5558192], [11.4570785, 46.5557028], [11.4572288, 46.5559389], [11.4576257, 46.5557545], [11.4589668, 46.5570382], [11.4589456, 46.5572597], [11.4592166, 46.5582259], [11.4581932, 46.5580937], [11.4577635, 46.5581826], [11.4573054, 46.5584788], [11.4569013, 46.5584415], [11.4568382, 46.5585689], [11.4569148, 46.558678], [11.456889, 46.5587519], [11.4565826, 46.558975], [11.4566844, 46.55922], [11.4566905, 46.559386], [11.4568494, 46.5590842], [11.4568715, 46.5589135], [11.4571105, 46.558778], [11.4584411, 46.5594579], [11.4584138, 46.5596057], [11.4572148, 46.5599083], [11.4573083, 46.5599481], [11.4585055, 46.5598563], [11.4594174, 46.5599965], [11.4602759, 46.5604115], [11.4605763, 46.5602344], [11.4596214, 46.5599689], [11.4604152, 46.5593399], [11.461227, 46.5589737], [11.4615516, 46.5588272], [11.4620996, 46.55858], [11.4637775, 46.5582876], [11.4642925, 46.5588778], [11.464269, 46.5592305], [11.4644534, 46.5593661], [11.4642721, 46.5595064], [11.4642808, 46.5602705], [11.4643582, 46.5606142], [11.4641875, 46.5611636], [11.464319, 46.5614645], [11.4642685, 46.5616708], [11.4636611, 46.5618512], [11.4632617, 46.5623438], [11.4638996, 46.5625576], [11.4639442, 46.5628813], [11.4642252, 46.562645], [11.4642315, 46.5625067], [11.4640676, 46.5624332], [11.4644065, 46.5621524], [11.4646404, 46.5615461], [11.464582, 46.5608475], [11.465044, 46.5605795], [11.4663375, 46.5606758], [11.4656908, 46.5611323], [11.4648817, 46.562041], [11.4654825, 46.5622771], [11.46574, 46.5622771], [11.4660857, 46.5621686], [11.466076, 46.5616942], [11.4664355, 46.5617543], [11.4668996, 46.5613967], [11.4670335, 46.5620502], [11.4678117, 46.5620219], [11.4687418, 46.5622492], [11.4692411, 46.5617138], [11.4698169, 46.5606837], [11.4693675, 46.5605238], [11.4695084, 46.5601647], [11.4688299, 46.5599684], [11.4680173, 46.5598694], [11.4681822, 46.5595883], [11.4687147, 46.5596308], [11.4688453, 46.5597489], [11.4688521, 46.5594416], [11.4672714, 46.5588903], [11.4670175, 46.5589906], [11.4665708, 46.5587638], [11.4651762, 46.5591725], [11.4647568, 46.5591937], [11.464987, 46.558915], [11.4646294, 46.5585061], [11.4647946, 46.5583525], [11.4649792, 46.5578745], [11.4654083, 46.5580516], [11.4658218, 46.5580409], [11.4661757, 46.5579345], [11.4663647, 46.5575873], [11.4668045, 46.5573817], [11.4666499, 46.5573108], [11.468517, 46.5565203], [11.4683944, 46.5564913], [11.4679232, 46.5566247], [11.4664987, 46.5571715], [11.4668148, 46.5569069], [11.4671068, 46.5563587], [11.4677339, 46.5553752], [11.4678151, 46.5552015]]], [[[11.507575, 46.5878645], [11.5076783, 46.5878637], [11.5077341, 46.5879002], [11.5078053, 46.5879056], [11.5079254, 46.5879669], [11.5080593, 46.5878143], [11.5082384, 46.587827], [11.5083317, 46.5877287], [11.5083763, 46.5877148], [11.5084617, 46.5879048], [11.5086684, 46.5880254], [11.509695, 46.5877349], [11.5102787, 46.5875948], [11.5101216, 46.5871602], [11.5100924, 46.5869747], [11.510173, 46.5868017], [11.5099979, 46.5866639], [11.5099979, 46.5864217], [11.5101741, 46.5860997], [11.5101677, 46.5859204], [11.510002, 46.5855589], [11.5100273, 46.5854911], [11.509786, 46.5849861], [11.5096142, 46.585036], [11.5092829, 46.5846225], [11.5084452, 46.5841547], [11.5082349, 46.5841989], [11.5080162, 46.5839624], [11.5079475, 46.5840157], [11.5079986, 46.5841099], [11.5076639, 46.5842481], [11.5073668, 46.5841532], [11.5075573, 46.5840367], [11.5081861, 46.583791], [11.5082213, 46.5839147], [11.5082919, 46.5839221], [11.5084192, 46.5838499], [11.5084086, 46.5837505], [11.5082226, 46.5837562], [11.507944, 46.5835532], [11.5079102, 46.5835186], [11.5076299, 46.5837128], [11.5071197, 46.5837171], [11.5066783, 46.5836519], [11.506761, 46.5835481], [11.5067635, 46.58343], [11.5070331, 46.5834331], [11.50731, 46.5835966], [11.507335, 46.5835159], [11.5071571, 46.5833873], [11.5073542, 46.5833559], [11.5074088, 46.5834414], [11.5077112, 46.5834239], [11.5076061, 46.5832347], [11.5074639, 46.5829395], [11.5073792, 46.5829788], [11.507556, 46.5833411], [11.5073467, 46.5832959], [11.5073456, 46.5831812], [11.5072399, 46.5830435], [11.50698, 46.5831642], [11.5069957, 46.5832765], [11.5068697, 46.5833133], [11.5066776, 46.5833026], [11.5065753, 46.5832011], [11.5066229, 46.5831475], [11.5065974, 46.5831035], [11.5064777, 46.5831844], [11.5063466, 46.5831069], [11.5064545, 46.5829926], [11.5066367, 46.5830038], [11.5069267, 46.5827778], [11.5072179, 46.5827002], [11.5071687, 46.5825255], [11.5072998, 46.5824368], [11.5073358, 46.5824247], [11.5074214, 46.5824987], [11.5076763, 46.5823975], [11.507867, 46.582482], [11.5080068, 46.5828248], [11.5080891, 46.5828434], [11.5080893, 46.5824656], [11.5082046, 46.5824585], [11.5082416, 46.5825471], [11.5086262, 46.5823954], [11.508604, 46.5823129], [11.508832, 46.5823809], [11.509238, 46.5822854], [11.5096785, 46.5823876], [11.5098387, 46.5825355], [11.5100717, 46.5824889], [11.5102248, 46.5824754], [11.5104439, 46.5825163], [11.5105253, 46.5826037], [11.5108967, 46.5825655], [11.5114206, 46.5823385], [11.5116695, 46.5824915], [11.5121466, 46.5825937], [11.5122436, 46.5826916], [11.5125307, 46.5829313], [11.5122982, 46.5829732], [11.5122622, 46.5830473], [11.5123542, 46.583219], [11.512568, 46.5831853], [11.5126186, 46.5832643], [11.512816, 46.5833506], [11.5127801, 46.5832121], [11.512976, 46.5831488], [11.5132651, 46.583252], [11.5134455, 46.5832208], [11.5132751, 46.5831236], [11.5133416, 46.5829816], [11.5133067, 46.5826514], [11.5131106, 46.5822], [11.5128391, 46.5823121], [11.512601, 46.5822657], [11.5127214, 46.5820997], [11.5125817, 46.5819175], [11.5129855, 46.5818549], [11.5132249, 46.5821983], [11.5131666, 46.5818267], [11.5135375, 46.58177], [11.5139081, 46.5819105], [11.5141355, 46.5818672], [11.5143407, 46.5817869], [11.5146582, 46.581686], [11.5152536, 46.5816952], [11.5153189, 46.5816513], [11.5158875, 46.5817347], [11.5159437, 46.5817883], [11.5161237, 46.5817605], [11.5159818, 46.5818655], [11.5158496, 46.5824604], [11.5160647, 46.5825441], [11.5160446, 46.5826917], [11.5160071, 46.5827729], [11.5156367, 46.5829169], [11.5152007, 46.5831113], [11.5150226, 46.583278], [11.5146074, 46.5833658], [11.5144771, 46.5835327], [11.514341, 46.5838247], [11.5141559, 46.5840405], [11.5138647, 46.5842379], [11.5138201, 46.5843431], [11.5138403, 46.5846447], [11.5136982, 46.5848883], [11.5137145, 46.5849509], [11.5138059, 46.5849617], [11.5140553, 46.5848107], [11.5142342, 46.584562], [11.5142975, 46.584474], [11.5141943, 46.5843734], [11.5142659, 46.5842501], [11.5146222, 46.5840406], [11.5147587, 46.5841513], [11.5148244, 46.5841468], [11.5148036, 46.5840893], [11.5150066, 46.5838741], [11.5152607, 46.5839776], [11.5153205, 46.5838722], [11.5151781, 46.5838137], [11.5151252, 46.5836803], [11.5153508, 46.5835698], [11.5154495, 46.5835716], [11.5155481, 46.5836768], [11.5158359, 46.5837116], [11.5159866, 46.5837843], [11.5158627, 46.5838633], [11.5159972, 46.5839814], [11.5162443, 46.5840186], [11.51646, 46.584208], [11.5167655, 46.5842702], [11.5169785, 46.5845138], [11.517166, 46.5847405], [11.5173087, 46.5847041], [11.5173219, 46.5844093], [11.5171952, 46.5842459], [11.5166915, 46.5840905], [11.5164987, 46.5839132], [11.5161219, 46.5837538], [11.5161457, 46.5836192], [11.5163291, 46.5836087], [11.5164048, 46.5835465], [11.5169925, 46.5835483], [11.517208, 46.5833801], [11.5174244, 46.5833586], [11.5177883, 46.5835165], [11.5177753, 46.5836452], [11.5178595, 46.5837071], [11.5183247, 46.5835426], [11.5183409, 46.5833603], [11.518765, 46.5832869], [11.5192367, 46.5833122], [11.5195324, 46.5835735], [11.5197928, 46.5835594], [11.5200279, 46.5836662], [11.5201112, 46.5837876], [11.5203964, 46.5838895], [11.5204498, 46.5838063], [11.5206148, 46.5838183], [11.5207938, 46.5838116], [11.521077, 46.5838948], [11.521064, 46.5837959], [11.5212883, 46.5837357], [11.521505, 46.5834898], [11.5215884, 46.5834889], [11.521691, 46.5835971], [11.5219997, 46.5835379], [11.5222167, 46.5834857], [11.5222559, 46.5837324], [11.5223082, 46.583464], [11.5223457, 46.5834613], [11.522588, 46.5834435], [11.5225371, 46.583908], [11.5223356, 46.5839639], [11.5222501, 46.5839876], [11.5221426, 46.5836403], [11.5221177, 46.5840269], [11.522057, 46.5840466], [11.5220982, 46.5845396], [11.5220546, 46.5846492], [11.5218764, 46.5847658], [11.521959, 46.5849488], [11.5221357, 46.5850142], [11.522248, 46.5850173], [11.5224579, 46.5848785], [11.5224827, 46.5849253], [11.5224447, 46.5850701], [11.5221792, 46.5851019], [11.5221659, 46.5851035], [11.5219449, 46.5852712], [11.5219297, 46.5853981], [11.5219225, 46.5854582], [11.5217172, 46.5855955], [11.5217458, 46.5856836], [11.5214597, 46.5859784], [11.5215417, 46.5861599], [11.5216649, 46.5863559], [11.5213209, 46.5865267], [11.5215116, 46.5866609], [11.5215737, 46.5869869], [11.5217844, 46.5867788], [11.521914, 46.5868101], [11.521854, 46.5865467], [11.5220302, 46.5865725], [11.5220999, 46.586664], [11.5221681, 46.5866512], [11.5221482, 46.5865589], [11.522337, 46.5865316], [11.5224979, 46.5866182], [11.5226401, 46.5868579], [11.522581, 46.5870033], [11.5227282, 46.5870322], [11.5227748, 46.5870738], [11.5230965, 46.5875719], [11.5233208, 46.5875024], [11.523485, 46.5875259], [11.5237198, 46.5880941], [11.5238691, 46.5881531], [11.5239482, 46.5880392], [11.523828, 46.5876551], [11.5235956, 46.5872688], [11.5236029, 46.5872321], [11.5236388, 46.5871924], [11.5233548, 46.5866555], [11.5236973, 46.5865749], [11.5239785, 46.5871206], [11.524114, 46.5873163], [11.5242993, 46.5872981], [11.5243364, 46.587447], [11.5245408, 46.5874694], [11.5246049, 46.5877404], [11.5246705, 46.5878008], [11.5241313, 46.5878643], [11.5241347, 46.5880832], [11.5246249, 46.5880247], [11.5247349, 46.5880892], [11.5254866, 46.5891116], [11.525737, 46.5893937], [11.5258456, 46.5900911], [11.5257761, 46.5903662], [11.5255338, 46.5905341], [11.5257481, 46.590792], [11.526128, 46.5904608], [11.5263191, 46.5903694], [11.5264554, 46.5904111], [11.5264637, 46.5903508], [11.5262725, 46.5902667], [11.5263511, 46.5901027], [11.5262541, 46.5900737], [11.5262779, 46.5897979], [11.5264576, 46.5898975], [11.5267637, 46.5906045], [11.5267637, 46.5906985], [11.5270399, 46.5909142], [11.5270373, 46.5910598], [11.5268868, 46.5913665], [11.5265416, 46.5915297], [11.5263736, 46.5916797], [11.5262937, 46.5918537], [11.5262977, 46.592003], [11.5264412, 46.5927581], [11.5265737, 46.5929546], [11.5268522, 46.5932265], [11.5269312, 46.5932864], [11.5272151, 46.5935016], [11.5285278, 46.5947778], [11.528695, 46.5950107], [11.5288442, 46.5949615], [11.528547, 46.5945814], [11.5268317, 46.5929272], [11.5267761, 46.5928283], [11.5267511, 46.5927007], [11.526756, 46.5923664], [11.5267107, 46.5923574], [11.5267195, 46.5920891], [11.5267218, 46.5918252], [11.5267714, 46.5918203], [11.5267637, 46.5917054], [11.5268978, 46.5917687], [11.5270313, 46.5916563], [11.5269093, 46.5915876], [11.5274591, 46.5914245], [11.5275284, 46.5914293], [11.5276904, 46.5913676], [11.5277712, 46.5912309], [11.5272886, 46.5905113], [11.5271359, 46.590371], [11.5269107, 46.5901853], [11.5264044, 46.5895901], [11.5262355, 46.5893349], [11.5261598, 46.5890988], [11.5257757, 46.5887556], [11.5256738, 46.5886091], [11.5252422, 46.5880817], [11.5249665, 46.5878226], [11.5248614, 46.587544], [11.5245762, 46.5870229], [11.5245612, 46.5869094], [11.5244424, 46.5867005], [11.5241486, 46.5863651], [11.5239006, 46.5861304], [11.5236454, 46.5858002], [11.5233721, 46.5854906], [11.5230718, 46.5851114], [11.5230616, 46.5849563], [11.5229556, 46.5848447], [11.5229013, 46.5845771], [11.5228378, 46.5843708], [11.5228572, 46.584041], [11.5228197, 46.5838707], [11.5228678, 46.5837251], [11.5228572, 46.5836128], [11.5229263, 46.5833765], [11.5229493, 46.5831888], [11.5229172, 46.5830607], [11.5229923, 46.5829369], [11.5230228, 46.5827843], [11.5230847, 46.5827387], [11.5230974, 46.5822043], [11.5230818, 46.5820067], [11.5230524, 46.581709], [11.5229846, 46.5813711], [11.5228872, 46.581095], [11.5229022, 46.580739], [11.5230373, 46.5803881], [11.5231298, 46.5802301], [11.5232155, 46.5801325], [11.5230349, 46.57999], [11.522882, 46.5801898], [11.5228455, 46.5801752], [11.5227105, 46.5803458], [11.5225831, 46.580337], [11.5226117, 46.5802293], [11.5224862, 46.5802235], [11.5223903, 46.5802167], [11.5224274, 46.5804479], [11.5224223, 46.5807112], [11.5222171, 46.580962], [11.5220547, 46.5809964], [11.5219323, 46.5811718], [11.5216718, 46.5810855], [11.5215991, 46.5810393], [11.5215892, 46.5811208], [11.5215117, 46.5811084], [11.5214689, 46.5809499], [11.5213587, 46.5809646], [11.5212997, 46.5807228], [11.5212037, 46.5807964], [11.5212988, 46.5810978], [11.5212679, 46.5811458], [11.5209169, 46.5810711], [11.5209325, 46.5811579], [11.5209891, 46.5812472], [11.5211068, 46.5812925], [11.5210726, 46.5813743], [11.5209786, 46.5814077], [11.5206911, 46.5813941], [11.520482, 46.5813884], [11.5202532, 46.5810732], [11.5203448, 46.5809804], [11.5204599, 46.5808876], [11.5205515, 46.5807551], [11.5206838, 46.5806913], [11.5210884, 46.5807161], [11.5213281, 46.5805798], [11.5216705, 46.5804259], [11.5217904, 46.5802352], [11.5219372, 46.5802665], [11.5218892, 46.5801676], [11.5220378, 46.5801346], [11.5220052, 46.5800786], [11.5217383, 46.5801273], [11.5216511, 46.5802148], [11.5216033, 46.5803405], [11.5215458, 46.5803616], [11.5209212, 46.5803022], [11.5209317, 46.5802377], [11.5210797, 46.5802563], [11.5210875, 46.5802202], [11.521263, 46.5802143], [11.5212066, 46.5801464], [11.522153, 46.5799099], [11.5222607, 46.5799357], [11.5221972, 46.5797983], [11.5222323, 46.5797557], [11.5226553, 46.579714], [11.5226335, 46.5796264], [11.5224293, 46.5796532], [11.5222417, 46.5796257], [11.5217056, 46.5797423], [11.5216403, 46.5795965], [11.5209992, 46.5797485], [11.5209042, 46.57967], [11.5210356, 46.5795407], [11.5210498, 46.5793702], [11.52141, 46.5793376], [11.5216121, 46.5790577], [11.5220769, 46.5788941], [11.522453, 46.5792273], [11.5226522, 46.5792532], [11.5227188, 46.5794449], [11.5227526, 46.5797089], [11.5228744, 46.5797107], [11.523059, 46.5799118], [11.5234629, 46.5799287], [11.5234887, 46.5795641], [11.5233849, 46.5794263], [11.5230942, 46.5789137], [11.5226679, 46.5784801], [11.5225446, 46.5780422], [11.5224211, 46.5774366], [11.5225016, 46.5767175], [11.5226004, 46.5763499], [11.5225628, 46.5750185], [11.5222664, 46.5742945], [11.5222906, 46.5746623], [11.5219896, 46.5746415], [11.5217354, 46.5745144], [11.5215247, 46.5745011], [11.5212547, 46.5740293], [11.5211952, 46.5740793], [11.5212832, 46.5743516], [11.5212352, 46.5744828], [11.5206559, 46.5746008], [11.5198619, 46.5745271], [11.519321, 46.5744724], [11.519435, 46.5741254], [11.519131, 46.5739836], [11.5188705, 46.5743754], [11.5183657, 46.5742261], [11.5187022, 46.5737186], [11.5187185, 46.5735321], [11.5190496, 46.57345], [11.5191636, 46.5734873], [11.5190813, 46.5735883], [11.5196276, 46.5734314], [11.5203087, 46.573668], [11.5204797, 46.5735661], [11.5202156, 46.5735406], [11.520135, 46.5734404], [11.5203192, 46.5731712], [11.5196629, 46.5729628], [11.5197397, 46.5727649], [11.5199508, 46.5726356], [11.5200275, 46.5721079], [11.5205471, 46.5719651], [11.5206422, 46.571671], [11.5208704, 46.5711864], [11.5211387, 46.5711126], [11.5213151, 46.5711149], [11.5215653, 46.5724603], [11.5216911, 46.573044], [11.5216294, 46.5735203], [11.5218515, 46.5736846], [11.5218976, 46.5738293], [11.5216815, 46.573837], [11.5218746, 46.5743465], [11.5220704, 46.5745165], [11.5221559, 46.5744232], [11.5217292, 46.5725115], [11.5214057, 46.5711068], [11.5211925, 46.570254], [11.5208891, 46.5693736], [11.5202934, 46.5683754], [11.5193286, 46.5670996], [11.5182203, 46.5663642], [11.5161325, 46.5654474], [11.5146552, 46.5642989], [11.5117981, 46.560612], [11.511644, 46.5599507], [11.5113369, 46.5597814], [11.5109096, 46.559474], [11.5105448, 46.5598402], [11.5101175, 46.5592752], [11.5102095, 46.5591034], [11.510548, 46.5592028], [11.5106368, 46.559117], [11.5104627, 46.5590316], [11.5110216, 46.5586247], [11.5111988, 46.5587305], [11.5115101, 46.5583034], [11.5115493, 46.5573065], [11.5114476, 46.5573032], [11.5111633, 46.557294], [11.5110423, 46.5572901], [11.5108935, 46.5568531], [11.5110226, 46.5563996], [11.5113484, 46.5563601], [11.511596, 46.5556006], [11.5113141, 46.5555215], [11.5111816, 46.5555582], [11.5111159, 46.5554232], [11.5114418, 46.5549884], [11.5118159, 46.5546548], [11.5119366, 46.5546801], [11.51182, 46.5556708], [11.5117902, 46.5559234], [11.5118538, 46.5558996], [11.5122886, 46.5550606], [11.5127008, 46.5544893], [11.5136252, 46.552929], [11.513603, 46.5517363], [11.5125995, 46.5506078], [11.5105471, 46.5491919], [11.5089463, 46.5466669], [11.5072024, 46.5452052], [11.5067115, 46.5449524], [11.5064245, 46.5445097], [11.5057164, 46.5437644], [11.5043995, 46.5426736], [11.5009957, 46.5397425], [11.5003252, 46.5390931], [11.4998424, 46.5389713], [11.499483, 46.5387019], [11.4997029, 46.5385027], [11.4994705, 46.5380718], [11.4992395, 46.5378702], [11.498984, 46.5377082], [11.4971596, 46.5368169], [11.4959123, 46.5362193], [11.4954055, 46.5361186], [11.4937008, 46.53528], [11.4931106, 46.5351468], [11.493787, 46.5356738], [11.4936128, 46.5360594], [11.4939435, 46.5361679], [11.4941646, 46.5363753], [11.4942298, 46.5364731], [11.4944009, 46.536541], [11.4945407, 46.5366604], [11.4945859, 46.536802], [11.4938787, 46.5369185], [11.4938722, 46.5372819], [11.4936087, 46.5373071], [11.4933176, 46.5372993], [11.4930036, 46.5371697], [11.4928338, 46.5369025], [11.4928894, 46.5367684], [11.4932272, 46.5367078], [11.4930827, 46.5365373], [11.4927625, 46.5366377], [11.4925273, 46.5367987], [11.4922086, 46.5366274], [11.4922923, 46.5363355], [11.4920461, 46.5365287], [11.4919899, 46.5365487], [11.4919577, 46.5367031], [11.4919709, 46.5371805], [11.4918191, 46.5372065], [11.491742, 46.5371351], [11.4915187, 46.5367763], [11.49142, 46.5362965], [11.491419, 46.5359459], [11.4915354, 46.5356577], [11.4915866, 46.5355489], [11.491717, 46.5354493], [11.491674, 46.5353874], [11.492504, 46.5346244], [11.4929332, 46.5344527], [11.4925349, 46.5341879], [11.4923744, 46.5341804], [11.4920188, 46.5344143], [11.491124, 46.5352414], [11.4910608, 46.5353649], [11.4909709, 46.5354717], [11.4908929, 46.5354978], [11.4908149, 46.5354556], [11.4907769, 46.5354007], [11.4907975, 46.5353314], [11.4908656, 46.535204], [11.490872, 46.534917], [11.4909104, 46.5347357], [11.4908933, 46.5346896], [11.4905927, 46.5349736], [11.4903112, 46.5352083], [11.4896026, 46.5348362], [11.4894989, 46.5346891], [11.4890511, 46.5347578], [11.4887083, 46.5346963], [11.4884368, 46.5346754], [11.4882988, 46.5347161], [11.4881941, 46.5347151], [11.4880819, 46.5346931], [11.487997, 46.5346618], [11.4879014, 46.5345742], [11.4878119, 46.5344375], [11.4876117, 46.5342779], [11.487413, 46.5341558], [11.4872356, 46.5340744], [11.4868625, 46.5339628], [11.4865227, 46.5338564], [11.4862528, 46.5337395], [11.4859889, 46.5335465], [11.4859119, 46.5334468], [11.4858663, 46.5333696], [11.4858008, 46.5331648], [11.4858463, 46.5329612], [11.4858083, 46.5329025], [11.4856851, 46.5327903], [11.4855409, 46.5325698], [11.4853892, 46.5320714], [11.4853987, 46.5319592], [11.4854688, 46.5318692], [11.4856471, 46.53174], [11.4857097, 46.5316526], [11.4858349, 46.5313446], [11.4858203, 46.5312763], [11.4856136, 46.5316706], [11.4855013, 46.5317153], [11.4852928, 46.531635], [11.4852558, 46.5315071], [11.4847813, 46.5315183], [11.4845358, 46.5313326], [11.4841022, 46.5313889], [11.4839857, 46.5313671], [11.4841006, 46.5312306], [11.4840638, 46.5311501], [11.4838668, 46.5311606], [11.4835226, 46.5310811], [11.4835237, 46.5310224], [11.4838595, 46.5310511], [11.484099, 46.5310461], [11.4841676, 46.5309498], [11.4839958, 46.5307866], [11.4841349, 46.5306515], [11.4843395, 46.5307078], [11.4847101, 46.530572], [11.4850185, 46.5305727], [11.4851658, 46.5307866], [11.4852804, 46.5306909], [11.4852231, 46.5305389], [11.4852033, 46.5304769], [11.4851938, 46.5303621], [11.4851388, 46.5303425], [11.485099, 46.5303047], [11.4850933, 46.5302525], [11.4851331, 46.5302029], [11.485209, 46.5300946], [11.4852469, 46.5297462], [11.4852318, 46.5296875], [11.4851635, 46.5296105], [11.4849378, 46.5296236], [11.4849245, 46.5295662], [11.4850364, 46.529544], [11.4850383, 46.5294775], [11.484973, 46.5293651], [11.4844105, 46.5289055], [11.4840426, 46.5288541], [11.4838161, 46.5285726], [11.4837391, 46.528563], [11.4834709, 46.5281607], [11.4831063, 46.5279346], [11.4830656, 46.5278391], [11.482905, 46.5277289], [11.4828843, 46.5276327], [11.4828479, 46.5276026], [11.4829047, 46.5274822], [11.482793, 46.5274932], [11.482567, 46.5275556], [11.4824418, 46.5275661], [11.4823034, 46.5275569], [11.4821858, 46.5275308], [11.4821194, 46.5274839], [11.4820928, 46.5273886], [11.4820871, 46.5273012], [11.482182, 46.5271838], [11.482273, 46.5271042], [11.4824285, 46.526958], [11.4824968, 46.526804], [11.4825679, 46.526745], [11.482515, 46.526642], [11.4824556, 46.5266499], [11.4824442, 46.5265629], [11.4825408, 46.5264689], [11.4824684, 46.526418], [11.4823964, 46.5264339], [11.4822222, 46.5263695], [11.4820271, 46.5266663], [11.4820182, 46.5270113], [11.4818918, 46.5269908], [11.4815866, 46.527043], [11.4815165, 46.5269265], [11.4816753, 46.526779], [11.4818117, 46.5265977], [11.4819987, 46.5264818], [11.4821554, 46.5263268], [11.4820595, 46.5263141], [11.4821318, 46.5260837], [11.4820977, 46.5260132], [11.482028, 46.5260035], [11.4819506, 46.5260609], [11.4819286, 46.5261806], [11.4818331, 46.5263359], [11.4814254, 46.5264978], [11.4811134, 46.5264594], [11.4808063, 46.5265264], [11.4807921, 46.5262704], [11.4806975, 46.5262072], [11.4807257, 46.5261459], [11.481052, 46.5259297], [11.4811519, 46.5257881], [11.4811197, 46.5256955], [11.4809067, 46.5257518], [11.4808612, 46.5254129], [11.4806879, 46.5250842], [11.4809178, 46.5247855], [11.4808863, 46.5246354], [11.4808018, 46.5244671], [11.4806973, 46.5244743], [11.4808289, 46.5247536], [11.4806746, 46.5248279], [11.4805608, 46.5246827], [11.4803341, 46.5248358], [11.4798128, 46.5250163], [11.4788773, 46.5249832], [11.478596, 46.5250265], [11.4784196, 46.5250352], [11.4783357, 46.5251016], [11.4782055, 46.5250871], [11.4780107, 46.5251671], [11.4781726, 46.5253666], [11.4779992, 46.5255976], [11.4780342, 46.5259669], [11.4779775, 46.5260853], [11.4781831, 46.5263232], [11.4778247, 46.5265244], [11.4775302, 46.5267734], [11.4771091, 46.5270207], [11.4769322, 46.527111], [11.4769183, 46.5271831], [11.4767486, 46.5272222], [11.4767045, 46.5272865], [11.4764634, 46.5271795], [11.4767866, 46.527011], [11.4767902, 46.5269062], [11.4766507, 46.5269043], [11.4764791, 46.5269837], [11.4763747, 46.527115], [11.476128, 46.526851], [11.4759518, 46.5268937], [11.4757793, 46.5270752], [11.4756212, 46.5271877], [11.4751562, 46.5278077], [11.4751305, 46.5280526], [11.4748682, 46.528316], [11.4747152, 46.5283877], [11.4746447, 46.5284971], [11.4743956, 46.5285579], [11.4742444, 46.528382], [11.4743366, 46.5283001], [11.4743749, 46.5279534], [11.4747841, 46.5278359], [11.474988, 46.5275494], [11.4751527, 46.5273415], [11.4750843, 46.5273138], [11.4746825, 46.5277639], [11.4743659, 46.5278157], [11.4741666, 46.5277974], [11.4741048, 46.5278854], [11.474092, 46.5279783], [11.4740271, 46.5280236], [11.4740966, 46.5281452], [11.4738501, 46.5282059], [11.4736224, 46.5283819], [11.4735863, 46.5287175], [11.4733185, 46.528855], [11.4731125, 46.5290662], [11.4729401, 46.529224], [11.4724828, 46.5293824], [11.4725311, 46.5300531], [11.4723498, 46.5301828], [11.4724075, 46.5303906], [11.4720624, 46.5304169], [11.4717884, 46.5305126], [11.4716619, 46.5307074], [11.4713525, 46.5306511], [11.4711915, 46.5302557], [11.4713385, 46.5302246], [11.4713536, 46.5300767], [11.4708393, 46.5294472], [11.470809, 46.529008], [11.4707073, 46.5290539], [11.4707256, 46.5293551], [11.4705261, 46.5292175], [11.4704097, 46.5292845], [11.4707427, 46.5298249], [11.4706678, 46.5302345], [11.4703948, 46.5299954], [11.470018, 46.5297945], [11.4697662, 46.5293243], [11.4690828, 46.5293058], [11.4691296, 46.5284943], [11.4689506, 46.5285233], [11.4686146, 46.5290205], [11.4684278, 46.5290659], [11.4684042, 46.5295767], [11.4686075, 46.5295801], [11.4687411, 46.5302956], [11.4683601, 46.5306475], [11.4687035, 46.531238], [11.469274, 46.5306714], [11.4701529, 46.5318237], [11.4695618, 46.5328027], [11.4711067, 46.5328323], [11.4715788, 46.5321237], [11.4733812, 46.5322418], [11.4733419, 46.5323656], [11.4736261, 46.5325529], [11.473743, 46.5325931], [11.4740911, 46.5327127], [11.4740481, 46.5328356], [11.4734828, 46.5325746], [11.4732822, 46.5325531], [11.4732859, 46.5326983], [11.4731359, 46.5327657], [11.4731329, 46.5327885], [11.4733129, 46.5328043], [11.4740374, 46.5330626], [11.4741967, 46.5331044], [11.474356, 46.5331148], [11.4744698, 46.5330965], [11.4747505, 46.5329765], [11.4750843, 46.5328539], [11.4754446, 46.5327651], [11.4756988, 46.5327208], [11.4759833, 46.5327234], [11.4762602, 46.5327912], [11.4765295, 46.5328878], [11.4767495, 46.5329896], [11.4774171, 46.5334123], [11.4776561, 46.5335532], [11.478134, 46.5337985], [11.4784792, 46.5339864], [11.4786651, 46.5341299], [11.4787827, 46.5342682], [11.4788623, 46.534203], [11.4788358, 46.5341247], [11.4787053, 46.5339458], [11.4783951, 46.5337583], [11.4784233, 46.533629], [11.4786019, 46.5335999], [11.4786019, 46.5335158], [11.4783879, 46.533308], [11.4782749, 46.5330519], [11.4780695, 46.5330548], [11.4778951, 46.5328852], [11.4779785, 46.5328252], [11.4775347, 46.532499], [11.4774133, 46.5325146], [11.4771364, 46.5323294], [11.4771592, 46.5321937], [11.4768633, 46.5320397], [11.4767544, 46.5320573], [11.4768421, 46.5321514], [11.4765451, 46.5321641], [11.4757416, 46.5319761], [11.4757381, 46.5316902], [11.4759348, 46.5317429], [11.4758025, 46.5316068], [11.4758204, 46.5311903], [11.4762151, 46.5310933], [11.4764783, 46.5308993], [11.4769859, 46.5306342], [11.4781019, 46.5305885], [11.4781502, 46.5310682], [11.4786249, 46.5312011], [11.4785136, 46.5313819], [11.4780503, 46.5313505], [11.478296, 46.5315507], [11.4784994, 46.5318132], [11.4785418, 46.5319355], [11.4791194, 46.5320826], [11.4798526, 46.532049], [11.4801057, 46.5325606], [11.4805741, 46.5326865], [11.4803569, 46.5329241], [11.4795526, 46.5326421], [11.4790536, 46.532587], [11.4784803, 46.5323154], [11.4776626, 46.5322378], [11.4773602, 46.5321937], [11.4779671, 46.5327051], [11.4783123, 46.5329061], [11.478369, 46.5330456], [11.4785474, 46.5330336], [11.4788332, 46.5330839], [11.479305, 46.533436], [11.4793383, 46.5335503], [11.4791721, 46.5336692], [11.4793316, 46.5338657], [11.4793397, 46.5339297], [11.4794654, 46.5340803], [11.4792758, 46.5341482], [11.4790954, 46.5340137], [11.4788839, 46.5338909], [11.4788886, 46.5339879], [11.4789382, 46.534109], [11.4789572, 46.5341873], [11.4789268, 46.5342525], [11.4788282, 46.5343543], [11.4789913, 46.5350458], [11.4789268, 46.535599], [11.4786954, 46.5357399], [11.4786234, 46.5358599], [11.4785816, 46.5361], [11.4785816, 46.5362879], [11.4786309, 46.5364157], [11.478722, 46.5365331], [11.4788168, 46.5365775], [11.4789306, 46.5365775], [11.4792454, 46.5364627], [11.479492, 46.5364288], [11.4797537, 46.536387], [11.4799168, 46.5363975], [11.4800648, 46.5364288], [11.4806376, 46.5365932], [11.48074, 46.5366793], [11.4807779, 46.536768], [11.4809182, 46.5370759], [11.4811458, 46.537282], [11.4812824, 46.5373655], [11.4813621, 46.5373107], [11.481419, 46.5373733], [11.4813545, 46.5375247], [11.4815593, 46.5375742], [11.481491, 46.5376525], [11.4818362, 46.5380387], [11.4820486, 46.5383649], [11.4822345, 46.5386988], [11.4825174, 46.5392862], [11.4826295, 46.5392649], [11.4828315, 46.538639], [11.4829761, 46.5384476], [11.4827293, 46.5378377], [11.4826835, 46.5375245], [11.4826563, 46.5373263], [11.482874, 46.5373889], [11.4830595, 46.5372278], [11.4833984, 46.5372032], [11.4838081, 46.5375356], [11.4838714, 46.5374427], [11.483592, 46.537149], [11.4836571, 46.5370268], [11.4838072, 46.5370075], [11.4839346, 46.5370352], [11.484109, 46.5370874], [11.4843252, 46.537043], [11.4846779, 46.5371604], [11.4848707, 46.537262], [11.4850103, 46.5372253], [11.4851966, 46.5374328], [11.4856864, 46.5375516], [11.4860018, 46.5378313], [11.4865812, 46.5379272], [11.4865919, 46.5382888], [11.4868009, 46.5383513], [11.4871549, 46.53823], [11.4873644, 46.5386616], [11.487065, 46.5388399], [11.4870081, 46.5389467], [11.4868936, 46.5389848], [11.4869927, 46.5388276], [11.486911, 46.5385541], [11.4867393, 46.5386066], [11.4867573, 46.538881], [11.4866499, 46.5391043], [11.4866791, 46.5394711], [11.4867911, 46.5393955], [11.486794, 46.5392846], [11.4871687, 46.5392833], [11.4871657, 46.5395094], [11.4869352, 46.5398607], [11.4866849, 46.539904], [11.4864953, 46.5398534], [11.4861306, 46.5402297], [11.4854975, 46.5403404], [11.4852615, 46.5403921], [11.4850753, 46.5406177], [11.4847146, 46.5409267], [11.4843198, 46.5410812], [11.4842628, 46.541201], [11.484344, 46.5414353], [11.4844929, 46.5415253], [11.4844432, 46.5416928], [11.4841997, 46.5416634], [11.4840779, 46.5417487], [11.4838546, 46.5416773], [11.484053, 46.5413872], [11.4839313, 46.5413314], [11.4841072, 46.5410319], [11.4842042, 46.5407937], [11.4841311, 46.5406119], [11.4837871, 46.5409275], [11.4836718, 46.5410839], [11.4835589, 46.5413237], [11.4834709, 46.541457], [11.4833108, 46.5416194], [11.4831962, 46.5417531], [11.4831476, 46.5418417], [11.4830838, 46.5418876], [11.4829348, 46.5421123], [11.4829412, 46.5426108], [11.4830495, 46.5426468], [11.4830909, 46.5425683], [11.4835055, 46.5423976], [11.483721, 46.5423885], [11.4839667, 46.5426474], [11.4839858, 46.5428163], [11.4838582, 46.5428953], [11.4835966, 46.5428405], [11.4835462, 46.5427868], [11.4834578, 46.542926], [11.4834527, 46.5429896], [11.4838072, 46.5433078], [11.4840273, 46.5433297], [11.4841517, 46.5434482], [11.4845791, 46.5434328], [11.4845631, 46.5435162], [11.4844579, 46.5435271], [11.4843813, 46.5436083], [11.4844738, 46.5436697], [11.4842824, 46.5437904], [11.4841612, 46.5437421], [11.4843367, 46.5436676], [11.4842601, 46.5436324], [11.4836126, 46.5437114], [11.483536, 46.5439901], [11.4840751, 46.544442], [11.483871, 46.5444881], [11.4834563, 46.5441524], [11.4834212, 46.5442928], [11.4833032, 46.5443213], [11.4832553, 46.5444332], [11.4834148, 46.5444903], [11.4836062, 46.544725], [11.4834276, 46.5448435], [11.483249, 46.5446965], [11.4831341, 46.5446658], [11.4830703, 46.5445188], [11.4827801, 46.5443213], [11.4827641, 46.5445232], [11.4826684, 46.5446065], [11.482678, 46.5448215], [11.4825058, 46.5448106], [11.4825696, 46.5443871], [11.4824771, 46.5442292], [11.4823816, 46.5441185], [11.482354, 46.5439567], [11.4824359, 46.543867], [11.4823775, 46.5437466], [11.4820321, 46.5440667], [11.4819999, 46.5445021], [11.4816566, 46.5447659], [11.4813241, 46.5447087], [11.4810853, 46.5448397], [11.4807259, 46.5455868], [11.4808459, 46.5456938], [11.4806868, 46.5458082], [11.4806994, 46.5457049], [11.4806387, 46.5456348], [11.4803692, 46.5457713], [11.4791288, 46.5454453], [11.4792167, 46.5453378], [11.4787266, 46.544829], [11.4786418, 46.5450039], [11.4782878, 46.5451441], [11.4776011, 46.5449891], [11.4774402, 46.5451662], [11.4772793, 46.5454023], [11.4771291, 46.5455721], [11.4769359, 46.5455057], [11.476893, 46.5453655], [11.4765068, 46.5452917], [11.4764961, 46.5449375], [11.476657, 46.5446866], [11.4769998, 46.5445318], [11.4776695, 46.5444653], [11.4781225, 46.5442592], [11.4776634, 46.5437751], [11.4769037, 46.5430542], [11.4762126, 46.5423653], [11.4762998, 46.5425824], [11.4762362, 46.5427114], [11.4763243, 46.5430857], [11.4766631, 46.5431898], [11.4768265, 46.5431237], [11.4768966, 46.543168], [11.4768558, 46.5434057], [11.4767999, 46.5435051], [11.4766039, 46.543465], [11.4764471, 46.5435114], [11.4763267, 46.5436654], [11.4758093, 46.543509], [11.4753678, 46.5436945], [11.4746034, 46.543916], [11.4743368, 46.544079], [11.4740445, 46.5445224], [11.474493, 46.5444003], [11.474643, 46.5442327], [11.4748495, 46.5443943], [11.475666, 46.5439638], [11.475903, 46.5439374], [11.4764235, 46.5443786], [11.4763082, 46.5445769], [11.4760969, 46.5446761], [11.4760828, 46.54489], [11.4755593, 46.5449829], [11.4754296, 46.5452637], [11.4754554, 46.5454245], [11.475258, 46.5456907], [11.4752426, 46.5459125], [11.4750262, 46.5460222], [11.4747043, 46.5460074], [11.474522, 46.5459779], [11.4745535, 46.5458345], [11.4746534, 46.5456989], [11.4746305, 46.5453762], [11.4746041, 46.5450262], [11.4744954, 46.5452573], [11.4745089, 46.545324], [11.4745676, 46.5453348], [11.4745518, 46.5453721], [11.4744954, 46.5453643], [11.4744773, 46.5453969], [11.4744548, 46.5454171], [11.4744119, 46.5454403], [11.4742721, 46.5454186], [11.4741886, 46.5454124], [11.4740172, 46.5453798], [11.474033, 46.5453178], [11.4738447, 46.5452991], [11.4736824, 46.5452907], [11.4736752, 46.5453068], [11.4735071, 46.5453302], [11.4734605, 46.545305], [11.4734072, 46.5452679], [11.4734093, 46.5452286], [11.473475, 46.5451994], [11.4738101, 46.5451025], [11.473834, 46.5450887], [11.4738608, 46.545002], [11.4735883, 46.5448986], [11.473412, 46.5449565], [11.4730892, 46.5450175], [11.472799, 46.545121], [11.4724939, 46.5451667], [11.4722534, 46.545174], [11.471926, 46.5451324], [11.4719143, 46.5451498], [11.4723602, 46.5452931], [11.4718664, 46.5453912], [11.4717994, 46.5454176], [11.4714004, 46.5455747], [11.4704048, 46.5452154], [11.4704469, 46.5455515], [11.4701281, 46.5454345], [11.4700047, 46.5451695], [11.4704524, 46.5451325], [11.4704296, 46.5450584], [11.4699601, 46.5450154], [11.4698299, 46.5449132], [11.4696768, 46.5448839], [11.4697988, 46.5446513], [11.4694482, 46.5441404], [11.4691887, 46.5439885], [11.4691026, 46.5438483], [11.4687726, 46.5437605], [11.4687874, 46.5439538], [11.4684422, 46.54411], [11.4685035, 46.544143], [11.4687506, 46.5440743], [11.469002, 46.544297], [11.4690875, 46.5442831], [11.469251, 46.5444692], [11.4689518, 46.5446241], [11.4688325, 46.5444015], [11.4685661, 46.5442745], [11.4684667, 46.5442675], [11.468816, 46.5447583], [11.4688948, 46.5448673], [11.4690232, 46.5450643], [11.4692023, 46.5453458], [11.4694457, 46.5452874], [11.4700036, 46.5454645], [11.4697633, 46.5458139], [11.469944, 46.546169], [11.4700264, 46.5466274], [11.4700436, 46.5467597], [11.4703322, 46.546885], [11.470449, 46.5470693], [11.4708922, 46.547022], [11.4710022, 46.5471662], [11.4710572, 46.5474308], [11.4711877, 46.5478207], [11.4707832, 46.5479137], [11.4713899, 46.5481257], [11.4715326, 46.5485761], [11.471111, 46.5489963], [11.4707355, 46.5488783], [11.4706282, 46.5495792], [11.4698014, 46.5509862], [11.4693518, 46.5506446], [11.4699233, 46.5493656], [11.4702881, 46.5484181], [11.4705245, 46.5483337], [11.4705439, 46.5481138], [11.4704803, 46.5480255], [11.4704519, 46.5480516], [11.4704044, 46.5482926], [11.4702973, 46.5482817], [11.4694571, 46.5494502], [11.4691232, 46.5499651], [11.4687985, 46.5502692], [11.4687263, 46.5503746], [11.4685278, 46.5510106], [11.4683925, 46.5512774], [11.4683068, 46.5514604], [11.4682842, 46.5515907], [11.4682481, 46.551721], [11.4681534, 46.5518358], [11.4680993, 46.5519536], [11.4680902, 46.5523011], [11.4680767, 46.552602], [11.4679955, 46.5528346], [11.4678421, 46.5531076], [11.4677655, 46.5533155], [11.4676978, 46.5536567], [11.4677249, 46.5538087], [11.467797, 46.5541003], [11.4679053, 46.5541561], [11.4678692, 46.5542647], [11.468009, 46.5547982], [11.4680136, 46.5549068], [11.4679504, 46.5552449], [11.4678015, 46.5555396], [11.4673279, 46.5563058], [11.4672897, 46.5564263], [11.4673817, 46.5564603], [11.4678661, 46.5560351], [11.4684296, 46.555298], [11.4688453, 46.555813], [11.4695971, 46.5555852], [11.4703279, 46.5556482], [11.4710132, 46.5553972], [11.471485, 46.5550561], [11.4716729, 46.5545514], [11.4720379, 46.5542527], [11.4725286, 46.5541302], [11.4728273, 46.5544167], [11.4728003, 46.5552072], [11.4723537, 46.5559443], [11.4726181, 46.5559859], [11.4731607, 46.5553028], [11.4732219, 46.5550223], [11.4734022, 46.5546553], [11.4738244, 46.5543641], [11.474124, 46.5538266], [11.4751761, 46.5529587], [11.4749159, 46.5517463], [11.4749394, 46.5514931], [11.4751936, 46.5513962], [11.4751043, 46.5511717], [11.4756231, 46.551245], [11.4762896, 46.5512852], [11.4768501, 46.5509411], [11.4767507, 46.5507942], [11.4760784, 46.5507524], [11.4760033, 46.550472], [11.4764218, 46.5501621], [11.4770011, 46.5501252], [11.4769936, 46.5503543], [11.4774303, 46.5503982], [11.4784225, 46.5501021], [11.4787746, 46.5498674], [11.4788819, 46.5493656], [11.4816145, 46.5497711], [11.4818827, 46.5502949], [11.4813924, 46.5503101], [11.480724, 46.5500736], [11.48037, 46.5499408], [11.4795331, 46.5498596], [11.4789323, 46.5500367], [11.4790385, 46.5508928], [11.4796178, 46.551306], [11.4800491, 46.55085], [11.4805426, 46.5509976], [11.4805212, 46.5513812], [11.4800684, 46.5517192], [11.4806907, 46.5521028], [11.4805611, 46.5528028], [11.480731, 46.5532464], [11.4811896, 46.5533983], [11.4812293, 46.555144], [11.480798, 46.5551868], [11.4811698, 46.5557654], [11.4812507, 46.556394], [11.4811767, 46.556645], [11.4810781, 46.5570532], [11.4812219, 46.5569883], [11.4813999, 46.5567433], [11.4818184, 46.5560646], [11.4820437, 46.5546997], [11.4825587, 46.5542275], [11.482784, 46.5531356], [11.4831412, 46.5528187], [11.4831702, 46.5519182], [11.4829503, 46.5501412], [11.4843351, 46.5514864], [11.4848686, 46.5514832], [11.484801, 46.5512615], [11.484536, 46.5509446], [11.4843718, 46.5509221], [11.483903, 46.5500518], [11.4841036, 46.5499555], [11.4847076, 46.5500297], [11.4856303, 46.5509372], [11.4853621, 46.5512102], [11.4849651, 46.5509741], [11.4851797, 46.5513357], [11.4850585, 46.5516747], [11.4854069, 46.5525035], [11.4858927, 46.5544847], [11.4854174, 46.5550753], [11.4848117, 46.5541095], [11.4849726, 46.5540799], [11.485294, 46.5542353], [11.4841637, 46.5531663], [11.483891, 46.5534485], [11.4842454, 46.5537713], [11.4838306, 46.554004], [11.4844362, 46.5560498], [11.4842356, 46.5562199], [11.4838461, 46.556131], [11.4841939, 46.5565939], [11.4839678, 46.5574537], [11.4832331, 46.5578568], [11.4819309, 46.5579893], [11.4813931, 46.5583463], [11.4810865, 46.5584908], [11.4809843, 46.558684], [11.4807529, 46.5590074], [11.4808139, 46.5591625], [11.4810794, 46.5591399], [11.481015, 46.5593286], [11.4810692, 46.5593588], [11.4811674, 46.5592587], [11.4813537, 46.5592144], [11.4815501, 46.5594916], [11.4818482, 46.5594543], [11.4818732, 46.5591444], [11.4818287, 46.5590495], [11.4822516, 46.5586537], [11.4822851, 46.5585087], [11.4826003, 46.5583395], [11.483267, 46.5581662], [11.4836215, 46.5582881], [11.4839041, 46.5582189], [11.4840478, 46.5579851], [11.4852308, 46.5577993], [11.4859844, 46.5572748], [11.4862923, 46.5561605], [11.4871092, 46.5558314], [11.4874158, 46.5557984], [11.488212, 46.5548347], [11.4887096, 46.5545234], [11.4890375, 46.554359], [11.4890507, 46.5541269], [11.4887263, 46.5539584], [11.488819, 46.5537763], [11.4891831, 46.5535669], [11.4895406, 46.5531845], [11.4898649, 46.5532027], [11.4896994, 46.5529114], [11.4893486, 46.5527339], [11.4887696, 46.5527037], [11.4883313, 46.5535032], [11.48821, 46.5537854], [11.4878658, 46.5540768], [11.4873097, 46.5544819], [11.486747, 46.5547323], [11.4866146, 46.5538036], [11.486608, 46.5530571], [11.4865153, 46.5522695], [11.4865815, 46.5520146], [11.4869059, 46.5517961], [11.4875348, 46.5516549], [11.4878922, 46.5516367], [11.488541, 46.551705], [11.4887793, 46.5515411], [11.4895339, 46.552142], [11.4893883, 46.5524653], [11.4898451, 46.5527521], [11.4903283, 46.5526701], [11.4902621, 46.552397], [11.4899907, 46.5521056], [11.4899047, 46.5519099], [11.4901628, 46.5518143], [11.4902687, 46.5515684], [11.4900002, 46.5517809], [11.4896314, 46.5518369], [11.4893344, 46.5513692], [11.4896856, 46.5507993], [11.4898853, 46.5510398], [11.4898613, 46.5507302], [11.4895485, 46.5507974], [11.4893592, 46.5510634], [11.4890324, 46.5508513], [11.4888058, 46.5508765], [11.4884914, 46.5511847], [11.4883755, 46.5509721], [11.4882828, 46.5504485], [11.4880696, 46.5495022], [11.4879209, 46.5484226], [11.4877676, 46.548304], [11.4878764, 46.547693], [11.4882657, 46.5465448], [11.488783, 46.5463142], [11.4888019, 46.5455679], [11.4886746, 46.5451618], [11.4890347, 46.545119], [11.48919, 46.5450443], [11.4890275, 46.5448048], [11.4890173, 46.5445135], [11.4891576, 46.5441738], [11.4893256, 46.5439519], [11.4892425, 46.5438662], [11.4892633, 46.5437661], [11.4894433, 46.5433565], [11.4898285, 46.5434979], [11.4901854, 46.5432263], [11.4904834, 46.5431203], [11.4908448, 46.5427005], [11.4909942, 46.5427224], [11.4912194, 46.542468], [11.4911949, 46.5423737], [11.491266, 46.5423501], [11.4913394, 46.5421784], [11.4914819, 46.5420962], [11.491692, 46.542116], [11.4916749, 46.5421598], [11.491763, 46.542212], [11.4918904, 46.5423821], [11.4921153, 46.5422299], [11.492179, 46.5421484], [11.4920064, 46.5420235], [11.491812, 46.5420133], [11.4917385, 46.5420588], [11.4915989, 46.5420288], [11.4914604, 46.5418859], [11.4920453, 46.5415721], [11.4920203, 46.5415306], [11.4918504, 46.5415713], [11.4917937, 46.5412201], [11.4922203, 46.5411202], [11.49248, 46.5410249], [11.4926047, 46.5410892], [11.4927966, 46.541136], [11.4925623, 46.5412442], [11.4925216, 46.5413274], [11.4925735, 46.541406], [11.4928575, 46.5412726], [11.4930826, 46.541275], [11.4931553, 46.5413369], [11.4928077, 46.5413834], [11.4927256, 46.5414712], [11.4927653, 46.5414995], [11.4931108, 46.5414086], [11.493111, 46.5414658], [11.4929706, 46.5415183], [11.4931113, 46.5415276], [11.4930283, 46.5416784], [11.4929287, 46.5418954], [11.4929787, 46.541974], [11.4930988, 46.5419464], [11.4931749, 46.5420099], [11.4927984, 46.5421528], [11.4928524, 46.5422424], [11.4930586, 46.5422005], [11.4932094, 46.5421733], [11.493417, 46.5422201], [11.4932772, 46.5425086], [11.4931647, 46.5425769], [11.4932025, 46.5426909], [11.4931478, 46.5427936], [11.4927775, 46.5429276], [11.4928371, 46.5429664], [11.4925451, 46.5431508], [11.4924831, 46.5432351], [11.4924876, 46.5433157], [11.4926305, 46.5432062], [11.4926741, 46.5432463], [11.492915, 46.5430855], [11.4930224, 46.543072], [11.4935036, 46.5432066], [11.4937349, 46.5434352], [11.4938544, 46.5433803], [11.4932112, 46.5426903], [11.4936138, 46.5421489], [11.4937673, 46.5422987], [11.4940176, 46.5423952], [11.4943563, 46.5426077], [11.4942366, 46.5427607], [11.4946185, 46.5429405], [11.4950239, 46.5430039], [11.4952177, 46.5431009], [11.4956755, 46.5433565], [11.4955421, 46.5434875], [11.4956876, 46.5435561], [11.4955997, 46.5437015], [11.4958936, 46.5436987], [11.4963985, 46.5440377], [11.4966097, 46.5441007], [11.4969218, 46.5444518], [11.4969337, 46.5445508], [11.4970839, 46.544509], [11.497037, 46.5446503], [11.4968478, 46.5449257], [11.4962727, 46.5444701], [11.4960168, 46.5443264], [11.4963517, 46.5445968], [11.49635, 46.5446556], [11.4963356, 46.5448828], [11.4964897, 46.5449739], [11.496649, 46.5448713], [11.4968574, 46.5450316], [11.4972033, 46.5453123], [11.4980033, 46.5458544], [11.4980754, 46.5458035], [11.4975335, 46.5454714], [11.4969528, 46.5450381], [11.4969329, 46.5449529], [11.4973421, 46.5444654], [11.4975552, 46.5446743], [11.4978099, 46.5450549], [11.4979891, 46.5452171], [11.4982082, 46.5452425], [11.4985555, 46.5452434], [11.4985345, 46.5451668], [11.4983737, 46.5451254], [11.4982621, 46.5451922], [11.4980545, 46.5451807], [11.497791, 46.5449248], [11.4978413, 46.5448915], [11.4977979, 46.5447629], [11.497922, 46.544766], [11.4977713, 46.5446671], [11.4973604, 46.5439741], [11.4972995, 46.5437643], [11.4968036, 46.5435787], [11.4959154, 46.5429452], [11.4958296, 46.5428567], [11.4959659, 46.5427588], [11.4957339, 46.5426401], [11.4955775, 46.5425135], [11.4950455, 46.5419971], [11.4950968, 46.5418827], [11.4949098, 46.5417469], [11.4945566, 46.5415897], [11.4946166, 46.5414513], [11.4941618, 46.5412848], [11.4941006, 46.5413989], [11.4938305, 46.5414656], [11.4936989, 46.5413846], [11.4933734, 46.5414227], [11.4932903, 46.5412822], [11.4934427, 46.5411774], [11.4936366, 46.541125], [11.4937786, 46.5410702], [11.4937924, 46.5409892], [11.4938686, 46.5409296], [11.4938236, 46.5408606], [11.4935189, 46.5409392], [11.4932834, 46.5410011], [11.4928679, 46.5410678], [11.4925424, 46.5408534], [11.4926012, 46.5406867], [11.4929025, 46.5405843], [11.493318, 46.5404247], [11.493879, 46.540327], [11.4939103, 46.5406379], [11.4948239, 46.5409141], [11.4949725, 46.5405663], [11.4954073, 46.5402431], [11.4956787, 46.5401874], [11.4958755, 46.540487], [11.4960443, 46.5404383], [11.4963468, 46.5407888], [11.496168, 46.5408891], [11.4962411, 46.5409701], [11.4968594, 46.5409881], [11.4966339, 46.541232], [11.4965895, 46.5413629], [11.4965066, 46.5416456], [11.4966077, 46.5416585], [11.4968501, 46.5415418], [11.496954, 46.5417252], [11.4969223, 46.5418722], [11.4970661, 46.5419798], [11.4972855, 46.5419366], [11.4976149, 46.5422605], [11.4980227, 46.5424524], [11.4980686, 46.5427285], [11.4982836, 46.5429484], [11.4983298, 46.5428829], [11.4987099, 46.5432167], [11.4983182, 46.5434583], [11.4985295, 46.5435171], [11.4988301, 46.5441598], [11.4990519, 46.5442041], [11.4990331, 46.5444723], [11.4988527, 46.5445365], [11.4988703, 46.544563], [11.4990151, 46.5445205], [11.4992675, 46.5444849], [11.4994743, 46.5446087], [11.4997539, 46.5445389], [11.5001012, 46.5447935], [11.500288, 46.5450653], [11.5004347, 46.5452089], [11.5004532, 46.5453], [11.5002715, 46.5452897], [11.4999397, 46.545229], [11.4996224, 46.5450517], [11.4995784, 46.5450599], [11.4998659, 46.5452291], [11.5003389, 46.5453746], [11.5001881, 46.5454274], [11.500158, 46.5454771], [11.5002567, 46.5455608], [11.500248, 46.5457895], [11.5007608, 46.5461012], [11.5009237, 46.5461366], [11.5010913, 46.5463401], [11.5015198, 46.5465197], [11.5013976, 46.5466419], [11.5013976, 46.5470095], [11.5013976, 46.5470699], [11.5014537, 46.5471247], [11.5017597, 46.547424], [11.5024061, 46.5476159], [11.502964, 46.5474536], [11.5032108, 46.5476011], [11.5033288, 46.5473798], [11.5035219, 46.547579], [11.5035744, 46.5484843], [11.5036935, 46.5486128], [11.5038676, 46.5484784], [11.5040899, 46.5484234], [11.5043163, 46.5488338], [11.5042834, 46.5490886], [11.5045002, 46.5493737], [11.504769, 46.5495848], [11.5048201, 46.5498295], [11.5050482, 46.5501296], [11.5054983, 46.550308], [11.5062578, 46.5502501], [11.5066216, 46.5506712], [11.5067501, 46.5510137], [11.5065376, 46.5511126], [11.50629, 46.551069], [11.5062555, 46.5514924], [11.5072071, 46.5523768], [11.5066031, 46.5528171], [11.5065695, 46.5531122], [11.5071053, 46.5537621], [11.5068371, 46.554972], [11.5063758, 46.5547728], [11.5060325, 46.5547655], [11.5055175, 46.5548761], [11.505478, 46.5551022], [11.5053721, 46.5552889], [11.5054681, 46.5555461], [11.505339, 46.5556235], [11.5052695, 46.5559125], [11.5049451, 46.5559034], [11.5048127, 46.5558306], [11.5049385, 46.5556667], [11.5049981, 46.5553617], [11.5049517, 46.5550635], [11.5047147, 46.5550916], [11.5046565, 46.5548097], [11.5043571, 46.5548359], [11.5044956, 46.5546025], [11.5044299, 46.5542429], [11.5046965, 46.5535928], [11.5047864, 46.5535763], [11.5048788, 46.5531232], [11.5048419, 46.5523284], [11.5047469, 46.5521278], [11.5044472, 46.5522188], [11.5042409, 46.5519917], [11.5043981, 46.5518344], [11.5038491, 46.5507208], [11.5037396, 46.5506303], [11.5036565, 46.5507184], [11.503585, 46.5507033], [11.503089, 46.5500266], [11.5034531, 46.5498252], [11.5019002, 46.548318], [11.5017759, 46.5483265], [11.5017576, 46.5484047], [11.5020785, 46.5485717], [11.5019291, 46.5488064], [11.501744, 46.5485978], [11.5019277, 46.5486097], [11.5018525, 46.548549], [11.5016529, 46.5484951], [11.5015188, 46.548344], [11.5011601, 46.5482418], [11.5011537, 46.5483487], [11.5015054, 46.5485327], [11.5016724, 46.5488422], [11.5020125, 46.5490007], [11.5022411, 46.5493585], [11.5029475, 46.549849], [11.5026027, 46.5499771], [11.5018254, 46.549347], [11.5011644, 46.5489561], [11.5005312, 46.5488567], [11.5005644, 46.549173], [11.5004041, 46.5492162], [11.5000503, 46.548959], [11.5000766, 46.5485177], [11.4998013, 46.5487119], [11.4996787, 46.5486005], [11.4996108, 46.5484051], [11.4997046, 46.5483404], [11.4995117, 46.5480228], [11.4995915, 46.5480159], [11.4996956, 46.5481927], [11.4997291, 46.5481868], [11.499607, 46.5479256], [11.4994144, 46.5476695], [11.4992828, 46.5474547], [11.4993582, 46.547383], [11.4997039, 46.547727], [11.4995909, 46.5474956], [11.4996221, 46.5474074], [11.4993709, 46.5471553], [11.499598, 46.5469236], [11.4995846, 46.5467928], [11.4991333, 46.5466402], [11.4988964, 46.5466946], [11.4986722, 46.5464569], [11.4982438, 46.5463029], [11.4969636, 46.5458426], [11.4967318, 46.5456701], [11.4965612, 46.5454906], [11.4964232, 46.5452614], [11.4966538, 46.5453555], [11.4969221, 46.5455272], [11.4969494, 46.5455021], [11.4967628, 46.5452902], [11.4964909, 46.5450248], [11.4962995, 46.5448842], [11.4956606, 46.5444151], [11.4954053, 46.5444154], [11.4949843, 46.5441781], [11.4946791, 46.5439849], [11.4946507, 46.5441316], [11.494409, 46.5441159], [11.4942848, 46.5439431], [11.4938398, 46.5439473], [11.4936551, 46.5440422], [11.4933781, 46.5440216], [11.4934356, 46.5438517], [11.4923132, 46.5439323], [11.4917174, 46.5444417], [11.4913014, 46.5446708], [11.4909802, 46.544458], [11.489976, 46.5455598], [11.489764, 46.5456912], [11.4899156, 46.5458786], [11.4905013, 46.5454955], [11.4905938, 46.5455556], [11.490521, 46.5462348], [11.4902005, 46.546775], [11.4896379, 46.5474029], [11.4894979, 46.548041], [11.4896438, 46.548832], [11.4900472, 46.5491271], [11.4909055, 46.5497764], [11.4916718, 46.5490196], [11.4923117, 46.5488776], [11.4931543, 46.5486962], [11.4925418, 46.5479925], [11.4920686, 46.5477487], [11.4926496, 46.5473963], [11.4934804, 46.5480823], [11.4942515, 46.5484072], [11.4951613, 46.5484976], [11.4949396, 46.5491271], [11.4959266, 46.5501306], [11.4964541, 46.5505171], [11.4972978, 46.5512487], [11.4982299, 46.5519786], [11.4990434, 46.5527161], [11.4995481, 46.5527815], [11.5006419, 46.550236], [11.5008969, 46.5501728], [11.5005007, 46.5515089], [11.5005372, 46.5515186], [11.5006813, 46.5515571], [11.5013891, 46.551823], [11.501055, 46.5524568], [11.5016494, 46.5531124], [11.5027469, 46.5514132], [11.5018849, 46.5500389], [11.5023085, 46.5500017], [11.5027875, 46.5507989], [11.5034577, 46.5511287], [11.5035495, 46.5508218], [11.5036952, 46.550874], [11.5040548, 46.5515767], [11.503866, 46.5521316], [11.503866, 46.5529107], [11.504056, 46.5534949], [11.5041114, 46.5538663], [11.504085, 46.554113], [11.5044033, 46.5544296], [11.5043984, 46.5545879], [11.5041633, 46.5547259], [11.5041584, 46.5549684], [11.5044082, 46.5549785], [11.5043053, 46.5553793], [11.5046628, 46.5553254], [11.5046335, 46.5554938], [11.5043886, 46.5556857], [11.5040507, 46.5554264], [11.5042221, 46.5551469], [11.5038205, 46.5552075], [11.5038547, 46.5555039], [11.5044066, 46.5558865], [11.5040476, 46.5563369], [11.5040905, 46.5568386], [11.5037794, 46.5569419], [11.5030177, 46.55675], [11.5019206, 46.5559311], [11.5016631, 46.5561008], [11.5026609, 46.5569345], [11.5035418, 46.5571208], [11.5033303, 46.5574007], [11.502846, 46.5574952], [11.502596, 46.5574156], [11.5024249, 46.5572296], [11.5017188, 46.5568844], [11.5016661, 46.5571497], [11.5017589, 46.5571569], [11.5019331, 46.5573242], [11.5019667, 46.5574217], [11.5020913, 46.5575751], [11.502112, 46.5577319], [11.5020872, 46.5579617], [11.5020482, 46.5581322], [11.5018424, 46.5587097], [11.5015593, 46.5585983], [11.5014745, 46.5587751], [11.501733, 46.5590183], [11.5014962, 46.559279], [11.5010669, 46.5592396], [11.5010396, 46.5602709], [11.5012924, 46.5603353], [11.5017964, 46.5600994], [11.5021711, 46.5600653], [11.502715, 46.5611592], [11.5023619, 46.5612595], [11.5028609, 46.5617821], [11.503393, 46.5616477], [11.5032662, 46.5614013], [11.5035915, 46.5610484], [11.503135, 46.5600848], [11.5027174, 46.5597312], [11.5032662, 46.5596456], [11.5032643, 46.559137], [11.5036103, 46.5588691], [11.5038469, 46.5582427], [11.5037656, 46.5581449], [11.5039049, 46.5578836], [11.5043713, 46.5577791], [11.5044899, 46.5578331], [11.5044498, 46.558061], [11.504802, 46.5581286], [11.5047345, 46.5584844], [11.5051759, 46.5582365], [11.5054692, 46.558241], [11.5057594, 46.5585124], [11.505702, 46.5587898], [11.505817, 46.5589479], [11.505861, 46.5593918], [11.5050458, 46.5598174], [11.504897, 46.5597931], [11.5045, 46.5600366], [11.5046195, 46.5602027], [11.5044448, 46.5604762], [11.5051703, 46.5602258], [11.5054699, 46.5602692], [11.5055391, 46.5604172], [11.5051529, 46.5607123], [11.5054281, 46.5608188], [11.5056492, 46.5615035], [11.5059897, 46.5619217], [11.5066668, 46.5619945], [11.5064481, 46.5621908], [11.5070412, 46.5626004], [11.5064849, 46.5634078], [11.50673, 46.5639577], [11.5055729, 46.5636365], [11.5051958, 46.5640241], [11.5039083, 46.5630209], [11.5031911, 46.5626922], [11.5037597, 46.5623603], [11.5036362, 46.5622993], [11.5033061, 46.5623996], [11.5029684, 46.5623679], [11.5028993, 46.5625791], [11.5025385, 46.5628377], [11.5021725, 46.5630928], [11.5022159, 46.5632533], [11.5019825, 46.5633168], [11.5017599, 46.5633429], [11.5016568, 46.5635145], [11.5013899, 46.5633905], [11.5011412, 46.5633018], [11.5010109, 46.5633503], [11.5010489, 46.5635257], [11.5003487, 46.563619], [11.5001961, 46.5631053], [11.5000801, 46.5619257], [11.4996564, 46.5610063], [11.4992791, 46.5603827], [11.4989547, 46.5603463], [11.4988157, 46.5603053], [11.4982398, 46.559923], [11.4975844, 46.5597136], [11.4974984, 46.5597819], [11.4970151, 46.559709], [11.4970416, 46.5595497], [11.496565, 46.5593585], [11.4961546, 46.5591128], [11.4959096, 46.5591082], [11.4958831, 46.5592443], [11.4963461, 46.5598743], [11.4961953, 46.5600836], [11.4967002, 46.5602874], [11.4973208, 46.5609111], [11.4973852, 46.5611841], [11.4981791, 46.5617152], [11.4985761, 46.5618701], [11.4985439, 46.5625488], [11.4987263, 46.5631905], [11.4987692, 46.56412], [11.4982088, 46.5635991], [11.4975552, 46.5637102], [11.4978847, 46.5637552], [11.4981025, 46.5638986], [11.498386, 46.5641096], [11.4986122, 46.5642912], [11.4983391, 46.5643867], [11.4987397, 46.5649959], [11.4983509, 46.5650482], [11.4983458, 46.5651356], [11.4981086, 46.5653115], [11.4977799, 46.5649702], [11.4975342, 46.5648164], [11.4974309, 46.5648863], [11.497419, 46.5650016], [11.4977121, 46.5652334], [11.4978765, 46.5655352], [11.4979256, 46.5658485], [11.4977818, 46.5660991], [11.4976124, 46.5662016], [11.4974735, 46.5660921], [11.4972566, 46.5661573], [11.4972871, 46.566388], [11.49767, 46.5665953], [11.4979208, 46.5670613], [11.498158, 46.5670986], [11.4986019, 46.5672663], [11.4987714, 46.567469], [11.498707, 46.5674876], [11.4986223, 46.5673712], [11.4984155, 46.5673735], [11.4984088, 46.5674294], [11.4985579, 46.5674713], [11.4985341, 46.5676717], [11.4982258, 46.5676577], [11.4981343, 46.5675482], [11.4979682, 46.5676391], [11.4978767, 46.567716], [11.4981106, 46.5677952], [11.4985036, 46.5679419], [11.4987104, 46.5682914], [11.4990052, 46.5686129], [11.4991407, 46.5682565], [11.499239, 46.5683031], [11.4993746, 46.5685803], [11.4991949, 46.5690253], [11.4988967, 46.5692582], [11.4987409, 46.5689158], [11.4985748, 46.5687014], [11.4981004, 46.5684009], [11.4977615, 46.5682005], [11.4973854, 46.5678418], [11.4971517, 46.5678304], [11.4971617, 46.5678954], [11.4976395, 46.568338], [11.4980801, 46.5686292], [11.498202, 46.5688505], [11.4983277, 46.5693235], [11.4983588, 46.569439], [11.4981385, 46.5694599], [11.4979555, 46.5689661], [11.4978432, 46.5689631], [11.4978877, 46.5693155], [11.4973082, 46.5694786], [11.4971015, 46.5694343], [11.4969965, 46.5696487], [11.4966678, 46.569658], [11.4963899, 46.569863], [11.4966542, 46.5698397], [11.4971151, 46.5697185], [11.4974798, 46.5701558], [11.4976622, 46.5705025], [11.4957203, 46.5699788], [11.4959735, 46.5692696], [11.4956149, 46.5694235], [11.4950463, 46.5691211], [11.4938119, 46.569199], [11.4925143, 46.5685531], [11.4923228, 46.5681286], [11.4915809, 46.5673434], [11.4913859, 46.567353], [11.4909888, 46.5675193], [11.4908091, 46.5675289], [11.4906062, 46.5675397], [11.4902561, 46.567497], [11.4902075, 46.5675829], [11.4896424, 46.5671722], [11.4894557, 46.5670364], [11.4892251, 46.5669313], [11.4889667, 46.5669905], [11.4887301, 46.5669514], [11.4884008, 46.5666742], [11.4881387, 46.5665514], [11.4881249, 46.566284], [11.4880538, 46.5662652], [11.4879, 46.5662945], [11.4877498, 46.5661252], [11.4875469, 46.5661159], [11.487443, 46.5661705], [11.4875678, 46.5664129], [11.4878273, 46.5664809], [11.4877199, 46.566582], [11.4875708, 46.5665436], [11.4872347, 46.5666157], [11.4869852, 46.566622], [11.4869239, 46.5664462], [11.4873838, 46.5662211], [11.487335, 46.5659653], [11.4873951, 46.5653457], [11.487953, 46.565092], [11.4886997, 46.565092], [11.4888713, 46.5653752], [11.4893863, 46.5659358], [11.4897296, 46.5658473], [11.4904592, 46.5660125], [11.4909055, 46.5663784], [11.4914494, 46.5659089], [11.4917991, 46.5651854], [11.4920381, 46.5657944], [11.4921011, 46.565571], [11.4921411, 46.5651712], [11.4924085, 46.5650792], [11.4923565, 46.5647687], [11.4922401, 46.5646053], [11.49207, 46.5642098], [11.4924589, 46.5641467], [11.4923971, 46.5631701], [11.4908014, 46.563184], [11.4905021, 46.5627787], [11.490995, 46.5624774], [11.490914, 46.56168], [11.491017, 46.5610455], [11.4917771, 46.5612093], [11.4915212, 46.5608076], [11.4918072, 46.5599574], [11.4920459, 46.5594949], [11.4924155, 46.5596535], [11.492439, 46.5595217], [11.4921748, 46.5587439], [11.4919851, 46.5580638], [11.4912468, 46.5573372], [11.4901833, 46.5570344], [11.4895059, 46.5570018], [11.4889775, 46.5567736], [11.4882121, 46.5568155], [11.4873056, 46.5570599], [11.4872406, 46.5573964], [11.4869076, 46.5580843], [11.4863994, 46.5585885], [11.4862901, 46.5592643], [11.4858415, 46.5596804], [11.4863682, 46.559944], [11.4864425, 46.5602606], [11.4871842, 46.5602424], [11.4872622, 46.5605083], [11.4855111, 46.5606384], [11.4846449, 46.5607798], [11.4836981, 46.5606632], [11.4825452, 46.5607307], [11.4818933, 46.5610377], [11.4820193, 46.5612888], [11.482477, 46.5614922], [11.4823053, 46.5621177], [11.4818516, 46.5623793], [11.4814926, 46.5623001], [11.4808805, 46.5627079], [11.4807678, 46.5622023], [11.4808321, 46.5616108], [11.4805239, 46.561832], [11.480878, 46.5609672], [11.480714, 46.5609042], [11.4807958, 46.5607161], [11.4810158, 46.5605244], [11.4809066, 46.5604953], [11.4804833, 46.5607934], [11.4803918, 46.5613034], [11.4802477, 46.5619147], [11.480312, 46.5621895], [11.4803655, 46.5625131], [11.4797046, 46.563121], [11.4786146, 46.5639589], [11.4783524, 46.5644006], [11.478515, 46.5647143], [11.4782302, 46.5648783], [11.4779057, 46.5647976], [11.4773628, 46.5650908], [11.4775671, 46.5661949], [11.4776902, 46.5670541], [11.4773379, 46.5674974], [11.4771594, 46.5671022], [11.4766766, 46.5662908], [11.4767382, 46.5654193], [11.4768074, 46.5651581], [11.4768141, 46.5647375], [11.4771809, 46.5641222], [11.476977, 46.5635099], [11.4768057, 46.5636736], [11.4766355, 46.5623663], [11.4769229, 46.5618874], [11.4767713, 46.5616701], [11.4768804, 46.5610793], [11.4772882, 46.56081], [11.4765693, 46.5599912], [11.475371, 46.5590616], [11.4752524, 46.5591599], [11.4742842, 46.5584759], [11.4742488, 46.55811], [11.4740802, 46.5580141], [11.4733078, 46.5579919], [11.4728464, 46.5581911], [11.471913, 46.5591059], [11.4724387, 46.5595264], [11.4725675, 46.5604338], [11.472253, 46.5608423], [11.4712403, 46.5607504], [11.4711169, 46.5608695], [11.4719559, 46.5624624], [11.4721169, 46.563237], [11.4719559, 46.5640779], [11.4732756, 46.5639599], [11.4732327, 46.5643066], [11.4725889, 46.5643803], [11.4725098, 46.5644995], [11.4725946, 46.5646636], [11.4716405, 46.5648414], [11.4703466, 46.5648893], [11.4698209, 46.5653171], [11.4694668, 46.5662539], [11.4682223, 46.5678546], [11.4679541, 46.5682455], [11.4679541, 46.5685922], [11.4677073, 46.5689978], [11.467085, 46.5690642], [11.4664732, 46.5693143], [11.4665685, 46.5707762], [11.4660126, 46.5725407], [11.4645052, 46.5744846], [11.4587052, 46.5770251], [11.4586711, 46.57717], [11.4582761, 46.5771579], [11.4578684, 46.5773201], [11.458319, 46.5776667], [11.4577396, 46.5779765], [11.4574928, 46.57836], [11.458158, 46.57909], [11.4589734, 46.5787361], [11.4584477, 46.5793334], [11.4581366, 46.579444], [11.4576323, 46.5799823], [11.4561625, 46.5804764], [11.4563449, 46.5808156], [11.4558406, 46.581], [11.4557119, 46.5815309], [11.4553793, 46.5814941], [11.4549716, 46.5811327], [11.4547611, 46.5817486], [11.4545961, 46.5822315], [11.4547892, 46.5825043], [11.4552291, 46.5827034], [11.4559552, 46.5834191], [11.4566775, 46.5830795], [11.4571817, 46.5831237], [11.4574212, 46.5832459], [11.4574008, 46.5834474], [11.4572644, 46.5835181], [11.4572624, 46.583842], [11.4567873, 46.5838495], [11.4565768, 46.5839477], [11.4563942, 46.5841669], [11.4560445, 46.5842224], [11.4559694, 46.5837358], [11.4550359, 46.5835883], [11.454478, 46.5839349], [11.4539416, 46.5838316], [11.4542742, 46.5832417], [11.4541884, 46.5830721], [11.4536948, 46.5832196], [11.4534052, 46.5834777], [11.4532228, 46.5839717], [11.453212, 46.5842446], [11.4527078, 46.5850557], [11.4524503, 46.586088], [11.4522357, 46.5866115], [11.452461, 46.5866926], [11.4522894, 46.587076], [11.4523752, 46.5874447], [11.4520211, 46.5873931], [11.4520641, 46.5880714], [11.4516134, 46.5873267], [11.4509912, 46.58917], [11.4515481, 46.5900442], [11.4516415, 46.5895236], [11.4517923, 46.5902103], [11.4520845, 46.5905898], [11.4535651, 46.5919169], [11.4536457, 46.5935226], [11.4545008, 46.5934511], [11.4550142, 46.5931533], [11.4553146, 46.5925225], [11.45546, 46.5914074], [11.4558446, 46.591215], [11.4562196, 46.5907169], [11.4562346, 46.5897083], [11.4563864, 46.5891148], [11.4584024, 46.5888575], [11.4585944, 46.5881751], [11.4596265, 46.5879601], [11.4615711, 46.5891273], [11.4619649, 46.5895078], [11.4620303, 46.5898396], [11.5062103, 46.5878863], [11.5066762, 46.5880408], [11.507575, 46.5878645]], [[11.4746086, 46.549262], [11.4738683, 46.5493431], [11.473761, 46.5490701], [11.4743972, 46.548613], [11.4746086, 46.549262]], [[11.4726559, 46.5484208], [11.4724521, 46.5489299], [11.4719049, 46.5492841], [11.4716614, 46.5498895], [11.471361, 46.5503322], [11.4711432, 46.5504573], [11.4710176, 46.5504134], [11.4709715, 46.5499777], [11.4712751, 46.5496829], [11.4717043, 46.5493878], [11.4717011, 46.5491291], [11.4721013, 46.5488565], [11.4717654, 46.5487233], [11.4719264, 46.5479559], [11.4724414, 46.5477346], [11.4726559, 46.5484208]], [[11.4744618, 46.5507488], [11.4746439, 46.5509685], [11.4744068, 46.5510158], [11.4740873, 46.5510087], [11.4741732, 46.5511576], [11.4743484, 46.551356], [11.4740701, 46.551434], [11.4739155, 46.5512828], [11.4737815, 46.5511906], [11.4737815, 46.5510536], [11.4738331, 46.5509615], [11.474156, 46.5508315], [11.4741182, 46.550711], [11.4739464, 46.5506354], [11.4737437, 46.5506779], [11.4737403, 46.5505054], [11.4739877, 46.5504251], [11.4744446, 46.5505243], [11.4744618, 46.5507488]], [[11.4721943, 46.5509697], [11.4723936, 46.5509045], [11.4724655, 46.5509786], [11.47241, 46.5510281], [11.4722629, 46.5510506], [11.4721943, 46.5509697]], [[11.4748981, 46.5512781], [11.4748432, 46.5514104], [11.474747, 46.5513868], [11.474692, 46.5513253], [11.4747367, 46.551245], [11.4748981, 46.5512781]], [[11.4746198, 46.55146], [11.4744996, 46.551597], [11.4742934, 46.5515262], [11.4743828, 46.5514293], [11.4745133, 46.551382], [11.4746198, 46.55146]], [[11.4727008, 46.5516753], [11.4725047, 46.5517966], [11.4721126, 46.551882], [11.4718054, 46.551909], [11.4715767, 46.5517472], [11.4717989, 46.5515899], [11.4724263, 46.5515], [11.4727008, 46.5515629], [11.4727008, 46.5516753]], [[11.468715, 46.5516919], [11.4688772, 46.5514525], [11.4690308, 46.5513911], [11.4691061, 46.5515078], [11.4691815, 46.5521429], [11.4689871, 46.5521763], [11.4687538, 46.5522555], [11.4685692, 46.5519391], [11.4685971, 46.5518336], [11.468715, 46.5516919]], [[11.4699645, 46.5522107], [11.4698632, 46.5522012], [11.469737, 46.552247], [11.4695318, 46.5522079], [11.4694333, 46.552164], [11.4694001, 46.5520761], [11.4693952, 46.5517853], [11.4697354, 46.552046], [11.4697937, 46.5517553], [11.4696868, 46.5514312], [11.4698757, 46.5514058], [11.4700685, 46.5514506], [11.4700172, 46.551625], [11.4700609, 46.5517653], [11.4701484, 46.5518555], [11.4702405, 46.5518865], [11.47035, 46.5519294], [11.4704055, 46.5519961], [11.4703084, 46.5520886], [11.4703292, 46.5521964], [11.4702446, 46.5522288], [11.4700699, 46.5521602], [11.4699645, 46.5522107]], [[11.4738053, 46.5521899], [11.4738086, 46.5522551], [11.4737563, 46.5523113], [11.4735569, 46.5522843], [11.4734981, 46.5521809], [11.4735504, 46.5521315], [11.4738053, 46.5521899]], [[11.4745765, 46.5523787], [11.4744523, 46.5524596], [11.4741484, 46.5524708], [11.4740634, 46.5523697], [11.4740275, 46.552273], [11.4742432, 46.5522933], [11.4745765, 46.5523787]], [[11.4706757, 46.552117], [11.4714747, 46.5521688], [11.4717214, 46.5524934], [11.4716581, 46.5526188], [11.471178, 46.5527429], [11.4709168, 46.5526483], [11.4704233, 46.552309], [11.4706757, 46.552117]], [[11.4724394, 46.5531832], [11.4725962, 46.5530865], [11.4727139, 46.5531539], [11.4726191, 46.5532461], [11.472508, 46.5532708], [11.4724394, 46.5531832]], [[11.4730995, 46.553482], [11.473106, 46.5536438], [11.4730472, 46.5537068], [11.4727008, 46.5537787], [11.4725309, 46.5536888], [11.4726224, 46.5535584], [11.4728969, 46.5534551], [11.4730995, 46.553482]], [[11.4715069, 46.5544633], [11.4712065, 46.5539543], [11.4713888, 46.553364], [11.4720218, 46.5534526], [11.4719038, 46.5543084], [11.4715069, 46.5544633]], [[11.4753083, 46.5630081], [11.4757639, 46.563119], [11.4759341, 46.5633225], [11.4760774, 46.5635866], [11.4758747, 46.5636996], [11.4753646, 46.563744], [11.4749842, 46.563493], [11.4748126, 46.5633609], [11.4748623, 46.5631991], [11.4753083, 46.5630081]], [[11.4743178, 46.5709286], [11.4742534, 46.5706336], [11.4746383, 46.5702831], [11.4750709, 46.5705171], [11.4752834, 46.5707664], [11.4748169, 46.5711195], [11.4745967, 46.5710761], [11.4743178, 46.5709286]], [[11.4711656, 46.5715939], [11.4715283, 46.572153], [11.4710133, 46.5723595], [11.4710154, 46.5725085], [11.4703266, 46.5726102], [11.469876, 46.571976], [11.469404, 46.5718284], [11.4692538, 46.572094], [11.4695327, 46.5726987], [11.4690628, 46.572597], [11.4685049, 46.5727887], [11.4688032, 46.572035], [11.467623, 46.5720055], [11.467344, 46.5723005], [11.4664428, 46.5722267], [11.4667218, 46.5718579], [11.4672603, 46.5716824], [11.4685478, 46.5715054], [11.4695113, 46.5711942], [11.4701764, 46.5717547], [11.4711656, 46.5715939]], [[11.4735675, 46.5750881], [11.4723445, 46.5753831], [11.4724099, 46.5755882], [11.4721417, 46.5755513], [11.4718402, 46.5754126], [11.4714658, 46.5754038], [11.4710248, 46.5751029], [11.471101, 46.5748507], [11.4706708, 46.5745571], [11.4711321, 46.5746088], [11.4712608, 46.5747194], [11.4711536, 46.5749628], [11.471293, 46.5750808], [11.4716363, 46.5752946], [11.4716578, 46.575184], [11.4721621, 46.5752356], [11.4735461, 46.5749406], [11.473825, 46.5747784], [11.4740289, 46.5746088], [11.4742542, 46.574653], [11.4746619, 46.5746235], [11.4743518, 46.5743787], [11.4749408, 46.5742695], [11.4751983, 46.574181], [11.4749516, 46.5745203], [11.474899, 46.5747695], [11.4749848, 46.5748138], [11.475091, 46.5746383], [11.4751565, 46.5747179], [11.4753378, 46.5746825], [11.4752423, 46.5747843], [11.4749623, 46.5749259], [11.4748121, 46.5750513], [11.4746512, 46.5750291], [11.4746833, 46.5748005], [11.4745653, 46.5748743], [11.4745235, 46.5750277], [11.4735675, 46.5750881]], [[11.4764107, 46.578569], [11.4762712, 46.5787018], [11.4764107, 46.5788124], [11.4762819, 46.5790558], [11.4760352, 46.5790926], [11.4757991, 46.5786797], [11.4755095, 46.578805], [11.4752198, 46.5786207], [11.4757884, 46.5775145], [11.4758742, 46.577072], [11.4762283, 46.577013], [11.47668, 46.5780956], [11.4764321, 46.5782519], [11.4764107, 46.578569]], [[11.4638891, 46.5792916], [11.463932, 46.5787311], [11.4654126, 46.5779494], [11.4671077, 46.5778904], [11.4679467, 46.5787414], [11.4638891, 46.5792916]], [[11.4747799, 46.5818357], [11.4748389, 46.5820459], [11.4750749, 46.5821675], [11.474855, 46.5822191], [11.4747649, 46.5823322], [11.4750857, 46.5822892], [11.4754074, 46.5822823], [11.4757948, 46.5822584], [11.4759976, 46.5823224], [11.4762229, 46.5825325], [11.4763034, 46.582433], [11.4764858, 46.5823961], [11.4769106, 46.5824759], [11.4770651, 46.5824514], [11.4772851, 46.5825104], [11.477446, 46.582433], [11.4775007, 46.5826529], [11.4776499, 46.5826284], [11.4777947, 46.5826837], [11.477828, 46.5828004], [11.4776069, 46.5827648], [11.4774525, 46.5829368], [11.4773387, 46.5828459], [11.4771939, 46.5829123], [11.477151, 46.5830155], [11.4772583, 46.5832994], [11.4770437, 46.5833658], [11.4768774, 46.5834617], [11.4767004, 46.5836386], [11.4764482, 46.5836165], [11.4764482, 46.5837308], [11.4767658, 46.5838069], [11.4768677, 46.5836853], [11.4770662, 46.5836632], [11.4772647, 46.5835968], [11.4773548, 46.5834543], [11.4776606, 46.5833916], [11.4779084, 46.5834383], [11.478315, 46.5834211], [11.4784223, 46.5835833], [11.4783687, 46.5835907], [11.4782882, 46.5837751], [11.4782936, 46.5838451], [11.4783751, 46.5839655], [11.4783311, 46.5840073], [11.4781488, 46.5839631], [11.4778591, 46.5839963], [11.4778483, 46.58407], [11.4776123, 46.5841032], [11.4775748, 46.5841511], [11.4773709, 46.5841696], [11.47721, 46.5840553], [11.4771671, 46.5841401], [11.4768087, 46.5841904], [11.4766628, 46.5840553], [11.4765126, 46.5840958], [11.4764321, 46.5842101], [11.4762508, 46.5842236], [11.4761489, 46.5840872], [11.4759815, 46.584011], [11.4760083, 46.5839115], [11.476298, 46.5837308], [11.4762229, 46.583705], [11.476106, 46.5837738], [11.4759933, 46.5838549], [11.4759504, 46.5838106], [11.4758903, 46.5838304], [11.4757133, 46.5839336], [11.4756275, 46.5838525], [11.4755266, 46.5838623], [11.4755577, 46.583941], [11.4754236, 46.5839778], [11.4754934, 46.5842064], [11.4757616, 46.5841179], [11.4757187, 46.5844166], [11.4758367, 46.5846083], [11.4757133, 46.5846783], [11.4753807, 46.5848074], [11.4753389, 46.5847397], [11.4752048, 46.5846881], [11.4752745, 46.5845148], [11.47537, 46.5843097], [11.4752091, 46.584424], [11.4751125, 46.5845677], [11.4750535, 46.58473], [11.4749044, 46.5847508], [11.4747488, 46.5845886], [11.4747102, 46.5844977], [11.4748722, 46.5844595], [11.4749258, 46.5843563], [11.4748711, 46.5842212], [11.4747692, 46.5842138], [11.4744527, 46.5841216], [11.4745127, 46.5838438], [11.4746254, 46.5838623], [11.4747702, 46.5841166], [11.4748979, 46.5841437], [11.4751179, 46.5839373], [11.4752251, 46.5839373], [11.4753925, 46.583748], [11.4755642, 46.5837332], [11.4755534, 46.5836079], [11.4752949, 46.5835612], [11.4752251, 46.5836165], [11.4752144, 46.5837861], [11.4749891, 46.5838156], [11.4747477, 46.5835907], [11.4748121, 46.5833879], [11.474678, 46.583458], [11.4746243, 46.5833806], [11.4747209, 46.5832847], [11.4745718, 46.5828889], [11.474517, 46.5827501], [11.4744001, 46.582723], [11.4743883, 46.5826173], [11.474207, 46.5825202], [11.4740825, 46.5827316], [11.4741104, 46.5824981], [11.4740021, 46.5822413], [11.4739216, 46.5823408], [11.4737553, 46.5822708], [11.4736963, 46.5823629], [11.473825, 46.5824957], [11.4736695, 46.5828201], [11.4736051, 46.5828201], [11.4734399, 46.5827045], [11.4735246, 46.5824551], [11.4733261, 46.5824625], [11.4734291, 46.5823506], [11.4733261, 46.5822339], [11.4735246, 46.5822007], [11.4736587, 46.5820901], [11.4740879, 46.5818062], [11.4745288, 46.5816537], [11.4748883, 46.5817164], [11.4747799, 46.5818357]], [[11.4831777, 46.530083], [11.4830386, 46.5300774], [11.4830631, 46.5299592], [11.4827931, 46.5297734], [11.4824413, 46.52934], [11.4825395, 46.5291824], [11.4832104, 46.5300154], [11.4831777, 46.530083]], [[11.4811486, 46.5297565], [11.4807395, 46.5300548], [11.4804777, 46.5302518], [11.480625, 46.5308091], [11.4809359, 46.5311806], [11.481124, 46.5311975], [11.481255, 46.5315859], [11.4808786, 46.5313495], [11.4804613, 46.5312481], [11.4802322, 46.5309554], [11.4802241, 46.5303419], [11.4803713, 46.5300942], [11.4803141, 46.5298691], [11.4804286, 46.5298128], [11.4806086, 46.5299366], [11.4807477, 46.5298635], [11.4811895, 46.5296496], [11.4812795, 46.52934], [11.4811568, 46.5293175], [11.4811404, 46.529233], [11.4813695, 46.5292949], [11.4816231, 46.5292724], [11.4815086, 46.529537], [11.481394, 46.5295933], [11.4811486, 46.5297565]], [[11.4827604, 46.5307359], [11.4826377, 46.5310568], [11.4825558, 46.5310624], [11.4825395, 46.5308879], [11.4823431, 46.5307697], [11.4827604, 46.5307359]], [[11.4833086, 46.5307359], [11.4834231, 46.5311187], [11.4831367, 46.5312256], [11.4828586, 46.5309892], [11.4832022, 46.5309104], [11.483104, 46.530781], [11.4833086, 46.5307359]], [[11.4846906, 46.5316702], [11.4848355, 46.5317422], [11.4849562, 46.5318714], [11.4848657, 46.5318808], [11.4847684, 46.5318603], [11.4847309, 46.531912], [11.4846826, 46.5318843], [11.4846886, 46.5318402], [11.4845968, 46.5317053], [11.4846906, 46.5316702]], [[11.4851064, 46.5322533], [11.4851734, 46.5322054], [11.4851493, 46.5321352], [11.4850266, 46.5321059], [11.4851151, 46.5319841], [11.4852029, 46.5320135], [11.4852331, 46.532427], [11.4850802, 46.532355], [11.4851064, 46.5322533]], [[11.4853344, 46.5328161], [11.4854852, 46.5329362], [11.4852056, 46.5328309], [11.4852271, 46.5327386], [11.4851386, 46.5326888], [11.4851573, 46.5325744], [11.485219, 46.5326039], [11.4853344, 46.5328161]], [[11.4825479, 46.5489078], [11.4820329, 46.5483396], [11.4830125, 46.5478825], [11.4832882, 46.5484356], [11.4832378, 46.5491443], [11.4834416, 46.5496313], [11.4832989, 46.5498227], [11.4828408, 46.549705], [11.4825479, 46.5489078]], [[11.488037, 46.5496516], [11.4880826, 46.5499043], [11.4881041, 46.5500113], [11.4881416, 46.5500297], [11.4881255, 46.5500924], [11.4880558, 46.5500592], [11.4879512, 46.5497493], [11.4878358, 46.5497751], [11.4878761, 46.5496718], [11.4877285, 46.5493066], [11.4878922, 46.5492771], [11.4879834, 46.5496516], [11.488037, 46.5496516]], [[11.4867925, 46.5502418], [11.4868863, 46.5503746], [11.4870017, 46.5504466], [11.4870848, 46.5505775], [11.487007, 46.5507602], [11.486889, 46.5509299], [11.4868032, 46.5509243], [11.4867629, 46.550869], [11.4867683, 46.5507878], [11.4868622, 46.5506956], [11.4867442, 46.5504927], [11.4867817, 46.5503746], [11.4867308, 46.5502492], [11.4865779, 46.5500039], [11.4863848, 46.5498047], [11.4863553, 46.549622], [11.4865055, 46.5492919], [11.4864545, 46.5489174], [11.4865403, 46.5488897], [11.4866181, 46.5489137], [11.4866449, 46.5491461], [11.4867281, 46.5494763], [11.4868541, 46.5496368], [11.48672, 46.5497327], [11.4867442, 46.5500574], [11.4868354, 46.5501551], [11.4867925, 46.5502418]], [[11.4872015, 46.5642587], [11.4869824, 46.5644126], [11.4866226, 46.5647731], [11.4860509, 46.5646828], [11.4858498, 46.5645637], [11.485732, 46.5644445], [11.4854409, 46.5643969], [11.4861826, 46.5637059], [11.4867163, 46.5639775], [11.487146, 46.563968], [11.4872569, 46.564111], [11.4872015, 46.5642587]], [[11.483819, 46.5630833], [11.483756, 46.5631547], [11.482616, 46.5633787], [11.4828767, 46.5636369], [11.484443, 46.5631377], [11.4850231, 46.5626391], [11.4857698, 46.5624241], [11.4858664, 46.5627044], [11.4855669, 46.5628259], [11.4839105, 46.5636187], [11.484139, 46.5638404], [11.482331, 46.5643602], [11.4818372, 46.5653835], [11.4814256, 46.5657824], [11.4810097, 46.5660606], [11.4810733, 46.56633], [11.4811252, 46.5665498], [11.4809541, 46.566648], [11.4811579, 46.5666841], [11.4812019, 46.5669241], [11.4812985, 46.5671103], [11.48117, 46.567138], [11.4810432, 46.5670995], [11.480684, 46.5675449], [11.4804408, 46.5676712], [11.4802812, 46.5677], [11.480222, 46.567621], [11.4800865, 46.5674593], [11.4802493, 46.5669399], [11.4799174, 46.5669678], [11.4799059, 46.5668736], [11.4803494, 46.5665424], [11.480109, 46.5665587], [11.4800991, 46.5664679], [11.4797466, 46.5663305], [11.479567, 46.5663421], [11.479391, 46.5661285], [11.4792656, 46.566107], [11.4791267, 46.5661605], [11.4790477, 46.5660548], [11.4789404, 46.5657155], [11.4792086, 46.5651549], [11.4792055, 46.5651443], [11.4794013, 46.5648433], [11.4796188, 46.5644428], [11.4799192, 46.5635931], [11.48052, 46.5633806], [11.4811369, 46.5628745], [11.4832212, 46.5622492], [11.4838777, 46.562317], [11.483819, 46.5630833]], [[11.4815673, 46.5670122], [11.4813651, 46.5669547], [11.4813437, 46.5663425], [11.4815285, 46.5662859], [11.4816015, 46.5660538], [11.482306, 46.5650043], [11.4827344, 46.5648146], [11.48476, 46.564372], [11.485356, 46.5646794], [11.485527, 46.5653158], [11.4851161, 46.5652902], [11.4850074, 46.5654911], [11.4854209, 46.5654224], [11.485893, 46.5660833], [11.4862686, 46.5668398], [11.4862587, 46.567019], [11.4859141, 46.5672423], [11.4830372, 46.5670074], [11.4822009, 46.5670432], [11.4817089, 46.5671292], [11.4815673, 46.5670122]], [[11.4904446, 46.5693332], [11.4903472, 46.569265], [11.4902614, 46.5692982], [11.4902239, 46.5693682], [11.4900093, 46.5693387], [11.4899725, 46.569241], [11.4900307, 46.5691765], [11.4902408, 46.5692484], [11.4904116, 46.5690769], [11.4905082, 46.569276], [11.4906316, 46.5691986], [11.4906316, 46.5692797], [11.4907826, 46.5693959], [11.4904446, 46.5693332]], [[11.4894889, 46.5711716], [11.4894568, 46.5710536], [11.4892314, 46.5711015], [11.4891617, 46.5709319], [11.4890598, 46.570836], [11.4889257, 46.5708692], [11.4889096, 46.5706922], [11.4888184, 46.5706295], [11.4886467, 46.5706369], [11.488577, 46.570541], [11.4884536, 46.5705078], [11.4883678, 46.5705705], [11.4883579, 46.5706203], [11.4882498, 46.5705779], [11.4884751, 46.5704414], [11.4885019, 46.5703455], [11.4886521, 46.5703418], [11.488695, 46.5702902], [11.488577, 46.5702201], [11.4885931, 46.5701796], [11.4887165, 46.5702423], [11.4887487, 46.5701722], [11.4885931, 46.5699804], [11.4887647, 46.5698845], [11.4888774, 46.5698845], [11.4889855, 46.5699454], [11.4890222, 46.5698698], [11.4890973, 46.5696301], [11.4891786, 46.569702], [11.4892314, 46.5698292], [11.4894407, 46.5698514], [11.4894836, 46.569962], [11.4895372, 46.5700431], [11.4896445, 46.5700247], [11.4896606, 46.5701132], [11.4894621, 46.5702496], [11.4892376, 46.5705281], [11.4891939, 46.5707475], [11.4892529, 46.5708397], [11.4894683, 46.570919], [11.4895104, 46.5709835], [11.4896177, 46.5710315], [11.4898162, 46.5710425], [11.489817, 46.5711624], [11.4899449, 46.5711937], [11.4900737, 46.5712564], [11.4901541, 46.5712158], [11.4902292, 46.5713007], [11.4902561, 46.571367], [11.4902024, 46.5715219], [11.4906155, 46.5716326], [11.4907826, 46.5717709], [11.4904814, 46.5716805], [11.4903526, 46.5716953], [11.490197, 46.5717395], [11.49002, 46.5717211], [11.489961, 46.5716363], [11.4898376, 46.5716547], [11.4897625, 46.5717211], [11.4896982, 46.5717026], [11.4897786, 46.5715994], [11.4897625, 46.5714851], [11.4896499, 46.5715846], [11.4896874, 46.5714113], [11.4895372, 46.5712638], [11.4894254, 46.5713136], [11.4894246, 46.5711863], [11.4894889, 46.5711716]], [[11.4841564, 46.5709651], [11.4844526, 46.5710112], [11.4843882, 46.5711661], [11.4841028, 46.5713044], [11.4841028, 46.5711347], [11.4837702, 46.5708618], [11.4832123, 46.5708397], [11.483223, 46.570493], [11.4831544, 46.5703474], [11.4832659, 46.5701685], [11.4834269, 46.5703013], [11.4835664, 46.5705078], [11.4841564, 46.5709651]], [[11.4874502, 46.5715035], [11.4876176, 46.5716455], [11.4874931, 46.5717026], [11.4873214, 46.571592], [11.4872528, 46.5717119], [11.4870919, 46.5716528], [11.4869245, 46.57171], [11.4869567, 46.5715551], [11.4874502, 46.5715035]], [[11.4897569, 46.5722042], [11.4898964, 46.5723738], [11.4895166, 46.5723388], [11.4891668, 46.5724033], [11.4889158, 46.572265], [11.4885338, 46.5721894], [11.4883085, 46.5716879], [11.4887055, 46.571887], [11.4887698, 46.5716068], [11.4890381, 46.5719977], [11.4892956, 46.5722927], [11.4897569, 46.5722042]], [[11.4807129, 46.5753463], [11.4811528, 46.5753315], [11.4812826, 46.5754702], [11.4811957, 46.5756191], [11.4811324, 46.5757357], [11.4809061, 46.5757224], [11.4806057, 46.575774], [11.480478, 46.5756988], [11.4802516, 46.5756634], [11.4803589, 46.5755528], [11.4807129, 46.5753463]], [[11.4812279, 46.5779717], [11.4813363, 46.578103], [11.4812279, 46.5782224], [11.4813685, 46.5783463], [11.4815605, 46.5782814], [11.4821517, 46.5788478], [11.4821077, 46.5789968], [11.4816249, 46.5788345], [11.4815417, 46.5787054], [11.4814532, 46.5785985], [11.4812923, 46.5786797], [11.4811099, 46.5786649], [11.4811636, 46.5784971], [11.4811636, 46.5783257], [11.4809248, 46.5784234], [11.4807451, 46.5785764], [11.4804801, 46.5784318], [11.4803838, 46.5783633], [11.480309, 46.5782652], [11.4803476, 46.5781466], [11.4804131, 46.578065], [11.4806057, 46.5779643], [11.480714, 46.5780808], [11.4807988, 46.5778463], [11.4809597, 46.5777431], [11.4812065, 46.57778], [11.4810134, 46.5776325], [11.4806057, 46.5774997], [11.4806808, 46.5774039], [11.4810466, 46.5775277], [11.481229, 46.5776679], [11.4812923, 46.5771826], [11.481421, 46.5774334], [11.481303, 46.5776841], [11.4812279, 46.5779717]], [[11.4905899, 46.5804149], [11.4907401, 46.5804849], [11.4908785, 46.58056], [11.4910019, 46.5805858], [11.4911146, 46.5808402], [11.4908946, 46.5808476], [11.4908034, 46.5807222], [11.4906006, 46.5807135], [11.490562, 46.5805784], [11.4904601, 46.5805673], [11.4904601, 46.5806042], [11.4903324, 46.5805329], [11.4901919, 46.580453], [11.4904397, 46.5804886], [11.4903904, 46.5804014], [11.4902348, 46.5802429], [11.490311, 46.5801789], [11.4904172, 46.5802392], [11.4903743, 46.5803277], [11.4904762, 46.5803387], [11.4905996, 46.5802797], [11.4905845, 46.5803485], [11.4905899, 46.5804149]], [[11.4765394, 46.5854786], [11.4766896, 46.5852942], [11.4767004, 46.5852057], [11.4763892, 46.5849255], [11.4765083, 46.5846291], [11.4768838, 46.5849167], [11.4771081, 46.5849624], [11.4773655, 46.5845864], [11.4772057, 46.5844669], [11.4771724, 46.5843578], [11.4780522, 46.5843873], [11.4789867, 46.5846291], [11.4796626, 46.584725], [11.4799523, 46.5849093], [11.4803922, 46.5849093], [11.4807022, 46.5847191], [11.4811957, 46.5847043], [11.481744, 46.5848872], [11.4817654, 46.5850199], [11.4812065, 46.585073], [11.4808846, 46.5853532], [11.4782882, 46.5855523], [11.4780629, 46.5854859], [11.4780307, 46.5853753], [11.4778816, 46.5852928], [11.4777196, 46.5854196], [11.4778698, 46.5851763], [11.4774621, 46.5851689], [11.4772808, 46.5854402], [11.4774954, 46.5855656], [11.4778698, 46.5855302], [11.4779985, 46.5856482], [11.4767969, 46.5858546], [11.4764429, 46.5857956], [11.4765394, 46.5854786]], [[11.4854401, 46.5853997], [11.4855248, 46.5855411], [11.4853596, 46.5856651], [11.4851708, 46.5857107], [11.4847792, 46.5857438], [11.4845968, 46.585707], [11.4842535, 46.5856848], [11.4842009, 46.585643], [11.4842223, 46.5854955], [11.4844155, 46.5854181], [11.4847416, 46.5853936], [11.4848918, 46.5853494], [11.4851611, 46.5853776], [11.4854401, 46.5853997]], [[11.5008052, 46.5453326], [11.5011244, 46.5455281], [11.5010976, 46.5455816], [11.5012156, 46.5457827], [11.5011673, 46.5457901], [11.5006363, 46.545375], [11.5002447, 46.5448899], [11.5002286, 46.5447755], [11.5003063, 46.5447644], [11.5004968, 46.5449065], [11.5007543, 46.5451979], [11.5008052, 46.5453326]], [[11.4950489, 46.5459855], [11.4945286, 46.5458478], [11.4941983, 46.5457604], [11.4936411, 46.5457165], [11.4934288, 46.5457658], [11.493294, 46.5458513], [11.4931261, 46.545842], [11.4929759, 46.5457239], [11.4928471, 46.5453918], [11.4934348, 46.545111], [11.4935094, 46.5449152], [11.4937222, 46.544845], [11.4938678, 46.5449152], [11.4946066, 46.5448089], [11.4949714, 46.5451483], [11.4947354, 46.5454066], [11.4950251, 46.5453918], [11.4955079, 46.5452295], [11.496055, 46.5456944], [11.4959692, 46.5458493], [11.4963447, 46.5461371], [11.4962696, 46.5462847], [11.4954561, 46.5460426], [11.4950489, 46.5459855]], [[11.4931994, 46.5469761], [11.4931525, 46.5471273], [11.4931659, 46.54719], [11.4929902, 46.5473754], [11.4928212, 46.5474179], [11.4927179, 46.547286], [11.4928749, 46.5472426], [11.492903, 46.5472814], [11.4929929, 46.5472085], [11.4930036, 46.5470674], [11.4930881, 46.5469742], [11.4932705, 46.5467667], [11.4933456, 46.5467611], [11.4933442, 46.5468054], [11.4932638, 46.5468727], [11.4931994, 46.5469761]], [[11.5019023, 46.5471883], [11.5018985, 46.5469955], [11.5021477, 46.5470122], [11.502522, 46.5472224], [11.5024936, 46.5473364], [11.5022563, 46.5473986], [11.5021007, 46.5473396], [11.5019666, 46.547299], [11.5019023, 46.5471883]], [[11.50595, 46.5495717], [11.5065123, 46.5498543], [11.5066137, 46.5496987], [11.5067548, 46.5497298], [11.5064797, 46.5501583], [11.5060277, 46.549947], [11.5059633, 46.5500264], [11.5057521, 46.5499288], [11.5057018, 46.5497939], [11.50595, 46.5495717]], [[11.4996258, 46.5504915], [11.4992306, 46.5508948], [11.4991405, 46.5511713], [11.4990344, 46.5513265], [11.4990093, 46.5514342], [11.4990205, 46.5516589], [11.4988469, 46.5516633], [11.4987174, 46.5516052], [11.4986785, 46.5515003], [11.498688, 46.5513363], [11.4986967, 46.5509284], [11.4984808, 46.5502908], [11.4989107, 46.5501884], [11.4992802, 46.5498614], [11.4996148, 46.5498534], [11.4996258, 46.5504915]], [[11.5072663, 46.5612949], [11.5071698, 46.5617892], [11.5063651, 46.5615384], [11.5057897, 46.5614955], [11.505555, 46.5607048], [11.5059357, 46.5608721], [11.5059681, 46.5606384], [11.5061529, 46.5607875], [11.5062364, 46.5611622], [11.5072663, 46.5612949]], [[11.501639, 46.5663432], [11.5013261, 46.5658858], [11.5012289, 46.5658837], [11.5011165, 46.5657751], [11.5010284, 46.5652905], [11.5008157, 46.564902], [11.500761, 46.5646931], [11.5010041, 46.5647495], [11.5011043, 46.5648414], [11.5011833, 46.5649626], [11.5013139, 46.565161], [11.5016299, 46.5652049], [11.5018122, 46.565326], [11.501879, 46.5655056], [11.5021403, 46.5656894], [11.5021676, 46.5660696], [11.5020005, 46.5664184], [11.5018182, 46.5663411], [11.501639, 46.5663432]], [[11.5010767, 46.5678451], [11.5009919, 46.5681269], [11.5006717, 46.5681354], [11.5004959, 46.5677769], [11.5003993, 46.5678065], [11.5005517, 46.5683537], [11.5003296, 46.568436], [11.5001004, 46.5677492], [11.4997038, 46.5677175], [11.5002446, 46.568578], [11.4999833, 46.5686699], [11.4993028, 46.5681603], [11.4988593, 46.567659], [11.4992385, 46.5673271], [11.4988344, 46.5665395], [11.4992528, 46.5657724], [11.4991348, 46.5652044], [11.5001004, 46.5650569], [11.5004609, 46.5655116], [11.4996176, 46.5656322], [11.4995103, 46.5659863], [11.5000319, 46.5659192], [11.5004196, 46.5661212], [11.5012221, 46.5663052], [11.5014142, 46.5665061], [11.5010436, 46.5667588], [11.5010134, 46.567193], [11.5007743, 46.5671282], [11.5004686, 46.5671405], [11.5006111, 46.5673409], [11.5011368, 46.5673483], [11.5009265, 46.5676385], [11.5010767, 46.5678451]], [[11.5024373, 46.5630484], [11.5031403, 46.5631809], [11.5031198, 46.5632771], [11.5044534, 46.5637998], [11.5054691, 46.5644176], [11.50515, 46.5654164], [11.5059863, 46.5665538], [11.5054412, 46.5667655], [11.5046934, 46.5664469], [11.5038716, 46.5666268], [11.5037729, 46.5673999], [11.5044349, 46.568445], [11.5049592, 46.5687547], [11.5061794, 46.5699637], [11.5064676, 46.5697571], [11.5064983, 46.5694364], [11.5061934, 46.5692107], [11.5058281, 46.5693866], [11.5055138, 46.5691203], [11.5052139, 46.568686], [11.5063302, 46.5686186], [11.5066441, 46.5684206], [11.5066333, 46.5676313], [11.5064402, 46.567174], [11.5068157, 46.5670781], [11.5065904, 46.5657283], [11.5071993, 46.5657272], [11.5070196, 46.5649685], [11.5075775, 46.5650202], [11.5081327, 46.5658895], [11.5080361, 46.5665386], [11.5078564, 46.5665766], [11.5075024, 46.5660971], [11.5071376, 46.5662741], [11.507446, 46.5676524], [11.5071376, 46.5679706], [11.50732, 46.5682583], [11.5080898, 46.5683826], [11.5072771, 46.5685533], [11.5070505, 46.5689609], [11.5068414, 46.5696767], [11.5069033, 46.5701625], [11.5067389, 46.5727838], [11.5071912, 46.5734423], [11.5074904, 46.573617], [11.5078389, 46.5739557], [11.5079488, 46.5741451], [11.5083939, 46.5752645], [11.5086, 46.5753996], [11.5085222, 46.575577], [11.5085315, 46.5757926], [11.5090977, 46.5760751], [11.5090971, 46.5762031], [11.5093686, 46.5764573], [11.5092235, 46.5766696], [11.5089707, 46.5767308], [11.5088724, 46.5764573], [11.5086431, 46.5762707], [11.5083294, 46.5763414], [11.5076367, 46.5757269], [11.5068596, 46.575463], [11.5061294, 46.5750512], [11.5054507, 46.5742789], [11.5049026, 46.5746288], [11.504736, 46.5745163], [11.5050574, 46.5741804], [11.5047167, 46.574061], [11.5043116, 46.5741715], [11.5041187, 46.5743925], [11.5038422, 46.5743616], [11.503958, 46.5739506], [11.5038209, 46.5735718], [11.5033536, 46.5717273], [11.502276, 46.5701496], [11.5017352, 46.5696221], [11.5019097, 46.569593], [11.5021194, 46.5697033], [11.5022177, 46.5696876], [11.5022734, 46.569593], [11.5020232, 46.5690964], [11.5021003, 46.5680355], [11.5022504, 46.5681288], [11.5024932, 46.567943], [11.5025543, 46.5672756], [11.5024514, 46.5671032], [11.5025511, 46.566754], [11.5026864, 46.5664939], [11.5026216, 46.5662662], [11.5026898, 46.5660349], [11.5029626, 46.5659474], [11.5028443, 46.5655848], [11.5025988, 46.5652691], [11.502174, 46.5647414], [11.5014831, 46.5640109], [11.5016731, 46.5638579], [11.5015591, 46.5636526], [11.5021904, 46.563444], [11.5024373, 46.5630484]], [[11.491775, 46.5700413], [11.4918117, 46.5699399], [11.4918868, 46.5700026], [11.4918815, 46.5700579], [11.4921014, 46.5701759], [11.4921121, 46.5702275], [11.4919566, 46.5702607], [11.4918761, 46.5702238], [11.4917804, 46.5702072], [11.4917635, 46.5701132], [11.4917152, 46.5701869], [11.4916508, 46.5701538], [11.4916677, 46.5700966], [11.4915811, 46.5700505], [11.4914799, 46.5700634], [11.4915381, 46.5699952], [11.4914094, 46.5698956], [11.4913719, 46.5699104], [11.4911626, 46.5698108], [11.4912431, 46.5696891], [11.4911626, 46.5696891], [11.4909811, 46.5697942], [11.4910607, 46.5695453], [11.4911734, 46.5696338], [11.4912699, 46.5696301], [11.4913987, 46.5695821], [11.4915113, 46.5697665], [11.491624, 46.5696928], [11.4917259, 46.5698034], [11.4916562, 46.5698882], [11.491775, 46.5700413]], [[11.499167, 46.5700136], [11.4999073, 46.5706995], [11.4999459, 46.5709108], [11.4994996, 46.5707806], [11.4981435, 46.5700626], [11.4975148, 46.5699324], [11.4975899, 46.5697849], [11.4978366, 46.5697259], [11.4983194, 46.5697112], [11.4987057, 46.5700652], [11.499167, 46.5700136]], [[11.4922141, 46.5705262], [11.492139, 46.5704082], [11.4922677, 46.5703713], [11.4922838, 46.5702312], [11.4923214, 46.5701943], [11.4923857, 46.570482], [11.4922141, 46.5705262]], [[11.4917846, 46.5717911], [11.4916731, 46.5720806], [11.4915593, 46.5719018], [11.4913984, 46.5717026], [11.4917525, 46.5716805], [11.4917846, 46.5717911]], [[11.4919778, 46.5725139], [11.4918018, 46.5727297], [11.4920164, 46.5727739], [11.4919778, 46.5729343], [11.4922782, 46.5729786], [11.4922138, 46.5731777], [11.491849, 46.573045], [11.4917846, 46.5728237], [11.4916237, 46.5727499], [11.4914735, 46.5725729], [11.4915593, 46.5724328], [11.4919778, 46.5725139]], [[11.5038229, 46.5750467], [11.5033857, 46.5748434], [11.503495, 46.5746666], [11.5039065, 46.5746003], [11.5042023, 46.5746268], [11.5038229, 46.5750467]], [[11.4927567, 46.5752151], [11.4925464, 46.5751395], [11.4924606, 46.5748666], [11.492761, 46.5748298], [11.4930506, 46.5749846], [11.4932609, 46.5755027], [11.4927824, 46.5757074], [11.4926966, 46.5755083], [11.492879, 46.5753903], [11.4927502, 46.5753534], [11.4927567, 46.5752151]], [[11.4923441, 46.5756029], [11.4923763, 46.5758426], [11.4922786, 46.5758476], [11.492166, 46.5757886], [11.4920694, 46.5758992], [11.491946, 46.5759176], [11.4918345, 46.5758721], [11.491828, 46.575748], [11.4920008, 46.575673], [11.4921821, 46.5755268], [11.4923441, 46.5756029]], [[11.5083138, 46.5779969], [11.5081683, 46.5778406], [11.5081092, 46.5779187], [11.5082547, 46.5782531], [11.5080683, 46.5780844], [11.5079819, 46.5779], [11.5078228, 46.5778656], [11.5076591, 46.5771593], [11.507741, 46.5770843], [11.5076955, 46.5768906], [11.507791, 46.5768687], [11.5080001, 46.5770843], [11.5080183, 46.5773437], [11.5080547, 46.5775375], [11.508282, 46.5776719], [11.5084002, 46.5777219], [11.5086048, 46.5779969], [11.5083138, 46.5779969]], [[11.5036473, 46.5778559], [11.5037064, 46.5776215], [11.5036655, 46.5775028], [11.5034473, 46.5775903], [11.5032472, 46.577584], [11.5030426, 46.5774559], [11.5030375, 46.5772662], [11.5028005, 46.5771298], [11.5022196, 46.5765361], [11.5024676, 46.5764065], [11.502889, 46.5761791], [11.5033932, 46.5763045], [11.5033074, 46.5757514], [11.5035112, 46.5756408], [11.5039592, 46.5759793], [11.5039404, 46.5756703], [11.5041228, 46.575154], [11.5049918, 46.5753236], [11.5057965, 46.5761496], [11.5063651, 46.5764078], [11.5073414, 46.5769314], [11.5074702, 46.57775], [11.508088, 46.5782688], [11.5083335, 46.5793469], [11.5079183, 46.5797281], [11.5074718, 46.5796255], [11.5069901, 46.5791795], [11.5067577, 46.579341], [11.5061985, 46.5793129], [11.5061049, 46.5794085], [11.5055847, 46.5793686], [11.5057831, 46.5799026], [11.5056552, 46.5799488], [11.5054282, 46.5798843], [11.5052892, 46.5800254], [11.5053817, 46.5803093], [11.5053459, 46.5806186], [11.5048509, 46.5802976], [11.5044255, 46.5797142], [11.5042429, 46.579659], [11.5042111, 46.5798528], [11.5040474, 46.579984], [11.5037928, 46.5799684], [11.5037064, 46.5796965], [11.5038519, 46.5794872], [11.5039883, 46.579409], [11.5041883, 46.5796059], [11.5041338, 46.579309], [11.5041747, 46.578459], [11.504011, 46.578384], [11.5038837, 46.5779653], [11.50372, 46.5780965], [11.5039383, 46.5785247], [11.5039701, 46.5788872], [11.5038701, 46.5789153], [11.5037882, 46.5787028], [11.5036473, 46.5783184], [11.5033741, 46.5779608], [11.5032927, 46.5778121], [11.5033882, 46.5777403], [11.5036473, 46.5778559]], [[11.5073762, 46.5823678], [11.5070998, 46.5822669], [11.5070903, 46.5821688], [11.5068274, 46.5820103], [11.5068601, 46.5819192], [11.507577, 46.5819148], [11.5079962, 46.5819407], [11.5082886, 46.5819407], [11.5084388, 46.5821563], [11.508141, 46.5820974], [11.5080311, 46.5823075], [11.5074645, 46.5821741], [11.5074649, 46.5822248], [11.5073762, 46.5823678]], [[11.4937483, 46.5857843], [11.4937858, 46.5859097], [11.4937008, 46.5860737], [11.4936839, 46.5862968], [11.4935721, 46.5864055], [11.4932923, 46.5865917], [11.493008, 46.5866581], [11.4929168, 46.5866691], [11.4929391, 46.5865604], [11.4929865, 46.5864922], [11.4929329, 46.5864737], [11.4928417, 46.5864774], [11.492772, 46.5864442], [11.4927451, 46.5863373], [11.4927398, 46.5862673], [11.49267, 46.5861124], [11.4927291, 46.5860055], [11.4927398, 46.5858581], [11.4926379, 46.5858138], [11.4926003, 46.5857364], [11.4927183, 46.5856258], [11.4927988, 46.5855226], [11.4926808, 46.5854009], [11.4929168, 46.5852055], [11.4929061, 46.5851244], [11.4927076, 46.5850838], [11.4927612, 46.5850617], [11.4930893, 46.5850082], [11.4933146, 46.5850599], [11.4935069, 46.5851318], [11.4937276, 46.5850525], [11.4939575, 46.5851686], [11.4937483, 46.5857843]], [[11.4910555, 46.5859502], [11.4911172, 46.5861327], [11.4911199, 46.5862415], [11.4910287, 46.5862875], [11.4909815, 46.58629], [11.4909708, 46.586231], [11.4908678, 46.5862249], [11.4908088, 46.5861567], [11.4908463, 46.5860295], [11.49079, 46.5859926], [11.4908651, 46.585788], [11.4908168, 46.5857069], [11.4907417, 46.5857106], [11.4907347, 46.5856412], [11.4909053, 46.585635], [11.4910555, 46.5859502]], [[11.5091253, 46.5872213], [11.5089956, 46.5872096], [11.5088337, 46.5871543], [11.5087073, 46.5873515], [11.5085101, 46.5874438], [11.5085014, 46.5875859], [11.5083705, 46.5876077], [11.5080934, 46.5875886], [11.5080592, 46.587427], [11.5080104, 46.5873256], [11.5080659, 46.5872343], [11.5080452, 46.5871401], [11.508091, 46.5869887], [11.5080266, 46.5868758], [11.5079843, 46.5868262], [11.5078067, 46.5867729], [11.5076883, 46.5866819], [11.5076784, 46.5865147], [11.5074639, 46.5863599], [11.5074429, 46.5862547], [11.507358, 46.586171], [11.507669, 46.5861042], [11.507861, 46.5859892], [11.5080462, 46.5859358], [11.5080701, 46.5860522], [11.5079247, 46.5862122], [11.5079552, 46.5863408], [11.5082659, 46.5862897], [11.508409, 46.5864259], [11.5084531, 46.5866679], [11.5085186, 46.58645], [11.5086409, 46.5864228], [11.5088085, 46.5865504], [11.5089792, 46.5867737], [11.5091114, 46.5870007], [11.5089123, 46.5870199], [11.5089041, 46.5870806], [11.5089362, 46.5871258], [11.5091698, 46.5871212], [11.5091253, 46.5872213]], [[11.5096373, 46.5566025], [11.5093048, 46.5570156], [11.5092297, 46.5573624], [11.5089507, 46.5575985], [11.5088729, 46.5579009], [11.5088165, 46.558103], [11.509122, 46.5582689], [11.508425, 46.5586018], [11.508414, 46.5590507], [11.5080866, 46.5591337], [11.507794, 46.5595931], [11.5076527, 46.558816], [11.5079958, 46.5585723], [11.5075238, 46.558646], [11.5073464, 46.5578637], [11.5077813, 46.5579378], [11.5076847, 46.5573919], [11.5080495, 46.5568681], [11.5088971, 46.5565656], [11.5092162, 46.5563885], [11.5092726, 46.5566468], [11.5096373, 46.5566025]], [[11.510922, 46.5581739], [11.5105269, 46.5581992], [11.5098591, 46.5583442], [11.509515, 46.5583091], [11.5093076, 46.55858], [11.509155, 46.5585437], [11.5092192, 46.5582788], [11.5093557, 46.5581739], [11.5096481, 46.558137], [11.5105171, 46.5578124], [11.5108813, 46.5580058], [11.510922, 46.5581739]], [[11.5078028, 46.5630137], [11.508071, 46.5627556], [11.5084036, 46.5627703], [11.5091653, 46.5631391], [11.5091734, 46.5638536], [11.5079422, 46.563235], [11.5078028, 46.5630137]], [[11.5123269, 46.5644666], [11.5125309, 46.5643317], [11.5127978, 46.5643856], [11.5128213, 46.5645799], [11.5127428, 46.5646716], [11.5129547, 46.5647633], [11.513253, 46.5648551], [11.5131117, 46.5651357], [11.5127271, 46.5650601], [11.512476, 46.5650601], [11.5123739, 46.5648713], [11.5122327, 46.5646446], [11.5123269, 46.5644666]], [[11.5145401, 46.5656861], [11.5149168, 46.5656483], [11.5150659, 46.565767], [11.515011, 46.5660368], [11.5149639, 46.566339], [11.514752, 46.5666141], [11.5142104, 46.5669271], [11.5141791, 46.5664307], [11.5141712, 46.566053], [11.5145401, 46.5656861]], [[11.5154034, 46.5669595], [11.5150424, 46.5675044], [11.5145008, 46.5672131], [11.5149796, 46.5666897], [11.5154034, 46.5669595]], [[11.516047, 46.5675422], [11.5155682, 46.5679631], [11.5155761, 46.5676879], [11.5160391, 46.5671969], [11.5163844, 46.5670782], [11.5168867, 46.5674181], [11.5171222, 46.5678821], [11.5166199, 46.5680926], [11.5161882, 46.567785], [11.5164629, 46.5676285], [11.516353, 46.5674451], [11.516047, 46.5675422]], [[11.5191041, 46.5674241], [11.5190972, 46.5675996], [11.5191436, 46.5679609], [11.5190931, 46.5680527], [11.518959, 46.5678851], [11.5188142, 46.5678775], [11.5186134, 46.5677418], [11.5189687, 46.5676197], [11.5190084, 46.5673555], [11.5191041, 46.5674241]], [[11.5102355, 46.5680212], [11.5103884, 46.5681624], [11.5091761, 46.5682435], [11.5090473, 46.5680149], [11.5089615, 46.5676535], [11.5091546, 46.567565], [11.5097232, 46.5680739], [11.5102355, 46.5680212]], [[11.5167925, 46.56833], [11.5173419, 46.5683084], [11.5176402, 46.5684972], [11.5180404, 46.5689397], [11.5175538, 46.5691879], [11.5168475, 46.5690692], [11.517028, 46.569463], [11.5168318, 46.5695224], [11.5164551, 46.5690962], [11.5162275, 46.5685836], [11.5167925, 46.56833]], [[11.5137844, 46.5693164], [11.5137093, 46.5691394], [11.5133413, 46.5689043], [11.5134969, 46.5686535], [11.5141921, 46.5690767], [11.5144389, 46.5693348], [11.5139507, 46.5693422], [11.5137844, 46.5693164]], [[11.5150125, 46.5718872], [11.5147657, 46.5719535], [11.5145297, 46.5718208], [11.5144331, 46.5713561], [11.5154202, 46.5705448], [11.5158708, 46.5709431], [11.5158601, 46.571157], [11.5152163, 46.5714668], [11.5150125, 46.5718872]], [[11.5177326, 46.571577], [11.5176629, 46.5715734], [11.5176253, 46.5714996], [11.5177863, 46.5714111], [11.5181564, 46.5715586], [11.518135, 46.571743], [11.5177595, 46.5716766], [11.5177326, 46.571577]], [[11.5167935, 46.5736642], [11.5170939, 46.5737085], [11.5180703, 46.5738044], [11.5182178, 46.5742609], [11.5169732, 46.574342], [11.5167479, 46.5748288], [11.5154095, 46.5744091], [11.5151932, 46.574376], [11.5146043, 46.5742435], [11.5139638, 46.5741782], [11.5139747, 46.574001], [11.5137982, 46.5739207], [11.5137032, 46.5739916], [11.5134807, 46.5741819], [11.5132446, 46.5742489], [11.512894, 46.5739143], [11.5124054, 46.574269], [11.5117888, 46.5744397], [11.5113155, 46.5744036], [11.5108176, 46.574682], [11.5101846, 46.574623], [11.5092941, 46.5749106], [11.5092231, 46.5746968], [11.5093415, 46.5742943], [11.5099164, 46.5737675], [11.5099485, 46.5731554], [11.509349, 46.5732729], [11.509182, 46.5729303], [11.5093585, 46.5722703], [11.509555, 46.5720793], [11.5094778, 46.5716101], [11.5092103, 46.5713092], [11.5083929, 46.5709505], [11.5081053, 46.57073], [11.5083417, 46.5705956], [11.5078643, 46.5703424], [11.5076916, 46.5699549], [11.5082319, 46.5701318], [11.5092592, 46.5700348], [11.5093799, 46.5692909], [11.5091761, 46.5684206], [11.509852, 46.5683837], [11.5107532, 46.5690623], [11.5106566, 46.5686787], [11.5111153, 46.5685891], [11.5136473, 46.5706912], [11.513135, 46.5708103], [11.5128024, 46.5705669], [11.5122338, 46.5710316], [11.5129848, 46.5716364], [11.5120728, 46.5718872], [11.5129821, 46.5722917], [11.5138297, 46.5727047], [11.5142615, 46.5732439], [11.5135856, 46.5734651], [11.5136393, 46.5736052], [11.5147121, 46.5736052], [11.516705, 46.5738405], [11.5166004, 46.5735094], [11.5152057, 46.5732439], [11.5166219, 46.5732144], [11.5173729, 46.5730742], [11.5167721, 46.5734061], [11.5167935, 46.5736642]], [[11.5082748, 46.5723736], [11.5078966, 46.5722179], [11.507835, 46.5717544], [11.5081568, 46.5716216], [11.5087442, 46.5721811], [11.5082748, 46.5723736]], [[11.517845, 46.5728308], [11.5177055, 46.5725727], [11.5182848, 46.5724621], [11.5180595, 46.5721818], [11.518714, 46.5722261], [11.5187676, 46.5725137], [11.517845, 46.5728308]], [[11.5152178, 46.5758612], [11.5150602, 46.5758192], [11.5148995, 46.5757043], [11.514742, 46.5755805], [11.5149317, 46.575512], [11.5152724, 46.5755496], [11.5152178, 46.5758612]], [[11.5150262, 46.5768425], [11.5147635, 46.5769084], [11.5146403, 46.5770898], [11.5138661, 46.5781395], [11.5140515, 46.5782129], [11.5143982, 46.5779112], [11.5145618, 46.5776862], [11.5150392, 46.5774924], [11.5150558, 46.5772214], [11.5151983, 46.5770698], [11.5153469, 46.5771182], [11.5156757, 46.5770018], [11.5159382, 46.5768063], [11.5160461, 46.5768313], [11.516424, 46.5766574], [11.5166218, 46.5764741], [11.5165941, 46.5763384], [11.5165385, 46.576066], [11.5163219, 46.5758491], [11.5164226, 46.5756696], [11.5165284, 46.5756666], [11.5166211, 46.5755789], [11.5167739, 46.5756537], [11.5169839, 46.5757138], [11.5174348, 46.5757119], [11.5173886, 46.5756151], [11.5170968, 46.57562], [11.5167512, 46.5754888], [11.5165512, 46.5753512], [11.5168694, 46.5752637], [11.5174059, 46.5752669], [11.5176183, 46.5754606], [11.5177737, 46.5754778], [11.5178883, 46.5752946], [11.5180015, 46.5751137], [11.5182334, 46.5746856], [11.5187244, 46.5749262], [11.5192199, 46.5750762], [11.5194882, 46.5753481], [11.5198956, 46.5754846], [11.5200876, 46.5754691], [11.5202277, 46.575539], [11.5202611, 46.5756822], [11.5203485, 46.5757895], [11.520559, 46.5758441], [11.5206015, 46.5759644], [11.5204645, 46.5760407], [11.520362, 46.5762044], [11.5206529, 46.5763862], [11.5206932, 46.5765153], [11.5206322, 46.5766016], [11.5206514, 46.5766851], [11.5204058, 46.5766265], [11.5198731, 46.5766934], [11.5196612, 46.5768255], [11.5194587, 46.5768594], [11.5194008, 46.5766903], [11.519302, 46.5766956], [11.5192297, 46.5769003], [11.5190919, 46.5768695], [11.5190437, 46.5769428], [11.5188434, 46.5769535], [11.5188488, 46.5770975], [11.5189441, 46.5770903], [11.5190632, 46.5771912], [11.5192353, 46.5771963], [11.5194452, 46.5773082], [11.5197414, 46.5776544], [11.5196908, 46.5778446], [11.5197148, 46.5782555], [11.5196724, 46.5783363], [11.5197358, 46.5784437], [11.5198271, 46.5783469], [11.519856, 46.5786446], [11.5197506, 46.5786798], [11.519683, 46.5786369], [11.5196422, 46.5784232], [11.5194611, 46.5782742], [11.5191507, 46.5777229], [11.5189852, 46.5777376], [11.5187109, 46.5778815], [11.5185449, 46.5780139], [11.5184766, 46.5780371], [11.5185688, 46.5780914], [11.5187764, 46.578093], [11.5188358, 46.5779565], [11.5188928, 46.578046], [11.5189733, 46.5780584], [11.5190127, 46.57801], [11.5190388, 46.5779566], [11.5189794, 46.5778424], [11.5190572, 46.577791], [11.5192286, 46.5780494], [11.5192487, 46.5784256], [11.5193063, 46.5784031], [11.5193651, 46.5782514], [11.5193904, 46.5782931], [11.5193592, 46.5784121], [11.5190586, 46.5788085], [11.5191109, 46.5784731], [11.5188155, 46.5783773], [11.5186796, 46.5784768], [11.5186067, 46.5787382], [11.5181539, 46.5786513], [11.5181776, 46.5789299], [11.5179844, 46.5791511], [11.5172927, 46.5791509], [11.5168586, 46.5794721], [11.5169052, 46.5796313], [11.5161278, 46.5796275], [11.5158446, 46.5797337], [11.5155034, 46.5797429], [11.5153559, 46.5798222], [11.5150018, 46.5798296], [11.5146291, 46.5795371], [11.5147282, 46.5793365], [11.5146542, 46.5792614], [11.5146317, 46.5790427], [11.5145835, 46.5788791], [11.5148568, 46.5787488], [11.5147635, 46.5786582], [11.5143554, 46.5787522], [11.5142615, 46.5790037], [11.514421, 46.5792132], [11.5144417, 46.5794337], [11.5143416, 46.5795977], [11.514318, 46.5797616], [11.5140648, 46.5799681], [11.5137791, 46.5801341], [11.5135965, 46.5801948], [11.5132019, 46.5803182], [11.5129045, 46.5803891], [11.5125187, 46.5804377], [11.5123134, 46.5803059], [11.5118689, 46.5802688], [11.5114077, 46.5800656], [11.5109785, 46.5796452], [11.5108933, 46.5797085], [11.5110933, 46.579996], [11.5110541, 46.58022], [11.5106494, 46.5802965], [11.5100993, 46.5804124], [11.5099692, 46.5804018], [11.509966, 46.5802079], [11.5097703, 46.5800898], [11.5096703, 46.579896], [11.5097339, 46.579721], [11.509849, 46.5796585], [11.5097976, 46.5789898], [11.5094425, 46.5787666], [11.5096587, 46.5783295], [11.5089838, 46.5772398], [11.5092917, 46.5772986], [11.509242, 46.5769159], [11.5090387, 46.5768203], [11.5094034, 46.57668], [11.5097717, 46.5768113], [11.5097763, 46.5769347], [11.509874, 46.5770331], [11.5099399, 46.5770066], [11.5098899, 46.5768253], [11.5099217, 46.5766237], [11.5100399, 46.5765956], [11.5100036, 46.5764816], [11.5099308, 46.5763722], [11.509824, 46.5763815], [11.5098535, 46.5764644], [11.5097581, 46.5765987], [11.5096126, 46.5764534], [11.509583, 46.5763925], [11.5097149, 46.5762612], [11.5096103, 46.5762097], [11.5093239, 46.5761175], [11.5091261, 46.5759722], [11.5087465, 46.5757971], [11.5086556, 46.5756284], [11.5089056, 46.5756846], [11.5092671, 46.5755971], [11.5098354, 46.5755612], [11.5101923, 46.5756924], [11.5108833, 46.5757237], [11.5111515, 46.5757862], [11.5114539, 46.5757628], [11.5119017, 46.5756659], [11.5122933, 46.5761909], [11.5130218, 46.5762872], [11.5129945, 46.5760239], [11.5132933, 46.5760752], [11.5134864, 46.5758585], [11.5139842, 46.5760292], [11.5142127, 46.575975], [11.5133496, 46.5756555], [11.5131135, 46.5753753], [11.5130599, 46.5748738], [11.5136151, 46.5749984], [11.5138109, 46.5747705], [11.5143876, 46.5747403], [11.5144332, 46.5751983], [11.5140309, 46.575455], [11.5142726, 46.5756137], [11.5147002, 46.5756822], [11.5151049, 46.5759694], [11.5156226, 46.5759077], [11.5161535, 46.5761192], [11.5161315, 46.5763009], [11.5152932, 46.576614], [11.5153478, 46.5767825], [11.5150262, 46.5768425]], [[11.5096511, 46.5806299], [11.5097424, 46.5808383], [11.5096647, 46.5809452], [11.5097344, 46.5810908], [11.5095118, 46.5811443], [11.5093052, 46.5810687], [11.509147, 46.5810853], [11.5090907, 46.581006], [11.5091711, 46.5808991], [11.5096511, 46.5806299]], [[11.5188932, 46.5817444], [11.5197172, 46.5815544], [11.5196662, 46.581759], [11.5197365, 46.5819725], [11.5196641, 46.5820409], [11.5191693, 46.5820661], [11.5187112, 46.5820176], [11.5188932, 46.5817444]], [[11.5229047, 46.582024], [11.5229058, 46.582378], [11.5229066, 46.5826523], [11.5226596, 46.5826915], [11.522598, 46.5824791], [11.5225511, 46.5824856], [11.5225257, 46.5822836], [11.5225955, 46.5822744], [11.5226679, 46.5817803], [11.522802, 46.5818632], [11.5229047, 46.582024]], [[11.5214437, 46.5816469], [11.5214772, 46.5818613], [11.5215741, 46.5816286], [11.5216733, 46.5816147], [11.5217963, 46.5815469], [11.5219928, 46.5818944], [11.522014, 46.5822964], [11.5217262, 46.5826881], [11.5215352, 46.5828844], [11.5214475, 46.5827987], [11.5213639, 46.5828651], [11.5213224, 46.5830727], [11.5212092, 46.583169], [11.5211036, 46.5830401], [11.5208472, 46.5832354], [11.520302, 46.5832358], [11.520138, 46.5831346], [11.5199393, 46.5830977], [11.5196077, 46.5831787], [11.5191707, 46.5831746], [11.5190592, 46.5830661], [11.5187076, 46.5830883], [11.5183632, 46.5831099], [11.5183285, 46.5828988], [11.5186393, 46.5828226], [11.518629, 46.5827016], [11.518763, 46.5824222], [11.5190578, 46.5824815], [11.5193228, 46.5825091], [11.5196887, 46.5824369], [11.5196206, 46.5827182], [11.5202678, 46.5824236], [11.5203384, 46.5824834], [11.5207607, 46.5823303], [11.5210124, 46.5820153], [11.5210755, 46.5819363], [11.5211961, 46.581915], [11.5212857, 46.5818992], [11.5214437, 46.5816469]], [[11.5222672, 46.5830006], [11.5219917, 46.5832088], [11.5218121, 46.5832556], [11.5216559, 46.5829788], [11.5219277, 46.5829183], [11.522014, 46.5828067], [11.522224, 46.5827968], [11.5222672, 46.5830006]]]]}, "properties": {"osm_id": "relation/7177781", "landuse": "forest", "type": "multipolygon"}}]}