{"type": "FeatureCollection", "name": "wege_strassen", "quelle": "© OpenStreetMap-Mitwirkende, ODbL 1.0", "abgerufen": "2026-10-01", "features": [{"type": "Feature", "geometry": {"type": "LineString", "coordinates": [[11.496366, 46.6102999], [11.4966553, 46.6103927]]}, "properties": {"osm_id": "way/25777905", "access": "no", "highway": "track"}}, {"type": "Feature", "geometry": {"type": "LineString", "coordinates": [[11.4615995, 46.6142228], [11.4616862, 46.6142663], [11.46165, 46.6142984], [11.461728, 46.6143226], [11.4617909, 46.6143484], [11.461865, 46.6143656], [11.4618835, 46.6143938], [11.4618746, 46.6144276], [11.4618919, 46.6144531], [11.4619914, 46.6144634], [11.4620545, 46.6144982], [11.4620676, 46.6145374], [11.4621718, 46.614588], [11.4621661, 46.614681], [11.4621682, 46.6147131], [11.4621637, 46.6147558], [11.4621834, 46.6148019], [11.4622066, 46.6148911], [11.4623292, 46.614879], [11.4624459, 46.6148855], [11.4624635, 46.6150921], [11.4626343, 46.6153164], [11.4627564, 46.6153768], [11.4630296, 46.6154134], [11.4634093, 46.6155112], [11.4636559, 46.6155963], [11.4638643, 46.6156965], [11.4640856, 46.6157722], [11.464332, 46.6157434], [11.4645655, 46.61576], [11.4646816, 46.6158237], [11.4648054, 46.6158666], [11.4649253, 46.6158823], [11.4650219, 46.6157998], [11.4651049, 46.6157753], [11.4652025, 46.6157847], [11.465291, 46.6158439], [11.4653938, 46.6160482], [11.4655278, 46.6160686], [11.4655857, 46.6160996], [11.4656316, 46.6161966], [11.4656933, 46.6163572], [11.4656725, 46.6164463], [11.4657119, 46.6164773], [11.46572, 46.6165401], [11.4657744, 46.6165934], [11.4657917, 46.6166419], [11.4658172, 46.6166984], [11.4658751, 46.6167389], [11.4659015, 46.6167783], [11.4659677, 46.6167699], [11.466036, 46.6168089], [11.4661279, 46.6168295], [11.4661518, 46.6168471], [11.466124, 46.6168987], [11.4661321, 46.6169369], [11.4660429, 46.6170355], [11.4659828, 46.6170737], [11.4660001, 46.6171134], [11.4659781, 46.6171603], [11.4660059, 46.6172025], [11.4659682, 46.6173146], [11.4659237, 46.6173726], [11.4658195, 46.6173766], [11.4657454, 46.6174315], [11.4654689, 46.6175629], [11.4653841, 46.6176663], [11.4653349, 46.6177606], [11.4651995, 46.6178874], [11.4651544, 46.6180128], [11.4651072, 46.6181551], [11.4649637, 46.6182973], [11.4648238, 46.6184634], [11.464775, 46.6186241], [11.4647811, 46.6189129], [11.4647256, 46.6194907], [11.4647644, 46.6195418], [11.4648345, 46.6195721], [11.4649493, 46.6195609], [11.4651441, 46.6195242], [11.4652677, 46.6194976], [11.4653413, 46.6194962], [11.4653951, 46.6195298], [11.4654552, 46.6194904], [11.4655037, 46.6194933], [11.4655485, 46.6195043], [11.4655748, 46.619589], [11.4658353, 46.6197059], [11.465911, 46.6196583], [11.4659542, 46.6196735], [11.4659624, 46.6197313], [11.4660732, 46.6197933], [11.4661674, 46.6198088], [11.4662167, 46.6198369], [11.4662618, 46.6199229], [11.4662721, 46.6199877], [11.4663623, 46.6200271], [11.4664731, 46.6200679], [11.4665449, 46.6201201], [11.4666125, 46.6201116], [11.4666828, 46.6201505], [11.466711, 46.6201947], [11.4666987, 46.6202342], [11.4667869, 46.6202694], [11.4669325, 46.6203581], [11.4670965, 46.6204285], [11.467316, 46.6204159], [11.4673857, 46.6204553], [11.4675249, 46.6206345], [11.4676851, 46.6206525], [11.4678676, 46.6206187], [11.4682113, 46.6206114], [11.4684624, 46.6205483], [11.4687168, 46.6205024], [11.4688853, 46.6205348], [11.4690775, 46.6205436], [11.4694795, 46.6204788], [11.4699011, 46.620439], [11.4700844, 46.6204903], [11.4702629, 46.6205218], [11.4706029, 46.6204953], [11.4708827, 46.6203744], [11.4711728, 46.6203362], [11.471374, 46.6202935], [11.4714883, 46.6202276], [11.4717031, 46.620146], [11.4719087, 46.6200832], [11.4720618, 46.6199671], [11.4722469, 46.6198855], [11.4725178, 46.619899], [11.4726753, 46.6198891], [11.4727577, 46.619877], [11.4729982, 46.6199405], [11.4730614, 46.6199173], [11.473112, 46.6199289], [11.4731478, 46.6198884], [11.4732532, 46.6199072], [11.4733906, 46.6199448], [11.473516, 46.6199551]]}, "properties": {"osm_id": "way/25777906", "highway": "path", "sac_scale": "mountain_hiking", "source": "bing, survey", "surface": "ground", "width": "1"}}, {"type": "Feature", "geometry": {"type": "LineString", "coordinates": [[11.452167, 46.5957395], [11.4523393, 46.5959167], [11.4524221, 46.59621], [11.4525242, 46.5963117]]}, "properties": {"osm_id": "way/28428393", "foot": "yes", "highway": "track", "src-class": "t1"}}, {"type": "Feature", "geometry": {"type": "LineString", "coordinates": [[11.4808656, 46.6299443], [11.4809738, 46.6298833], [11.481218, 46.6297456], [11.4816232, 46.6293253], [11.4816643, 46.6289836], [11.4816664, 46.6288083], [11.4816831, 46.6285567], [11.4816007, 46.6284376], [11.4815861, 46.6283848], [11.4816009, 46.6283386], [11.4816517, 46.6282797], [11.4817338, 46.6281622], [11.4817302, 46.6281026], [11.4816775, 46.6278005]]}, "properties": {"osm_id": "way/28428432", "foot": "yes", "highway": "track", "mtb:scale": "2", "name": "Pflüger Kapranka - 15", "surface": "fine_gravel", "tracktype": "grade2"}}, {"type": "Feature", "geometry": {"type": "LineString", "coordinates": [[11.4579715, 46.6039895], [11.4580124, 46.6041978], [11.4580761, 46.6043139], [11.4582129, 46.6047636], [11.4582531, 46.6050308], [11.458352, 46.6054814], [11.4583443, 46.605836], [11.4583738, 46.6060037]]}, "properties": {"osm_id": "way/28658208", "bicycle": "no", "foot": "yes", "highway": "path", "sac_scale": "hiking", "src-class": "t2", "surface": "pebblestone", "tracktype": "grade3", "width": "1"}}, {"type": "Feature", "geometry": {"type": "LineString", "coordinates": [[11.4802941, 46.6354339], [11.4805426, 46.6354042], [11.480735, 46.6353586], [11.4811426, 46.6352372], [11.4813895, 46.6351367], [11.4815471, 46.6350386], [11.482114, 46.6346937], [11.4825368, 46.6344014], [11.4832033, 46.633986], [11.4836269, 46.63378], [11.4837143, 46.6337466], [11.4839336, 46.6336716], [11.4840288, 46.6336232], [11.4840931, 46.6335643], [11.4841334, 46.63348], [11.4841414, 46.6333962], [11.4841186, 46.6332802], [11.484075, 46.6331204], [11.484065, 46.633014], [11.4840657, 46.6329068], [11.4841019, 46.632758], [11.4842876, 46.6324099], [11.4843459, 46.6323326], [11.4844076, 46.6322833], [11.4844774, 46.6322419], [11.4845565, 46.6322198], [11.484637, 46.6322138], [11.4847188, 46.632223], [11.4848281, 46.6322561], [11.4854403, 46.6324836], [11.4855147, 46.6325195], [11.4855677, 46.63256], [11.4856307, 46.6326406], [11.4858831, 46.6330147], [11.4858996, 46.633073], [11.4859157, 46.6331991], [11.4859137, 46.6333092], [11.4858869, 46.6334307], [11.4858104, 46.6335804], [11.4857762, 46.6336877], [11.4857655, 46.6337756], [11.4858158, 46.6341771], [11.4858473, 46.6343378], [11.4859761, 46.6346403], [11.486025, 46.6347324], [11.4860981, 46.6348263], [11.4861913, 46.6349511], [11.4862356, 46.6350575], [11.4862865, 46.6352149], [11.486312, 46.635383], [11.4863033, 46.6355515], [11.4862771, 46.6357044], [11.4862081, 46.6358471], [11.4861088, 46.6360612], [11.4860384, 46.63636], [11.4859003, 46.6369305], [11.4858171, 46.6371809], [11.4857608, 46.6374263], [11.4856066, 46.6379843]]}, "properties": {"osm_id": "way/28658240", "foot": "yes", "highway": "track"}}, {"type": "Feature", "geometry": {"type": "LineString", "coordinates": [[11.4755209, 46.6357336], [11.4749486, 46.6363283], [11.4743993, 46.6366347], [11.4728286, 46.6371003], [11.4724305, 46.6372364]]}, "properties": {"osm_id": "way/28658258", "foot": "yes", "highway": "footway", "src-class": "t2"}}, {"type": "Feature", "geometry": {"type": "LineString", "coordinates": [[11.463519, 46.6394895], [11.4634941, 46.6395444], [11.4634874, 46.6395911], [11.4634921, 46.6396784], [11.4635229, 46.6397599], [11.4635793, 46.6398738], [11.4637665, 46.6401373], [11.4639323, 46.640368], [11.4640209, 46.6405252], [11.4640423, 46.6406148], [11.4640413, 46.6407066], [11.4640175, 46.6408303], [11.4638116, 46.6413714], [11.4637573, 46.6415892], [11.4637526, 46.6417066], [11.4637734, 46.641801], [11.4638264, 46.6420132], [11.4638351, 46.6420915], [11.4637861, 46.6425187], [11.4637429, 46.6427981], [11.4637164, 46.6431116], [11.4636869, 46.643299], [11.4636299, 46.6434601], [11.4635699, 46.643569], [11.4634081, 46.6439132], [11.4634037, 46.6439951], [11.4634148, 46.6440453], [11.4634378, 46.644092], [11.4634884, 46.6441728], [11.4635997, 46.6442538], [11.463779, 46.6443746], [11.4638401, 46.6444483], [11.4638653, 46.6445176], [11.4638787, 46.644742], [11.4639135, 46.6448626], [11.4640376, 46.6450269], [11.4641754, 46.6451494], [11.4642572, 46.6451931], [11.4643269, 46.6452449], [11.4643749, 46.6453036], [11.4646468, 46.6455223], [11.464745, 46.6455715], [11.464872, 46.6456185], [11.4650074, 46.6456676], [11.4650863, 46.64572], [11.4651283, 46.6457909], [11.4651601, 46.6458967], [11.4651868, 46.6460117], [11.4652122, 46.6460919], [11.4652563, 46.6461363], [11.4653186, 46.6461665], [11.46537, 46.6461752], [11.4658236, 46.6461529], [11.4661016, 46.6461561], [11.4664804, 46.6461767], [11.4667775, 46.6462238], [11.4670091, 46.6462655], [11.4672348, 46.6463285], [11.4673955, 46.6463595], [11.4675255, 46.6463776], [11.4676244, 46.6463762], [11.4677209, 46.6463697], [11.4681711, 46.6463146], [11.4684492, 46.6462857], [11.4687559, 46.646242], [11.469172, 46.646187], [11.4694201, 46.6461812], [11.469576, 46.6461833], [11.4697313, 46.6462072], [11.4701028, 46.6462855], [11.4702506, 46.6463069], [11.4704353, 46.64632], [11.4706583, 46.6463122], [11.4711136, 46.6462784], [11.4712672, 46.646282], [11.4714311, 46.6463021], [11.4717432, 46.6463679], [11.4720024, 46.646428], [11.4723846, 46.6465136], [11.4725643, 46.6465755], [11.4727283, 46.6466499], [11.4731829, 46.6469005], [11.473658, 46.6471067], [11.4739859, 46.6472701], [11.4741894, 46.6473622], [11.4743547, 46.6474062], [11.4747631, 46.6474725], [11.4752593, 46.6475549], [11.475838, 46.647664], [11.4761531, 46.6477514], [11.4765209, 46.6478729], [11.4767218, 46.6479546], [11.4769923, 46.6480527], [11.4772636, 46.6481503], [11.4775569, 46.6482469], [11.477733, 46.648293], [11.4779226, 46.6483221], [11.4779281, 46.6483229], [11.4780022, 46.6483399], [11.4780599, 46.6483627], [11.4781193, 46.6483987]]}, "properties": {"osm_id": "way/28658267", "access": "yes", "foot": "yes", "highway": "track", "motor_vehicle": "destination", "ref": "7A", "surface": "compacted", "tracktype": "grade2"}}, {"type": "Feature", "geometry": {"type": "LineString", "coordinates": [[11.4277341, 46.5910035], [11.4279487, 46.5904903], [11.4281883, 46.5895588], [11.4285048, 46.5887927], [11.4287516, 46.5883116], [11.429009, 46.5878711], [11.4290514, 46.5877183], [11.4290402, 46.5875747], [11.4287838, 46.5871791], [11.4286541, 46.5870008], [11.4285888, 46.5868115], [11.4286566, 46.5864808], [11.4287029, 46.5862358], [11.4287009, 46.5859503], [11.4287237, 46.5857221], [11.4287151, 46.5852877], [11.4287457, 46.5851805], [11.4288139, 46.5850706]]}, "properties": {"osm_id": "way/32228975", "highway": "unclassified"}}, {"type": "Feature", "geometry": {"type": "LineString", "coordinates": [[11.4900577, 46.6413055], [11.490087, 46.6414337], [11.4900867, 46.6414797], [11.4900008, 46.6416383], [11.4899514, 46.641743], [11.4899444, 46.6417727], [11.4899549, 46.6418008], [11.4899853, 46.641821], [11.4900927, 46.6418505]]}, "properties": {"osm_id": "way/34717100", "access": "agricultural", "est_width": "3", "highway": "track", "sac_scale": "hiking", "smoothness": "bad", "surface": "gravel", "tracktype": "grade2", "vehicle": "private"}}, {"type": "Feature", "geometry": {"type": "LineString", "coordinates": [[11.4501432, 46.588825], [11.4501508, 46.5886992], [11.4501171, 46.5885916], [11.4500034, 46.5884324], [11.4497736, 46.5882248], [11.4494521, 46.5880203], [11.4492721, 46.5879276], [11.449153, 46.587897]]}, "properties": {"osm_id": "way/35912481", "bicycle": "no", "foot": "yes", "highway": "track", "motor_vehicle": "no", "piste:type": "sled", "sac_scale": "hiking", "source": "https://www.ritten.com/documents/download/winteroffers.pdf?2022-12-02", "width": "1"}}, {"type": "Feature", "geometry": {"type": "LineString", "coordinates": [[11.449153, 46.587897], [11.4490413, 46.5878768], [11.4490117, 46.5878292], [11.449019, 46.5877769], [11.4491322, 46.5877294], [11.4492908, 46.5876839], [11.449507, 46.587578], [11.4495784, 46.5875273], [11.4498162, 46.5872122], [11.4500137, 46.5868731], [11.450069, 46.5868178], [11.450167, 46.5867858], [11.4504042, 46.5867332], [11.4508723, 46.5865461], [11.4510347, 46.5864651], [11.4511292, 46.5864082], [11.4511616, 46.5863522], [11.4511605, 46.5862938], [11.4511171, 46.5862392], [11.4509525, 46.5860881], [11.4507069, 46.5859197], [11.4506495, 46.5858756], [11.4506255, 46.5858266], [11.4506565, 46.5857758], [11.4507413, 46.5857346], [11.4509501, 46.5856457], [11.4511716, 46.5855036], [11.4512526, 46.5854402], [11.4512813, 46.5853897], [11.4512783, 46.5853283], [11.4512334, 46.5852504], [11.4511521, 46.585176], [11.4510407, 46.5851207], [11.4509654, 46.585071], [11.4509287, 46.5850112], [11.4509216, 46.5849328], [11.4509091, 46.5848599], [11.4508518, 46.584769], [11.4504571, 46.5844369], [11.4502941, 46.5843036], [11.4501932, 46.5842696], [11.450142, 46.5842494], [11.4501351, 46.5842095], [11.4501967, 46.5841835], [11.4503045, 46.5841662], [11.4504404, 46.5841046], [11.4505718, 46.5840706], [11.4506604, 46.5840293], [11.4507797, 46.5839393], [11.4508445, 46.5838545], [11.4509908, 46.5835787], [11.4510955, 46.5834316], [11.4512363, 46.5832854], [11.4513384, 46.5832254], [11.4517899, 46.58306], [11.4524588, 46.5828247], [11.4526336, 46.5827792]]}, "properties": {"osm_id": "way/35912483", "bicycle": "no", "foot": "yes", "highway": "track", "horse": "no", "motor_vehicle": "no", "piste:type": "sled", "source": "https://www.ritten.com/documents/download/winteroffers.pdf?2022-12-02", "surface": "gravel", "tracktype": "grade2"}}, {"type": "Feature", "geometry": {"type": "LineString", "coordinates": [[11.4277341, 46.5910035], [11.4278799, 46.5916601], [11.4278729, 46.5921537], [11.4271778, 46.5929124], [11.4271164, 46.593482], [11.4275875, 46.5938685], [11.4286631, 46.5943212], [11.4288939, 46.5944659], [11.4295391, 46.5948701], [11.4300299, 46.5952], [11.4303153, 46.595385], [11.4308668, 46.5958628], [11.4307032, 46.5961009], [11.4302882, 46.5961111], [11.429905, 46.5962204], [11.429238, 46.5964587], [11.4282954, 46.5964899], [11.427793, 46.5966914], [11.4270946, 46.596991], [11.4266711, 46.5970502], [11.426435, 46.5971143], [11.4260212, 46.5971252], [11.42568, 46.5970681], [11.4254646, 46.5969886], [11.4252857, 46.5968572], [11.4251363, 46.5966407], [11.4249021, 46.5965273], [11.4239953, 46.5962608], [11.4237134, 46.5962312], [11.4235082, 46.596238], [11.4230439, 46.5963134], [11.4228979, 46.5963025], [11.4227655, 46.5962343], [11.4225219, 46.5959328], [11.4223291, 46.595738], [11.4221974, 46.5956694], [11.4219732, 46.595582], [11.421821, 46.5955687], [11.4217103, 46.5956159], [11.4215821, 46.595754], [11.4214812, 46.5959497], [11.4213447, 46.5963583], [11.4212326, 46.5968489], [11.4210563, 46.5972835], [11.4210097, 46.5974598], [11.420993, 46.5975985], [11.4210419, 46.5977547], [11.4210242, 46.5978446], [11.4209577, 46.5979546], [11.4209558, 46.5980176], [11.4210937, 46.5983661], [11.4210854, 46.5985289], [11.420969, 46.5989016], [11.4209201, 46.5989714], [11.4208405, 46.5990131], [11.4207369, 46.5990234], [11.4205788, 46.5990177]]}, "properties": {"osm_id": "way/35912484", "highway": "residential", "tracktype": "grade1"}}, {"type": "Feature", "geometry": {"type": "LineString", "coordinates": [[11.4260212, 46.5971252], [11.4263707, 46.597245], [11.4271319, 46.5972804], [11.4280494, 46.5972008], [11.428267, 46.5973075], [11.4285352, 46.5973943], [11.4287463, 46.5974475], [11.4291934, 46.597637], [11.4297543, 46.5980156], [11.4299825, 46.5980736], [11.4301794, 46.5981785], [11.4305809, 46.598298], [11.4312745, 46.5987441], [11.431439, 46.5991864], [11.4316114, 46.5992146], [11.4316677, 46.5992454], [11.4323708, 46.6000152], [11.4324606, 46.6003202], [11.4324225, 46.6004302], [11.4324072, 46.6006137], [11.4323297, 46.6006218], [11.4321597, 46.6004954], [11.4319266, 46.600381], [11.4316737, 46.6003504], [11.43123, 46.6003511], [11.4308237, 46.6003049], [11.4293914, 46.6003642], [11.4286629, 46.600545], [11.4282686, 46.6007413], [11.4279397, 46.6009438], [11.4276501, 46.6010916], [11.4271506, 46.6011633], [11.426412, 46.601612], [11.4261596, 46.601715], [11.4259072, 46.6019472], [11.4257189, 46.6020657], [11.4255258, 46.6026005], [11.4251942, 46.6032584], [11.4248848, 46.6035078], [11.4246654, 46.6036739], [11.4244959, 46.6038052], [11.4243456, 46.6039363]]}, "properties": {"osm_id": "way/35912485", "highway": "track", "name": "Gissmannerweide", "tracktype": "grade5"}}, {"type": "Feature", "geometry": {"type": "LineString", "coordinates": [[11.4375581, 46.6114332], [11.438629, 46.612509], [11.4391448, 46.6133276], [11.4396961, 46.6136452], [11.4404343, 46.613633], [11.4408522, 46.6138285], [11.4419016, 46.613804], [11.4425063, 46.6136086], [11.4430132, 46.6130343], [11.4439559, 46.6123441], [11.4447295, 46.6121547], [11.4454321, 46.6121669], [11.4463125, 46.6124113], [11.447433, 46.6124723], [11.4478332, 46.6123685], [11.4483312, 46.6123013], [11.4488381, 46.6124051], [11.4501276, 46.6124846], [11.4504744, 46.6123746], [11.45059, 46.6120386], [11.4503143, 46.6113605]]}, "properties": {"osm_id": "way/35912487", "highway": "track", "name": "Berghütte - 2", "ref:hiking": "2", "tracktype": "grade3"}}, {"type": "Feature", "geometry": {"type": "LineString", "coordinates": [[11.4528337, 46.5958784], [11.4528187, 46.5958127], [11.4528719, 46.5958079], [11.4529384, 46.5958159], [11.4531344, 46.5958483]]}, "properties": {"osm_id": "way/36389597", "bicycle": "no", "foot": "designated", "highway": "track", "name": "Panoramaweg", "sac_scale": "mountain_hiking"}}, {"type": "Feature", "geometry": {"type": "LineString", "coordinates": [[11.4548534, 46.5972508], [11.4548464, 46.5971729], [11.4548652, 46.5970887], [11.4549081, 46.5969966], [11.4549493, 46.596935], [11.4550055, 46.5968731], [11.4551278, 46.5967857], [11.4552167, 46.5967431], [11.4553911, 46.5966878], [11.4555554, 46.5966601], [11.455689, 46.5966556], [11.4558432, 46.5966957], [11.4559738, 46.5967561], [11.4560561, 46.5968161], [11.4561612, 46.5969303], [11.4562731, 46.5970461], [11.4563921, 46.5971452], [11.4565565, 46.5972754], [11.4566437, 46.5973664], [11.4566905, 46.5974631], [11.4567084, 46.5975507], [11.4566985, 46.5976721], [11.4566388, 46.5977935], [11.4565791, 46.5978713], [11.4564561, 46.597967], [11.4562865, 46.5980416], [11.4561223, 46.5980804], [11.455936, 46.5980969], [11.4558653, 46.5980918], [11.4557371, 46.5980573], [11.4556538, 46.5980254], [11.4552066, 46.5976314], [11.454972, 46.5974511], [11.454909, 46.5973582], [11.4548534, 46.5972508]]}, "properties": {"osm_id": "way/36389598", "highway": "track", "surface": "unpaved"}}, {"type": "Feature", "geometry": {"type": "LineString", "coordinates": [[11.4526878, 46.613649], [11.4522801, 46.6138149], [11.4518403, 46.6140028], [11.4514594, 46.6142883], [11.4512073, 46.614596], [11.4511053, 46.6149432], [11.4510034, 46.6154436], [11.4505903, 46.6160921], [11.4504294, 46.6164053], [11.4502899, 46.6168474], [11.4501075, 46.6173375], [11.4500807, 46.6176765], [11.4501236, 46.617927], [11.4504133, 46.6186455], [11.4508601, 46.6193214], [11.4529304, 46.6206685], [11.453412, 46.6209704], [11.4541148, 46.6215231], [11.455491, 46.6227265], [11.4559566, 46.6232007], [11.4562498, 46.6235237], [11.4564794, 46.6239275], [11.4565717, 46.6241426], [11.4565073, 46.6244815], [11.4567648, 46.6249863], [11.4568399, 46.6254136]]}, "properties": {"osm_id": "way/36392395", "highway": "track", "surface": "gravel", "tracktype": "grade3"}}, {"type": "Feature", "geometry": {"type": "LineString", "coordinates": [[11.4900927, 46.6418505], [11.4900916, 46.6418882], [11.4900807, 46.6419258], [11.4899885, 46.6420766], [11.4899736, 46.6421007], [11.489975, 46.642123], [11.4900286, 46.6422377], [11.4900443, 46.6423442], [11.4900728, 46.6424494], [11.4900993, 46.6425465], [11.4901043, 46.6425873], [11.4900899, 46.6426365], [11.4900728, 46.6426656], [11.489679, 46.643041], [11.4893747, 46.643337], [11.4893154, 46.6433895], [11.4892299, 46.6434417], [11.4891786, 46.6434891], [11.4889097, 46.643804], [11.4887397, 46.6440013], [11.4885573, 46.6442384], [11.4884853, 46.6443185], [11.4881899, 46.6445548], [11.4876601, 46.6449533], [11.4876068, 46.6449866], [11.4875743, 46.6449995]]}, "properties": {"osm_id": "way/37554683", "bicycle": "no", "highway": "path", "horse": "no", "sac_scale": "hiking", "smoothness": "bad", "surface": "fine_gravel", "width": "1"}}, {"type": "Feature", "geometry": {"type": "LineString", "coordinates": [[11.4586508, 46.6377618], [11.4589288, 46.6377611], [11.4593129, 46.6378195], [11.4595047, 46.6378006], [11.4596803, 46.6378149], [11.459787, 46.6378232], [11.4599197, 46.6378048], [11.4600022, 46.6378301], [11.4601216, 46.6378361], [11.4602134, 46.6378269], [11.4603241, 46.6377901], [11.4605145, 46.6377707], [11.4606754, 46.637735]]}, "properties": {"osm_id": "way/37555131", "highway": "path", "sac_scale": "hiking", "surface": "dirt"}}, {"type": "Feature", "geometry": {"type": "LineString", "coordinates": [[11.4571044, 46.6256104], [11.4569235, 46.625563], [11.4568399, 46.6254136], [11.456768, 46.625499], [11.4565572, 46.6256984], [11.4565347, 46.6258158], [11.4565728, 46.6259333], [11.4565797, 46.6260271], [11.4565341, 46.6262075], [11.4565556, 46.6264102], [11.456514, 46.6265125], [11.456324, 46.6267515], [11.4562176, 46.6268854], [11.4562127, 46.6270995], [11.4562444, 46.6272354], [11.4563454, 46.6275754], [11.4563868, 46.6277261], [11.4562641, 46.6282577], [11.4562248, 46.6285538], [11.4563211, 46.628775], [11.4564799, 46.6292693], [11.4564809, 46.6293211], [11.4565178, 46.6297031], [11.4565728, 46.6298835], [11.4566065, 46.6306029], [11.4566418, 46.6307996], [11.4566852, 46.6309293], [11.456774, 46.6311231], [11.4570263, 46.631377], [11.4571875, 46.6315901], [11.4573377, 46.6318111], [11.4574825, 46.6321169], [11.4578073, 46.6325589], [11.4580147, 46.6328722], [11.4580972, 46.6330951], [11.458135, 46.6331813], [11.4582338, 46.6332536], [11.4583164, 46.6332925], [11.4585071, 46.6333693], [11.4586144, 46.6336161], [11.4586633, 46.6337118], [11.4587956, 46.6338549], [11.4588554, 46.6339377], [11.4589254, 46.6340987], [11.4591716, 46.6347528], [11.4593623, 46.6350183], [11.4594527, 46.6352331], [11.45964, 46.6354294], [11.4596824, 46.6355704], [11.4596493, 46.635689], [11.4596187, 46.6357349], [11.4595608, 46.6358216], [11.459337, 46.6363665], [11.4593495, 46.6364903]]}, "properties": {"osm_id": "way/37555132", "highway": "track", "sac_scale": "hiking", "surface": "grass", "width": "1"}}, {"type": "Feature", "geometry": {"type": "LineString", "coordinates": [[11.429536, 46.5854136], [11.429922, 46.5855354], [11.4306511, 46.5858128], [11.4315463, 46.5859342], [11.432092, 46.5860789], [11.4324048, 46.5863436], [11.4325984, 46.5866238], [11.4325613, 46.5868711], [11.4326595, 46.5870309], [11.4329059, 46.5872574], [11.4331093, 46.5875028], [11.4339119, 46.5881947], [11.4342741, 46.5884023], [11.4343355, 46.5884851], [11.4343228, 46.5885688], [11.43416, 46.5888105], [11.4341498, 46.5889218], [11.4341926, 46.5890162], [11.4344602, 46.5893467], [11.4345702, 46.5895799], [11.4345457, 46.5897094], [11.4343748, 46.589916], [11.4342056, 46.5903136], [11.4341275, 46.5908594], [11.4341498, 46.5910446], [11.4342675, 46.5912666], [11.4341796, 46.5918526], [11.4345051, 46.5922373], [11.4351301, 46.5925057], [11.4355727, 46.5928994], [11.4356723, 46.5929272], [11.4357941, 46.5929263], [11.4359021, 46.5928583], [11.4361196, 46.5925863], [11.4363102, 46.5925476], [11.4365029, 46.5925483], [11.4370221, 46.5926517], [11.4385283, 46.592801], [11.4388929, 46.5929263], [11.4396265, 46.5927676], [11.4402057, 46.5927341], [11.4405855, 46.5926578], [11.4408851, 46.5925695], [11.4419848, 46.59245], [11.4422636, 46.5923251], [11.4427351, 46.5921076], [11.4431849, 46.5919482], [11.444015, 46.5917504], [11.4443676, 46.5916878], [11.4445926, 46.5916908], [11.444829, 46.5917457], [11.4453182, 46.5921009], [11.445609, 46.5923243], [11.445821, 46.5924167], [11.4468452, 46.592625], [11.4468486, 46.592626], [11.4472063, 46.5927333], [11.4476088, 46.5929998]]}, "properties": {"osm_id": "way/37555279", "highway": "track", "tracktype": "grade2", "width": "3"}}, {"type": "Feature", "geometry": {"type": "LineString", "coordinates": [[11.4899549, 46.6418008], [11.4898334, 46.6419286], [11.4894034, 46.6423657], [11.4890437, 46.6426489], [11.4889489, 46.6427338], [11.4888467, 46.6428935], [11.4887634, 46.643], [11.4886178, 46.6430808], [11.4884036, 46.6431602], [11.4881542, 46.6432441], [11.4879189, 46.6433514], [11.4877207, 46.6435044], [11.4874802, 46.6436822], [11.4871921, 46.6439147], [11.4870621, 46.6440301], [11.4868606, 46.644155], [11.4866478, 46.6443201], [11.486394, 46.6444998], [11.4861334, 46.6446543], [11.4859601, 46.6447386], [11.4857016, 46.6448289], [11.4855617, 46.6449029], [11.4853386, 46.6450955], [11.4852316, 46.6451731], [11.4850732, 46.6452717], [11.4848953, 46.6453586], [11.4848207, 46.6454067], [11.4846238, 46.6455739], [11.4842067, 46.6458846]]}, "properties": {"osm_id": "way/37556229", "access": "agricultural", "est_width": "3", "foot": "yes", "highway": "track", "smoothness": "bad", "surface": "gravel", "tracktype": "grade2"}}, {"type": "Feature", "geometry": {"type": "LineString", "coordinates": [[11.4503143, 46.6113605], [11.4509776, 46.6117016], [11.4517061, 46.6118581], [11.452108, 46.612059], [11.452458, 46.6122977], [11.4525591, 46.6123667], [11.4527147, 46.6125546], [11.4528299, 46.6127648], [11.4528863, 46.6129894], [11.4528917, 46.6132216], [11.4528756, 46.6134574], [11.4526878, 46.613649]]}, "properties": {"osm_id": "way/39165290", "foot": "yes", "highway": "track", "name": "Hornweg - Via Corno", "surface": "gravel", "tracktype": "grade3"}}, {"type": "Feature", "geometry": {"type": "LineString", "coordinates": [[11.4995239, 46.6127196], [11.499533, 46.6126028], [11.4995651, 46.6125409], [11.4997012, 46.6125584], [11.4997827, 46.6126447], [11.4998448, 46.6128475], [11.4999953, 46.6130151], [11.500163, 46.6131692], [11.500258, 46.613356], [11.5005052, 46.6135038], [11.5005482, 46.6136856], [11.5005405, 46.6138282], [11.5006413, 46.6141181], [11.5007463, 46.6142338], [11.5007699, 46.6142801], [11.5007449, 46.614536], [11.5007649, 46.6145859], [11.5008759, 46.614507], [11.5009513, 46.6144447], [11.5010538, 46.6145907], [11.5011787, 46.6146405], [11.5013581, 46.6148161], [11.5013852, 46.6150895], [11.5013669, 46.6151801], [11.501408, 46.6152218], [11.5014859, 46.6152277], [11.5016376, 46.6152864], [11.5017755, 46.6153441], [11.5019809, 46.6153718], [11.5021073, 46.6153453], [11.5021312, 46.6153121], [11.5020696, 46.61524], [11.5020144, 46.61507], [11.5020243, 46.6150315], [11.5022876, 46.6150119], [11.5024354, 46.6149092], [11.5027983, 46.6147549], [11.5031108, 46.6145793], [11.5036672, 46.6144938], [11.5037865, 46.6143929], [11.5038371, 46.6142438], [11.5039919, 46.6141609], [11.5045399, 46.6141363], [11.5046509, 46.6141143], [11.5049934, 46.6139689], [11.5053795, 46.6138258], [11.5055994, 46.6137891], [11.5060133, 46.6137992]]}, "properties": {"osm_id": "way/39165292", "highway": "path", "sac_scale": "mountain_hiking"}}, {"type": "Feature", "geometry": {"type": "LineString", "coordinates": [[11.4820039, 46.6409332], [11.4819229, 46.6408728], [11.4815407, 46.6405735], [11.4815115, 46.6405413]]}, "properties": {"osm_id": "way/50316519", "highway": "service", "sac_scale": "mountain_hiking"}}, {"type": "Feature", "geometry": {"type": "LineString", "coordinates": [[11.4287237, 46.5857221], [11.4282264, 46.5859046], [11.4273391, 46.5865704], [11.4261671, 46.5870588], [11.4253666, 46.5877923], [11.4247359, 46.587959], [11.4237656, 46.588926], [11.4231106, 46.5894428], [11.422965, 46.5897262], [11.4225284, 46.5899262], [11.420515, 46.590643], [11.4196659, 46.5906264], [11.4191323, 46.5909264], [11.4183075, 46.5912432], [11.4173857, 46.5914599], [11.4163668, 46.5913098], [11.4158331, 46.5911765], [11.415445, 46.5915599], [11.4151782, 46.5916432], [11.4150569, 46.59211], [11.4148628, 46.5922767], [11.4143776, 46.5923434], [11.4140524, 46.592337], [11.4135729, 46.5920865], [11.412422, 46.591902], [11.4121919, 46.5916779], [11.4116932, 46.5915461], [11.4111753, 46.5911638], [11.4107149, 46.5910188], [11.4102929, 46.5911375], [11.4095832, 46.5913352], [11.4092955, 46.5912693], [11.4088927, 46.5909925], [11.4084516, 46.5909661], [11.4077831, 46.5907061], [11.4067253, 46.591322], [11.406222, 46.5909599], [11.4058859, 46.5908486], [11.4052625, 46.5908112], [11.404968, 46.5908442], [11.4046154, 46.5910188], [11.4039824, 46.5912956], [11.403407, 46.5913088], [11.4027697, 46.5915947], [11.4026549, 46.5917378], [11.4024095, 46.592271], [11.4020161, 46.5929675], [11.4018533, 46.5931805], [11.4013715, 46.5933192], [11.4008942, 46.5931805], [11.4006257, 46.5929037], [11.4001078, 46.5926797], [11.4000119, 46.5922974], [11.4001808, 46.5919341], [11.4003815, 46.5916867], [11.4005722, 46.5915936], [11.4007216, 46.5914802], [11.4008546, 46.591295], [11.4008863, 46.5911737], [11.4014329, 46.5908587], [11.4017885, 46.590206], [11.4018409, 46.5900827], [11.4020544, 46.5898038], [11.4022101, 46.5895293], [11.4024249, 46.5885064], [11.402118, 46.5882639], [11.4018878, 46.5880108], [11.4018878, 46.5878104], [11.4024553, 46.5875696], [11.4030486, 46.5875974], [11.4033166, 46.5875593], [11.4035542, 46.5874144], [11.4036835, 46.5872577], [11.404069, 46.587115], [11.4041856, 46.5870214], [11.4043265, 46.5870053], [11.4044938, 46.5868658], [11.40453, 46.5867082], [11.4044024, 46.5865829], [11.4041175, 46.586348], [11.4040043, 46.5860929], [11.4041172, 46.5858735], [11.4043454, 46.5855651], [11.4043074, 46.5852649], [11.4041935, 46.5848735], [11.4042487, 46.5844648], [11.4042779, 46.5841965], [11.4043487, 46.58412], [11.4047173, 46.5839171], [11.4047508, 46.5836096], [11.4046902, 46.5835191], [11.4045622, 46.583482], [11.4040743, 46.5835233], [11.4039161, 46.5834562], [11.4038638, 46.5832149], [11.403735, 46.5831312], [11.403429, 46.5830425], [11.4032203, 46.5828556], [11.4027505, 46.5826419], [11.4021429, 46.5814674], [11.4010986, 46.5808279], [11.4010164, 46.5806265], [11.400924, 46.5805126]]}, "properties": {"osm_id": "way/61125334", "highway": "track", "ref:hiking": "22", "tracktype": "grade2"}}, {"type": "Feature", "geometry": {"type": "LineString", "coordinates": [[11.4478289, 46.5937498], [11.4475055, 46.5941751], [11.4473671, 46.5942964], [11.4470896, 46.5944589], [11.4469587, 46.5945754], [11.446884, 46.5947215], [11.446854, 46.5948904], [11.446875, 46.595274], [11.4469246, 46.5956085], [11.4470816, 46.5957899], [11.4477241, 46.5966488], [11.4488996, 46.5975597], [11.4493299, 46.5978262], [11.4514852, 46.5990277], [11.4518073, 46.5991328], [11.4521362, 46.5995651], [11.4523963, 46.5997719], [11.4530909, 46.600233], [11.4535733, 46.6006494], [11.4537879, 46.6008356], [11.4541527, 46.6010899], [11.4543699, 46.601206], [11.4545259, 46.6012706], [11.4547079, 46.601346], [11.4548822, 46.6014345], [11.455074, 46.6015488], [11.4551786, 46.6016087], [11.455298, 46.6016704], [11.4555066, 46.6017503], [11.4558193, 46.6018593], [11.45611, 46.6019856], [11.4568115, 46.6023364]]}, "properties": {"osm_id": "way/61723069", "highway": "track", "tracktype": "grade2"}}, {"type": "Feature", "geometry": {"type": "LineString", "coordinates": [[11.4598517, 46.6156301], [11.45984, 46.6156923], [11.4596787, 46.6159088], [11.4593707, 46.6160616], [11.4588653, 46.6164033], [11.4584714, 46.6170688], [11.4583232, 46.6171642], [11.4582595, 46.617453], [11.4580388, 46.6176126], [11.4577676, 46.6180541], [11.4571077, 46.6184184], [11.4568804, 46.6186701], [11.4567701, 46.6188706], [11.4566434, 46.6192291], [11.4566238, 46.6193365], [11.4565627, 46.6193953], [11.456421, 46.6196554], [11.4564137, 46.6197192], [11.456355, 46.6197545], [11.4563456, 46.6198194], [11.4564552, 46.6198921], [11.4564569, 46.619932], [11.4564336, 46.6199462], [11.4564459, 46.6199848], [11.456485, 46.6200083], [11.4564837, 46.6200386], [11.4564471, 46.6200646], [11.4564532, 46.6201023], [11.4565672, 46.6201669], [11.4567613, 46.6201603], [11.4567904, 46.6201821], [11.4567856, 46.6202291], [11.4567184, 46.6203222], [11.4565754, 46.6204599], [11.4565265, 46.620506], [11.4565465, 46.6205376], [11.4566316, 46.6205992], [11.4567648, 46.620652], [11.4568186, 46.620689], [11.4568344, 46.6207309], [11.4569548, 46.6207936], [11.456931, 46.62084], [11.4567697, 46.6208644], [11.4565803, 46.6208753], [11.4565221, 46.6208964], [11.4565131, 46.6209533], [11.4566646, 46.6210658], [11.4567147, 46.62119], [11.4567063, 46.6213501], [11.4566568, 46.6216414], [11.456681, 46.6218052], [11.456605, 46.6221637], [11.4566082, 46.6223213], [11.4566084, 46.6229375], [11.4566378, 46.6231806], [11.4566171, 46.6233076], [11.4565739, 46.6235912], [11.4565404, 46.623682]]}, "properties": {"osm_id": "way/61723070", "foot": "yes", "highway": "path", "src-class": "t2"}}, {"type": "Feature", "geometry": {"type": "LineString", "coordinates": [[11.4568115, 46.6023364], [11.4566182, 46.6020634], [11.4563529, 46.6018196], [11.4560729, 46.6016104], [11.4557929, 46.6014582], [11.4554376, 46.6013139], [11.4552058, 46.6012176], [11.4550532, 46.6011428], [11.4547538, 46.601001], [11.4545894, 46.6009116], [11.4544142, 46.6007928], [11.4541305, 46.6005495], [11.4538368, 46.6003175], [11.4536123, 46.6001654], [11.453354, 46.5999127]]}, "properties": {"osm_id": "way/61723073", "highway": "path", "mtb:scale": "1", "sac_scale": "hiking", "surface": "grass", "width": "2"}}, {"type": "Feature", "geometry": {"type": "LineString", "coordinates": [[11.4575645, 46.6032463], [11.4575269, 46.6033031], [11.457519, 46.6033915], [11.457619, 46.6035365], [11.4577318, 46.6036253], [11.4578879, 46.603713]]}, "properties": {"osm_id": "way/61723075", "foot": "yes", "highway": "track", "src-class": "t1", "tracktype": "grade2"}}, {"type": "Feature", "geometry": {"type": "LineString", "coordinates": [[11.4711342, 46.6272982], [11.4712005, 46.6271573], [11.471237, 46.627], [11.4712327, 46.6268931], [11.471144, 46.626694], [11.4711069, 46.6266115], [11.4711884, 46.6265076], [11.4713067, 46.6263663], [11.471317, 46.626216], [11.471197, 46.625922], [11.471261, 46.625553], [11.471352, 46.625316], [11.471459, 46.625087], [11.471575, 46.624885], [11.471392, 46.624628], [11.4712376, 46.6244959], [11.471234, 46.624363], [11.471497, 46.62421], [11.4718975, 46.6240791], [11.4720756, 46.6240212], [11.472427, 46.623905], [11.472771, 46.623788], [11.4729534, 46.6237231], [11.473423, 46.623556], [11.4735285, 46.6235332], [11.4737109, 46.6234934], [11.4738616, 46.6234315], [11.4742778, 46.6232952], [11.4747268, 46.6231483], [11.475001, 46.623061], [11.4751194, 46.623021], [11.4753347, 46.6229833], [11.47562, 46.622916], [11.475765, 46.622879], [11.4758835, 46.6228415], [11.476084, 46.622778], [11.476214, 46.6227417], [11.4765211, 46.6226287], [11.476976, 46.622537], [11.4774555, 46.62242], [11.477796, 46.622373], [11.47792, 46.622342], [11.478253, 46.622229], [11.478525, 46.622116], [11.478641, 46.622038], [11.478889, 46.621895], [11.478959, 46.621852], [11.479016, 46.621816], [11.4791364, 46.6217813], [11.479243, 46.621833], [11.479389, 46.621907], [11.479754, 46.622038], [11.479939, 46.622092], [11.480363, 46.622181], [11.4806168, 46.6221844], [11.4808575, 46.6220561], [11.481209, 46.622019], [11.481585, 46.621993], [11.4819064, 46.6219657], [11.4821877, 46.6219185], [11.482413, 46.6218813], [11.4825301, 46.6218679], [11.482679, 46.6218572], [11.4829045, 46.6218429], [11.4830301, 46.6218301], [11.483163, 46.621798], [11.483305, 46.621748], [11.4834445, 46.621706], [11.483585, 46.621661], [11.483851, 46.621589], [11.4843505, 46.6215125], [11.4845142, 46.6214752], [11.4845903, 46.6214335], [11.4846628, 46.6213776], [11.4847084, 46.6213325], [11.484767, 46.6212177], [11.4847767, 46.621125], [11.4848096, 46.6210374], [11.4848951, 46.6209245], [11.4850217, 46.6207421], [11.4850633, 46.6206605], [11.4850497, 46.6206021], [11.485009, 46.620578], [11.484846, 46.620511], [11.484616, 46.620393], [11.484499, 46.620312], [11.484381, 46.620221], [11.484333, 46.620195], [11.484325, 46.620121], [11.4843289, 46.6200961], [11.484742, 46.619991], [11.48479, 46.619958], [11.484883, 46.619927], [11.485054, 46.619812], [11.485108, 46.619787], [11.485249, 46.619685], [11.485299, 46.619652], [11.485435, 46.61955], [11.4855317, 46.6195134], [11.4856705, 46.6194976], [11.4858289, 46.6195168], [11.4859957, 46.6195146], [11.4862518, 46.6195209], [11.4864443, 46.6195306], [11.4865614, 46.6195528], [11.4867474, 46.6196642], [11.4868033, 46.6196909], [11.4868635, 46.6196909], [11.4869154, 46.6196532], [11.486908, 46.6196], [11.4868195, 46.6195038], [11.486769, 46.619238], [11.486748, 46.6191762]]}, "properties": {"osm_id": "way/67025245", "highway": "track", "name": "Kapatsch - 4B  -  Alpe Cupaccia - 4B", "name:de": "Kapatsch - 4B", "name:it": "Alpe Cupaccia - 4B", "ref:hiking": "4B", "source": "Geobrowser der Autonomen Provinz Bozen", "surface": "gravel", "tracktype": "grade3"}}, {"type": "Feature", "geometry": {"type": "LineString", "coordinates": [[11.4909877, 46.6048125], [11.4909861, 46.604933], [11.4909603, 46.6050356], [11.490883, 46.6051089], [11.4906857, 46.6051455], [11.4906048, 46.6052048], [11.490485, 46.6053557], [11.49035, 46.6054361], [11.4902376, 46.6055406], [11.4901865, 46.6056428], [11.4900482, 46.6058585], [11.4902309, 46.6059784], [11.4902965, 46.6060939], [11.4903756, 46.6061641], [11.4903759, 46.6062171], [11.4901542, 46.6063409], [11.489806, 46.6064606], [11.4896258, 46.606452], [11.4894699, 46.6065514], [11.4892165, 46.6067597], [11.4888584, 46.6070308], [11.4887656, 46.6071518], [11.4886253, 46.607248], [11.4885403, 46.607391], [11.4883363, 46.6075269], [11.4881095, 46.607574], [11.487918, 46.6076066], [11.4878891, 46.6076886], [11.4876715, 46.6076302], [11.4875237, 46.6076925], [11.4870637, 46.6077111], [11.4869465, 46.6077859], [11.486675, 46.6079579], [11.4864557, 46.608028], [11.486, 46.6080903], [11.4858644, 46.6081252], [11.4857432, 46.6081809], [11.4854647, 46.6083674], [11.4853613, 46.6084031], [11.4851153, 46.6085087], [11.4849861, 46.6085935], [11.4848234, 46.608721], [11.4845567, 46.6088688], [11.4845028, 46.6089285], [11.4844412, 46.6091512], [11.4843554, 46.6092205], [11.4842439, 46.6092792], [11.4840862, 46.6093565], [11.4840267, 46.609456], [11.4839551, 46.6095829]]}, "properties": {"osm_id": "way/67145863", "highway": "path", "sac_scale": "mountain_hiking", "surface": "ground"}}, {"type": "Feature", "geometry": {"type": "LineString", "coordinates": [[11.4583744, 46.603879], [11.4583583, 46.6037352], [11.4582987, 46.603671], [11.4582595, 46.6036437]]}, "properties": {"osm_id": "way/67145868", "highway": "track"}}, {"type": "Feature", "geometry": {"type": "LineString", "coordinates": [[11.4946174, 46.6150597], [11.4945133, 46.6144873], [11.4946139, 46.6143405], [11.49474, 46.613905], [11.4948985, 46.613773], [11.495043, 46.613761], [11.495073, 46.6136642]]}, "properties": {"osm_id": "way/67146194", "highway": "path", "mtb:scale": "1", "sac_scale": "mountain_hiking", "surface": "dirt", "trail_visibility": "intermediate"}}, {"type": "Feature", "geometry": {"type": "LineString", "coordinates": [[11.4968373, 46.6098961], [11.4965801, 46.6094949], [11.4965914, 46.6092039], [11.496761, 46.608689], [11.4969092, 46.6084853], [11.4970688, 46.6083272], [11.4972791, 46.6080469], [11.4973204, 46.6078523], [11.4972421, 46.6077844], [11.4971173, 46.6077409], [11.496969, 46.6077348], [11.4967536, 46.6077674], [11.4965259, 46.6078651], [11.4963679, 46.608004], [11.4961142, 46.608065], [11.4959171, 46.6080834], [11.4958304, 46.6080501], [11.4958098, 46.6079635], [11.4958589, 46.6078835], [11.495935, 46.6077643], [11.4959318, 46.6072026], [11.4962478, 46.6065551], [11.4962607, 46.6064932], [11.4963559, 46.6063375], [11.4969017, 46.605673], [11.4973118, 46.6052881], [11.4977168, 46.6051247], [11.4978898, 46.6050072], [11.4979789, 46.6048753], [11.4980636, 46.6048062], [11.4985663, 46.604511], [11.4985928, 46.6044196], [11.498541, 46.604369], [11.4982948, 46.604356], [11.497801, 46.6043862], [11.4975404, 46.6044194], [11.4973499, 46.604429], [11.497259, 46.6044006], [11.4972518, 46.6043054], [11.4978432, 46.6037202], [11.4983363, 46.6032887], [11.4984205, 46.6031759]]}, "properties": {"osm_id": "way/67146195", "highway": "path"}}, {"type": "Feature", "geometry": {"type": "LineString", "coordinates": [[11.5004952, 46.6029609], [11.5006077, 46.6029241], [11.5008325, 46.6027917], [11.5009196, 46.6027686], [11.501008, 46.6027581], [11.5011165, 46.6027712], [11.5011881, 46.6027958], [11.5012748, 46.6028335], [11.5013546, 46.6028909], [11.5014828, 46.6030994], [11.5015885, 46.6032134], [11.5016992, 46.6033934], [11.5017314, 46.603649], [11.5019508, 46.6039599], [11.502066, 46.6040506], [11.5027379, 46.6044919], [11.5028847, 46.604608], [11.5030128, 46.6046836], [11.5031583, 46.6047403], [11.5033239, 46.6047914], [11.5034755, 46.6048573], [11.5036619, 46.6049255], [11.5039013, 46.6050397], [11.5041186, 46.6051762], [11.504255, 46.6053055], [11.5044784, 46.6053913], [11.5045956, 46.6054806], [11.50485, 46.605571], [11.5050233, 46.6056187], [11.5052786, 46.6056924], [11.5054593, 46.605758], [11.5059735, 46.6057618], [11.5061032, 46.6057662], [11.5062359, 46.6058169], [11.5064466, 46.6059463], [11.5066212, 46.6060584], [11.5066938, 46.6060777], [11.5070264, 46.6060312], [11.5072023, 46.6059817], [11.5074158, 46.6058991], [11.5075561, 46.6058423], [11.5076843, 46.6056992], [11.5078898, 46.605461], [11.5081129, 46.6053092], [11.5082553, 46.6051924], [11.5085532, 46.6050858], [11.5087859, 46.6050308], [11.509108, 46.6049586], [11.5093951, 46.6049081], [11.5095525, 46.6049094], [11.5096777, 46.6049333], [11.5097456, 46.6049776], [11.5100063, 46.6051843], [11.5100744, 46.6052378], [11.5101706, 46.605352]]}, "properties": {"osm_id": "way/67146196", "highway": "path", "sac_scale": "mountain_hiking"}}, {"type": "Feature", "geometry": {"type": "LineString", "coordinates": [[11.4572953, 46.6374008], [11.4572918, 46.6373456], [11.4572603, 46.6371987], [11.4572463, 46.6370832], [11.457376, 46.6368569], [11.4575268, 46.6366956], [11.4576978, 46.6365575], [11.4578041, 46.6364668], [11.4579637, 46.6362817], [11.4580804, 46.6361943], [11.4582326, 46.6361293], [11.4584043, 46.6361095], [11.4586155, 46.6360994], [11.4588139, 46.6361057], [11.458938, 46.6361252], [11.4590636, 46.6361751], [11.4591293, 46.6362442], [11.4592162, 46.6363544], [11.4593495, 46.6364903]]}, "properties": {"osm_id": "way/75731592", "highway": "track", "name": "Gasteiger Weg", "sac_scale": "hiking", "surface": "gravel", "tracktype": "grade2"}}, {"type": "Feature", "geometry": {"type": "LineString", "coordinates": [[11.4426154, 46.6350856], [11.4427985, 46.635138], [11.4430922, 46.6352555], [11.4433014, 46.6353277], [11.4434583, 46.6353747], [11.4437125, 46.6354732], [11.4438406, 46.6355165], [11.4439713, 46.6355727], [11.4442013, 46.6357062], [11.4445802, 46.6359111], [11.4448417, 46.6360727], [11.444949, 46.6361528], [11.4450482, 46.6362025], [11.4453044, 46.6363209], [11.4454834, 46.6364028], [11.4456967, 46.6364627], [11.4458683, 46.6365101], [11.4459521, 46.6365538], [11.4461204, 46.6366906], [11.4462264, 46.6367541], [11.4464054, 46.6368232], [11.4465744, 46.6368922], [11.4468386, 46.637046], [11.4469694, 46.6371501], [11.4471953, 46.6373743], [11.4474052, 46.6375258], [11.4476969, 46.6376929], [11.4479645, 46.6378458], [11.4481381, 46.6379305], [11.4486974, 46.6381791]]}, "properties": {"osm_id": "way/75731593", "highway": "track", "name": "Gasteigerweg", "source": "Geobrowser der Autonomen Provinz Bozen", "surface": "gravel"}}, {"type": "Feature", "geometry": {"type": "LineString", "coordinates": [[11.4593495, 46.6364903], [11.4593471, 46.6365782], [11.4593033, 46.6370408], [11.4592604, 46.637282], [11.459145, 46.6374201], [11.458909, 46.6375509], [11.4586508, 46.6377618], [11.458453, 46.6378934], [11.4583189, 46.6380371], [11.4581687, 46.6382157], [11.4579568, 46.6383999], [11.4578093, 46.6384938], [11.4576537, 46.6385822], [11.4575867, 46.6386724], [11.457551, 46.6387876], [11.4572042, 46.6392037], [11.45703, 46.6392837], [11.4568367, 46.6395283]]}, "properties": {"osm_id": "way/75731689", "highway": "track", "sac_scale": "mountain_hiking", "surface": "compacted", "tracktype": "grade1", "width": "1"}}, {"type": "Feature", "geometry": {"type": "LineString", "coordinates": [[11.4915059, 46.6408161], [11.4914582, 46.6408185], [11.49143, 46.6408109], [11.4914038, 46.6407902], [11.4913574, 46.6407276], [11.4913033, 46.6406142], [11.4912819, 46.6404341], [11.4912712, 46.6402167], [11.4913177, 46.6400213], [11.4915382, 46.6397138], [11.4919137, 46.6392571], [11.4922266, 46.6390318], [11.4923295, 46.6389005], [11.4925516, 46.6387617], [11.4926454, 46.6386598], [11.4926904, 46.6385526], [11.4927552, 46.6384712], [11.4928795, 46.6383895], [11.4931335, 46.6382782], [11.4934889, 46.6381832], [11.4937856, 46.6381029], [11.4939073, 46.6380847], [11.4940275, 46.6380881], [11.4941839, 46.6381229], [11.4943026, 46.6381176], [11.4943614, 46.6380852], [11.494353, 46.6380387], [11.4943004, 46.6380103], [11.4941239, 46.6379606], [11.4940602, 46.6379245], [11.494024, 46.6378872], [11.4940294, 46.6378499], [11.4940622, 46.6378296], [11.494189, 46.6377785], [11.4943305, 46.6377592], [11.4944671, 46.6377558], [11.494612, 46.6377877], [11.4947522, 46.637802], [11.4949004, 46.6378008], [11.4951991, 46.6377567], [11.4955173, 46.6376749], [11.4960075, 46.6375488], [11.4962891, 46.6374779], [11.4963455, 46.6374286], [11.4963415, 46.6373752], [11.4962932, 46.6373296], [11.4961383, 46.6372601], [11.4960416, 46.6372086], [11.4959977, 46.6371811], [11.4959787, 46.6371573], [11.4959725, 46.6371288], [11.4959839, 46.6371022], [11.496034, 46.6370788], [11.4960958, 46.6370687], [11.4964132, 46.6370557], [11.4965647, 46.63704], [11.4967035, 46.6369889], [11.4969396, 46.6368365], [11.4970388, 46.6367762], [11.4971743, 46.6367389], [11.4974492, 46.6367205], [11.4980125, 46.6367064], [11.4981506, 46.6366991], [11.4982417, 46.6366879], [11.4983205, 46.6366657], [11.4983843, 46.6366415], [11.4984522, 46.6366031], [11.4985027, 46.6365646], [11.4986214, 46.6364562], [11.4986864, 46.636398], [11.4987787, 46.6363387], [11.4988719, 46.6362955], [11.498961, 46.6362702], [11.4993891, 46.6361823], [11.4997601, 46.6360961], [11.499972, 46.636051], [11.500119, 46.635996], [11.5002131, 46.6359457], [11.5002834, 46.6358977], [11.500451, 46.6357506], [11.5005735, 46.6356906], [11.5006595, 46.635674], [11.5007423, 46.6356678], [11.5009713, 46.6356659], [11.5010819, 46.6356537], [11.5011755, 46.6356298], [11.5014745, 46.6355032], [11.5015822, 46.6354771], [11.5016847, 46.6354656], [11.5022857, 46.6354377], [11.5025957, 46.635442], [11.5026728, 46.6354]]}, "properties": {"osm_id": "way/93193888", "highway": "track", "name": "Rodelbahn", "piste:type": "sled"}}, {"type": "Feature", "geometry": {"type": "LineString", "coordinates": [[11.499769, 46.6358074], [11.4997973, 46.635837], [11.4997487, 46.6359651], [11.4997481, 46.6360285], [11.4997683, 46.6360666], [11.4997601, 46.6360961]]}, "properties": {"osm_id": "way/93193894", "highway": "path"}}, {"type": "Feature", "geometry": {"type": "LineString", "coordinates": [[11.483544, 46.6031278], [11.4833146, 46.6029371], [11.4824885, 46.6024506], [11.4822887, 46.6022921], [11.4820687, 46.6020876], [11.4820592, 46.6019889], [11.4817695, 46.6018341], [11.4813091, 46.601529], [11.4810707, 46.601383], [11.4809219, 46.6012297], [11.4806701, 46.6009744], [11.4805947, 46.6008795], [11.480493, 46.6007164], [11.4804123, 46.6006252], [11.4803748, 46.6004704], [11.4803265, 46.6003783], [11.4802996, 46.6002677], [11.4801494, 46.6002124], [11.4801014, 46.6001636], [11.4800207, 46.6000686], [11.4799402, 46.6000023], [11.4797578, 46.5999323], [11.4796506, 46.5998844], [11.4795325, 46.599748], [11.4791034, 46.5994826], [11.4791785, 46.5993757], [11.4792124, 46.5993499], [11.4792431, 46.5993232], [11.4793662, 46.5992836], [11.4793933, 46.599231], [11.4793877, 46.5991546], [11.4795379, 46.5989776], [11.4796404, 46.5989103], [11.4796988, 46.5988671], [11.4797045, 46.5988256], [11.479789, 46.5986857], [11.4798895, 46.5985672], [11.4802365, 46.5984003], [11.4802012, 46.5982935], [11.4800283, 46.5982215], [11.4799343, 46.5978081], [11.4799341, 46.5975053], [11.4799402, 46.5974697], [11.4798364, 46.5974076], [11.4798029, 46.5973499], [11.4798343, 46.5972541], [11.4800703, 46.5970366], [11.4800564, 46.5969004], [11.4800414, 46.5967535], [11.4803785, 46.596637], [11.4804477, 46.5964785], [11.4808291, 46.5962813], [11.4809276, 46.5960788], [11.4810976, 46.5959925], [11.481141, 46.5958692], [11.4812475, 46.5957546], [11.4813736, 46.5954374], [11.4815716, 46.5951598], [11.4815871, 46.5950504], [11.4817236, 46.5948721], [11.4819999, 46.5946318], [11.4820101, 46.5944226], [11.4820552, 46.5943496], [11.4820852, 46.5942455], [11.4825109, 46.5939375], [11.482583, 46.5938341], [11.4831162, 46.5937969], [11.483251, 46.593695], [11.4833555, 46.5935663], [11.4835879, 46.5934181], [11.4837458, 46.5931903], [11.4838833, 46.5930736], [11.4839703, 46.5929097], [11.4839877, 46.5927081], [11.4840475, 46.5925695], [11.4841113, 46.5924809], [11.4842205, 46.5921974], [11.4842961, 46.5921191], [11.4844343, 46.5918879], [11.4844377, 46.591757], [11.4843302, 46.5915858], [11.4842344, 46.5913073], [11.4841332, 46.5912308], [11.4840933, 46.5911584], [11.4838168, 46.5910618], [11.4835615, 46.5909289], [11.4834273, 46.5908874], [11.4832919, 46.5906215], [11.4837068, 46.5900775], [11.484015, 46.5899406], [11.4841566, 46.5899485], [11.4843109, 46.5898982], [11.4845002, 46.5897511], [11.4846282, 46.5897102], [11.4847639, 46.5897374], [11.4849224, 46.5896742], [11.4851906, 46.5896173], [11.4852816, 46.5895459]]}, "properties": {"osm_id": "way/119837259", "bicycle": "yes", "foot": "yes", "highway": "path", "mtb:scale": "4", "sac_scale": "mountain_hiking", "ski": "no", "snowmobile": "no", "surface": "ground", "trail_visibility": "intermediate", "wheelchair": "no", "width": "0.5"}}, {"type": "Feature", "geometry": {"type": "LineString", "coordinates": [[11.4310905, 46.6049359], [11.4312402, 46.6049771], [11.4313897, 46.6050697], [11.4315768, 46.6050872], [11.4316948, 46.6051116], [11.4317679, 46.605154], [11.4318558, 46.6051613], [11.4321146, 46.6052848], [11.4323767, 46.605422], [11.4325746, 46.6055657], [11.4328935, 46.6057743], [11.4330158, 46.6058539], [11.4331403, 46.6059997], [11.433291, 46.6063072], [11.4334463, 46.6064777], [11.4336043, 46.6065801], [11.4338419, 46.6066426], [11.4339897, 46.6067121], [11.4341429, 46.6068455], [11.43442, 46.6069588], [11.4349848, 46.6071563], [11.4352174, 46.6072293], [11.4355449, 46.6072669], [11.4359553, 46.6072934], [11.4363023, 46.6073087], [11.4366797, 46.6073445], [11.4369541, 46.6073856], [11.4371287, 46.6074445], [11.4375364, 46.6075508], [11.4377708, 46.6076336], [11.4381515, 46.6076594], [11.4387617, 46.6077628], [11.4388502, 46.6078339], [11.4390634, 46.60787], [11.439234, 46.6078364], [11.4393989, 46.607894], [11.4395443, 46.6079713], [11.4397122, 46.6079881], [11.439985, 46.6079986], [11.4400539, 46.607968], [11.4400373, 46.607846], [11.4398549, 46.6077605], [11.4397648, 46.6076629], [11.4398026, 46.6073963], [11.4398764, 46.6072046], [11.4399249, 46.6067987], [11.4399962, 46.6067018], [11.4403747, 46.6065567], [11.4407789, 46.6065908], [11.440972, 46.6065318], [11.4410579, 46.6065613], [11.4412843, 46.6066968], [11.4413747, 46.6067207], [11.441439, 46.6067111], [11.4414629, 46.606504], [11.4414441, 46.6062296], [11.4413639, 46.6060424], [11.4411936, 46.6059676], [11.4410487, 46.6058474], [11.4409723, 46.6057043], [11.4408895, 46.6054876], [11.4408253, 46.6053898], [11.4408218, 46.6051829], [11.4409074, 46.6051233], [11.4410037, 46.6048892], [11.4410152, 46.6047123], [11.4410661, 46.6046232], [11.4412066, 46.6044405], [11.4412482, 46.6043423], [11.4413763, 46.6041518], [11.4413918, 46.6040194], [11.4415494, 46.6038292], [11.4416769, 46.6036819], [11.4417652, 46.6036428], [11.4418225, 46.6035551], [11.4419032, 46.6033286], [11.4419723, 46.6032613], [11.4420766, 46.6032219], [11.4421423, 46.6031884], [11.4423042, 46.6031788], [11.4426074, 46.6032069], [11.4429439, 46.6032566], [11.4433439, 46.603346], [11.4435718, 46.6033728], [11.4437928, 46.6034001], [11.4438993, 46.6034348], [11.4440941, 46.6034655], [11.4443042, 46.6034801], [11.4444452, 46.603545], [11.4445146, 46.6035547], [11.4446252, 46.6035574], [11.4448873, 46.6035513], [11.4450039, 46.6035595], [11.4451578, 46.6036376], [11.4452946, 46.6036555], [11.4454664, 46.6037393], [11.4457306, 46.6038303], [11.4459118, 46.6039373], [11.4460094, 46.6039646], [11.4461062, 46.6039945], [11.4462804, 46.6040872], [11.4463787, 46.6041201], [11.4464812, 46.6041402], [11.4466172, 46.6042119], [11.4470081, 46.6043891], [11.4471693, 46.6044006], [11.4473434, 46.6044387], [11.4474343, 46.6045083], [11.4476424, 46.60469], [11.4477306, 46.6047231], [11.4479902, 46.604854], [11.4483561, 46.6049821], [11.4485037, 46.6050797], [11.4486539, 46.6051092]]}, "properties": {"osm_id": "way/121662975", "highway": "path", "name": "Heusteig"}}, {"type": "Feature", "geometry": {"type": "LineString", "coordinates": [[11.4234531, 46.6042056], [11.4227478, 46.6042594], [11.4225226, 46.6043068], [11.4223394, 46.6043554], [11.4219711, 46.604436], [11.4218254, 46.6044722], [11.4216655, 46.6044978], [11.4214248, 46.6044892], [11.4211893, 46.6044475], [11.4210644, 46.6044693], [11.4209185, 46.6045119], [11.4208036, 46.6045436], [11.4206327, 46.6045376], [11.4197061, 46.6046276], [11.4191497, 46.6048336], [11.4189396, 46.6050368]]}, "properties": {"osm_id": "way/131632473", "highway": "path"}}, {"type": "Feature", "geometry": {"type": "LineString", "coordinates": [[11.4816627, 46.6404256], [11.4813727, 46.6402504], [11.4811273, 46.6400483], [11.480985, 46.6398192], [11.4809201, 46.6395281], [11.4806095, 46.639031], [11.4805278, 46.6387873], [11.4803842, 46.6384564], [11.4804164, 46.6383533], [11.4803796, 46.6381501], [11.4802127, 46.6380152], [11.4800162, 46.6376593], [11.4799014, 46.6375209], [11.4799139, 46.6374307], [11.4799229, 46.6373662], [11.4797297, 46.637101], [11.4797297, 46.63688], [11.4797902, 46.6366777], [11.4798432, 46.6366257], [11.4798345, 46.6365442], [11.4799229, 46.6363864], [11.4799599, 46.6363209], [11.4799552, 46.6362546], [11.4799336, 46.6361728], [11.4799424, 46.6361013], [11.4799632, 46.6360234], [11.4800926, 46.6358687], [11.4801911, 46.6357087], [11.4802958, 46.6355045], [11.4802941, 46.6354339]]}, "properties": {"osm_id": "way/139288052", "fixme": "needs correction of layout", "foot": "yes", "highway": "path", "surface": "dirt"}}, {"type": "Feature", "geometry": {"type": "LineString", "coordinates": [[11.4869428, 46.6178881], [11.4867138, 46.6178428], [11.4863853, 46.6177615], [11.4862643, 46.6177438], [11.4861554, 46.617685], [11.4860373, 46.6176218], [11.4858247, 46.6174505]]}, "properties": {"osm_id": "way/139288322", "foot": "yes", "highway": "path", "mtb:scale": "0", "sac_scale": "hiking", "surface": "ground", "trail_visibility": "good"}}, {"type": "Feature", "geometry": {"type": "LineString", "coordinates": [[11.4684455, 46.6075334], [11.4683427, 46.6076082], [11.467901, 46.6079055], [11.4678596, 46.6079658], [11.4678423, 46.6080444], [11.4679045, 46.6081548], [11.4684031, 46.608947], [11.4684813, 46.6090141], [11.4686109, 46.6090729], [11.4690092, 46.6091568], [11.4691778, 46.6092173], [11.4693367, 46.6093331], [11.4694589, 46.6095497], [11.469542, 46.6096269], [11.4697008, 46.6096672], [11.4698865, 46.6096622], [11.4701138, 46.6096001], [11.4704877, 46.6095296], [11.4706124, 46.6095346], [11.4706881, 46.6095799], [11.4707786, 46.609726], [11.4707712, 46.6098452], [11.4706393, 46.609966], [11.4705586, 46.6100382]]}, "properties": {"osm_id": "way/139288746", "highway": "track", "surface": "gravel"}}, {"type": "Feature", "geometry": {"type": "LineString", "coordinates": [[11.4645923, 46.6412362], [11.4645345, 46.6414267], [11.4644895, 46.6415823], [11.4645003, 46.6417471], [11.4645191, 46.6418995], [11.4645834, 46.6420496], [11.464688, 46.6421656], [11.4647719, 46.6422365], [11.4648128, 46.6423203], [11.4647846, 46.642509], [11.4648703, 46.6427877], [11.4649482, 46.6429454], [11.465042, 46.6430308], [11.4651286, 46.6430923], [11.4652198, 46.6431222], [11.4653405, 46.6431397], [11.4655329, 46.6431439], [11.4658186, 46.6431273], [11.4659185, 46.6431742], [11.4660774, 46.6431959], [11.4661311, 46.6431936], [11.4662611, 46.6432479], [11.4662987, 46.6432373], [11.4663792, 46.6432465], [11.4664107, 46.64327], [11.4665978, 46.6432866], [11.4667258, 46.643282], [11.46676, 46.6432935], [11.4668197, 46.643287], [11.46698, 46.6433225], [11.4671181, 46.6433262], [11.4672764, 46.6433598], [11.467446, 46.6434044], [11.4675332, 46.6433819], [11.46779, 46.643386], [11.4681595, 46.643403], [11.4682098, 46.6433892], [11.4682929, 46.6434127], [11.4685001, 46.6434795], [11.4686832, 46.6434905], [11.4687248, 46.6434716], [11.4688776, 46.6434629], [11.4689687, 46.6434212], [11.4691143, 46.6433404], [11.4692397, 46.6432488], [11.4694644, 46.6430716], [11.4695797, 46.6429988], [11.4697393, 46.6429422], [11.4698935, 46.6428939], [11.4701208, 46.642864], [11.4703019, 46.6428211], [11.4703683, 46.6427921], [11.4705078, 46.6427843], [11.4706358, 46.6427553], [11.4707015, 46.642718], [11.4707492, 46.6426577], [11.4708088, 46.6426273], [11.4708605, 46.6425758], [11.4709597, 46.6425417], [11.4711723, 46.6425233], [11.4712514, 46.6424984], [11.4712977, 46.6424565], [11.4714633, 46.6423829], [11.4715619, 46.6423493], [11.4716623, 46.6422958]]}, "properties": {"osm_id": "way/139289015", "foot": "yes", "highway": "path", "mtb:scale": "1", "sac_scale": "hiking", "surface": "grass"}}, {"type": "Feature", "geometry": {"type": "LineString", "coordinates": [[11.4847609, 46.6057667], [11.484523, 46.6057443], [11.4843374, 46.605744], [11.4842405, 46.605769], [11.4841777, 46.60581], [11.4841611, 46.6058615], [11.4841987, 46.6059292], [11.4844266, 46.6061581], [11.484458, 46.6062161], [11.4844668, 46.6063025], [11.4844467, 46.6064124], [11.4843783, 46.6066581], [11.4843786, 46.6068075], [11.4844703, 46.6072506], [11.48442, 46.6074764]]}, "properties": {"osm_id": "way/140231540", "highway": "track", "name": "Hinterkral", "source": "Geobrowser der Autonomen Provinz Bozen", "tracktype": "grade2"}}, {"type": "Feature", "geometry": {"type": "LineString", "coordinates": [[11.5048461, 46.638592], [11.5047295, 46.6387561], [11.5045793, 46.6389329], [11.5044452, 46.6390139], [11.5042765, 46.6391054], [11.5040536, 46.6391797], [11.5038259, 46.6392528], [11.5036245, 46.6392644], [11.5033831, 46.6392128], [11.5032221, 46.6392423], [11.5030826, 46.6393012], [11.5030236, 46.6393786], [11.5030129, 46.6394669], [11.5030719, 46.6395406], [11.5032114, 46.6396548], [11.5033026, 46.6397542], [11.5033294, 46.6398795], [11.5032955, 46.6399895], [11.503253, 46.6401386], [11.5031166, 46.6402833], [11.5030987, 46.64042], [11.5032667, 46.6405833], [11.5034946, 46.641072], [11.5032253, 46.6413192], [11.5030941, 46.6413868], [11.502825, 46.6414863], [11.5020913, 46.6415541], [11.5013368, 46.6415416], [11.5011166, 46.64175], [11.5006333, 46.64195], [11.4997259, 46.6423632], [11.4995268, 46.6424539], [11.4988179, 46.6428977], [11.4986459, 46.6431078], [11.4984294, 46.6434137], [11.4982913, 46.6437518], [11.4983436, 46.6440641], [11.4983069, 46.6445077], [11.4983699, 46.6447493], [11.4983667, 46.6449667], [11.4982833, 46.6451333], [11.4978866, 46.6454004], [11.49765, 46.6457], [11.4974627, 46.6459241], [11.4974465, 46.6461719], [11.4975597, 46.6464685], [11.4975824, 46.6465764], [11.4975324, 46.6466582], [11.4974371, 46.646708], [11.4972942, 46.646737], [11.4970906, 46.646778], [11.4969273, 46.6468586], [11.4968124, 46.6469373], [11.4966048, 46.6469666], [11.496335, 46.6470695], [11.4962554, 46.6471586], [11.4960901, 46.647236], [11.4957605, 46.6474667], [11.4954334, 46.64785], [11.4951294, 46.6481132], [11.4950288, 46.6481682]]}, "properties": {"osm_id": "way/151885049", "highway": "path", "mtb:scale": "2", "sac_scale": "hiking", "surface": "dirt"}}, {"type": "Feature", "geometry": {"type": "LineString", "coordinates": [[11.4815115, 46.6405413], [11.4814669, 46.6405538], [11.481417, 46.6405561], [11.4813157, 46.6405137], [11.4812158, 46.640464], [11.4811199, 46.6404205], [11.4810294, 46.6403899], [11.4809171, 46.6403809], [11.4808326, 46.6403915], [11.4807243, 46.6404277], [11.4806753, 46.6404652], [11.4806465, 46.6405052], [11.4806297, 46.640563], [11.4806187, 46.6406282], [11.4805908, 46.6406723], [11.4805332, 46.6407214], [11.4804567, 46.6407601], [11.4803213, 46.6408128], [11.4801842, 46.6408464], [11.4800504, 46.6408625], [11.4797285, 46.6409023], [11.4793979, 46.6409497], [11.4791653, 46.6409999], [11.4790674, 46.6410146], [11.4789594, 46.6410211], [11.4788739, 46.6410128], [11.4787965, 46.6409958], [11.4786835, 46.6409601], [11.4785926, 46.6409451], [11.4785178, 46.640941], [11.4784216, 46.6409488], [11.4782439, 46.6409967], [11.4780743, 46.6410289], [11.4778577, 46.6410446], [11.4777725, 46.6410623], [11.477684, 46.641098], [11.4775338, 46.6411785], [11.4773893, 46.6412446], [11.4772203, 46.6412996], [11.4771479, 46.6413381], [11.4770477, 46.6414271], [11.4769528, 46.6414918], [11.4767533, 46.6415887], [11.4766105, 46.6416748], [11.4764596, 46.641773], [11.4762745, 46.6418406], [11.4761531, 46.6418548], [11.4760311, 46.6418521], [11.4758132, 46.6418208], [11.4756703, 46.6418166], [11.4756133, 46.6418217], [11.4755637, 46.6418406], [11.4755215, 46.6418785], [11.4754725, 46.6419561], [11.4754279, 46.6419978], [11.4753726, 46.6420307], [11.4752432, 46.6420901], [11.4750963, 46.6421734], [11.4749669, 46.6422498], [11.4748637, 46.6422963], [11.4747916, 46.6423175], [11.4747369, 46.6423262], [11.4746719, 46.6423304], [11.4745988, 46.6423253], [11.4745187, 46.6423134], [11.4744365, 46.642294], [11.4742803, 46.6422572], [11.4741351, 46.6422268], [11.4740496, 46.6422033], [11.4739313, 46.6421596], [11.4738367, 46.6421258], [11.4737334, 46.6421046], [11.4736439, 46.6420947], [11.4735212, 46.6420956], [11.4733985, 46.642109], [11.4732657, 46.6421329], [11.4731025, 46.642164], [11.4730062, 46.6421934], [11.47291, 46.6422337], [11.4728235, 46.642256], [11.4727323, 46.6422634], [11.4725033, 46.6422593], [11.4722861, 46.6422692], [11.4720554, 46.642294], [11.4718908, 46.6423309], [11.4718366, 46.6423376], [11.4718126, 46.6423405], [11.4717221, 46.6423272], [11.4716623, 46.6422958]]}, "properties": {"osm_id": "way/151908672", "highway": "track", "ref": "7", "sac_scale": "mountain_hiking"}}, {"type": "Feature", "geometry": {"type": "LineString", "coordinates": [[11.4900577, 46.6413055], [11.4898741, 46.6412963], [11.4894496, 46.6414097], [11.489076, 46.6414724], [11.4873916, 46.6416588], [11.4871943, 46.641715], [11.4870856, 46.6417661], [11.4870967, 46.6418024]]}, "properties": {"osm_id": "way/151908676", "highway": "service", "lit": "no", "oneway": "yes", "service": "parking_aisle", "surface": "pebblestone"}}, {"type": "Feature", "geometry": {"type": "LineString", "coordinates": [[11.4900577, 46.6413055], [11.4901586, 46.6413781], [11.4902314, 46.6413895]]}, "properties": {"osm_id": "way/151908678", "highway": "service", "surface": "compacted"}}, {"type": "Feature", "geometry": {"type": "LineString", "coordinates": [[11.4927011, 46.6414112], [11.4926275, 46.6415139]]}, "properties": {"osm_id": "way/151912591", "highway": "track", "surface": "unpaved", "width": "4"}}, {"type": "Feature", "geometry": {"type": "LineString", "coordinates": [[11.4958107, 46.6394764], [11.4957567, 46.6394585]]}, "properties": {"osm_id": "way/152398606", "highway": "path", "material": "wood", "sac_scale": "hiking", "width": ".8m"}}, {"type": "Feature", "geometry": {"type": "LineString", "coordinates": [[11.4957567, 46.6394585], [11.4956582, 46.6394256], [11.4953678, 46.6393506], [11.4949913, 46.6392714], [11.4948589, 46.6392069]]}, "properties": {"osm_id": "way/152398616", "highway": "path", "sac_scale": "hiking"}}, {"type": "Feature", "geometry": {"type": "LineString", "coordinates": [[11.4693128, 46.6412925], [11.4692451, 46.6412909], [11.4691854, 46.6412729], [11.4690667, 46.6412025], [11.4689306, 46.6411518], [11.4687871, 46.6411228], [11.4686594, 46.6411173], [11.4683761, 46.6411187], [11.4682125, 46.6411099], [11.468083, 46.6410892], [11.4679931, 46.6410617], [11.4659102, 46.6413052], [11.4654352, 46.6413462], [11.4649481, 46.6413782], [11.4645345, 46.6414267]]}, "properties": {"osm_id": "way/152613129", "highway": "path", "sac_scale": "mountain_hiking"}}, {"type": "Feature", "geometry": {"type": "LineString", "coordinates": [[11.4758132, 46.6418208], [11.4758352, 46.6417396], [11.4758743, 46.6415965], [11.4758135, 46.6415417], [11.4756441, 46.6415087], [11.4753787, 46.6415658], [11.475142, 46.6416602], [11.4748287, 46.6418358], [11.4746368, 46.6416756], [11.4743938, 46.6415373], [11.4741732, 46.6414275], [11.4740612, 46.6409489]]}, "properties": {"osm_id": "way/152613140", "highway": "track"}}, {"type": "Feature", "geometry": {"type": "LineString", "coordinates": [[11.4735212, 46.6420956], [11.4735049, 46.6422003], [11.4735081, 46.6423627], [11.4735656, 46.6424856], [11.4737415, 46.6426064], [11.473895, 46.6426635], [11.4740453, 46.6427096], [11.4741828, 46.6427425], [11.4742755, 46.642782], [11.4743235, 46.6428369], [11.4743394, 46.642894], [11.4742947, 46.6429401], [11.4742179, 46.6429532]]}, "properties": {"osm_id": "way/152613141", "highway": "track"}}, {"type": "Feature", "geometry": {"type": "LineString", "coordinates": [[11.4724305, 46.6372364], [11.4722197, 46.6372012]]}, "properties": {"osm_id": "way/152613142", "foot": "yes", "highway": "footway", "src-class": "t2"}}, {"type": "Feature", "geometry": {"type": "LineString", "coordinates": [[11.4722197, 46.6372012], [11.4718294, 46.6372679], [11.47147, 46.6373499], [11.4709282, 46.6375285], [11.4708068, 46.6375801], [11.4706372, 46.6377136], [11.4704863, 46.6378043], [11.4703468, 46.6378669], [11.4701571, 46.6380032], [11.4700719, 46.6380925], [11.4699874, 46.6382417], [11.4699291, 46.6383172], [11.4698533, 46.6383821], [11.4697199, 46.6384544], [11.4694416, 46.6385783], [11.4690801, 46.6387597], [11.4689869, 46.6387804], [11.4689085, 46.6387725], [11.4688361, 46.638756], [11.4687636, 46.6387145], [11.4687013, 46.6386446], [11.4685471, 46.6383517], [11.4685001, 46.6382099], [11.4684706, 46.6381538], [11.4684183, 46.6380944], [11.4682567, 46.6379563], [11.468183, 46.6379397], [11.4679711, 46.6379226], [11.4677759, 46.6379245], [11.4674909, 46.6379553], [11.467279, 46.6379537], [11.467036, 46.637916], [11.4665626, 46.6378303], [11.4663024, 46.6377914], [11.4659852, 46.6377534], [11.4657653, 46.6377148], [11.4653968, 46.6376947], [11.4653023, 46.637686], [11.4651594, 46.6376575], [11.465027, 46.6376469], [11.4649076, 46.637657], [11.4646599, 46.6377072], [11.4644252, 46.6377583]]}, "properties": {"osm_id": "way/152613143", "foot": "yes", "highway": "track", "src-class": "t2"}}, {"type": "Feature", "geometry": {"type": "LineString", "coordinates": [[11.4693128, 46.6412925], [11.4693547, 46.6412368], [11.4694278, 46.6411776], [11.4695287, 46.6411175], [11.4696024, 46.6410495], [11.4697359, 46.6409147], [11.4698915, 46.6407578], [11.4699465, 46.6407232], [11.4701034, 46.6406298], [11.4701705, 46.6405708], [11.4703589, 46.6403646], [11.470556, 46.6401892], [11.470662, 46.640063], [11.4708484, 46.6398181], [11.471012, 46.6395649], [11.4711307, 46.6394512], [11.471411, 46.6392334]]}, "properties": {"osm_id": "way/152613144", "highway": "track"}}, {"type": "Feature", "geometry": {"type": "LineString", "coordinates": [[11.4663024, 46.6377914], [11.4666141, 46.6377216], [11.4670457, 46.6376492], [11.4673879, 46.6376031], [11.4675542, 46.6376119]]}, "properties": {"osm_id": "way/152613145", "highway": "track"}}, {"type": "Feature", "geometry": {"type": "LineString", "coordinates": [[11.4682567, 46.6379563], [11.4683791, 46.6378973], [11.4685934, 46.6377875], [11.4687341, 46.6376162], [11.4689355, 46.637333], [11.469025, 46.6371574], [11.4693224, 46.6369071]]}, "properties": {"osm_id": "way/152613146", "highway": "track"}}, {"type": "Feature", "geometry": {"type": "LineString", "coordinates": [[11.4501753, 46.6381349], [11.4501273, 46.638158], [11.4500131, 46.6382177], [11.4500539, 46.6383428], [11.450255, 46.6385836], [11.4505133, 46.6389215], [11.4506329, 46.6390764]]}, "properties": {"osm_id": "way/152613666", "highway": "track"}}, {"type": "Feature", "geometry": {"type": "LineString", "coordinates": [[11.4437125, 46.6354732], [11.4437741, 46.6353362], [11.4439708, 46.6352584], [11.4441915, 46.6352502], [11.4444091, 46.6352911], [11.444576, 46.6353116]]}, "properties": {"osm_id": "way/152616538", "highway": "track"}}, {"type": "Feature", "geometry": {"type": "LineString", "coordinates": [[11.4645923, 46.6412362], [11.4646041, 46.6411015], [11.4645598, 46.6408797], [11.4645422, 46.6405573], [11.4644966, 46.6403728], [11.4644426, 46.6403013], [11.4643743, 46.6402911]]}, "properties": {"osm_id": "way/152668251", "highway": "track", "sac_scale": "mountain_hiking", "tracktype": "grade4"}}, {"type": "Feature", "geometry": {"type": "LineString", "coordinates": [[11.4643743, 46.6402911], [11.4643309, 46.6402795], [11.4642698, 46.6402551], [11.4637959, 46.6398379], [11.4636072, 46.6396127], [11.463519, 46.6394895], [11.4634646, 46.6394655], [11.4634368, 46.6394293], [11.4634209, 46.6393787], [11.4634248, 46.6392928], [11.4634288, 46.6391791], [11.4633882, 46.6390737], [11.4633494, 46.6389951], [11.4633075, 46.6389455], [11.4632187, 46.6388619], [11.4631243, 46.6387942], [11.4630326, 46.6387277], [11.4627942, 46.6385523], [11.4625335, 46.6383915], [11.4624873, 46.638378], [11.4624012, 46.6383496], [11.4623764, 46.6383305], [11.4623658, 46.6383121], [11.4623477, 46.6382691], [11.4623277, 46.6382417], [11.4622938, 46.638207], [11.4622505, 46.6381803], [11.4621896, 46.6381303], [11.4620548, 46.6380272], [11.4618998, 46.6379266], [11.4617398, 46.6378337], [11.4616501, 46.6377965], [11.461505, 46.6377418], [11.4614526, 46.6377302], [11.4612096, 46.637702], [11.4611847, 46.6377006], [11.4611374, 46.6377083], [11.4610978, 46.6377075], [11.4610256, 46.6376997], [11.4609224, 46.6376983], [11.4608837, 46.6377015], [11.460813, 46.6377029], [11.4607681, 46.6377161], [11.4607381, 46.6377238], [11.4606956, 46.6377116], [11.4606735, 46.6377127], [11.4606754, 46.637735]]}, "properties": {"osm_id": "way/152668252", "highway": "path", "mtb:scale": "3", "sac_scale": "hiking", "surface": "dirt"}}, {"type": "Feature", "geometry": {"type": "LineString", "coordinates": [[11.4916483, 46.6405967], [11.4915613, 46.6406012], [11.4914973, 46.6406672], [11.4914853, 46.6407365], [11.4915059, 46.6408161], [11.4914973, 46.6408938], [11.4914552, 46.6409501]]}, "properties": {"osm_id": "way/152668272", "highway": "service", "surface": "unpaved", "tracktype": "grade1", "width": "5"}}, {"type": "Feature", "geometry": {"type": "LineString", "coordinates": [[11.4568367, 46.6395283], [11.4567423, 46.6396052], [11.4566213, 46.639799], [11.4564868, 46.6399542], [11.456301, 46.6401788], [11.4561542, 46.6403374], [11.4559988, 46.6404735], [11.4557561, 46.6406643], [11.4556831, 46.6407502], [11.4556226, 46.6408422], [11.4555656, 46.6409912], [11.455493, 46.6412339], [11.455391, 46.6414177], [11.4552835, 46.6415573], [11.4551914, 46.6416287], [11.4551099, 46.6416455], [11.4549849, 46.6416273], [11.4548581, 46.6415874], [11.45477, 46.6415951], [11.4546217, 46.6416442], [11.4543331, 46.6417675], [11.4542284, 46.6417675], [11.4540812, 46.6417262], [11.4536985, 46.6415447], [11.4535385, 46.6415022], [11.4532337, 46.6415422], [11.4527518, 46.6416551], [11.4523883, 46.6417531], [11.4520923, 46.6418323], [11.4520054, 46.6418492], [11.4518914, 46.6418714]]}, "properties": {"osm_id": "way/152668277", "highway": "track", "name": "Rittner Saltnerhütte", "source": "Geobrowser der Autonomen Provinz Bozen", "surface": "compacted", "tracktype": "grade1"}}, {"type": "Feature", "geometry": {"type": "LineString", "coordinates": [[11.4996479, 46.6379084], [11.4995442, 46.6379755], [11.4993214, 46.6380861], [11.4991227, 46.6381778], [11.4989205, 46.6383143]]}, "properties": {"osm_id": "way/152668280", "highway": "track"}}, {"type": "Feature", "geometry": {"type": "LineString", "coordinates": [[11.4953317, 46.6399587], [11.495086, 46.6398044], [11.4948455, 46.6396618], [11.4946488, 46.6395892], [11.4943755, 46.6396054], [11.4940634, 46.6396301], [11.4939496, 46.6396082]]}, "properties": {"osm_id": "way/152668281", "access": "private", "highway": "track"}}, {"type": "Feature", "geometry": {"type": "LineString", "coordinates": [[11.4645923, 46.6412362], [11.4647363, 46.6412057], [11.4648709, 46.6411374], [11.4650926, 46.6410157], [11.4652193, 46.6409026], [11.4653333, 46.6406677], [11.4653949, 46.640464], [11.4655906, 46.6402384], [11.4657462, 46.6399871], [11.4657824, 46.6399751], [11.4658132, 46.6399981], [11.4658977, 46.6402154], [11.4659138, 46.6402882], [11.4659071, 46.6404567], [11.4659138, 46.640511], [11.4660184, 46.6407798]]}, "properties": {"osm_id": "way/152668282", "highway": "track"}}, {"type": "Feature", "geometry": {"type": "LineString", "coordinates": [[11.4926275, 46.6415139], [11.4925834, 46.6415681]]}, "properties": {"osm_id": "way/152727877", "bridge": "yes", "highway": "track", "layer": "1", "surface": "unpaved", "width": "4"}}, {"type": "Feature", "geometry": {"type": "LineString", "coordinates": [[11.4914552, 46.6409501], [11.4913749, 46.6410054]]}, "properties": {"osm_id": "way/152727884", "bridge": "yes", "highway": "service", "layer": "1", "surface": "unpaved", "tracktype": "grade1", "width": "5"}}, {"type": "Feature", "geometry": {"type": "LineString", "coordinates": [[11.4925834, 46.6415681], [11.4925575, 46.6415959], [11.4926145, 46.6416566], [11.4926668, 46.6417229], [11.492691, 46.6417784], [11.4927037, 46.64183], [11.4927101, 46.6418728], [11.4927054, 46.6419253], [11.4926916, 46.6419642], [11.4926651, 46.6420077], [11.4926095, 46.6420629], [11.4925277, 46.6421384], [11.4924348, 46.6422369], [11.4923222, 46.6423663], [11.492231, 46.642501], [11.492179, 46.6425672], [11.4921257, 46.6426381], [11.492069, 46.6426876], [11.4919912, 46.6427424], [11.49189, 46.642788], [11.4917877, 46.6428177], [11.4916365, 46.6428336], [11.4914273, 46.6428338], [11.4913324, 46.6428195], [11.4912617, 46.6427997], [11.4911866, 46.6427742], [11.491139, 46.6427491], [11.4910974, 46.6427118], [11.4907714, 46.642404], [11.4906653, 46.6422825], [11.4905988, 46.6421868], [11.4905868, 46.6420997], [11.4905968, 46.6419911], [11.4906178, 46.6419237], [11.4906749, 46.641865], [11.490799, 46.6418037], [11.4909703, 46.6417296], [11.4911068, 46.6416617], [11.491319, 46.6415344], [11.491481, 46.6414485], [11.4916573, 46.6413931], [11.4917519, 46.6413786], [11.4918424, 46.6413758], [11.4919282, 46.6413843], [11.4920273, 46.6414082], [11.492237, 46.6414946], [11.4923932, 46.6415478], [11.4925575, 46.6415959]]}, "properties": {"osm_id": "way/152727890", "highway": "track", "lit": "no", "surface": "unpaved", "width": "4"}}, {"type": "Feature", "geometry": {"type": "LineString", "coordinates": [[11.4922266, 46.6390318], [11.4924952, 46.6389539], [11.4926822, 46.6389245], [11.4929022, 46.6389167], [11.4930542, 46.6389225], [11.4931914, 46.6389225]]}, "properties": {"osm_id": "way/152727895", "highway": "track"}}, {"type": "Feature", "geometry": {"type": "LineString", "coordinates": [[11.4913749, 46.6410054], [11.4912457, 46.6410304], [11.4910727, 46.6410055], [11.4909192, 46.6410039], [11.49075, 46.6410355], [11.4904909, 46.6411038], [11.4902204, 46.641217], [11.4900577, 46.6413055]]}, "properties": {"osm_id": "way/152727902", "highway": "service", "surface": "unpaved", "tracktype": "grade1", "width": "5"}}, {"type": "Feature", "geometry": {"type": "LineString", "coordinates": [[11.4191187, 46.5992576], [11.4192582, 46.599206], [11.419426, 46.5992197], [11.4196918, 46.5993229], [11.4199458, 46.5993412], [11.4202511, 46.5993094], [11.4206685, 46.599367], [11.4209641, 46.5994124], [11.4210821, 46.5994566], [11.4212752, 46.5995008], [11.4213932, 46.5994713], [11.4213514, 46.5993825], [11.4212221, 46.5992793], [11.4210499, 46.5991396], [11.4208405, 46.5990131]]}, "properties": {"osm_id": "way/157554555", "highway": "path"}}, {"type": "Feature", "geometry": {"type": "LineString", "coordinates": [[11.4256247, 46.5927984], [11.425564, 46.5930181], [11.4255667, 46.5931681], [11.425711, 46.5933882], [11.4260173, 46.593581], [11.4265109, 46.5938096], [11.4266444, 46.5938969], [11.4270044, 46.594075], [11.4273799, 46.5941561], [11.4277876, 46.5942077], [11.4281894, 46.5942582], [11.4284791, 46.5943614], [11.4287103, 46.5944362], [11.4288939, 46.5944659]]}, "properties": {"osm_id": "way/157557362", "highway": "service"}}, {"type": "Feature", "geometry": {"type": "LineString", "coordinates": [[11.4607998, 46.6212209], [11.4605101, 46.621523], [11.4598771, 46.6217588], [11.4594694, 46.6218325], [11.4591153, 46.6219283], [11.4588031, 46.6222997], [11.4584716, 46.6224367], [11.4576348, 46.6228494], [11.4574202, 46.6229304], [11.4569803, 46.6232915], [11.4565404, 46.623682]]}, "properties": {"osm_id": "way/162747201", "highway": "track"}}, {"type": "Feature", "geometry": {"type": "LineString", "coordinates": [[11.4598996, 46.6370398], [11.4600384, 46.6368678], [11.4602458, 46.636648], [11.4604438, 46.6364276], [11.4607699, 46.6361892], [11.4612668, 46.6360933], [11.4616148, 46.6360141], [11.4619257, 46.6358789], [11.4622621, 46.6357448], [11.4624779, 46.6356259], [11.4628771, 46.6355257], [11.4630988, 46.6354179], [11.4633436, 46.6352828], [11.4634653, 46.6352055], [11.4635629, 46.6351614], [11.4636295, 46.6351462], [11.4636975, 46.6351467], [11.4638057, 46.635142], [11.4638764, 46.6351317], [11.4639756, 46.6350805], [11.4640441, 46.6350476], [11.4641299, 46.6350229], [11.4643008, 46.6350124], [11.4644602, 46.6350162], [11.4645659, 46.6350053], [11.4647179, 46.6349768], [11.4648824, 46.6349005], [11.4650389, 46.6347948], [11.4651851, 46.6346897], [11.4655378, 46.6345763], [11.465656, 46.634501], [11.4659347, 46.634296], [11.4662448, 46.63406], [11.4663432, 46.6339999], [11.466394, 46.633969], [11.4665228, 46.633864], [11.4668443, 46.6335303], [11.4673479, 46.6332298], [11.4678356, 46.6327446], [11.4681052, 46.6324481], [11.4682956, 46.6321785], [11.4684252, 46.6318405], [11.4685357, 46.6316606], [11.468578, 46.6315489], [11.4685743, 46.6314493], [11.4685279, 46.6313037], [11.468499, 46.6312262], [11.4685082, 46.6311733]]}, "properties": {"osm_id": "way/162747203", "highway": "track"}}, {"type": "Feature", "geometry": {"type": "LineString", "coordinates": [[11.5256765, 46.6494274], [11.5256027, 46.6492969], [11.5254622, 46.649205], [11.5253884, 46.6490192], [11.5251298, 46.6486468], [11.5248459, 46.6481683], [11.5246997, 46.6479329], [11.5245732, 46.6477824], [11.5243933, 46.6477071], [11.5241909, 46.6476782], [11.5239548, 46.6475334], [11.5238649, 46.6474871], [11.5237601, 46.6474409], [11.5237, 46.6474333], [11.5234996, 46.6474277], [11.5232148, 46.6475215], [11.5230149, 46.6475985], [11.5227482, 46.6476152], [11.5223667, 46.6475167], [11.52215, 46.6474333], [11.5219167, 46.6472333], [11.5217, 46.6470833], [11.5212167, 46.64695], [11.5209833, 46.6469334], [11.5206167, 46.6468], [11.519746, 46.6461724], [11.5192924, 46.6459378], [11.5190111, 46.6458581], [11.5186457, 46.6455567], [11.5181537, 46.6452826], [11.5178259, 46.6451186], [11.5175276, 46.6450272], [11.5171429, 46.6449164], [11.5168412, 46.6449385], [11.5165977, 46.645055], [11.51635, 46.6450833], [11.5158446, 46.6449481], [11.5155866, 46.6448194], [11.5153409, 46.6446395], [11.5148167, 46.6445167], [11.5144631, 46.6443289], [11.5141, 46.6441333], [11.51355, 46.6438], [11.5129972, 46.6435171], [11.5128334, 46.6434333], [11.5125555, 46.6433786], [11.5121167, 46.6432333], [11.511685, 46.6431623], [11.5115089, 46.6431068], [11.5114, 46.6430539], [11.5112284, 46.642894], [11.5109031, 46.6427902], [11.5106158, 46.6427572], [11.5102247, 46.6425748], [11.5099036, 46.6424481], [11.5095978, 46.6422931], [11.5094202, 46.6422758], [11.5092667, 46.6421833], [11.5090594, 46.6420677], [11.5087718, 46.6418633], [11.508398, 46.6416349], [11.5079518, 46.6414989], [11.5074792, 46.6413232], [11.5071279, 46.6411108], [11.5068149, 46.6409052], [11.5064833, 46.6407833], [11.5062314, 46.6407165], [11.5056556, 46.6406866], [11.5049758, 46.6405405], [11.5043076, 46.640234], [11.5040111, 46.6401181], [11.503738, 46.6399874], [11.5036276, 46.6399712], [11.5035158, 46.6400043], [11.5034176, 46.6400136], [11.5032955, 46.6399895], [11.5031941, 46.6399608], [11.5030153, 46.6399137], [11.5028098, 46.6398145], [11.5027071, 46.6397857], [11.5023988, 46.6398145], [11.5021895, 46.6398145], [11.5020107, 46.6397518], [11.5018357, 46.6396394], [11.5017322, 46.6396226], [11.5015963, 46.639618], [11.5014456, 46.6396125], [11.5013326, 46.6395995], [11.5012048, 46.639557], [11.5010998, 46.6395053], [11.5008684, 46.6394562], [11.5007139, 46.6394407], [11.5005548, 46.6394371], [11.5004518, 46.6394341], [11.5003412, 46.6394447], [11.5001719, 46.6395207], [11.4999805, 46.6395686], [11.4997085, 46.6395895], [11.4993682, 46.6396699], [11.499257, 46.6397013], [11.499145, 46.6397151], [11.4990123, 46.6397199], [11.4988532, 46.6397564], [11.4986042, 46.6397682], [11.4984526, 46.6397603], [11.4981979, 46.6396856], [11.4980892, 46.639664], [11.4979434, 46.6396648], [11.4978195, 46.6397033], [11.4976373, 46.6397392], [11.4975911, 46.6397432], [11.4975321, 46.639722], [11.4974625, 46.6397174], [11.4973466, 46.6397287], [11.4972618, 46.6397093], [11.4971092, 46.6397355], [11.4969107, 46.6397195], [11.4965124, 46.6396911], [11.4961519, 46.6396033], [11.496035, 46.6395621], [11.4959262, 46.6395159], [11.4958107, 46.6394764]]}, "properties": {"osm_id": "way/167599316", "highway": "path", "mtb:scale": "2", "name": "Wasserwaal", "sac_scale": "hiking"}}, {"type": "Feature", "geometry": {"type": "LineString", "coordinates": [[11.464258, 46.628442], [11.4642517, 46.6285074], [11.4642226, 46.6286217], [11.4641989, 46.6286858], [11.4641725, 46.6287334], [11.4641003, 46.6287999]]}, "properties": {"osm_id": "way/169324259", "highway": "track"}}, {"type": "Feature", "geometry": {"type": "LineString", "coordinates": [[11.4646147, 46.6286202], [11.4646523, 46.6287633], [11.4646732, 46.6289043], [11.4646562, 46.6289966], [11.4646231, 46.6290785], [11.4645175, 46.6291919]]}, "properties": {"osm_id": "way/169324260", "highway": "track"}}, {"type": "Feature", "geometry": {"type": "LineString", "coordinates": [[11.4705598, 46.5868546], [11.4703398, 46.5871477], [11.4701615, 46.5872564], [11.4701172, 46.5874822], [11.4700254, 46.5877684], [11.4696026, 46.5884114], [11.46945, 46.588656], [11.4693856, 46.588844], [11.469391, 46.5889564], [11.4693454, 46.5890744], [11.4694205, 46.58922], [11.4695466, 46.589397], [11.4695412, 46.5894854], [11.4695788, 46.589585], [11.4694607, 46.5897011], [11.4694232, 46.589843], [11.4692837, 46.5898965], [11.4692033, 46.589996], [11.4690276, 46.5902872], [11.4690155, 46.5904624], [11.4689136, 46.5907591], [11.4689726, 46.5909951], [11.468876, 46.5911775], [11.4688385, 46.5914098], [11.4687634, 46.5915922], [11.46864, 46.5916789], [11.4684361, 46.5917397], [11.4682162, 46.5919572], [11.4680754, 46.5920042], [11.4677482, 46.5920208], [11.4675041, 46.5921664], [11.4671564, 46.5922454], [11.4660235, 46.5924695], [11.4658518, 46.5928824], [11.4666243, 46.5936019], [11.466825, 46.5939544], [11.4674423, 46.5946394], [11.4674021, 46.5947426], [11.4672063, 46.5948772], [11.4671339, 46.5950486], [11.4669971, 46.5951739], [11.4669676, 46.5952237], [11.4668469, 46.5952992], [11.4666377, 46.5952955], [11.4656774, 46.5957747], [11.4653851, 46.5962263], [11.4649935, 46.5965627], [11.4641524, 46.5970817], [11.4642554, 46.5977009], [11.4645987, 46.5980371], [11.4646622, 46.5985273], [11.4645791, 46.5986342], [11.4643886, 46.5987005], [11.4639568, 46.5989272], [11.4636161, 46.5990138], [11.4634713, 46.599082], [11.463246, 46.5991281], [11.4631468, 46.5991834], [11.4630287, 46.5992331], [11.4625915, 46.5993363], [11.4623931, 46.5994174], [11.4616119, 46.5995315]]}, "properties": {"osm_id": "way/173678926", "highway": "path", "mtb:scale": "2"}}, {"type": "Feature", "geometry": {"type": "LineString", "coordinates": [[11.4722769, 46.5833952], [11.4723826, 46.5835209], [11.4724557, 46.5837399], [11.4725217, 46.5839303], [11.4725955, 46.5841753], [11.4726425, 46.5844235], [11.4726619, 46.5846644], [11.4726968, 46.5849302], [11.4727516, 46.5851699], [11.4727938, 46.5853695], [11.4729719, 46.5859531], [11.4729719, 46.5865432], [11.4731969, 46.5869135], [11.4728298, 46.5883376], [11.4727824, 46.5888625], [11.4723265, 46.5897821], [11.4721785, 46.590364], [11.4724568, 46.5907383], [11.4725023, 46.5909135], [11.4724379, 46.5909964], [11.4723601, 46.5910167], [11.4722582, 46.5909411], [11.4721785, 46.5907505], [11.4719772, 46.5905023], [11.4717936, 46.5901605], [11.4716634, 46.5895706], [11.4715094, 46.589245], [11.4713436, 46.5887405], [11.4710269, 46.5882725], [11.4709554, 46.5873301], [11.4708441, 46.5870887], [11.4705598, 46.5868546]]}, "properties": {"osm_id": "way/173691561", "highway": "track", "tracktype": "grade2"}}, {"type": "Feature", "geometry": {"type": "LineString", "coordinates": [[11.4949974, 46.6128633], [11.4951718, 46.6126474], [11.4955451, 46.6123393], [11.4959361, 46.6121024], [11.4963199, 46.6118047]]}, "properties": {"osm_id": "way/182436215", "highway": "path", "mtb:scale": "1", "sac_scale": "mountain_hiking", "surface": "dirt", "trail_visibility": "intermediate"}}, {"type": "Feature", "geometry": {"type": "LineString", "coordinates": [[11.487622, 46.6178206], [11.4879074, 46.6175724], [11.4880689, 46.6175479], [11.4881636, 46.6175163], [11.4885247, 46.6173585], [11.4886792, 46.6173469], [11.4888911, 46.617367], [11.4889584, 46.6173655], [11.4890621, 46.6173354], [11.4891607, 46.6173487], [11.4892087, 46.617372], [11.4893061, 46.6173555], [11.4895218, 46.617214], [11.4896632, 46.6171515], [11.489789, 46.6170485], [11.4899337, 46.6170386], [11.4901874, 46.6169966], [11.4903863, 46.6169472], [11.4906756, 46.6168816], [11.4909405, 46.6167667], [11.4911506, 46.6166978], [11.4914251, 46.616656], [11.4916421, 46.6166406], [11.4917133, 46.6166213], [11.4918615, 46.6165267], [11.4918908, 46.6165262], [11.4920709, 46.6164693], [11.4922927, 46.6164638], [11.4924276, 46.6164331], [11.4926241, 46.6163519], [11.4928684, 46.6162816], [11.4929701, 46.6162377], [11.4930481, 46.6162087], [11.4931654, 46.6162125], [11.4932662, 46.6161936], [11.4933484, 46.6161459], [11.4933897, 46.6160365], [11.493438, 46.6159481], [11.4935173, 46.6158722], [11.4936612, 46.6157806], [11.4937816, 46.6157376], [11.4940415, 46.6155847], [11.4940471, 46.6155458], [11.4941438, 46.6154663], [11.4942668, 46.6153158], [11.4943319, 46.6151871], [11.4943442, 46.6151283], [11.4945146, 46.615103], [11.4946174, 46.6150597], [11.4947755, 46.6149533], [11.4952867, 46.6144259], [11.4953994, 46.6141335], [11.4954416, 46.6140554], [11.4955712, 46.6139702], [11.4958291, 46.6138397], [11.495931, 46.6137656], [11.495955, 46.613678], [11.4959486, 46.6135867], [11.4959696, 46.6135407], [11.4960384, 46.6135074], [11.4959936, 46.6134179], [11.496058, 46.613319], [11.4960793, 46.6132423], [11.4961476, 46.6127304], [11.4961444, 46.6125223], [11.49625, 46.6122197], [11.4963199, 46.6118047], [11.4963652, 46.6115839], [11.4964059, 46.6114978], [11.4966189, 46.6111658], [11.4966374, 46.6110659], [11.4967165, 46.6109298], [11.4967412, 46.6108114], [11.4968267, 46.6106954], [11.4968701, 46.6106374]]}, "properties": {"osm_id": "way/182436216", "highway": "path", "mtb:scale": "1", "sac_scale": "mountain_hiking", "surface": "dirt", "trail_visibility": "intermediate", "width": "1"}}, {"type": "Feature", "geometry": {"type": "LineString", "coordinates": [[11.4583715, 46.6031724], [11.4583378, 46.6034297], [11.4582061, 46.6036479]]}, "properties": {"osm_id": "way/182436681", "highway": "path", "mtb:scale": "0", "sac_scale": "hiking", "surface": "dirt", "trail_visibility": "good"}}, {"type": "Feature", "geometry": {"type": "LineString", "coordinates": [[11.4501432, 46.588825], [11.4503489, 46.5887285], [11.4505956, 46.5884115], [11.45088, 46.58784], [11.4510989, 46.5873321], [11.4514439, 46.5868156], [11.4515827, 46.5863838], [11.4516095, 46.5861442], [11.4517758, 46.5858677], [11.451808, 46.5855211], [11.451808, 46.5851377], [11.4517463, 46.584745], [11.451808, 46.5843782], [11.4518268, 46.5842436], [11.4519475, 46.5840095], [11.4520816, 46.5836961], [11.452162, 46.5834215], [11.4521191, 46.5832869], [11.4523444, 46.5829993], [11.4525631, 46.5828472], [11.4526336, 46.5827792]]}, "properties": {"osm_id": "way/184129373", "bicycle": "no", "foot": "yes", "highway": "path", "sac_scale": "hiking", "width": "1"}}, {"type": "Feature", "geometry": {"type": "LineString", "coordinates": [[11.466212, 46.599999], [11.4663272, 46.5999267], [11.4665422, 46.599878], [11.4668428, 46.5997639], [11.4670359, 46.599695], [11.4673609, 46.5994683], [11.4674611, 46.5994062], [11.4677544, 46.5993021], [11.468011, 46.599109], [11.4682358, 46.5989159], [11.4682603, 46.5987748]]}, "properties": {"osm_id": "way/205356415", "highway": "track", "name": "Pennleger", "source": "Geobrowser der Autonomen Provinz Bozen"}}, {"type": "Feature", "geometry": {"type": "LineString", "coordinates": [[11.4816627, 46.6404256], [11.4817264, 46.640427], [11.4818639, 46.6404488], [11.4819554, 46.64045], [11.4820225, 46.6404362], [11.4820637, 46.6404191], [11.4821066, 46.640386], [11.4821338, 46.640351], [11.4821563, 46.6403027], [11.4822176, 46.6401629], [11.4822538, 46.640122], [11.4823162, 46.640075], [11.4825214, 46.6399608], [11.482691, 46.6398522], [11.4829633, 46.6396864], [11.4837691, 46.6392832], [11.484209, 46.63909], [11.4848757, 46.6387532], [11.4852566, 46.6385387], [11.4853558, 46.6384678], [11.4854114, 46.6383858], [11.4855361, 46.6381141], [11.4856066, 46.6379843], [11.4857011, 46.637924], [11.48596, 46.6377109], [11.4862664, 46.6374397], [11.4864112, 46.6372818], [11.4864984, 46.6372095], [11.4867928, 46.636912], [11.487057, 46.6366335], [11.4872843, 46.63647], [11.4875438, 46.6362776], [11.4878496, 46.6361128], [11.4880219, 46.636011], [11.4881546, 46.6358774], [11.4882668, 46.6357008], [11.4884877, 46.635293], [11.4886475, 46.6350745], [11.4887086, 46.6349198], [11.4887374, 46.6347812], [11.4887816, 46.6343788], [11.4887775, 46.634266], [11.4887515, 46.6341638], [11.4887086, 46.634097], [11.4886381, 46.6340302], [11.4885174, 46.6339727], [11.4882922, 46.6339427], [11.4880495, 46.6339203], [11.487981, 46.6338944], [11.4879481, 46.6338482], [11.4879414, 46.6337093], [11.4879797, 46.6335905], [11.4880604, 46.6334976], [11.4881908, 46.6333583], [11.4882492, 46.6332203], [11.4882596, 46.633045], [11.4882234, 46.6327466], [11.4881654, 46.6325825], [11.4881661, 46.6324818], [11.4882103, 46.6323883], [11.4882968, 46.6323073], [11.4884712, 46.6322359], [11.48885, 46.632194], [11.4890043, 46.6321442], [11.4891179, 46.6320727], [11.4891867, 46.6320093], [11.4892121, 46.631914], [11.4892517, 46.6315457], [11.4892128, 46.6314421], [11.4887594, 46.6308417], [11.4887126, 46.6307794], [11.4887014, 46.6307124], [11.488763, 46.630506], [11.4887924, 46.6304253], [11.4887816, 46.6303494], [11.4887195, 46.6302473], [11.4885855, 46.6300956], [11.4885644, 46.6300455], [11.4885879, 46.6300049], [11.4886522, 46.6299755], [11.488734, 46.6299598], [11.4888842, 46.6299428], [11.4891833, 46.6298714], [11.4892832, 46.6298617], [11.4896024, 46.6298663], [11.4899725, 46.6298544], [11.4902623, 46.6298867], [11.4907477, 46.6300178], [11.4908617, 46.6300362], [11.4909569, 46.630039], [11.4911078, 46.6300243], [11.4911769, 46.6300266], [11.4914558, 46.6300349], [11.4915671, 46.6300316], [11.4916429, 46.6300114], [11.4919916, 46.62987], [11.4920734, 46.6298424], [11.492174, 46.6298313], [11.4923671, 46.6297963], [11.4924784, 46.6297581], [11.4925716, 46.6296992], [11.4926487, 46.6296246], [11.4927346, 46.6295551], [11.4932391, 46.6292998], [11.4934084, 46.6291667], [11.4936691, 46.6289737], [11.4942165, 46.6287345], [11.4944431, 46.6286539], [11.4946631, 46.6285963], [11.4948367, 46.6285696], [11.4949863, 46.6285678], [11.4951117, 46.628577], [11.495221, 46.6285751], [11.4952987, 46.6285627], [11.4953732, 46.6285222], [11.495451, 46.6284812], [11.4955468, 46.6284504], [11.4956414, 46.6284411], [11.4957181, 46.6284175], [11.4959262, 46.6283001], [11.4960243, 46.6282164], [11.4960605, 46.628169], [11.496078, 46.6281136], [11.4960668, 46.6280371], [11.4959875, 46.6279777], [11.4958069, 46.62792], [11.495522, 46.6278361], [11.4953966, 46.6277942], [11.4953148, 46.6277509], [11.495249, 46.6277057], [11.4951975, 46.6276602], [11.495173, 46.6276012], [11.4951223, 46.6273973], [11.4951466, 46.6271833], [11.4951987, 46.6270991], [11.4954177, 46.6269385], [11.4955259, 46.62683], [11.49564, 46.626659], [11.4957452, 46.6265517], [11.4958104, 46.626308], [11.4958425, 46.6261453], [11.4957983, 46.6258665], [11.4957695, 46.625785], [11.4957192, 46.6256901], [11.4955401, 46.6254539], [11.4954834, 46.6253083], [11.4954072, 46.6252254], [11.495283, 46.6251639], [11.4951625, 46.6251119], [11.4951114, 46.6250744], [11.4950994, 46.6250227], [11.4951309, 46.6249806], [11.4951862, 46.6249469], [11.4952786, 46.6248882], [11.4953108, 46.624824], [11.4952853, 46.6247063], [11.4951621, 46.6245446], [11.4951078, 46.6244228], [11.4951802, 46.6242884], [11.4955134, 46.6241342], [11.4957876, 46.6240431], [11.4958592, 46.6240028], [11.4958897, 46.6239335], [11.4958719, 46.6238134], [11.4958393, 46.623704], [11.49589, 46.6235871], [11.4960566, 46.623413], [11.496111, 46.6233135], [11.4962025, 46.6231811], [11.4962631, 46.6230546], [11.4963068, 46.6229728], [11.4965759, 46.6228481], [11.4967851, 46.6226862], [11.4969025, 46.6226275], [11.4971401, 46.6225399], [11.4972712, 46.6224646], [11.497336, 46.6224621], [11.4973536, 46.6224811], [11.4973077, 46.6225675], [11.4971752, 46.6226871], [11.4971084, 46.6227644], [11.4970196, 46.6229345], [11.4968891, 46.6230501], [11.4968534, 46.6231145], [11.4968548, 46.6231796], [11.4968968, 46.6232762], [11.4971437, 46.6235111], [11.4976554, 46.6239206], [11.4976982, 46.6239839], [11.4977048, 46.624037], [11.4976659, 46.6241512], [11.4976573, 46.6242138], [11.4977233, 46.6243016], [11.4979507, 46.6244203], [11.4983599, 46.6248854], [11.4985156, 46.6252858], [11.4986967, 46.6258006], [11.4987262, 46.6258661], [11.4987997, 46.6259351], [11.4989469, 46.6260304], [11.4989995, 46.6260788], [11.499019, 46.6261289], [11.4990215, 46.6262038], [11.4989782, 46.6262904], [11.4988597, 46.6264672], [11.4988741, 46.626589]]}, "properties": {"osm_id": "way/205356419", "highway": "track", "name": "12 Florweg", "ref:hiking": "12"}}, {"type": "Feature", "geometry": {"type": "LineString", "coordinates": [[11.5017901, 46.6352821], [11.5016958, 46.6352099], [11.5014943, 46.6350924], [11.501096, 46.6348885], [11.5002775, 46.6347642], [11.4995677, 46.6347194], [11.4989955, 46.6348089], [11.4982422, 46.6348935], [11.4979443, 46.6349103], [11.4976404, 46.6348789], [11.4974605, 46.6348341], [11.4968905, 46.6346112], [11.4966923, 46.6344658], [11.4966217, 46.6343331], [11.4966837, 46.6342416], [11.4967864, 46.634227], [11.4970761, 46.6342121], [11.4976049, 46.6340629], [11.4978317, 46.634046], [11.4981734, 46.6341046], [11.4986825, 46.6340974], [11.4992525, 46.6339909], [11.4994987, 46.6339182], [11.5000273, 46.6338556], [11.500265, 46.6337513], [11.5007667, 46.6336443]]}, "properties": {"osm_id": "way/205356429", "highway": "service"}}, {"type": "Feature", "geometry": {"type": "LineString", "coordinates": [[11.4641546, 46.6275385], [11.4649994, 46.6273521], [11.4655102, 46.6269852], [11.4658258, 46.62685], [11.4660112, 46.6267859], [11.4661748, 46.6267737], [11.4663545, 46.6267785], [11.4666525, 46.6268518], [11.4668466, 46.6268811], [11.4669815, 46.6268946], [11.4671635, 46.6268852], [11.46729, 46.6268922], [11.4684518, 46.6270825], [11.4687087, 46.627181], [11.4688487, 46.6271872], [11.4689898, 46.6271934], [11.4698411, 46.6271031], [11.4702813, 46.627092], [11.4707415, 46.6272616], [11.4709449, 46.6273158], [11.4711342, 46.6272982]]}, "properties": {"osm_id": "way/205356432", "foot": "yes", "highway": "track", "name": "Kapatsch - 4B  -  Alpe Cupaccia - 4B", "name:de": "Kapatsch - 4B", "name:it": "Alpe Cupaccia - 4B", "ref:hiking": "4B", "source": "Geobrowser der Autonomen Provinz Bozen", "surface": "gravel", "tracktype": "grade3"}}, {"type": "Feature", "geometry": {"type": "LineString", "coordinates": [[11.4678596, 46.6079658], [11.4677871, 46.6080276], [11.4676274, 46.608141], [11.4675502, 46.6082206], [11.4674686, 46.6082612], [11.467402, 46.6083068], [11.467375, 46.6084203]]}, "properties": {"osm_id": "way/205356439", "highway": "track", "surface": "gravel", "tracktype": "grade2", "width": "2"}}, {"type": "Feature", "geometry": {"type": "LineString", "coordinates": [[11.4590636, 46.6361751], [11.4590017, 46.6360244], [11.4589193, 46.6359175], [11.4588422, 46.6358181], [11.4587691, 46.6357131], [11.4586129, 46.6356086], [11.4581818, 46.6355047], [11.4578739, 46.6353841], [11.4576457, 46.6351918], [11.4575153, 46.6349432], [11.4574235, 46.6348461], [11.4573489, 46.6348316], [11.4571613, 46.6348622], [11.4569555, 46.6348626], [11.4558564, 46.6347644], [11.4554415, 46.6346764], [11.4547706, 46.6344795], [11.4544223, 46.634418], [11.4539588, 46.6343388], [11.4536055, 46.6343582], [11.4534749, 46.6343388], [11.4527937, 46.6340856], [11.4526682, 46.633952], [11.4525811, 46.6338993], [11.452384, 46.6338553], [11.4520101, 46.6336091], [11.4517975, 46.6334438], [11.4515876, 46.6333243], [11.4513469, 46.6332188], [11.4507681, 46.6328302], [11.4506068, 46.6326895], [11.4503738, 46.6325453], [11.4502534, 46.6324099], [11.4500741, 46.6323536], [11.449877, 46.6323431], [11.4497454, 46.63229], [11.4494718, 46.6322255], [11.4491124, 46.6321592], [11.4488951, 46.6320763], [11.4486511, 46.6319382], [11.4484311, 46.6318553], [11.4482621, 46.6317816], [11.448128, 46.6316988], [11.4479805, 46.6315367], [11.4478464, 46.6314133], [11.4478008, 46.6313267], [11.4474977, 46.6311075], [11.4473207, 46.6309989], [11.4472805, 46.6308644], [11.4473073, 46.6307171], [11.4473126, 46.6306434]]}, "properties": {"osm_id": "way/205356440", "highway": "track", "name": "Sprafoler ALm", "source": "Geobrowser der Autonomen Provinz Bozen"}}, {"type": "Feature", "geometry": {"type": "LineString", "coordinates": [[11.4486974, 46.6381791], [11.4488791, 46.6382546], [11.4490903, 46.6383614], [11.4491802, 46.638384], [11.4492801, 46.6383725], [11.4493599, 46.6383278], [11.4494504, 46.6382486], [11.4496026, 46.6381634], [11.4497522, 46.6381225], [11.4499815, 46.6381197], [11.4501753, 46.6381349], [11.4502913, 46.6381197], [11.4504428, 46.6380677], [11.4506212, 46.6380193], [11.4512093, 46.6379346], [11.4513856, 46.637918], [11.4515734, 46.6379383], [11.4524786, 46.6381179], [11.4533666, 46.6382879], [11.4537779, 46.638382], [11.4542502, 46.638481], [11.4543667, 46.6384938], [11.4545401, 46.6385482], [11.4547097, 46.6386583], [11.4548644, 46.6387728], [11.455063, 46.6388932], [11.4552885, 46.6389917], [11.455365, 46.6389648], [11.4554144, 46.6387622], [11.4555896, 46.6386163], [11.4558368, 46.6383711], [11.4560717, 46.6381906], [11.4562084, 46.6380678], [11.4564784, 46.637933], [11.4567379, 46.6378247], [11.4568781, 46.6376754], [11.4570483, 46.6375844], [11.4572393, 46.637478], [11.4572953, 46.6374008]]}, "properties": {"osm_id": "way/205356441", "highway": "track", "surface": "gravel"}}, {"type": "Feature", "geometry": {"type": "LineString", "coordinates": [[11.4858104, 46.6335804], [11.4860875, 46.6333198], [11.4862505, 46.6331258], [11.4862324, 46.6328871], [11.486207, 46.6326832], [11.4863048, 46.6324843], [11.4865591, 46.6320352]]}, "properties": {"osm_id": "way/205356459", "highway": "track"}}, {"type": "Feature", "geometry": {"type": "LineString", "coordinates": [[11.4572953, 46.6374008], [11.4578063, 46.6371776], [11.4582223, 46.636805], [11.4583683, 46.6367564], [11.4586176, 46.6365533], [11.4589353, 46.6364426], [11.4590182, 46.6364436], [11.459224, 46.6364834], [11.4593495, 46.6364903]]}, "properties": {"osm_id": "way/205356460", "fixme": "layout does not seem correct", "highway": "path", "sac_scale": "hiking"}}, {"type": "Feature", "geometry": {"type": "LineString", "coordinates": [[11.4685544, 46.6022285], [11.4685913, 46.6022794], [11.4686523, 46.6023112], [11.4688947, 46.6023444], [11.4690463, 46.60234], [11.4691727, 46.6023052], [11.469296, 46.6022895], [11.4693832, 46.6022935], [11.4694992, 46.6023207], [11.4696277, 46.6023474], [11.4697339, 46.6023543], [11.4698903, 46.6023516], [11.4699492, 46.6023587], [11.4700031, 46.6023757], [11.470252, 46.6024577], [11.4704445, 46.6024828], [11.4705006, 46.6025037], [11.4705302, 46.6025334], [11.4704802, 46.6025742], [11.4704319, 46.6025768], [11.4703365, 46.6025673], [11.4702293, 46.6025624], [11.4700032, 46.6025839], [11.4698428, 46.6026124], [11.4697106, 46.6026408], [11.469608, 46.6026722], [11.4694772, 46.6027662], [11.4693603, 46.6029346], [11.4693153, 46.6030706], [11.4692792, 46.6032624], [11.4692378, 46.6033051], [11.4691479, 46.6033146], [11.4690663, 46.6032803], [11.4688954, 46.6031968], [11.4687895, 46.6031704], [11.4687138, 46.6031855], [11.4686579, 46.6032548], [11.4685399, 46.6034951], [11.4684843, 46.6035782], [11.4680041, 46.6039186], [11.4679954, 46.6039654], [11.4680314, 46.6039948], [11.4681057, 46.6039848], [11.4682321, 46.6039135], [11.4685502, 46.6037878], [11.4687411, 46.6037431], [11.4688529, 46.6037393], [11.4689772, 46.6037624], [11.469338, 46.6038584], [11.4695156, 46.6039026], [11.4695709, 46.6038897], [11.4696352, 46.603856], [11.4698164, 46.6037387], [11.4700351, 46.6036437], [11.4702191, 46.6035764], [11.470399, 46.6035544], [11.4706237, 46.6035663], [11.4708832, 46.6036254], [11.4713242, 46.603887], [11.4715436, 46.6041316], [11.4716607, 46.6042713], [11.4718201, 46.6043756], [11.4719054, 46.6044487], [11.4719572, 46.6045448], [11.4719557, 46.6046816], [11.471931, 46.6049537], [11.4719683, 46.605071], [11.4719569, 46.6051187], [11.4719035, 46.60514], [11.47183, 46.6051096], [11.471741, 46.6050391], [11.4716662, 46.6050037], [11.4715484, 46.604979], [11.4709955, 46.604951], [11.4706193, 46.6049231], [11.4702978, 46.6049289], [11.4700981, 46.6049575], [11.469891, 46.60501], [11.4697838, 46.6050076], [11.4696179, 46.6049815], [11.469338, 46.6050005], [11.4690791, 46.6050708], [11.4688556, 46.6052263], [11.468755, 46.6055084], [11.4688109, 46.605708], [11.4689087, 46.6058501], [11.4689031, 46.6059748], [11.4689031, 46.6060996], [11.4688973, 46.6062304], [11.4689336, 46.6064774], [11.4688766, 46.6067136], [11.4688611, 46.6068976], [11.4687993, 46.6071019], [11.4687142, 46.6072645], [11.4686226, 46.6073393], [11.4684455, 46.6075334]]}, "properties": {"osm_id": "way/205356461", "highway": "track", "tracktype": "grade2"}}, {"type": "Feature", "geometry": {"type": "LineString", "coordinates": [[11.4568367, 46.6395283], [11.4568689, 46.6396388], [11.4569414, 46.6398064], [11.456976, 46.640095], [11.4569534, 46.6402097], [11.4570272, 46.6405513], [11.4570505, 46.6407249], [11.4568865, 46.6408606], [11.4568247, 46.641008], [11.4567766, 46.6413054], [11.4566859, 46.64149], [11.4565949, 46.6415589], [11.456449, 46.6416996], [11.4563779, 46.6418895], [11.4561684, 46.6423309], [11.4560666, 46.642721], [11.4560779, 46.6428568], [11.455976, 46.6433131], [11.4558178, 46.6434901], [11.4555039, 46.6439834], [11.4552139, 46.6442426], [11.4551193, 46.6444666], [11.4551034, 46.6446683], [11.4548947, 46.6449602], [11.4547184, 46.645169], [11.4545041, 46.6455842], [11.4542486, 46.645961], [11.4541136, 46.6460658], [11.4540314, 46.6461783], [11.4540026, 46.6463769], [11.4538999, 46.6464268], [11.4537877, 46.6467868], [11.4537015, 46.6469406], [11.4530701, 46.6475296], [11.4527982, 46.6477009], [11.4527128, 46.6477513], [11.4525268, 46.6479921], [11.4524086, 46.6481568], [11.4524174, 46.6481738], [11.4524113, 46.6481914], [11.4523977, 46.6482467], [11.4523802, 46.6482828], [11.4523611, 46.6483021], [11.4522884, 46.6483754], [11.4522736, 46.6483983], [11.4522549, 46.6484413], [11.4522242, 46.6485011], [11.4522114, 46.648532], [11.4522117, 46.6485729], [11.4522078, 46.6486091], [11.4521912, 46.6486376], [11.4521793, 46.6486909], [11.4521528, 46.6487395], [11.4521518, 46.6487708], [11.4521574, 46.6487803], [11.4521985, 46.6488168], [11.4521945, 46.6488277], [11.4521389, 46.6488688], [11.4521256, 46.6488833], [11.4521446, 46.6489019], [11.4521888, 46.6489372], [11.4522183, 46.6489676], [11.4522416, 46.6489879]]}, "properties": {"osm_id": "way/205356477", "highway": "path", "sac_scale": "mountain_hiking", "surface": "dirt", "width": "1"}}, {"type": "Feature", "geometry": {"type": "LineString", "coordinates": [[11.5061569, 46.6164263], [11.505879, 46.6166089], [11.5058228, 46.6166301], [11.5056943, 46.6167209], [11.5052579, 46.6169335], [11.5050297, 46.617145], [11.5047111, 46.6173552], [11.504528, 46.6175617], [11.5044245, 46.617601], [11.5041244, 46.6177855], [11.5039578, 46.6179335], [11.503822, 46.6181014], [11.5037441, 46.6183166], [11.5036554, 46.6183427], [11.5033385, 46.6183514], [11.5031574, 46.6184298], [11.5030434, 46.6185728], [11.5030702, 46.6188204], [11.5029411, 46.6189558], [11.5027476, 46.6191349], [11.5025961, 46.619416], [11.5026215, 46.6196001], [11.5025943, 46.6197257], [11.5027301, 46.6201336], [11.5027229, 46.620401], [11.5026903, 46.620559], [11.5026233, 46.6206211], [11.5024875, 46.6207032], [11.5024277, 46.6207691], [11.5024947, 46.6208898], [11.5025056, 46.6210104], [11.5024422, 46.6211497], [11.5024494, 46.6213039], [11.5025291, 46.6214469], [11.5025182, 46.6216559], [11.5023028, 46.6219817], [11.5022991, 46.6221297], [11.5021543, 46.6223995], [11.5020764, 46.6225189], [11.5019913, 46.622744], [11.5018917, 46.6228398], [11.5018338, 46.6229492], [11.5018229, 46.6230425], [11.501765, 46.6231109], [11.5017523, 46.6231718], [11.5015875, 46.6233484], [11.5015821, 46.6234939], [11.5014662, 46.6234989], [11.5013268, 46.6235561], [11.5012181, 46.6236431], [11.5010841, 46.6236991], [11.501066, 46.6237725], [11.5010045, 46.6238322], [11.5007673, 46.6239055], [11.5007673, 46.6239516], [11.5006115, 46.6240262], [11.5004069, 46.6240697], [11.5002168, 46.6240884], [11.5001643, 46.6241132], [11.5001806, 46.6241655], [11.5005789, 46.6243992], [11.5010697, 46.6245074], [11.5012706, 46.6245137], [11.5015368, 46.6246393], [11.5018121, 46.6248718], [11.5018542, 46.6251388], [11.5019719, 46.6254618], [11.5019943, 46.6255597], [11.5019684, 46.6256939], [11.5019894, 46.6257777]]}, "properties": {"osm_id": "way/205356480", "highway": "path"}}, {"type": "Feature", "geometry": {"type": "LineString", "coordinates": [[11.4705734, 46.596309], [11.4707411, 46.5964566], [11.4708175, 46.5965941], [11.4710458, 46.5968645], [11.4710696, 46.5972073], [11.4709599, 46.5975472], [11.4708961, 46.5980552], [11.4709798, 46.5986223], [11.470961, 46.5987383], [11.4705911, 46.5993709], [11.4703686, 46.5995723], [11.4687117, 46.6004247], [11.468599, 46.6005279], [11.4685194, 46.6007185], [11.4683571, 46.6008064], [11.4682933, 46.6008803], [11.4682273, 46.6010255], [11.468234, 46.6011009], [11.4683099, 46.6011383], [11.468642, 46.6011987], [11.4687238, 46.6012522], [11.4687224, 46.6013406], [11.468606, 46.6015548], [11.4683188, 46.6019053], [11.4681588, 46.6021507]]}, "properties": {"osm_id": "way/221960376", "highway": "track", "tracktype": "grade3"}}, {"type": "Feature", "geometry": {"type": "LineString", "coordinates": [[11.4866734, 46.5927944], [11.485591, 46.5920537], [11.4851514, 46.5916768], [11.4847247, 46.5915729], [11.4845622, 46.5914646], [11.4844397, 46.591133], [11.4843473, 46.5908972], [11.4841784, 46.5906935], [11.4840475, 46.5906543], [11.4840084, 46.5905375], [11.4839646, 46.5904335], [11.4840971, 46.5903365], [11.484214, 46.5902736], [11.4848808, 46.5898803], [11.4851592, 46.5898162], [11.4852751, 46.589736], [11.4853113, 46.5896445], [11.4852816, 46.5895459]]}, "properties": {"osm_id": "way/221960393", "highway": "track", "tracktype": "grade2"}}, {"type": "Feature", "geometry": {"type": "LineString", "coordinates": [[11.4751763, 46.5883911], [11.4760681, 46.5881005], [11.4766836, 46.5881063], [11.4778642, 46.5887652], [11.4785383, 46.5890845], [11.4791119, 46.5896974], [11.4796561, 46.5900772], [11.4798864, 46.5904109], [11.4799199, 46.5907159], [11.4802758, 46.5907475], [11.4810964, 46.5905634], [11.4813518, 46.5906296], [11.4814648, 46.5909461], [11.4817537, 46.590972], [11.4823241, 46.5908412], [11.4826042, 46.5908196], [11.4834037, 46.5909475], [11.4835615, 46.5909289], [11.4838303, 46.590831], [11.4840475, 46.5906543]]}, "properties": {"osm_id": "way/221960406", "highway": "track", "tracktype": "grade3"}}, {"type": "Feature", "geometry": {"type": "LineString", "coordinates": [[11.4852816, 46.5895459], [11.4851649, 46.5894222], [11.4851375, 46.5893174], [11.4855349, 46.5887602], [11.4856216, 46.5886272], [11.4856439, 46.5884094], [11.4855767, 46.5879905], [11.4850364, 46.5872654], [11.4842057, 46.586376], [11.4829185, 46.585858], [11.4825385, 46.5853671], [11.4823216, 46.58524], [11.482136, 46.5851313], [11.4819865, 46.5848702], [11.482009, 46.5845805], [11.4819226, 46.584434], [11.4810103, 46.5841089], [11.4800083, 46.5843451], [11.4790334, 46.584246], [11.4782445, 46.5842181], [11.4771044, 46.583954], [11.4769452, 46.5837628], [11.477035, 46.583582], [11.4771738, 46.5834389], [11.4769933, 46.5831719], [11.4759917, 46.5825866], [11.4750346, 46.5820456], [11.4749867, 46.5819712], [11.475005, 46.5818611]]}, "properties": {"osm_id": "way/221960443", "bicycle": "yes", "highway": "track", "tracktype": "grade2"}}, {"type": "Feature", "geometry": {"type": "LineString", "coordinates": [[11.4978237, 46.5914961], [11.4981754, 46.5925594], [11.4980842, 46.5929634], [11.4980805, 46.5932719], [11.4979083, 46.5934072], [11.4976511, 46.5936043], [11.497592, 46.5937186], [11.4975696, 46.5937978], [11.4976911, 46.5942153], [11.4979374, 46.5947867], [11.4983883, 46.5951911], [11.4984715, 46.5956504], [11.498318, 46.5961272], [11.4980258, 46.5963884], [11.4977948, 46.5966756], [11.4975532, 46.5968989], [11.4973134, 46.597131], [11.4968052, 46.5973425], [11.4964822, 46.5978083], [11.4961176, 46.5979292], [11.4958714, 46.5980742], [11.4952586, 46.5981544], [11.4950035, 46.5982086], [11.4937987, 46.5983442], [11.4926314, 46.5983666], [11.4918058, 46.5983763], [11.4915695, 46.5984024], [11.4910489, 46.5985224], [11.4909101, 46.5985249], [11.490783, 46.5985014], [11.4905993, 46.5984172], [11.4904438, 46.598328], [11.4902965, 46.5983131], [11.4900669, 46.5983497], [11.4898325, 46.5984775], [11.4891924, 46.5987945], [11.4891158, 46.5988324], [11.4882097, 46.5987196]]}, "properties": {"osm_id": "way/221960454", "highway": "track", "name": "Trögler - Pian", "ref:hiking": "28", "tracktype": "grade2"}}, {"type": "Feature", "geometry": {"type": "LineString", "coordinates": [[11.4972421, 46.5920079], [11.4971551, 46.5918417], [11.4971342, 46.5916544], [11.497144, 46.5915895], [11.4972152, 46.5915279], [11.4974193, 46.5914352]]}, "properties": {"osm_id": "way/221960461", "highway": "track", "name": "Schritzenholz", "tracktype": "grade3"}}, {"type": "Feature", "geometry": {"type": "LineString", "coordinates": [[11.4807187, 46.6148146], [11.4808506, 46.6147405], [11.4809116, 46.6146903], [11.4809206, 46.6146272], [11.4808614, 46.6145795], [11.4807301, 46.6144902], [11.4806833, 46.6144281], [11.4806478, 46.6143755], [11.4806438, 46.6142609], [11.4806711, 46.6141258], [11.4806958, 46.6140533], [11.4808263, 46.6139508], [11.4809192, 46.6138552], [11.4809479, 46.613772], [11.4809774, 46.6136991], [11.4810701, 46.613648], [11.4811888, 46.6136108], [11.4812682, 46.6135836], [11.4813728, 46.6135104], [11.4814559, 46.6134332], [11.4814762, 46.6133566], [11.4814263, 46.6132944], [11.4813165, 46.6132736], [11.4811057, 46.6132823], [11.4809902, 46.6132649], [11.4809288, 46.613222], [11.4809062, 46.6131649], [11.4808919, 46.612769], [11.4808421, 46.6125572], [11.480842, 46.6124688], [11.4809024, 46.6123656], [11.4810072, 46.6122062], [11.4810733, 46.6120427], [11.4811327, 46.6119388], [11.4812108, 46.6118385], [11.4814542, 46.6115687], [11.481486, 46.6114472], [11.4814643, 46.6112811], [11.481461, 46.6111608], [11.4814896, 46.6110012], [11.481507, 46.6108429], [11.4814985, 46.6107313], [11.4814106, 46.6105456], [11.4814091, 46.6104822], [11.4814349, 46.6104272], [11.4814776, 46.6104038], [11.4816894, 46.6103835], [11.4819398, 46.6103552], [11.4820154, 46.6103593], [11.4820974, 46.6103908], [11.4821686, 46.610442], [11.4822481, 46.6105682], [11.4823204, 46.6106486], [11.4823883, 46.6106809], [11.4824537, 46.6107012], [11.4825389, 46.6106909], [11.4825906, 46.6106556], [11.4826385, 46.610556], [11.4826449, 46.6103691], [11.4826337, 46.6102768], [11.4823882, 46.609925], [11.4824435, 46.6095694], [11.4823803, 46.6093387], [11.4825937, 46.6093061], [11.4829572, 46.6094636], [11.4831982, 46.6095314], [11.4835143, 46.6095097], [11.4839551, 46.6095829], [11.4840724, 46.6095917], [11.4841951, 46.609601], [11.4844113, 46.6096356], [11.484468, 46.6096428], [11.4845364, 46.609633], [11.4845661, 46.6096146], [11.4845869, 46.6095807], [11.4845895, 46.6095474], [11.4845631, 46.609507], [11.4844463, 46.609379], [11.4843752, 46.6092743], [11.4843554, 46.6092205], [11.4842595, 46.6089767], [11.4842265, 46.6088203], [11.4842154, 46.6086538], [11.4842254, 46.6085136], [11.4842729, 46.608367], [11.4843511, 46.6082146], [11.4844046, 46.608077], [11.4844542, 46.6079176], [11.4844615, 46.6075821], [11.48442, 46.6074764]]}, "properties": {"osm_id": "way/221960469", "highway": "track", "name": "Hinterkral", "source": "Geobrowser der Autonomen Provinz Bozen", "tracktype": "grade2"}}, {"type": "Feature", "geometry": {"type": "LineString", "coordinates": [[11.4647256, 46.6194907], [11.464569, 46.6195163], [11.4644505, 46.6197713], [11.4640396, 46.620211], [11.4642767, 46.6202842], [11.4642016, 46.6208433], [11.464008, 46.6210658], [11.4641068, 46.6211364], [11.4644506, 46.6209213], [11.4648398, 46.6208881], [11.4652438, 46.6208794], [11.4654749, 46.6209404], [11.4655, 46.621944], [11.4657124, 46.6222913], [11.4660234, 46.6225018], [11.4671495, 46.6225995], [11.4677619, 46.622263], [11.4683507, 46.6221327], [11.4688643, 46.6219509], [11.46977, 46.6218564], [11.4699432, 46.6217297], [11.4704182, 46.621014], [11.4707059, 46.6209468], [11.4711027, 46.621014], [11.4713122, 46.621108], [11.4714589, 46.6211385], [11.4716419, 46.6211426], [11.4719743, 46.6209948], [11.4721216, 46.6208439], [11.4724477, 46.6202505], [11.4725697, 46.6200035], [11.4726753, 46.6198891]]}, "properties": {"osm_id": "way/221960470", "highway": "track", "tracktype": "grade2"}}, {"type": "Feature", "geometry": {"type": "LineString", "coordinates": [[11.4827432, 46.6000856], [11.4831186, 46.599837], [11.4837066, 46.5996661], [11.4843624, 46.599663], [11.4851177, 46.5996102], [11.485873, 46.5996692], [11.4866425, 46.5994181]]}, "properties": {"osm_id": "way/221960486", "highway": "track", "name": "Raststall", "tracktype": "grade4"}}, {"type": "Feature", "geometry": {"type": "LineString", "coordinates": [[11.4799059, 46.6149534], [11.4798386, 46.6148311], [11.4795889, 46.6146294], [11.4794298, 46.6145874], [11.4791584, 46.6145715], [11.4787726, 46.6144804], [11.4786037, 46.6144516], [11.4783954, 46.6145022], [11.4782228, 46.614515], [11.4780772, 46.6144506], [11.477988, 46.6139697], [11.477862, 46.6138765]]}, "properties": {"osm_id": "way/221960501", "foot": "yes", "highway": "track", "ref:hiking": "15", "sac_scale": "mountain_hiking", "src-class": "t2", "tracktype": "grade2", "trail_visibility": "good"}}, {"type": "Feature", "geometry": {"type": "LineString", "coordinates": [[11.477862, 46.6138765], [11.4780134, 46.6135024], [11.478518, 46.6128787], [11.4785744, 46.6124552], [11.4779331, 46.6121643], [11.4773532, 46.6122181], [11.477312, 46.6119892], [11.4774688, 46.6116701], [11.4772231, 46.6113818], [11.477157, 46.6112105], [11.4769793, 46.611098], [11.4767305, 46.611092], [11.4764224, 46.6109202], [11.4758498, 46.6103205], [11.4755954, 46.6102553], [11.4752435, 46.6099309], [11.4751234, 46.6094477], [11.4746171, 46.6090359], [11.4743845, 46.6085446], [11.4744768, 46.6078463], [11.4741968, 46.607585], [11.4739037, 46.6075356], [11.4736274, 46.6075955], [11.4733474, 46.6074978], [11.4731475, 46.6073469], [11.4727734, 46.6071908], [11.4726049, 46.6071884], [11.4724351, 46.6073657], [11.4720717, 46.6075896], [11.4718861, 46.6076915], [11.4716801, 46.6077652], [11.4715194, 46.6077602], [11.4713902, 46.6077313], [11.4710149, 46.6076955], [11.4705928, 46.6077352], [11.4702883, 46.6077026], [11.4698355, 46.6076045], [11.4693852, 46.6075972], [11.4691178, 46.6076393], [11.468911, 46.6075913], [11.4684455, 46.6075334], [11.4679154, 46.6074521], [11.4676664, 46.6074269], [11.4675452, 46.6073666], [11.4672754, 46.6073348], [11.4670882, 46.6072646], [11.4669396, 46.6072246], [11.4666789, 46.6070711], [11.4665784, 46.6070399], [11.4663814, 46.6070412], [11.4662454, 46.6069894], [11.4659667, 46.6068234], [11.4655593, 46.6064394], [11.4655513, 46.6063231], [11.4651603, 46.6059319], [11.4650204, 46.6058385], [11.4648617, 46.6057906], [11.4647002, 46.6056898], [11.4642834, 46.6055628], [11.4641031, 46.6055617], [11.4639602, 46.6054992], [11.463627, 46.6054915], [11.4622913, 46.6052973], [11.4620716, 46.6052206], [11.4616604, 46.6052282], [11.4613, 46.6051298], [11.4610079, 46.6051093], [11.4600342, 46.6049796], [11.459542, 46.6047483], [11.4591325, 46.6042931], [11.458902, 46.6041616], [11.4587228, 46.6041145], [11.458442, 46.6040542], [11.4580689, 46.6040599], [11.4579715, 46.6039895]]}, "properties": {"osm_id": "way/221960502", "foot": "yes", "highway": "path", "mtb:scale": "2", "sac_scale": "mountain_hiking", "src-class": "t2", "surface": "ground", "trail_visibility": "good", "width": "0.5"}}, {"type": "Feature", "geometry": {"type": "LineString", "coordinates": [[11.4698739, 46.6249665], [11.4695509, 46.6249647], [11.4695223, 46.6249132], [11.4696688, 46.6247243], [11.4698045, 46.6244986], [11.4697866, 46.6244275], [11.4696223, 46.6243441], [11.4694056, 46.6243394], [11.4693298, 46.6242822], [11.4693273, 46.6240949], [11.4692894, 46.6239994], [11.469153, 46.623878], [11.4689686, 46.6238676], [11.4687211, 46.6239214]]}, "properties": {"osm_id": "way/226139483", "highway": "track"}}, {"type": "Feature", "geometry": {"type": "LineString", "coordinates": [[11.4888117, 46.6114475], [11.4887659, 46.6113829]]}, "properties": {"osm_id": "way/226139485", "bridge": "yes", "highway": "track", "layer": "1", "surface": "gravel", "tracktype": "grade3"}}, {"type": "Feature", "geometry": {"type": "LineString", "coordinates": [[11.4887659, 46.6113829], [11.4887747, 46.6113373], [11.4888336, 46.6112479], [11.4888562, 46.6111895], [11.4888597, 46.6111265], [11.4888016, 46.611052], [11.4885414, 46.610782], [11.4884962, 46.610697], [11.4884673, 46.6106239], [11.4884368, 46.6102483], [11.4883659, 46.6100882], [11.4883736, 46.6100433], [11.4884989, 46.6098619], [11.4885571, 46.6097527], [11.4886037, 46.609633], [11.4885955, 46.6095545], [11.4883454, 46.6091863], [11.4882518, 46.6091326], [11.4880527, 46.6090782], [11.4878946, 46.6090236], [11.4878271, 46.6089821], [11.4877555, 46.6089226], [11.4877244, 46.6088632], [11.4876954, 46.6087189], [11.4877065, 46.6086025], [11.4877582, 46.6083849], [11.4877317, 46.6083383], [11.4875936, 46.6082552], [11.4874541, 46.6081296], [11.4870637, 46.6077111], [11.4869737, 46.6074953], [11.4866991, 46.607314], [11.4864653, 46.6070122], [11.4862951, 46.6067926], [11.4862164, 46.6066147], [11.4860669, 46.6065452], [11.4853023, 46.6060997], [11.4849414, 46.6058472], [11.4847609, 46.6057667], [11.4843161, 46.6056521], [11.4840881, 46.6055766], [11.4839734, 46.6054959], [11.4838639, 46.6054336], [11.4837574, 46.6053254], [11.4836144, 46.6051906], [11.483177, 46.6050357], [11.4830281, 46.6050167], [11.4825515, 46.6049741], [11.4822529, 46.6049266], [11.48203, 46.604887], [11.4816419, 46.604762], [11.4813396, 46.6047469], [11.4810604, 46.6047359], [11.4808598, 46.6046876], [11.4807549, 46.6046109], [11.4810661, 46.6040218], [11.4811693, 46.603783], [11.48126, 46.6031799], [11.480892, 46.6024504], [11.4807598, 46.6022019]]}, "properties": {"osm_id": "way/226139486", "highway": "track", "name": "Trögler - Pian", "surface": "gravel", "tracktype": "grade3"}}, {"type": "Feature", "geometry": {"type": "LineString", "coordinates": [[11.4934084, 46.6291667], [11.4935796, 46.6289116], [11.4937786, 46.6285781], [11.4938684, 46.6284834], [11.4939753, 46.6284185], [11.4941293, 46.6283622], [11.4942012, 46.6283162], [11.4943361, 46.6281676], [11.4943597, 46.6281103], [11.4943283, 46.6280732], [11.4941996, 46.6280493], [11.4936768, 46.6278729], [11.4934841, 46.6277872], [11.4933913, 46.627733], [11.4931633, 46.6275022], [11.4930803, 46.6273818], [11.4930611, 46.6272645], [11.4930754, 46.6271658], [11.4930382, 46.626996], [11.4929258, 46.6268474], [11.4927591, 46.6267277], [11.4925979, 46.6266666], [11.4923147, 46.6266446], [11.4921286, 46.626646], [11.4920532, 46.6266233], [11.4919969, 46.6265917], [11.4919312, 46.6265235], [11.4918302, 46.6264063], [11.4915578, 46.6262398], [11.4915062, 46.6262239], [11.4914119, 46.6262588], [11.4914051, 46.626298], [11.4914772, 46.6264021], [11.4915006, 46.6264838], [11.4914734, 46.6265629], [11.4914213, 46.6266695], [11.4913976, 46.6267817], [11.4914209, 46.626956], [11.4914139, 46.6270641], [11.4914574, 46.6272136], [11.4916289, 46.6274442], [11.4916575, 46.6276208], [11.4916128, 46.6278194], [11.491623, 46.627944], [11.4917123, 46.6280138], [11.4920211, 46.6281296], [11.4922622, 46.6282384], [11.4923692, 46.628281], [11.4923647, 46.6283225], [11.4923165, 46.6283388], [11.4922355, 46.628327], [11.4920786, 46.6282618], [11.4919547, 46.628234], [11.4914486, 46.6281747], [11.4912023, 46.6281415], [11.4904092, 46.6279932], [11.4896644, 46.6279054], [11.489455, 46.6278628], [11.4893592, 46.6278305], [11.4892953, 46.6277729], [11.489281, 46.6276893], [11.4893747, 46.6273767], [11.4894219, 46.6271657]]}, "properties": {"osm_id": "way/226139487", "highway": "track"}}, {"type": "Feature", "geometry": {"type": "LineString", "coordinates": [[11.4564809, 46.6293211], [11.4569723, 46.6294037], [11.4571549, 46.6294514], [11.4573631, 46.6294238], [11.4575566, 46.6292758]]}, "properties": {"osm_id": "way/226139491", "highway": "track"}}, {"type": "Feature", "geometry": {"type": "LineString", "coordinates": [[11.4720861, 46.6243684], [11.4719454, 46.6243753], [11.4717393, 46.6244202], [11.4715231, 46.6244651], [11.4713371, 46.6244875], [11.4712376, 46.6244959]]}, "properties": {"osm_id": "way/226139492", "highway": "service"}}, {"type": "Feature", "geometry": {"type": "LineString", "coordinates": [[11.4639654, 46.6282313], [11.4639512, 46.6283282], [11.4638852, 46.6284439], [11.4638133, 46.6285467], [11.4637462, 46.62863], [11.4636865, 46.6286812], [11.4636109, 46.6287031], [11.4635305, 46.6286928], [11.463355, 46.6286431], [11.4632373, 46.6286209], [11.463149, 46.6286328], [11.4630293, 46.6286651], [11.4628934, 46.6287005], [11.4627737, 46.6287199], [11.4625303, 46.6287748], [11.4624177, 46.6288414], [11.462303, 46.6289807]]}, "properties": {"osm_id": "way/226139493", "highway": "track"}}, {"type": "Feature", "geometry": {"type": "LineString", "coordinates": [[11.5019458, 46.608238], [11.5019124, 46.6082421], [11.5018826, 46.6082481], [11.501847, 46.6082578], [11.5018065, 46.6082725], [11.5017712, 46.6082886], [11.5017332, 46.6083087], [11.5016998, 46.6083333], [11.5016764, 46.6083561], [11.5016591, 46.6083812], [11.5016469, 46.6084074], [11.5016408, 46.6084323], [11.5016385, 46.6084662], [11.5016411, 46.6085085], [11.5016532, 46.6086205], [11.5016678, 46.6087633], [11.5016723, 46.6088045], [11.5016784, 46.6088356], [11.5016874, 46.6088665], [11.5017009, 46.6088996], [11.5017183, 46.6089326], [11.5017362, 46.6089578], [11.5017588, 46.6089823], [11.5017804, 46.6090018], [11.5018088, 46.6090213], [11.501841, 46.6090392], [11.5018855, 46.6090612], [11.5019318, 46.6090816], [11.5019882, 46.6091037], [11.5020539, 46.6091295], [11.5021174, 46.6091528], [11.5021947, 46.6091793], [11.5022644, 46.6092009], [11.5023348, 46.6092203], [11.5024487, 46.6092471]]}, "properties": {"osm_id": "way/226254605", "highway": "service", "service": "alley", "surface": "gravel", "vehicle": "private"}}, {"type": "Feature", "geometry": {"type": "LineString", "coordinates": [[11.4791364, 46.6217813], [11.4790999, 46.6216434], [11.4792063, 46.6215224], [11.479562, 46.6213386], [11.4797444, 46.6212593], [11.479869, 46.6211277], [11.4799663, 46.6210338], [11.4801639, 46.6209336], [11.4804041, 46.6206809], [11.4805044, 46.6205201], [11.480702, 46.6203782], [11.4808449, 46.620255], [11.4810607, 46.6199731], [11.4811185, 46.6198436], [11.4811762, 46.6195701], [11.4811884, 46.6194699]]}, "properties": {"osm_id": "way/226258242", "highway": "track"}}, {"type": "Feature", "geometry": {"type": "LineString", "coordinates": [[11.4849747, 46.6182153], [11.4849489, 46.6180382], [11.4848937, 46.6179453], [11.4847874, 46.6178134], [11.4847015, 46.6177307], [11.4846425, 46.6176739], [11.4845674, 46.6176017], [11.4843311, 46.6173254], [11.4842223, 46.617257]]}, "properties": {"osm_id": "way/226258243", "highway": "track"}}, {"type": "Feature", "geometry": {"type": "LineString", "coordinates": [[11.473516, 46.6199551], [11.4734927, 46.6200234], [11.4734531, 46.6201153], [11.4734615, 46.6201501], [11.4735064, 46.6202014], [11.4735559, 46.6202264], [11.4736375, 46.6202411], [11.4737114, 46.6202378], [11.4738514, 46.6202084], [11.4739723, 46.6201728], [11.4741429, 46.6201095]]}, "properties": {"osm_id": "way/226258244", "highway": "track"}}, {"type": "Feature", "geometry": {"type": "LineString", "coordinates": [[11.4790999, 46.6216434], [11.4790482, 46.6215892], [11.4789965, 46.6213115], [11.4786956, 46.6209774]]}, "properties": {"osm_id": "way/226258246", "highway": "track"}}, {"type": "Feature", "geometry": {"type": "LineString", "coordinates": [[11.4860267, 46.6184275], [11.4858613, 46.6184513], [11.4856462, 46.6184692], [11.4855282, 46.6184686], [11.4854118, 46.6184372], [11.4851372, 46.6183175], [11.4849747, 46.6182153], [11.4848795, 46.6181646], [11.4847498, 46.6181746], [11.484681, 46.6182037], [11.4846139, 46.6182663]]}, "properties": {"osm_id": "way/226258247", "highway": "track"}}, {"type": "Feature", "geometry": {"type": "LineString", "coordinates": [[11.4938273, 46.6134622], [11.4938007, 46.6135082], [11.4936733, 46.6135566], [11.4934487, 46.6134668], [11.4930632, 46.6132503], [11.492718, 46.6131306], [11.4924733, 46.6131029], [11.4921984, 46.6131605], [11.4919705, 46.6132526]]}, "properties": {"osm_id": "way/226258248", "highway": "track"}}, {"type": "Feature", "geometry": {"type": "LineString", "coordinates": [[11.5017637, 46.6011931], [11.501743, 46.6011786], [11.5017265, 46.6009694], [11.5017202, 46.6007354], [11.5016347, 46.6009332], [11.5015765, 46.6006561], [11.5014801, 46.6004702], [11.5014027, 46.6005779], [11.5012918, 46.6004452], [11.5012332, 46.6006598], [11.5011889, 46.6005939], [11.5011789, 46.6003937], [11.5010769, 46.6004036], [11.5010756, 46.6005041], [11.5009408, 46.6005098], [11.5009579, 46.6002979], [11.500882, 46.6002925], [11.5008042, 46.6004378], [11.500757, 46.6002686], [11.500688, 46.6004142], [11.5005914, 46.600346], [11.5005197, 46.6003755]]}, "properties": {"osm_id": "way/229785796", "highway": "path", "sac_scale": "mountain_hiking"}}, {"type": "Feature", "geometry": {"type": "LineString", "coordinates": [[11.4995955, 46.6358786], [11.4994441, 46.6359394], [11.4993201, 46.6359896], [11.4989561, 46.6361197], [11.4985592, 46.6362354], [11.4981228, 46.6363659], [11.4979163, 46.6363923], [11.4975706, 46.6364143], [11.4972588, 46.6364323], [11.4969637, 46.6364931], [11.4967947, 46.6365294], [11.4966392, 46.6365419], [11.4963656, 46.6365511], [11.496214, 46.636569], [11.4960954, 46.6366201], [11.4958694, 46.6367799], [11.4957876, 46.6368255], [11.4956877, 46.636849], [11.495575, 46.6368494], [11.4953618, 46.6368149], [11.4951217, 46.6367739], [11.4949393, 46.6367546], [11.494799, 46.6367578], [11.494609, 46.6367974], [11.4941379, 46.63695], [11.4937899, 46.6370282], [11.4936435, 46.6370483], [11.493533, 46.6370728], [11.4933736, 46.6371354], [11.4932111, 46.6372247], [11.4929833, 46.6373364], [11.4927036, 46.6374592], [11.4924499, 46.6375574], [11.4921921, 46.6376995], [11.4919328, 46.6378879], [11.4918189, 46.6380108], [11.4917566, 46.6381048], [11.4916628, 46.6382162], [11.491562, 46.6382944], [11.491279, 46.638473], [11.4909479, 46.6387336], [11.4906546, 46.639], [11.4904757, 46.6392166], [11.4902578, 46.6393975], [11.4900645, 46.6395185], [11.4898805, 46.6396454], [11.4897797, 46.6397503], [11.4896301, 46.6398307], [11.4894512, 46.6398508], [11.4892821, 46.6398732], [11.4891001, 46.6399462], [11.4888267, 46.6401612], [11.4883558, 46.6404596], [11.4881437, 46.64059], [11.4879486, 46.6406592], [11.4877164, 46.6407121], [11.4874444, 46.640715], [11.4872428, 46.6407195], [11.486833, 46.6408021], [11.4865045, 46.6408825], [11.4863126, 46.640907], [11.4861372, 46.640898], [11.4859506, 46.640848], [11.4857984, 46.640854], [11.4856703, 46.6408867], [11.4853739, 46.6409732], [11.4852103, 46.640987], [11.4850165, 46.6409686], [11.4847691, 46.6409101], [11.4846645, 46.6408995], [11.4845411, 46.6409051], [11.4843392, 46.6409456], [11.4839108, 46.6410832], [11.4837364, 46.6411178], [11.4833146, 46.6411781], [11.4829847, 46.6412172], [11.4828499, 46.6412089], [11.4827306, 46.6411726], [11.4824294, 46.6410181], [11.4822455, 46.6409092], [11.4821361, 46.6408872], [11.4820709, 46.6408957], [11.4820321, 46.6409104], [11.4820039, 46.6409332]]}, "properties": {"osm_id": "way/233207679", "cycleway:both": "no", "highway": "tertiary", "lane_markings": "no", "lit": "no", "maxspeed": "30", "maxspeed:type": "sign", "noname": "yes", "oneway": "no", "sidewalk": "no", "surface": "asphalt"}}, {"type": "Feature", "geometry": {"type": "LineString", "coordinates": [[11.4486903, 46.5919576], [11.4488313, 46.5919172], [11.4490457, 46.5918815], [11.4491353, 46.5918181], [11.4492032, 46.5916794], [11.4492606, 46.5915394], [11.4493966, 46.5913381], [11.4495416, 46.5911458], [11.4496397, 46.5910195], [11.4497435, 46.5909151], [11.4499758, 46.5907782], [11.4502352, 46.5906734], [11.4508038, 46.5905959]]}, "properties": {"osm_id": "way/235113667", "bicycle": "no", "highway": "track", "sac_scale": "hiking", "width": "1"}}, {"type": "Feature", "geometry": {"type": "LineString", "coordinates": [[11.5031563, 46.6088525], [11.5031878, 46.608901], [11.503225, 46.6089434], [11.5032649, 46.6089844], [11.5034184, 46.6091122], [11.5034758, 46.6092127], [11.5034986, 46.6093197], [11.5035294, 46.6094787], [11.5035681, 46.6095689], [11.5036473, 46.6096633], [11.5037362, 46.6097545], [11.5038024, 46.6098347], [11.5038129, 46.609935], [11.5037702, 46.6105528], [11.5034679, 46.6111922], [11.5033512, 46.6113496], [11.5032466, 46.6114138], [11.5030475, 46.6115201], [11.5030162, 46.6115759], [11.5030157, 46.6116851], [11.502995, 46.6117561], [11.5028659, 46.6119272], [11.5025255, 46.6123157], [11.5022549, 46.6126514], [11.5022016, 46.6127972], [11.5022201, 46.6130035], [11.5022887, 46.6132546], [11.502241, 46.613726], [11.5023627, 46.6140713], [11.5023566, 46.6141587], [11.5023239, 46.6142895], [11.5022172, 46.6144686], [11.5021763, 46.6145221], [11.5021987, 46.6147712], [11.5022876, 46.6150119], [11.5024161, 46.615151], [11.5026777, 46.6152967], [11.5026913, 46.6153501], [11.50263, 46.6153847], [11.5025297, 46.6154012], [11.5024295, 46.6153993], [11.5021073, 46.6153453], [11.5018607, 46.6152487], [11.5017346, 46.615189], [11.5016633, 46.6151058], [11.5015585, 46.6147954], [11.5015873, 46.6145579], [11.501465, 46.6143061], [11.5011672, 46.6139899], [11.5011227, 46.6137289], [11.5011007, 46.6136747], [11.5010353, 46.613656], [11.5009736, 46.6136716], [11.5009524, 46.6137071], [11.5009468, 46.6137467], [11.5009963, 46.6138271], [11.5010149, 46.6139345], [11.5010328, 46.6141669], [11.5010156, 46.6143061], [11.5009725, 46.6144008], [11.5008759, 46.614507], [11.500744, 46.6146399], [11.5005525, 46.614818], [11.5003953, 46.6149601], [11.5002853, 46.6151189], [11.5002172, 46.6151528], [11.5001592, 46.6151465], [11.5001153, 46.6151276], [11.5000935, 46.6150908], [11.5002104, 46.6148958], [11.5002698, 46.6147339], [11.5004392, 46.6144429], [11.5004724, 46.6142513], [11.5004467, 46.6141485], [11.5003832, 46.6140733], [11.5003803, 46.6138829], [11.5003471, 46.6135439], [11.5003031, 46.6134031], [11.5002173, 46.6133669], [11.5001576, 46.6134196], [11.5001484, 46.6136384], [11.5000634, 46.6138384], [11.4999565, 46.6139876], [11.4999314, 46.6140736], [11.4998838, 46.614282], [11.4998027, 46.6142971], [11.4997481, 46.6142831], [11.4997253, 46.6142538], [11.4997455, 46.6141557], [11.499786, 46.6140364], [11.4998093, 46.6138424], [11.4995698, 46.6131424], [11.4995587, 46.6128292], [11.4995239, 46.6127196]]}, "properties": {"osm_id": "way/244176243", "highway": "unclassified", "lanes": "1", "name": "Huber Kreuz Straße", "oneway": "no", "surface": "asphalt"}}, {"type": "Feature", "geometry": {"type": "LineString", "coordinates": [[11.4125287, 46.6158979], [11.4129074, 46.615978], [11.41324, 46.6160591], [11.4136037, 46.6162319], [11.4138182, 46.6162835], [11.4140339, 46.6163244], [11.4142903, 46.6164677], [11.4144942, 46.6165709], [11.4147087, 46.6166299], [11.4152023, 46.6166299], [11.4153632, 46.6166667], [11.4155885, 46.6167478], [11.4157923, 46.6167551], [11.4160498, 46.6167625], [11.4162322, 46.616733], [11.4165434, 46.6167625], [11.417509, 46.6168804], [11.4178201, 46.6169689], [11.4180776, 46.6170941], [11.4183243, 46.617212], [11.4185829, 46.6172824], [11.418776, 46.6174961], [11.4189048, 46.6176877], [11.4189906, 46.6179604], [11.4195153, 46.6185385], [11.419644, 46.6187154], [11.4197406, 46.6190322], [11.4197513, 46.6192975], [11.4199229, 46.6194154], [11.4200195, 46.6194081], [11.4201268, 46.6192828], [11.4202448, 46.6190396], [11.4203199, 46.6190101], [11.4204712, 46.6191247], [11.4205356, 46.6193016], [11.4206321, 46.6194195], [11.4214475, 46.6197732], [11.4217372, 46.6199206], [11.4219518, 46.6199795], [11.4219722, 46.6199386], [11.4219078, 46.6198797], [11.4217361, 46.6197028], [11.4215537, 46.6194154], [11.4215323, 46.6192828], [11.4215001, 46.6191722], [11.4217254, 46.6191796], [11.421941, 46.6193311], [11.4221878, 46.6194195], [11.4226266, 46.619467], [11.4228519, 46.619607], [11.423207, 46.6198321], [11.4235815, 46.6200344], [11.4238497, 46.6202923], [11.4240013, 46.6205303], [11.4240535, 46.6204471], [11.424075, 46.6203513], [11.4241716, 46.6202997], [11.4243432, 46.6202776], [11.4244398, 46.6202334], [11.4244291, 46.6201597], [11.4242896, 46.6199534], [11.4240857, 46.619607], [11.4239033, 46.6194081], [11.4238497, 46.6192902], [11.423839, 46.6191796], [11.4237746, 46.618988], [11.4234742, 46.6187743], [11.4232811, 46.6185827], [11.4233454, 46.618568], [11.4235815, 46.6185901], [11.4239366, 46.6187268], [11.4242789, 46.6188701], [11.4246554, 46.61897], [11.4250191, 46.6190396], [11.4251811, 46.6191468], [11.4254172, 46.6194047], [11.4256747, 46.6194711], [11.4259955, 46.6195112], [11.4261886, 46.619526], [11.4264042, 46.6196405], [11.4266081, 46.6198027], [11.4267261, 46.6199722], [11.4269514, 46.6202374], [11.4270802, 46.6203774], [11.4274331, 46.6205576], [11.4278408, 46.6207271], [11.4283676, 46.6208712], [11.428785, 46.621044], [11.4292259, 46.6212543], [11.429419, 46.6213796], [11.4296004, 46.6216113], [11.4299544, 46.6218693], [11.4303417, 46.6220796], [11.4305778, 46.6222123], [11.4308352, 46.6223817], [11.4311035, 46.6224849], [11.4316925, 46.6226135], [11.4319285, 46.6226798], [11.4320691, 46.6229049]]}, "properties": {"osm_id": "way/282940917", "highway": "track", "name": "Nörderer - Stallwald", "source": "Geobrowser der Autonomen Provinz Bozen"}}, {"type": "Feature", "geometry": {"type": "LineString", "coordinates": [[11.4165241, 46.6242029], [11.416643, 46.624167], [11.4167342, 46.624149], [11.416887, 46.6241453], [11.4171334, 46.6241682], [11.4173596, 46.6241752], [11.4179447, 46.6242303], [11.4180654, 46.6242538], [11.4181715, 46.6243027], [11.4183553, 46.6244815], [11.418636, 46.6246137], [11.4188405, 46.624694], [11.4190067, 46.6247012], [11.419269, 46.6247531], [11.419526, 46.6246472], [11.4197415, 46.6246103], [11.4200196, 46.624647], [11.4202565, 46.6247324], [11.4203663, 46.6247812], [11.4205039, 46.6247834], [11.4207387, 46.6247607], [11.4213606, 46.6248215], [11.4217489, 46.6249049], [11.4221482, 46.6249437], [11.4224824, 46.624966], [11.4227501, 46.62503], [11.4229458, 46.6251023], [11.4230658, 46.6251662], [11.4231994, 46.6252915], [11.4232441, 46.6254043], [11.4231749, 46.6258375], [11.4231319, 46.6260291], [11.4231641, 46.6262649], [11.4232178, 46.6264196], [11.4232707, 46.6265133], [11.4233591, 46.6265678], [11.4234435, 46.6265844], [11.4235199, 46.6265503], [11.4235826, 46.6264859], [11.4238329, 46.6262865], [11.4241391, 46.6260726], [11.4243593, 46.6259681], [11.424614, 46.6259515], [11.4249988, 46.6259407], [11.4251237, 46.6259497], [11.4252056, 46.6259877], [11.4253086, 46.6260782], [11.4253995, 46.6261244], [11.4256035, 46.6261928], [11.4259967, 46.6263765], [11.4265223, 46.6267585], [11.426769, 46.6270753], [11.4270158, 46.627208], [11.4270643, 46.6272419], [11.42707, 46.6272831], [11.4270139, 46.6273019], [11.4269448, 46.6272757], [11.4266192, 46.6271466], [11.4263672, 46.6271105], [11.4260844, 46.6270831], [11.4257416, 46.6270294], [11.4254888, 46.6270531]]}, "properties": {"osm_id": "way/282940928", "highway": "track", "name": "Schartealmweg", "source": "Geobrowser der Autonomen Provinz Bozen"}}, {"type": "Feature", "geometry": {"type": "LineString", "coordinates": [[11.4216544, 46.623005], [11.4222221, 46.6232113], [11.4223801, 46.6232489], [11.4224951, 46.6232879], [11.4225865, 46.6232825], [11.4227259, 46.6231411], [11.4229541, 46.6230794], [11.4234173, 46.6230414], [11.423629, 46.623055], [11.4237885, 46.623131], [11.4239626, 46.6232835], [11.4241875, 46.6233342], [11.4244405, 46.6234078], [11.4247292, 46.6234375], [11.4248735, 46.6235344], [11.4250144, 46.6235257], [11.4252439, 46.6234641], [11.4254545, 46.6234587], [11.4256051, 46.6235044], [11.4257169, 46.6235961], [11.4258356, 46.6236933], [11.425974, 46.6237261], [11.4262087, 46.6236652], [11.4263671, 46.623636], [11.4264997, 46.6236672], [11.4269718, 46.6238735], [11.4273902, 46.6240061], [11.4278349, 46.6241128], [11.428154, 46.6242971], [11.4284041, 46.6244993], [11.4286026, 46.6247503], [11.4288067, 46.6250987], [11.4289071, 46.6254831], [11.4291451, 46.6256947], [11.4291397, 46.6258911]]}, "properties": {"osm_id": "way/282940932", "highway": "track", "name": "Winterstallerweg", "source": "Geobrowser der Autonomen Provinz Bozen"}}, {"type": "Feature", "geometry": {"type": "LineString", "coordinates": [[11.4165241, 46.6242029], [11.4167191, 46.6242008], [11.4169055, 46.624216], [11.4170533, 46.6242495], [11.417156, 46.6242828], [11.4172732, 46.6243379], [11.4174234, 46.6244374], [11.4177399, 46.6244668], [11.4178694, 46.6244891], [11.4181752, 46.6247286], [11.4183469, 46.6248281], [11.418481, 46.624946], [11.4185875, 46.6250563], [11.4186679, 46.6251189], [11.4187707, 46.6251523], [11.4190603, 46.6252923], [11.4192419, 46.6253694], [11.419419, 46.62541], [11.4199715, 46.6253694], [11.4200689, 46.6253807], [11.4201064, 46.6254065], [11.4202512, 46.6254507], [11.4204792, 46.6255262], [11.420718, 46.6256183], [11.4207252, 46.6256201], [11.4210023, 46.6256901], [11.4212383, 46.6257528], [11.4214145, 46.6258208], [11.4215915, 46.6259369], [11.4218303, 46.6260492], [11.4220019, 46.6261561], [11.4221441, 46.6262924], [11.4222227, 46.6264141], [11.4223426, 46.6265521], [11.4224016, 46.6266037], [11.4224051, 46.6266204], [11.422474, 46.6266755], [11.4225169, 46.6267566], [11.4225231, 46.6268617], [11.4225526, 46.6269409], [11.4225598, 46.6269979], [11.4225553, 46.6270901], [11.422584, 46.627136], [11.422651, 46.6271839], [11.4227591, 46.627289], [11.4229817, 46.6275892], [11.4231051, 46.6277366], [11.4232044, 46.6278619], [11.4232902, 46.6280553], [11.423309, 46.6281253], [11.4233385, 46.6281695], [11.423368, 46.6282376], [11.4233787, 46.6283224], [11.4234565, 46.6283224], [11.4235423, 46.6282818], [11.4236174, 46.6282155], [11.4236684, 46.6281345], [11.4237649, 46.6280682], [11.4238052, 46.6279853], [11.4239125, 46.6278895], [11.4239902, 46.6277863], [11.4240063, 46.6276813], [11.4240627, 46.627604], [11.4241941, 46.6275156], [11.4243148, 46.6274548], [11.4244221, 46.6273074], [11.4244857, 46.627241], [11.4246581, 46.6271361], [11.4248182, 46.627066], [11.4249344, 46.6270367], [11.4251026, 46.6270624], [11.4251374, 46.6270863], [11.425039, 46.6271435], [11.4251275, 46.6272466], [11.4252608, 46.6274436], [11.4253067, 46.6275408], [11.4253252, 46.6276463], [11.4253394, 46.6279618], [11.4253178, 46.628039], [11.4252013, 46.6281713], [11.4251656, 46.6282347], [11.4251436, 46.6284255], [11.4251321, 46.6286888], [11.4251187, 46.6288325], [11.4250757, 46.6289301], [11.4249076, 46.6289652], [11.4247834, 46.629046], [11.4247136, 46.6291492], [11.4246922, 46.6292634], [11.4246393, 46.6293483], [11.4245688, 46.629455], [11.4244615, 46.629536], [11.4243757, 46.6297276], [11.4242746, 46.629794], [11.4242263, 46.6299119], [11.4241351, 46.6300224], [11.4241351, 46.6300777], [11.4240278, 46.6301993], [11.4239956, 46.6303282], [11.4238883, 46.6304019], [11.4237542, 46.6306634], [11.4235343, 46.6309434], [11.4234806, 46.6310097], [11.4234538, 46.6310907], [11.4232821, 46.631216], [11.4231909, 46.6313265], [11.423148, 46.6314591], [11.4231266, 46.6315807], [11.4230676, 46.631647], [11.42303, 46.6317354], [11.4229791, 46.6318072], [11.4229602, 46.6318541], [11.4228315, 46.6319343], [11.422735, 46.6320908], [11.4226813, 46.6322124], [11.422617, 46.6323137], [11.4225652, 46.6324333], [11.4225767, 46.6325163], [11.4225974, 46.6326101], [11.422507, 46.6326968], [11.4224507, 46.6327778], [11.4224043, 46.6328146], [11.4222254, 46.6328589], [11.4220993, 46.6329418], [11.4220939, 46.6330007], [11.4220824, 46.6331148], [11.4219518, 46.6331591], [11.4217624, 46.6332096], [11.4216358, 46.6332015], [11.4214743, 46.6332335], [11.4213349, 46.6333886], [11.4211621, 46.6336195], [11.4210935, 46.6338313], [11.4210184, 46.6339787], [11.42091, 46.6341441], [11.4208027, 46.6342398], [11.4207394, 46.6343618], [11.4205559, 46.6344682], [11.4204497, 46.6346343], [11.4202673, 46.6348553], [11.4201493, 46.6350469], [11.4198275, 46.6352163], [11.4196762, 46.6353891], [11.4194723, 46.6355732], [11.4192899, 46.6357427], [11.4191719, 46.6360226], [11.4191612, 46.6361037], [11.4190228, 46.6362624], [11.4188404, 46.6365055], [11.4187964, 46.636612], [11.4185926, 46.6366635], [11.4183029, 46.6368919], [11.4181527, 46.6370613], [11.4179918, 46.6372529], [11.4178416, 46.6373413], [11.417671, 46.6375958], [11.4175304, 46.6376138], [11.4170047, 46.6379379], [11.4167043, 46.6379306], [11.4165004, 46.6380411], [11.4163717, 46.6381589], [11.4162859, 46.6382621], [11.4160391, 46.6382547], [11.4159747, 46.6383357], [11.4158567, 46.6385494], [11.415728, 46.6386672], [11.4156743, 46.6387482], [11.4151808, 46.6388366], [11.4151711, 46.6388996], [11.4152248, 46.6390249], [11.4151926, 46.63929], [11.4151701, 46.6394407], [11.4152237, 46.6395512], [11.4150413, 46.6396617], [11.4149233, 46.6397943], [11.4148697, 46.6399637], [11.4148589, 46.6401036], [11.4147205, 46.6402256], [11.4146658, 46.6404499], [11.41458, 46.6406414], [11.4145596, 46.640999], [11.4144512, 46.6410612], [11.4144298, 46.6411496], [11.4143558, 46.6412936], [11.414345, 46.6415146], [11.414227, 46.6416767], [11.414227, 46.6418608], [11.4142259, 46.6420998], [11.4142796, 46.6422324], [11.4142259, 46.6424018], [11.4140543, 46.6425418], [11.4140017, 46.6426858], [11.4140328, 46.6428512], [11.4141412, 46.6429878], [11.414065, 46.6431826], [11.4139802, 46.6433635], [11.413829, 46.6433594], [11.4137431, 46.6434404], [11.4137442, 46.6436507], [11.4136144, 46.6437793], [11.4135929, 46.6439266], [11.4136358, 46.644096], [11.4136358, 46.6444422], [11.4136155, 46.6446303], [11.4133794, 46.6449618], [11.4133794, 46.6453227], [11.413476, 46.6455289], [11.4133472, 46.6458236], [11.413196, 46.646011], [11.4129932, 46.6463539], [11.4128312, 46.646556], [11.4127239, 46.6468138], [11.4125426, 46.6472451], [11.4124889, 46.6475102], [11.4123771, 46.6478173]]}, "properties": {"osm_id": "way/282959062", "highway": "path", "source": "Geobrowser der Autonomen Provinz Bozen"}}, {"type": "Feature", "geometry": {"type": "LineString", "coordinates": [[11.4123771, 46.6478173], [11.4124906, 46.6479206], [11.4125456, 46.6478795], [11.4125969, 46.6479215], [11.4127081, 46.6478865], [11.4127701, 46.6477985], [11.4128477, 46.6477488], [11.4128156, 46.6478319], [11.4128396, 46.6478799], [11.4128741, 46.6478725], [11.4129131, 46.6478295], [11.4129838, 46.6477655], [11.4130019, 46.6478449], [11.4130809, 46.6477909], [11.4130893, 46.6478516], [11.413081, 46.6479397], [11.4131906, 46.6478892], [11.4131771, 46.6480973], [11.4133426, 46.6480114], [11.4132848, 46.6481611], [11.4134853, 46.6480801], [11.4134852, 46.6481287], [11.4135465, 46.648167], [11.413759, 46.6480817], [11.4138983, 46.6481589], [11.4139936, 46.6481706], [11.4144066, 46.6480414], [11.4149296, 46.6480096], [11.4150102, 46.6480364], [11.4152302, 46.6479945], [11.4152864, 46.6479559], [11.4154159, 46.6479525], [11.4155871, 46.6479986], [11.4165632, 46.6478433], [11.4167067, 46.6478409], [11.4167809, 46.6477894], [11.4168466, 46.6477959], [11.4168916, 46.6478243], [11.416952, 46.6478162], [11.4171231, 46.6477189], [11.417343, 46.647682], [11.4174457, 46.6475679], [11.4178904, 46.6473284], [11.4182844, 46.647205], [11.4186991, 46.6471908], [11.4189897, 46.6469901], [11.4190954, 46.6469777], [11.419985, 46.6470063], [11.4209535, 46.6470292], [11.421202, 46.6470717], [11.4212411, 46.6471153], [11.4213291, 46.6471354], [11.4217005, 46.6472025], [11.4219229, 46.6473301], [11.4224826, 46.647419], [11.4227221, 46.6474139], [11.422854, 46.6474676], [11.423157, 46.6475072], [11.4234455, 46.6475381], [11.4235139, 46.6476069], [11.4236116, 46.6476589], [11.4238023, 46.6476857], [11.4241077, 46.6476723], [11.4242764, 46.6475599], [11.4245623, 46.6472646], [11.424858, 46.6472093], [11.4248503, 46.6471823], [11.424924, 46.6471019], [11.4251536, 46.6470427], [11.4250422, 46.6469211], [11.4251048, 46.6468972], [11.4251757, 46.6468335], [11.4252148, 46.6468452], [11.4252392, 46.6467882], [11.4253297, 46.6467764], [11.4253443, 46.646716], [11.4254714, 46.6466506], [11.425574, 46.6465516], [11.4257011, 46.6465365], [11.4257549, 46.6464593], [11.4258453, 46.6464358], [11.4259284, 46.646362], [11.426163, 46.6463469], [11.426295, 46.6461087], [11.4263659, 46.646107], [11.4264238, 46.6460641], [11.4263929, 46.6460013], [11.4263151, 46.6459325], [11.4263307, 46.6458744], [11.4262996, 46.6458186], [11.4263653, 46.6457771], [11.426344, 46.6457108], [11.4266746, 46.6455612], [11.4268336, 46.6455814], [11.4270962, 46.6454758], [11.4271083, 46.6454236], [11.4271913, 46.6453785], [11.4273347, 46.645229], [11.4275628, 46.6451045], [11.4276161, 46.6450101], [11.4276786, 46.6449396], [11.427636, 46.6448938], [11.4276533, 46.6447765], [11.4277657, 46.644696], [11.4278097, 46.6446356], [11.4281371, 46.6445047], [11.4288898, 46.6442631], [11.4294226, 46.6438504], [11.4297452, 46.6436859], [11.4303171, 46.6432531], [11.4303904, 46.643045], [11.4307997, 46.6428018], [11.4316318, 46.6426793], [11.4320131, 46.6427162], [11.4322624, 46.6426692], [11.4325214, 46.642696], [11.4325703, 46.6425853], [11.4332978, 46.6424036], [11.4336162, 46.6424175], [11.4339535, 46.6423437], [11.4346036, 46.6421893], [11.4353367, 46.6417357], [11.4358793, 46.6413907], [11.4360699, 46.641045], [11.4362654, 46.6407095], [11.4366348, 46.6403031], [11.4372429, 46.640092], [11.437937, 46.6400685], [11.4384062, 46.6401155], [11.4392664, 46.640092], [11.4401267, 46.6401457], [11.4403955, 46.6400853], [11.4406741, 46.6400853], [11.4409282, 46.6399913], [11.4412362, 46.6400048], [11.4415637, 46.6398537], [11.4418471, 46.6398403], [11.4420573, 46.6398705], [11.442595, 46.6398269], [11.4430837, 46.6398605], [11.4434808, 46.6398198], [11.4441754, 46.6395337], [11.4443067, 46.6392869], [11.4442998, 46.6390448], [11.4443655, 46.6387648], [11.4447094, 46.6385313], [11.4450706, 46.6384421], [11.4451984, 46.6383614], [11.4455198, 46.638238], [11.4457134, 46.6379367], [11.446135, 46.6378085], [11.4464121, 46.6377057], [11.4468919, 46.6377848], [11.4477227, 46.6380126], [11.448376, 46.638144], [11.4486974, 46.6381791]]}, "properties": {"osm_id": "way/284299759", "fixme": "layout does not seem correct", "highway": "path", "sac_scale": "hiking"}}, {"type": "Feature", "geometry": {"type": "LineString", "coordinates": [[11.4107555, 46.6168234], [11.4110405, 46.616814], [11.4120321, 46.6169466], [11.412743, 46.6171331], [11.4131373, 46.6172216], [11.4133303, 46.617304], [11.4135529, 46.6174551], [11.4140707, 46.6177135], [11.4141806, 46.6177996], [11.4145857, 46.6179622], [11.4150952, 46.618017], [11.4157416, 46.6181386], [11.4160501, 46.6181846], [11.4162512, 46.6182731], [11.4163773, 46.6182952], [11.4166483, 46.618244], [11.4168842, 46.6182823], [11.4170775, 46.618279], [11.4175011, 46.6183873], [11.417713, 46.6186544], [11.4180966, 46.619021], [11.4183354, 46.6193328], [11.4187403, 46.6198114], [11.4195101, 46.6204211], [11.4196737, 46.6204948], [11.4198561, 46.6205114], [11.4201109, 46.6204801], [11.420331, 46.6205026], [11.4209344, 46.6206661], [11.4212804, 46.6206956], [11.4222702, 46.6209337], [11.4225411, 46.6210387], [11.4227986, 46.6211824], [11.423327, 46.6213427], [11.4235442, 46.6213588], [11.4238849, 46.6213353], [11.4245957, 46.6211732], [11.4252663, 46.6212948]]}, "properties": {"osm_id": "way/285537563", "highway": "track"}}, {"type": "Feature", "geometry": {"type": "LineString", "coordinates": [[11.4562176, 46.6268854], [11.456046, 46.6269296], [11.4558958, 46.6269222], [11.4556329, 46.6268707], [11.4553271, 46.6267454], [11.4550696, 46.6265354], [11.4550267, 46.6264212], [11.4551018, 46.6262812]]}, "properties": {"osm_id": "way/291918829", "highway": "track"}}, {"type": "Feature", "geometry": {"type": "LineString", "coordinates": [[11.4917877, 46.6428177], [11.4917966, 46.6428385]]}, "properties": {"osm_id": "way/298830889", "highway": "track", "surface": "unpaved", "width": "4"}}, {"type": "Feature", "geometry": {"type": "LineString", "coordinates": [[11.4761315, 46.6197333], [11.4762076, 46.6197562]]}, "properties": {"osm_id": "way/310249026", "bridge": "yes", "highway": "path", "layer": "1", "sac_scale": "mountain_hiking", "source": "bing, survey", "width": "1"}}, {"type": "Feature", "geometry": {"type": "LineString", "coordinates": [[11.4747707, 46.6198684], [11.4748876, 46.6198511]]}, "properties": {"osm_id": "way/310249027", "bridge": "yes", "highway": "path", "layer": "1", "sac_scale": "mountain_hiking", "source": "bing, survey", "width": "1"}}, {"type": "Feature", "geometry": {"type": "LineString", "coordinates": [[11.4869428, 46.6178881], [11.4870069, 46.6178584], [11.4870834, 46.617849], [11.487276, 46.6178335], [11.487622, 46.6178206]]}, "properties": {"osm_id": "way/310249028", "highway": "track", "name": "Kapatsch", "ref:hiking": "4", "surface": "gravel", "tracktype": "grade3"}}, {"type": "Feature", "geometry": {"type": "LineString", "coordinates": [[11.4762076, 46.6197562], [11.4762552, 46.6197407], [11.4764722, 46.6196384], [11.4767282, 46.6195819], [11.4772207, 46.6194636], [11.4774553, 46.6194352], [11.4775736, 46.6193588], [11.4776686, 46.6192469], [11.4777323, 46.6191251], [11.4778097, 46.619063], [11.4777793, 46.6189881], [11.4777376, 46.6188772], [11.4778985, 46.6187745], [11.4780075, 46.6187168], [11.4780814, 46.6186812], [11.4781398, 46.6186489], [11.4782357, 46.6185892], [11.478304, 46.618538], [11.4785703, 46.6183548], [11.4787532, 46.6182023], [11.4788261, 46.6181648], [11.4788952, 46.6181441], [11.4792288, 46.6181092], [11.4794567, 46.6180253], [11.4797111, 46.6180026], [11.479896, 46.6180162], [11.4803082, 46.6178791], [11.4806161, 46.6176238], [11.4806953, 46.6175899], [11.4808868, 46.6175367], [11.4810574, 46.6174629], [11.4811875, 46.617406], [11.4817192, 46.6172199], [11.4821667, 46.6170934], [11.4822343, 46.6170803], [11.4825302, 46.6169361], [11.4826525, 46.6169516], [11.4827074, 46.6169511], [11.4827307, 46.6169515]]}, "properties": {"osm_id": "way/310249029", "highway": "path", "sac_scale": "mountain_hiking", "width": "1"}}, {"type": "Feature", "geometry": {"type": "LineString", "coordinates": [[11.4748876, 46.6198511], [11.4752344, 46.6197577], [11.475372, 46.6197385], [11.4754594, 46.6196731], [11.4755891, 46.6196263], [11.4757597, 46.6195819], [11.4758883, 46.6195205], [11.4760468, 46.6195034], [11.4761212, 46.6196005], [11.4761315, 46.6197333]]}, "properties": {"osm_id": "way/310249030", "highway": "path", "sac_scale": "mountain_hiking", "source": "bing, survey", "width": "1"}}, {"type": "Feature", "geometry": {"type": "LineString", "coordinates": [[11.487622, 46.6178206], [11.4878164, 46.6178133], [11.487979, 46.617842], [11.488201, 46.617908], [11.48841, 46.618015], [11.488625, 46.618295], [11.488754, 46.618302], [11.488958, 46.618202], [11.489086, 46.61813], [11.489347, 46.617974], [11.489587, 46.617846], [11.4898656, 46.6177358], [11.490302, 46.61756], [11.490435, 46.617473], [11.490669, 46.617371], [11.490885, 46.617283], [11.491062, 46.6172031], [11.4913871, 46.6171158], [11.4916175, 46.6170348], [11.4917049, 46.6170296], [11.4917765, 46.6170516], [11.49184, 46.617106], [11.4919773, 46.6171836], [11.492059, 46.617183], [11.4921122, 46.617178], [11.4921884, 46.6171392], [11.4922134, 46.6170852], [11.492176, 46.616876], [11.49219, 46.616728], [11.4922888, 46.6166529], [11.4923485, 46.6166213], [11.4924449, 46.616605], [11.4927648, 46.6166308], [11.4930453, 46.6167073], [11.4932644, 46.6167644], [11.4935219, 46.6168115], [11.4938307, 46.6169899], [11.4939338, 46.6170121], [11.4941124, 46.6170229], [11.494193, 46.6170633], [11.494281, 46.6171708], [11.494317, 46.617274], [11.494384, 46.617479], [11.494508, 46.617634], [11.494707, 46.6177893], [11.494874, 46.617954], [11.4949093, 46.618014], [11.4948984, 46.618089], [11.4949278, 46.618139], [11.4949846, 46.6181462], [11.4950455, 46.6181227], [11.4950534, 46.6180693], [11.4950145, 46.6179791], [11.4950438, 46.6178589], [11.495068, 46.6173645], [11.4950906, 46.617295], [11.495139, 46.6171944], [11.4952553, 46.6170484], [11.4954149, 46.6168426], [11.4955206, 46.6167211], [11.4955798, 46.6165051], [11.495639, 46.616218], [11.4956715, 46.6161064], [11.4957351, 46.6160052], [11.4957788, 46.6159058], [11.4957848, 46.61583], [11.4957054, 46.615526], [11.4956439, 46.6152861], [11.4956409, 46.6150966], [11.4956471, 46.6150038], [11.4956618, 46.6148996], [11.4956747, 46.6147946], [11.495599, 46.614595], [11.495495, 46.614324], [11.4953994, 46.6141335], [11.4953008, 46.6139061], [11.495174, 46.613789], [11.495073, 46.6136642], [11.495038, 46.613621], [11.4949311, 46.6134901], [11.4949296, 46.61339], [11.4949791, 46.6132446], [11.4950422, 46.6130945], [11.4950688, 46.6129113], [11.4949974, 46.6128633], [11.4949024, 46.6128395], [11.494786, 46.6128591], [11.494647, 46.6129132], [11.4945407, 46.6129772], [11.4943403, 46.6131563], [11.494179, 46.613303], [11.4940718, 46.6133814], [11.4939247, 46.6134553], [11.4938273, 46.6134622], [11.4937709, 46.6134473], [11.4937068, 46.6133911], [11.4935607, 46.6132557], [11.4935472, 46.6132128], [11.4935926, 46.6131751], [11.4937638, 46.6131536], [11.4938504, 46.6130792], [11.49389, 46.612983], [11.493918, 46.612919], [11.493943, 46.612803], [11.49411, 46.61264], [11.494428, 46.612406], [11.4947662, 46.6122223], [11.494912, 46.6120868], [11.4950386, 46.6119365], [11.4951847, 46.6118506], [11.4954871, 46.6117565], [11.4956932, 46.6116938], [11.4958466, 46.6117064], [11.4959916, 46.6117033], [11.4961496, 46.611682], [11.4962439, 46.6116401], [11.4963652, 46.6115839], [11.4964491, 46.6115326], [11.496607, 46.611397], [11.496691, 46.61136], [11.496741, 46.611357], [11.49689, 46.6113895], [11.4969694, 46.6113824], [11.4970047, 46.6113489], [11.4969991, 46.611296], [11.496991, 46.6112461], [11.4969421, 46.6110823], [11.49692, 46.610937], [11.4969008, 46.6108641], [11.4968904, 46.6107732], [11.4968701, 46.6106374]]}, "properties": {"osm_id": "way/310249033", "highway": "track", "name": "Kapatsch", "source": "Geobrowser der Autonomen Provinz Bozen", "surface": "gravel", "tracktype": "grade3"}}, {"type": "Feature", "geometry": {"type": "LineString", "coordinates": [[11.4835119, 46.6170437], [11.4833034, 46.6168867]]}, "properties": {"osm_id": "way/310249034", "highway": "track"}}, {"type": "Feature", "geometry": {"type": "LineString", "coordinates": [[11.4966553, 46.6103927], [11.4961364, 46.6108157], [11.4959248, 46.6109516], [11.4958331, 46.6110008], [11.495651, 46.611018], [11.4954163, 46.6110188], [11.4946604, 46.6112086], [11.4945708, 46.6112448], [11.4944823, 46.611256], [11.4944194, 46.611246], [11.4943685, 46.6111952], [11.4943607, 46.6111329], [11.4943928, 46.6107307], [11.4944324, 46.6104935], [11.494382, 46.61032], [11.4942742, 46.6102118], [11.4940432, 46.610058], [11.493801, 46.609971], [11.4935688, 46.6099273], [11.4934824, 46.6099163], [11.4933013, 46.6096977], [11.4930795, 46.6095269], [11.4925884, 46.6095075], [11.4922282, 46.6094634], [11.4920099, 46.6094486], [11.4918853, 46.6094751], [11.4917242, 46.6095442], [11.491393, 46.6097604], [11.4910936, 46.6100134], [11.4909008, 46.6102219], [11.4906248, 46.6103887], [11.4900701, 46.6106336], [11.4899338, 46.6107224], [11.4890931, 46.611331], [11.4889547, 46.6114825], [11.4888756, 46.6114775], [11.4888117, 46.6114475]]}, "properties": {"osm_id": "way/310249035", "highway": "track", "name": "Trögler - Pian", "surface": "gravel", "tracktype": "grade3"}}, {"type": "Feature", "geometry": {"type": "LineString", "coordinates": [[11.4858968, 46.6225621], [11.4857626, 46.6228361], [11.485761, 46.622895], [11.4857886, 46.6229347], [11.485816, 46.6229909], [11.4857841, 46.6230528], [11.4857593, 46.6231386], [11.4857578, 46.6232048], [11.485728, 46.6232655], [11.4856874, 46.623312], [11.4855954, 46.6233654], [11.4855503, 46.6234129]]}, "properties": {"osm_id": "way/310249036", "highway": "track"}}, {"type": "Feature", "geometry": {"type": "LineString", "coordinates": [[11.4858968, 46.6225621], [11.4860509, 46.6224722], [11.4861788, 46.6223611], [11.4862913, 46.6222584], [11.4864192, 46.6222108], [11.4866164, 46.6221389], [11.4866888, 46.6220341], [11.4866688, 46.6219505], [11.486742, 46.6217417]]}, "properties": {"osm_id": "way/310249037", "highway": "track", "ref:hiking": "15"}}, {"type": "Feature", "geometry": {"type": "LineString", "coordinates": [[11.4866778, 46.6180888], [11.4864099, 46.6180081], [11.4862372, 46.6179409], [11.4861853, 46.6179184]]}, "properties": {"osm_id": "way/310249038", "highway": "track", "name": "Neuhäuser", "source": "Geobrowser der Autonomen Provinz Bozen"}}, {"type": "Feature", "geometry": {"type": "LineString", "coordinates": [[11.4712376, 46.6244959], [11.4703388, 46.6248457], [11.4698739, 46.6249665], [11.4694447, 46.6250781], [11.4687982, 46.6251856], [11.4682223, 46.6253001]]}, "properties": {"osm_id": "way/310249039", "highway": "track"}}, {"type": "Feature", "geometry": {"type": "LineString", "coordinates": [[11.496843, 46.6103582], [11.4969809, 46.6104432], [11.4970725, 46.6105667], [11.4972333, 46.610537], [11.49737, 46.6105551], [11.4974962, 46.6107113], [11.4979303, 46.6106859]]}, "properties": {"osm_id": "way/310249040", "highway": "path", "sac_scale": "mountain_hiking"}}, {"type": "Feature", "geometry": {"type": "LineString", "coordinates": [[11.4737109, 46.6234934], [11.4737495, 46.6235416], [11.4737303, 46.6236167], [11.4737792, 46.623689], [11.4738869, 46.6237192], [11.4740385, 46.6237411], [11.4742147, 46.62381], [11.4744275, 46.6238956]]}, "properties": {"osm_id": "way/310249041", "highway": "service"}}, {"type": "Feature", "geometry": {"type": "LineString", "coordinates": [[11.4828252, 46.6205729], [11.482998, 46.6206163], [11.4830654, 46.6206134], [11.483255, 46.6205294], [11.483609, 46.6203688], [11.4838597, 46.6202473], [11.4840557, 46.6201865], [11.4842474, 46.6201344], [11.484325, 46.620121]]}, "properties": {"osm_id": "way/310249042", "highway": "service"}}, {"type": "Feature", "geometry": {"type": "LineString", "coordinates": [[11.4579319, 46.6026649], [11.4579615, 46.6026777], [11.4580146, 46.6027005], [11.4581577, 46.6027426], [11.4582561, 46.6028322], [11.4583191, 46.602919], [11.4584275, 46.6030092], [11.4584425, 46.60307], [11.4584458, 46.6031294], [11.4583715, 46.6031724], [11.4583027, 46.6031856], [11.4581655, 46.6031752], [11.4578154, 46.6032206], [11.4575645, 46.6032463]]}, "properties": {"osm_id": "way/318119456", "foot": "yes", "highway": "track", "incline": "up", "mtb:scale": "0", "name": "Unterhornhaus", "src-class": "t1", "tracktype": "grade2", "width": "3"}}, {"type": "Feature", "geometry": {"type": "LineString", "coordinates": [[11.457519, 46.6033915], [11.4574397, 46.6033547], [11.4573163, 46.6033317]]}, "properties": {"osm_id": "way/318119457", "highway": "track", "tracktype": "grade2"}}, {"type": "Feature", "geometry": {"type": "LineString", "coordinates": [[11.4476088, 46.5929998], [11.4477638, 46.5931449], [11.4478514, 46.5933048], [11.4478757, 46.5934722], [11.4478289, 46.5937498]]}, "properties": {"osm_id": "way/318120171", "highway": "track", "tracktype": "grade2", "width": "3"}}, {"type": "Feature", "geometry": {"type": "LineString", "coordinates": [[11.5000368, 46.601719], [11.5000497, 46.6017025], [11.5004432, 46.6015448], [11.5006994, 46.6015481], [11.5008677, 46.6015006], [11.5009656, 46.6014605], [11.500981, 46.6014426], [11.5007114, 46.6014437], [11.5006564, 46.6014131], [11.5004184, 46.6014499], [11.5003728, 46.6014154], [11.500462, 46.6013062], [11.5006521, 46.6011794], [11.5007061, 46.6010568], [11.5007064, 46.600982], [11.5006131, 46.6008408], [11.5005679, 46.6007432], [11.5005826, 46.6007046], [11.500523, 46.6005879], [11.5004071, 46.6003956], [11.500347, 46.6000491], [11.5002925, 46.5999511], [11.500314, 46.5997741], [11.5002727, 46.5996179], [11.500196, 46.5995235], [11.5000045, 46.5994336], [11.4998113, 46.5993451], [11.4996059, 46.5992581], [11.4995002, 46.5991608], [11.4995093, 46.5990738], [11.4995952, 46.5989633], [11.4997346, 46.5988748], [11.500012, 46.5983396], [11.5002362, 46.5980545], [11.5002711, 46.5978132], [11.5004964, 46.5975995], [11.5006144, 46.5973562], [11.5007662, 46.5971925], [11.5008075, 46.5971129], [11.5009148, 46.5969286], [11.5010221, 46.5966337], [11.5010881, 46.5965438], [11.5012143, 46.5962214], [11.5011983, 46.5961649], [11.5012587, 46.5960421], [11.5013296, 46.5956661], [11.5013668, 46.5955893], [11.5013761, 46.5952994], [11.5013869, 46.5950708], [11.5013332, 46.5948718], [11.5012045, 46.5945547], [11.5011031, 46.59416]]}, "properties": {"osm_id": "way/345259380", "highway": "path", "sac_scale": "mountain_hiking"}}, {"type": "Feature", "geometry": {"type": "LineString", "coordinates": [[11.465291, 46.6158439], [11.4651499, 46.6153599], [11.4650534, 46.6148441], [11.4653323, 46.6139155], [11.4650319, 46.6132596], [11.464989, 46.6124857], [11.4648924, 46.6122941], [11.4647597, 46.6118466], [11.4644204, 46.6111739], [11.4637766, 46.610459], [11.462972, 46.6099524], [11.4616201, 46.6095819], [11.4612661, 46.609604], [11.4609979, 46.6095745], [11.4605043, 46.6093976], [11.4603112, 46.6092945], [11.4600227, 46.609041]]}, "properties": {"osm_id": "way/352894339", "highway": "path", "sac_scale": "mountain_hiking", "width": "1"}}, {"type": "Feature", "geometry": {"type": "LineString", "coordinates": [[11.5000368, 46.601719], [11.5000253, 46.6017877]]}, "properties": {"osm_id": "way/369358349", "bridge": "yes", "highway": "path", "layer": "1", "sac_scale": "mountain_hiking"}}, {"type": "Feature", "geometry": {"type": "LineString", "coordinates": [[11.501158, 46.6019505], [11.5015136, 46.6020161], [11.5018517, 46.6022078], [11.5019553, 46.6022828], [11.502121, 46.6023999], [11.5022842, 46.6026249], [11.5023107, 46.6026827], [11.5023544, 46.6027124], [11.5026268, 46.6030692], [11.5027028, 46.6031075]]}, "properties": {"osm_id": "way/369358350", "highway": "path", "sac_scale": "mountain_hiking"}}, {"type": "Feature", "geometry": {"type": "LineString", "coordinates": [[11.4904663, 46.6060723], [11.4909671, 46.6059157], [11.4911549, 46.6057989], [11.4914634, 46.6057314], [11.491678, 46.6056484], [11.4918344, 46.605501], [11.4920893, 46.6054303], [11.4926213, 46.6053106], [11.4929835, 46.6050679], [11.4934663, 46.6048744], [11.4938598, 46.6046102], [11.4941906, 46.6042969], [11.4947853, 46.603959], [11.4949283, 46.6037071], [11.4951474, 46.6034399], [11.4953441, 46.603271], [11.495818, 46.6031082], [11.4964797, 46.6031143], [11.4967569, 46.6031819], [11.4967078, 46.6030283], [11.4967435, 46.6029239], [11.4968776, 46.6028901], [11.4971414, 46.6029515], [11.4972895, 46.603064]]}, "properties": {"osm_id": "way/369366414", "highway": "path", "incline": "-10°", "sac_scale": "hiking", "surface": "ground", "trail_visibility": "good", "width": "0.3"}}, {"type": "Feature", "geometry": {"type": "LineString", "coordinates": [[11.467375, 46.6084203], [11.4673809, 46.608476], [11.4674052, 46.6085274], [11.4674445, 46.6086082], [11.4674447, 46.608653], [11.4674078, 46.6086846], [11.4673366, 46.6087156], [11.4672282, 46.6087554], [11.4671398, 46.6087741], [11.4670484, 46.6088025]]}, "properties": {"osm_id": "way/369367239", "highway": "track", "surface": "gravel", "tracktype": "grade2", "width": "2"}}, {"type": "Feature", "geometry": {"type": "LineString", "coordinates": [[11.4318216, 46.5881258], [11.4317603, 46.5882446], [11.4317999, 46.588404], [11.4317696, 46.5886208], [11.431738, 46.588791], [11.4317538, 46.5891279], [11.431796, 46.5895227], [11.4317116, 46.5897147], [11.4316853, 46.5899429], [11.4316326, 46.5900805], [11.4314112, 46.5903811], [11.4311951, 46.5906854], [11.4310346, 46.5909487], [11.4309555, 46.5912784], [11.4309292, 46.5914739], [11.4308238, 46.5918434], [11.4308448, 46.5920571], [11.4309871, 46.592365], [11.4310293, 46.5926656], [11.4311664, 46.5929046], [11.4314615, 46.5932053], [11.4316144, 46.5934226], [11.4317988, 46.5935457], [11.4318779, 46.5935964]]}, "properties": {"osm_id": "way/380855158", "highway": "track"}}, {"type": "Feature", "geometry": {"type": "LineString", "coordinates": [[11.4486903, 46.5919576], [11.4487182, 46.5919004], [11.4488821, 46.5915816], [11.4489658, 46.5914309], [11.4490433, 46.5913696], [11.4490937, 46.591208], [11.4490596, 46.5911354], [11.4491164, 46.5909881], [11.4492784, 46.5907911], [11.4493381, 46.5906863], [11.4493767, 46.5905569], [11.4495532, 46.5903972], [11.4495886, 46.5902398], [11.4497495, 46.5900359], [11.4497936, 46.5898642], [11.4498155, 46.5897528], [11.4498164, 46.5896474], [11.4499174, 46.5895666], [11.4499723, 46.5894588], [11.4499998, 46.5893999], [11.4500461, 46.589151]]}, "properties": {"osm_id": "way/392691727", "bicycle": "no", "highway": "path", "sac_scale": "hiking", "width": "1"}}, {"type": "Feature", "geometry": {"type": "LineString", "coordinates": [[11.4500461, 46.589151], [11.4500418, 46.5890983], [11.4500587, 46.5890339], [11.4501066, 46.5889431], [11.4501432, 46.588825]]}, "properties": {"osm_id": "way/392691728", "bicycle": "no", "highway": "path", "piste:type": "sled", "sac_scale": "hiking", "width": "1"}}, {"type": "Feature", "geometry": {"type": "LineString", "coordinates": [[11.4508038, 46.5905959], [11.4508505, 46.590545], [11.4508397, 46.5904587], [11.4508063, 46.5903743], [11.4507578, 46.5902239], [11.4507639, 46.590072], [11.4507439, 46.5899923], [11.4506948, 46.5899292]]}, "properties": {"osm_id": "way/392691730", "bicycle": "no", "highway": "track", "sac_scale": "hiking", "width": "1"}}, {"type": "Feature", "geometry": {"type": "LineString", "coordinates": [[11.4558653, 46.5980918], [11.4558909, 46.598132], [11.4559241, 46.5982298], [11.4559506, 46.5982764], [11.4559851, 46.5983315], [11.4560585, 46.5984131]]}, "properties": {"osm_id": "way/440718461", "highway": "track", "surface": "gravel"}}, {"type": "Feature", "geometry": {"type": "LineString", "coordinates": [[11.4560585, 46.5984131], [11.4560574, 46.598374], [11.4561237, 46.5983517], [11.4561577, 46.5983644]]}, "properties": {"osm_id": "way/440718465", "highway": "path"}}, {"type": "Feature", "geometry": {"type": "LineString", "coordinates": [[11.4559506, 46.5982764], [11.4558964, 46.5983084], [11.4558394, 46.5983244], [11.4557854, 46.5983258], [11.4557608, 46.5983024], [11.455714, 46.5982892], [11.4556914, 46.5983168], [11.4556907, 46.5983441], [11.4557058, 46.5983762], [11.4556904, 46.5983917], [11.455658, 46.5984243], [11.4556713, 46.5984605], [11.4556274, 46.5984725], [11.4556147, 46.5984828], [11.4556102, 46.598507], [11.4556397, 46.5985273], [11.4557153, 46.598479], [11.4557679, 46.5984557], [11.4557879, 46.5984533], [11.4558026, 46.5984692], [11.4558832, 46.5985043], [11.4559011, 46.5985222], [11.4559206, 46.5985242], [11.4559615, 46.5985215], [11.4559824, 46.5985011], [11.4559944, 46.5984713], [11.4560179, 46.5984606], [11.4560321, 46.5984408], [11.4560585, 46.5984131]]}, "properties": {"osm_id": "way/440718468", "access": "permissive", "foot": "yes", "highway": "path", "motor_vehicle": "no", "name": "Natürliches Latschenlabyrinth - Labirinto naturale di mugo", "name:de": "Natürliches Latschenlabyrinth", "name:en": "Natural mountain pine labyrinth", "name:it": "Labirinto naturale di mugo", "surface": "unpaved"}}, {"type": "Feature", "geometry": {"type": "LineString", "coordinates": [[11.4548534, 46.5972508], [11.45472, 46.5971951], [11.4543611, 46.5971007], [11.454177, 46.5970034], [11.4540594, 46.5969696], [11.4538693, 46.5969219]]}, "properties": {"osm_id": "way/440718470", "highway": "track", "surface": "unpaved"}}, {"type": "Feature", "geometry": {"type": "LineString", "coordinates": [[11.4531344, 46.5958483], [11.4532595, 46.5959327], [11.4533654, 46.5960289], [11.453603, 46.5963078], [11.4538019, 46.5965781], [11.4538458, 46.5966503], [11.4538727, 46.5967549], [11.4538693, 46.5969219]]}, "properties": {"osm_id": "way/440753632", "highway": "track", "piste:difficulty": "easy", "piste:type": "downhill", "surface": "unpaved"}}, {"type": "Feature", "geometry": {"type": "LineString", "coordinates": [[11.4538693, 46.5969219], [11.4539323, 46.5975193], [11.4539372, 46.5975664], [11.4539512, 46.597699], [11.453919, 46.5978744], [11.4538611, 46.5980831], [11.4538242, 46.5983129], [11.4538354, 46.5984398], [11.4539997, 46.5987192], [11.4541226, 46.5988862], [11.4542433, 46.5990244], [11.4545035, 46.5992732], [11.4546281, 46.5994763], [11.4547139, 46.5996196], [11.4548359, 46.5997237], [11.4549514, 46.5998132], [11.455064, 46.5999866], [11.4551999, 46.6003642], [11.4552537, 46.6004545], [11.4552954, 46.600527], [11.4553378, 46.6005776], [11.4554399, 46.6006627], [11.4559974, 46.6011147], [11.4566497, 46.6016629], [11.4567715, 46.6017442], [11.456943, 46.6018359], [11.4570823, 46.6019715], [11.4572401, 46.6021913]]}, "properties": {"osm_id": "way/440753633", "foot": "yes", "highway": "track", "piste:difficulty": "easy", "piste:type": "downhill", "src-class": "t1", "tracktype": "grade2"}}, {"type": "Feature", "geometry": {"type": "LineString", "coordinates": [[11.4531344, 46.5958483], [11.4531874, 46.5956699], [11.4532303, 46.5954792], [11.453286, 46.5953677], [11.4533161, 46.5952492], [11.4533302, 46.595147], [11.4533108, 46.5949903], [11.4532035, 46.5948447], [11.453068, 46.5947249], [11.4530037, 46.5946318], [11.4529849, 46.594547], [11.4529996, 46.5944945], [11.4531113, 46.5943924], [11.4533054, 46.5943369], [11.4534033, 46.5942835], [11.4535575, 46.5942494], [11.4536349, 46.5942567], [11.453819, 46.5942964], [11.4538901, 46.5943388], [11.4539357, 46.5943563], [11.4539773, 46.594347], [11.4540041, 46.5943074], [11.4540242, 46.5941747], [11.4540511, 46.5941434], [11.4541865, 46.5941176], [11.4542884, 46.5940881], [11.4543842, 46.5940216], [11.4544225, 46.5939987], [11.4544614, 46.593995], [11.4545164, 46.594007], [11.4545746, 46.5940035], [11.4545955, 46.5939803], [11.454609, 46.5937517], [11.4546839, 46.5937018], [11.4548235, 46.5936421], [11.4549375, 46.5935886], [11.4550475, 46.5935766], [11.4552346, 46.5936098], [11.4552842, 46.5936421], [11.4554666, 46.5938909], [11.4555187, 46.5939195], [11.4556397, 46.5939387], [11.4556681, 46.5939915], [11.4556637, 46.5941264], [11.4557033, 46.5941706], [11.4560113, 46.5942881], [11.4561962, 46.5944056], [11.4562646, 46.5944263], [11.4563951, 46.5944217], [11.4566139, 46.5944733], [11.456689, 46.5945212], [11.4566964, 46.594583], [11.4566213, 46.5947162], [11.4565931, 46.5948078], [11.456508, 46.594853], [11.4564195, 46.5949041], [11.4564121, 46.5949567], [11.4564778, 46.5950115], [11.4567098, 46.5951161], [11.4569941, 46.5952373], [11.4572348, 46.595288], [11.4575292, 46.5953732], [11.4578715, 46.5954209], [11.4583996, 46.5955285], [11.4587905, 46.5956285], [11.4591184, 46.5957206], [11.4593424, 46.5958174], [11.4595013, 46.5959072], [11.459628, 46.5960054], [11.4600391, 46.5964841], [11.4601444, 46.5965477], [11.4602262, 46.5966316], [11.4603281, 46.5967025], [11.460418, 46.5968527], [11.4606788, 46.5970545], [11.4608947, 46.5971642], [11.461342, 46.5974798], [11.4614063, 46.5975775], [11.4615566, 46.5976558], [11.4616873, 46.5977369], [11.4618945, 46.597835], [11.4620407, 46.5979359], [11.4622164, 46.5980368], [11.4623431, 46.5981511], [11.4624605, 46.5981972], [11.4625255, 46.5982539], [11.4625644, 46.5983285], [11.4625771, 46.5985326], [11.4625382, 46.5986515], [11.4623599, 46.5989132], [11.4622807, 46.5990675], [11.4621487, 46.5991809], [11.4619433, 46.5992717], [11.4618039, 46.5993861], [11.4616119, 46.5995315], [11.4611453, 46.599766], [11.4609258, 46.5998303], [11.4607794, 46.5998163], [11.4606413, 46.5998341], [11.4605151, 46.5999057], [11.4603322, 46.5999588], [11.4600964, 46.5999615], [11.4599132, 46.5999286], [11.4596695, 46.599861], [11.4592955, 46.5998526], [11.4591369, 46.5998498], [11.459015, 46.5998722], [11.4589377, 46.5999364], [11.4588971, 46.6000174], [11.4589337, 46.6001738], [11.4591166, 46.6003526], [11.4591898, 46.6004252], [11.4592548, 46.6004979], [11.4592914, 46.6006068], [11.4592802, 46.6007208], [11.4593849, 46.6009085], [11.4594744, 46.6010062], [11.4595272, 46.6011068], [11.459483, 46.6012341], [11.4594218, 46.6013206], [11.4593917, 46.6013604], [11.4593103, 46.6014971], [11.4592729, 46.6015307], [11.4592331, 46.6015589]]}, "properties": {"osm_id": "way/440753634", "bicycle": "no", "foot": "designated", "highway": "track", "name": "Panoramaweg - Sentiero panoramico", "name:de": "Panoramaweg", "name:it": "Sentiero panoramico", "note": "Explicit signing no bicycle", "sac_scale": "mountain_hiking"}}, {"type": "Feature", "geometry": {"type": "LineString", "coordinates": [[11.4572401, 46.6021913], [11.4572802, 46.6022662], [11.457344, 46.6023373], [11.4573883, 46.6023819], [11.4575188, 46.6025024], [11.4575855, 46.6025484], [11.4576392, 46.6025799], [11.457834, 46.6026241], [11.4579319, 46.6026649]]}, "properties": {"osm_id": "way/440753635", "foot": "yes", "highway": "track", "piste:difficulty": "easy", "piste:type": "downhill", "src-class": "t1", "tracktype": "grade2"}}, {"type": "Feature", "geometry": {"type": "LineString", "coordinates": [[11.4573807, 46.6026378], [11.4576021, 46.6026679], [11.4578206, 46.602695], [11.4579319, 46.6026649]]}, "properties": {"osm_id": "way/440753636", "highway": "track", "tracktype": "grade2"}}, {"type": "Feature", "geometry": {"type": "LineString", "coordinates": [[11.4565672, 46.6038504], [11.4567751, 46.6036491], [11.4568997, 46.6035519], [11.4573163, 46.6033317], [11.4573847, 46.6033049], [11.4575645, 46.6032463]]}, "properties": {"osm_id": "way/440753639", "highway": "track", "name": "Unterhorn - 2A", "ref:hiking": "2A", "tracktype": "grade2"}}, {"type": "Feature", "geometry": {"type": "LineString", "coordinates": [[11.4503143, 46.6113605], [11.4500534, 46.6110751], [11.4499853, 46.6107496], [11.4499354, 46.6105186], [11.4499783, 46.6101649], [11.4500695, 46.6095494], [11.4501554, 46.6092288], [11.4502841, 46.6089119], [11.4507455, 46.6077584], [11.4508957, 46.6076331], [11.4511317, 46.6075152], [11.4514106, 46.6073641], [11.4518612, 46.6071835], [11.4522904, 46.6069218], [11.4533847, 46.606616], [11.4544844, 46.6062548], [11.455037, 46.6059563], [11.4555588, 46.6056104], [11.455629, 46.6055528], [11.455847, 46.605374], [11.4560562, 46.605116], [11.4563711, 46.6047829], [11.4564032, 46.6047], [11.4564095, 46.6045988], [11.4563997, 46.6043445], [11.4563822, 46.6041936], [11.4564068, 46.6040894], [11.4564645, 46.603983], [11.4565672, 46.6038504]]}, "properties": {"osm_id": "way/440753640", "highway": "track", "name": "Hornweg - Via Corno", "tracktype": "grade3"}}, {"type": "Feature", "geometry": {"type": "LineString", "coordinates": [[11.4526878, 46.613649], [11.4529044, 46.613861], [11.4530836, 46.6141243], [11.4531794, 46.6143949], [11.4532425, 46.6148516], [11.4532558, 46.6150699], [11.4532225, 46.6152513], [11.4532063, 46.6154533], [11.4532889, 46.6155587], [11.4534335, 46.6156653], [11.453794, 46.6158323], [11.4555447, 46.6165817], [11.4563059, 46.6167037], [11.4567626, 46.6167037], [11.4584372, 46.6163551], [11.4589174, 46.6159454], [11.4591287, 46.6158445], [11.459504, 46.6157658], [11.4598517, 46.6156301]]}, "properties": {"osm_id": "way/440753641", "foot": "yes", "highway": "track", "name": "Hornweg - Via Corno", "surface": "gravel", "tracktype": "grade3"}}, {"type": "Feature", "geometry": {"type": "LineString", "coordinates": [[11.4598517, 46.6156301], [11.4601545, 46.6154157], [11.460389, 46.6153831], [11.4606221, 46.6154048], [11.4607999, 46.6153071], [11.4609928, 46.6150733], [11.4610014, 46.6150629], [11.4610198, 46.6149693], [11.46107, 46.6148257], [11.4612069, 46.614626]]}, "properties": {"osm_id": "way/440753642", "foot": "yes", "highway": "track", "surface": "gravel", "tracktype": "grade3"}}, {"type": "Feature", "geometry": {"type": "LineString", "coordinates": [[11.4615995, 46.6142228], [11.4614741, 46.6143183], [11.4613274, 46.6144487], [11.4612069, 46.614626]]}, "properties": {"osm_id": "way/440754078", "bicycle": "no", "foot": "yes", "highway": "path", "sac_scale": "hiking", "src-class": "t2", "surface": "fine_gravel", "tracktype": "grade3", "width": "1"}}, {"type": "Feature", "geometry": {"type": "LineString", "coordinates": [[11.4600227, 46.609041], [11.4603558, 46.609473], [11.4605694, 46.6098476], [11.4606186, 46.6099737], [11.4606757, 46.6101298], [11.4607343, 46.6104038], [11.4608257, 46.6106182], [11.4608025, 46.6107697], [11.4608834, 46.6110668], [11.4608761, 46.6113029], [11.4609325, 46.6115882], [11.4610519, 46.6117021], [11.4611951, 46.6118215], [11.4613702, 46.6120657], [11.4613995, 46.6123312], [11.4613247, 46.6129648], [11.4614694, 46.6131889], [11.461473, 46.6135804], [11.461488, 46.6136723], [11.4615588, 46.6137533], [11.4616292, 46.6137904], [11.4616881, 46.613872], [11.4617042, 46.6139526], [11.4617012, 46.614041], [11.4616595, 46.614136], [11.4615995, 46.6142228]]}, "properties": {"osm_id": "way/440754081", "bicycle": "no", "foot": "yes", "highway": "path", "sac_scale": "hiking", "src-class": "t2", "surface": "cobblestone", "tracktype": "grade3", "width": "1"}}, {"type": "Feature", "geometry": {"type": "LineString", "coordinates": [[11.429536, 46.5854136], [11.4294845, 46.5857234], [11.4295171, 46.5859245], [11.42979, 46.5861684], [11.4302006, 46.5864137], [11.4305598, 46.5865967], [11.4312257, 46.5869973], [11.4316986, 46.5874684], [11.4319391, 46.5878017], [11.4318216, 46.5881258]]}, "properties": {"osm_id": "way/440754082", "highway": "unclassified"}}, {"type": "Feature", "geometry": {"type": "LineString", "coordinates": [[11.498706, 46.5987945], [11.498076, 46.5991111], [11.4972048, 46.5993624], [11.4961485, 46.5994878], [11.4956425, 46.599633], [11.4953326, 46.5996805], [11.4950113, 46.5995972], [11.4947822, 46.5995268], [11.4944512, 46.5995593], [11.4937002, 46.5994096], [11.4928805, 46.599417], [11.4923087, 46.5994579], [11.4919138, 46.5994649], [11.4917717, 46.5994078], [11.4912342, 46.5992946], [11.4906811, 46.599002], [11.4903437, 46.5989647], [11.4898738, 46.5990281], [11.4895894, 46.5991284], [11.4890981, 46.5990993], [11.4882097, 46.5987196]]}, "properties": {"osm_id": "way/446301094", "bicycle": "no", "foot": "yes", "highway": "path", "horse": "no", "name": "Saubacher Kofelweg", "surface": "ground"}}, {"type": "Feature", "geometry": {"type": "LineString", "coordinates": [[11.4842223, 46.617257], [11.484025, 46.6171748], [11.4838022, 46.6171081], [11.4835119, 46.6170437], [11.4831328, 46.6169588], [11.4830083, 46.6169429], [11.4828121, 46.6169343], [11.4827307, 46.6169515]]}, "properties": {"osm_id": "way/448531862", "highway": "track", "ref:hiking": "4", "sac_scale": "mountain_hiking", "width": "1"}}, {"type": "Feature", "geometry": {"type": "LineString", "coordinates": [[11.4842223, 46.617257], [11.4843172, 46.6172685], [11.4845803, 46.6173241], [11.484916, 46.6174609], [11.4850853, 46.6175416], [11.4852165, 46.6176818], [11.4852394, 46.6176862], [11.4858247, 46.6174505]]}, "properties": {"osm_id": "way/448531863", "highway": "path", "sac_scale": "mountain_hiking", "width": "1"}}, {"type": "Feature", "geometry": {"type": "LineString", "coordinates": [[11.4827307, 46.6169515], [11.4826674, 46.6170256], [11.482655, 46.6171263]]}, "properties": {"osm_id": "way/448531864", "highway": "track"}}, {"type": "Feature", "geometry": {"type": "LineString", "coordinates": [[11.502938, 46.5957169], [11.5029071, 46.5960414], [11.5027456, 46.596325], [11.5023701, 46.5965145], [11.5019815, 46.5967439], [11.5018321, 46.5969091], [11.5018254, 46.5971428], [11.5016414, 46.5972506], [11.5012747, 46.5973706], [11.501084, 46.5975809], [11.5008721, 46.597882], [11.500418, 46.5979812], [11.5002362, 46.5980545]]}, "properties": {"osm_id": "way/449728925", "bicycle": "no", "foot": "yes", "highway": "track", "horse": "no", "lit": "no", "surface": "ground", "tracktype": "grade4"}}, {"type": "Feature", "geometry": {"type": "LineString", "coordinates": [[11.4972421, 46.5920079], [11.4969454, 46.5922993], [11.4969832, 46.59235], [11.4970259, 46.5923731], [11.4970366, 46.5925021], [11.4969937, 46.5925942], [11.4968974, 46.5927076], [11.4968652, 46.5928071], [11.4968116, 46.5929656], [11.4967526, 46.5929988], [11.4965594, 46.5929804], [11.4964521, 46.5929656], [11.4962, 46.5927703], [11.4960552, 46.5926523], [11.4959908, 46.5925159], [11.4958513, 46.592409], [11.4953846, 46.5922026], [11.4952827, 46.5921841], [11.4951861, 46.5922026], [11.4951269, 46.5923657], [11.4951003, 46.592527], [11.4951432, 46.5925786], [11.4951218, 46.5927408], [11.4951593, 46.5929361], [11.4952452, 46.5932163], [11.4952181, 46.5932651], [11.4952502, 46.5933094], [11.4954007, 46.5934522], [11.4954651, 46.5935886], [11.4954705, 46.5937471], [11.495449, 46.5938761], [11.4954058, 46.5940098], [11.4954061, 46.5941563], [11.4954168, 46.5942485], [11.4953471, 46.5943738], [11.4952934, 46.5944991], [11.4952452, 46.5947129], [11.4951164, 46.5949415], [11.4950359, 46.5950299], [11.494875, 46.5951405], [11.494746, 46.5953036], [11.4946122, 46.5953985], [11.4944941, 46.5954391], [11.4944888, 46.5953801], [11.49451, 46.5952778], [11.4944512, 46.5951847], [11.4943547, 46.5951073], [11.4942793, 46.594935], [11.494124, 46.5948382], [11.4940969, 46.5946733], [11.4940435, 46.594606], [11.4938021, 46.5944401], [11.4937485, 46.5943775], [11.4936412, 46.5943259], [11.4935285, 46.5941342], [11.4934049, 46.5939582], [11.4932547, 46.5938476], [11.4930887, 46.593795], [11.492976, 46.5937066], [11.4928684, 46.5935379], [11.4924181, 46.5931831], [11.4921123, 46.5929988], [11.4917315, 46.5928145], [11.491581, 46.5927011], [11.4914793, 46.5925786], [11.4914579, 46.5924643], [11.4913879, 46.5923694], [11.4912326, 46.5922321], [11.4908571, 46.5922063], [11.4905942, 46.5921657], [11.4903474, 46.5921878], [11.4901433, 46.5922514], [11.4894623, 46.5923095], [11.4893175, 46.5923132], [11.4890436, 46.5922182], [11.4888347, 46.5921215], [11.4886684, 46.592092], [11.4885128, 46.5920441], [11.4883248, 46.5919381], [11.4879922, 46.5917243], [11.4878208, 46.5915833], [11.4876277, 46.5915132], [11.4874507, 46.5912957], [11.4872787, 46.5912266], [11.4873324, 46.5911234], [11.4872844, 46.5909861], [11.4871932, 46.5909197], [11.4870588, 46.5908395], [11.4868767, 46.5907133], [11.4867908, 46.5907169], [11.4866192, 46.5906764], [11.4865226, 46.5905658], [11.4861578, 46.5903041], [11.4860503, 46.5901686], [11.4859272, 46.5900939], [11.4858676, 46.5900137], [11.4858893, 46.5899068], [11.4857981, 46.5897668], [11.4857609, 46.5896663], [11.485707, 46.5894755], [11.485675, 46.5893124], [11.4856214, 46.5892165], [11.4855567, 46.5889963], [11.4855677, 46.5888516], [11.4855349, 46.5887602]]}, "properties": {"osm_id": "way/449940991", "highway": "path", "name": "Rampoltsteig", "source": "Geobrowser der Autonomen Provinz Bozen"}}, {"type": "Feature", "geometry": {"type": "LineString", "coordinates": [[11.5029867, 46.6052599], [11.5029149, 46.6052399], [11.5028545, 46.605242], [11.5027753, 46.6052706], [11.5026249, 46.6053258], [11.5025126, 46.6053458], [11.5024067, 46.6053546], [11.5022929, 46.6053375], [11.5021712, 46.6053087], [11.5017129, 46.605156], [11.501526, 46.6050601], [11.501459, 46.6050367], [11.5014011, 46.6050367], [11.5013438, 46.6050534], [11.5013166, 46.6050887], [11.5013072, 46.6051288], [11.5013245, 46.6051679], [11.501377, 46.6052076], [11.5015744, 46.6052848], [11.5016562, 46.6053322], [11.5017421, 46.6054009], [11.501781, 46.6054373], [11.5018085, 46.6054691], [11.5018417, 46.6055119], [11.5021425, 46.6058743], [11.502192, 46.6059519], [11.5022802, 46.6061341]]}, "properties": {"osm_id": "way/458535274", "highway": "unclassified", "name": "Almstraße - Strada dell'Alpe", "name:de": "Almstraße", "name:it": "Strada dell'Alpe", "surface": "asphalt"}}, {"type": "Feature", "geometry": {"type": "LineString", "coordinates": [[11.4968869, 46.6101434], [11.4968746, 46.610298], [11.496843, 46.6103582], [11.4967444, 46.610386], [11.4966553, 46.6103927]]}, "properties": {"osm_id": "way/458543132", "covered": "no", "highway": "service", "name": "Parkplatz Huber Kreuz", "oneway": "no", "service": "parking_aisle", "source": "bing, survey", "surface": "gravel"}}, {"type": "Feature", "geometry": {"type": "LineString", "coordinates": [[11.4909877, 46.6048125], [11.4910588, 46.6047485], [11.491338, 46.6046677], [11.491552, 46.6045224], [11.4916266, 46.6043907], [11.491763, 46.6043026], [11.4919403, 46.6042205], [11.4920806, 46.6041511], [11.4927525, 46.6038375], [11.4930192, 46.6037625], [11.4934816, 46.6035871], [11.4936569, 46.6034802], [11.4938943, 46.6033561], [11.4940646, 46.60324], [11.4947351, 46.602919], [11.4950253, 46.6028408], [11.4952792, 46.6027237], [11.4953891, 46.6026978], [11.496351, 46.6027006], [11.4965879, 46.6026689], [11.4968147, 46.6026764], [11.4968592, 46.6026829], [11.496898, 46.6026922], [11.4969336, 46.6027046], [11.4970102, 46.6027391], [11.4970659, 46.6027722], [11.4971242, 46.6028099], [11.4971815, 46.6028551], [11.4972203, 46.602891], [11.4972431, 46.6029143], [11.4972642, 46.6029444], [11.4972819, 46.6029751], [11.4972879, 46.6030052], [11.4972895, 46.603064], [11.4971583, 46.6035612], [11.4971554, 46.6037261], [11.4971625, 46.6037386], [11.4971748, 46.6037493], [11.4971942, 46.6037586], [11.4972128, 46.6037638], [11.497233, 46.6037664], [11.4972515, 46.6037653], [11.4972807, 46.6037612], [11.4973085, 46.6037534], [11.4973374, 46.6037411], [11.4977634, 46.6034449], [11.4980369, 46.6032979], [11.4984205, 46.6031759], [11.4992285, 46.6029441], [11.4992934, 46.6029376], [11.4994034, 46.6029478], [11.4997835, 46.6030189], [11.5002203, 46.603031], [11.5004143, 46.6029961], [11.5004952, 46.6029609]]}, "properties": {"osm_id": "way/458543134", "highway": "path", "sac_scale": "mountain_hiking"}}, {"type": "Feature", "geometry": {"type": "LineString", "coordinates": [[11.5004952, 46.6029609], [11.5006134, 46.6030064], [11.5007134, 46.6030298], [11.5007811, 46.6030577], [11.5008751, 46.6031183], [11.5009087, 46.6031805], [11.5009146, 46.6033495], [11.5008967, 46.6034193], [11.5008105, 46.6035061], [11.500693, 46.6035882], [11.5006199, 46.6036676], [11.5005357, 46.6037846], [11.5003483, 46.6039311], [11.5002411, 46.6040307], [11.5002012, 46.6040886], [11.5001602, 46.6042437], [11.5001967, 46.6043266], [11.5002078, 46.6044637], [11.5002997, 46.6045695], [11.5003481, 46.6049082], [11.5004523, 46.6051685], [11.5004802, 46.6053997], [11.5005965, 46.6058091], [11.5006323, 46.6058598], [11.5007244, 46.6059028], [11.5008856, 46.6059507], [11.5010375, 46.6060317], [11.5010285, 46.6060887], [11.5010597, 46.6061613], [11.5011678, 46.6062982], [11.5012352, 46.6064589], [11.5012658, 46.6066106], [11.5013082, 46.6066815], [11.501326, 46.6067362], [11.5012665, 46.6068242], [11.5012082, 46.6069496], [11.5011991, 46.6072815], [11.5012575, 46.6075041], [11.5013133, 46.6076843], [11.501386, 46.6078104], [11.5014417, 46.6078655], [11.5014974, 46.6079138], [11.5018052, 46.6081334], [11.5019458, 46.608238]]}, "properties": {"osm_id": "way/458543136", "highway": "path", "sac_scale": "mountain_hiking"}}, {"type": "Feature", "geometry": {"type": "LineString", "coordinates": [[11.4938771, 46.589565], [11.4938595, 46.5894937], [11.4937698, 46.5893899], [11.4937807, 46.5893383], [11.4938461, 46.5892891], [11.4939845, 46.5892462], [11.4941025, 46.5892277], [11.494242, 46.5892388], [11.4943815, 46.5892572], [11.4945435, 46.5892928], [11.4946446, 46.589333], [11.4948827, 46.5895071], [11.4951609, 46.5897837], [11.495552, 46.5900324], [11.4956614, 46.5901344], [11.4957652, 46.5902088], [11.4964269, 46.5905301], [11.4968365, 46.590713], [11.4970336, 46.5908467], [11.4972082, 46.5909759], [11.4973578, 46.591395], [11.4974193, 46.5914352], [11.497626, 46.591435], [11.4978237, 46.5914961]]}, "properties": {"osm_id": "way/459035413", "highway": "track", "name": "Schritzenholz - 34", "ref:hiking": "34", "tracktype": "grade4"}}, {"type": "Feature", "geometry": {"type": "LineString", "coordinates": [[11.498706, 46.5987945], [11.498614, 46.5987749], [11.4985926, 46.5987233], [11.4986835, 46.5986542], [11.498839, 46.598492], [11.4995954, 46.597965], [11.4996011, 46.5979272], [11.4996654, 46.5978866], [11.4996762, 46.5978129], [11.4997405, 46.5976876], [11.49988, 46.5976028], [11.5001319, 46.5975448], [11.5002982, 46.5974489], [11.5004004, 46.5972563], [11.5005184, 46.5971015], [11.5006944, 46.5969883], [11.5007282, 46.5968637], [11.5007754, 46.5966822], [11.5008432, 46.5964475], [11.5007838, 46.5962174], [11.5008011, 46.5960726], [11.5008176, 46.595941], [11.5009026, 46.5957614], [11.5009965, 46.5955034], [11.5009475, 46.5951626], [11.5008883, 46.5949387], [11.500845, 46.5947987], [11.5008903, 46.5946815], [11.5010602, 46.5944217], [11.5011031, 46.59416]]}, "properties": {"osm_id": "way/459035415", "bicycle": "no", "foot": "yes", "highway": "track", "horse": "no", "lit": "no", "name": "Trögler - Pian", "surface": "ground", "tracktype": "grade4"}}, {"type": "Feature", "geometry": {"type": "LineString", "coordinates": [[11.5011031, 46.59416], [11.5011136, 46.5940098], [11.501087, 46.5938209], [11.5010602, 46.5937656], [11.5010438, 46.5936411], [11.5009741, 46.5935416], [11.5007061, 46.5933269], [11.5002126, 46.5928882], [11.499869, 46.5926569], [11.4995206, 46.5923832], [11.4993758, 46.5922726], [11.4990753, 46.5920662], [11.4988337, 46.5918643], [11.4987747, 46.5917722], [11.4987049, 46.5916948], [11.4985655, 46.5916284], [11.4982865, 46.591551], [11.4981256, 46.591492], [11.4979381, 46.5914542], [11.4978237, 46.5914961]]}, "properties": {"osm_id": "way/459035416", "bicycle": "no", "foot": "yes", "highway": "track", "horse": "no", "lit": "no", "name": "Trögler - Pian - 34", "ref:hiking": "34", "surface": "ground", "tracktype": "grade4"}}, {"type": "Feature", "geometry": {"type": "LineString", "coordinates": [[11.4878128, 46.5725766], [11.4878744, 46.5726061], [11.4879093, 46.5726743], [11.4879147, 46.5727702], [11.4879908, 46.5728667], [11.4880971, 46.572962], [11.4881867, 46.5730437], [11.488309, 46.5731058], [11.4884468, 46.5732613], [11.4884806, 46.5732902], [11.4886281, 46.5734321], [11.4886721, 46.5734697], [11.4887086, 46.5735557], [11.4887177, 46.5736061], [11.4886952, 46.5737917], [11.4887006, 46.5738654], [11.4887569, 46.5740222], [11.4887606, 46.5741297], [11.4887301, 46.5742766], [11.4887247, 46.5744223], [11.4887499, 46.5745169], [11.4887783, 46.5745587], [11.4888438, 46.5747437], [11.488876, 46.5747935], [11.4889554, 46.5748463], [11.4890557, 46.5748673], [11.4892746, 46.5748703], [11.4893346, 46.5748802], [11.4895278, 46.5749908], [11.4897198, 46.5750455], [11.4899328, 46.5750498], [11.4901044, 46.5750701], [11.4902171, 46.5751494], [11.4903099, 46.575252], [11.490444, 46.5753792], [11.4905137, 46.5754216], [11.4906022, 46.5754621], [11.4906693, 46.5755082], [11.4907364, 46.5755857], [11.4907669, 46.5756693], [11.4908152, 46.5757191], [11.4908769, 46.5757412], [11.4909279, 46.5757744], [11.4909681, 46.5758113], [11.4909948, 46.5758555], [11.4910153, 46.5759397], [11.4911306, 46.5761462], [11.4912417, 46.5762611], [11.4913087, 46.5763459], [11.4914133, 46.5764326], [11.4915652, 46.5768726], [11.4917207, 46.5770293], [11.4917878, 46.5771362], [11.4918505, 46.5771922], [11.491923, 46.5772235], [11.4920158, 46.5772966], [11.4920893, 46.5774411], [11.4921418, 46.5776598], [11.4921751, 46.5777379], [11.4923081, 46.577835], [11.4923521, 46.5778854], [11.4923645, 46.5779751], [11.492328, 46.578103], [11.4922529, 46.5782966], [11.4922303, 46.5784139], [11.492292, 46.5785079], [11.4922786, 46.5785411], [11.4923146, 46.5785749], [11.4924476, 46.5786665], [11.4925844, 46.5787347], [11.4926327, 46.5788472], [11.4926498, 46.5789547], [11.4926032, 46.5790223], [11.4925066, 46.5791366], [11.4924648, 46.5792792], [11.4925308, 46.5793763], [11.4926042, 46.5794304], [11.4926445, 46.5794673], [11.4926445, 46.5795189], [11.4925817, 46.5796215], [11.4925882, 46.5796719], [11.4926579, 46.5797825], [11.4928349, 46.5799503], [11.4928376, 46.5800259], [11.4929197, 46.5801229], [11.4928794, 46.580228], [11.4927813, 46.5802932], [11.4926515, 46.5803368], [11.4925399, 46.5804167], [11.4924487, 46.5804941], [11.4924084, 46.580555], [11.4923763, 46.580649], [11.4923484, 46.5807903], [11.4923494, 46.5809587], [11.4923709, 46.5811947], [11.4923763, 46.5813053], [11.4924852, 46.5814614], [11.4924717, 46.5816678], [11.4924862, 46.5817238], [11.4924943, 46.5817902], [11.4925265, 46.5818473], [11.4925882, 46.5818989], [11.4926354, 46.5819997], [11.4927491, 46.5821146], [11.4927909, 46.5821932], [11.4927276, 46.5823266], [11.4926139, 46.5824716], [11.4925855, 46.5825405], [11.4922851, 46.582841], [11.4922357, 46.5829251], [11.4922046, 46.5830013], [11.4921445, 46.5831445], [11.4920936, 46.583209], [11.4919444, 46.58337], [11.4918468, 46.5835058], [11.4916789, 46.5836945], [11.4916387, 46.5837553], [11.4915877, 46.5838143], [11.4915598, 46.5838653], [11.4915115, 46.5839206], [11.4914133, 46.5840835], [11.4913222, 46.5841683], [11.4912218, 46.5842764], [11.4911011, 46.5843686], [11.4910083, 46.5844669], [11.4909386, 46.5845849], [11.490944, 46.5847195], [11.4908823, 46.5848798], [11.4908367, 46.5849425], [11.4907669, 46.5850107], [11.4907562, 46.5850642], [11.4907632, 46.5851022], [11.4907846, 46.5852018], [11.4907927, 46.5853493], [11.4908276, 46.5855244], [11.4908919, 46.5855612], [11.4909027, 46.5856036], [11.4909, 46.585646], [11.4909139, 46.5856933], [11.4909466, 46.5857849], [11.4909869, 46.5858568], [11.4910421, 46.5860092], [11.4910797, 46.5861456], [11.4910931, 46.5862912], [11.4910888, 46.5864357], [11.4910968, 46.5865997], [11.4911183, 46.5867048], [11.4911709, 46.5868571], [11.4911666, 46.5869444], [11.4911092, 46.5870636], [11.4910405, 46.5871546], [11.4906961, 46.5873714], [11.4906183, 46.5874747], [11.4905121, 46.5875785], [11.4904317, 46.5876928], [11.4903753, 46.5877924], [11.4903002, 46.5879269], [11.4902278, 46.5880984], [11.4901822, 46.5882458], [11.4901554, 46.5884246], [11.4901232, 46.5885942], [11.4901168, 46.5887429], [11.4901463, 46.5888424], [11.4901919, 46.5889622], [11.490209, 46.589079], [11.4901221, 46.5891926], [11.4901382, 46.5892479], [11.490216, 46.5892664], [11.4903297, 46.5892744], [11.4904735, 46.589353], [11.4905191, 46.5894194], [11.4905942, 46.5895078], [11.4907374, 46.5896062], [11.4910164, 46.5897057], [11.4911521, 46.5897825], [11.4911628, 46.5898451], [11.4913211, 46.59], [11.4914482, 46.5900651], [11.4915625, 46.5901235], [11.4915732, 46.5901714], [11.4915501, 46.5902273], [11.4915314, 46.5903085], [11.4916644, 46.5903705], [11.4917513, 46.5903988], [11.491872, 46.5904504], [11.4922867, 46.5905806], [11.4924728, 46.590526], [11.4926552, 46.5903859], [11.4927276, 46.5903103], [11.4928714, 46.5902101], [11.492976, 46.5901511], [11.4931235, 46.5899004], [11.4932442, 46.5898322], [11.4933274, 46.5898267], [11.4935178, 46.5898304], [11.4936879, 46.5898237], [11.4937496, 46.5898071], [11.4938181, 46.5897567], [11.4938771, 46.589565]]}, "properties": {"osm_id": "way/459035417", "highway": "path"}}, {"type": "Feature", "geometry": {"type": "LineString", "coordinates": [[11.4864653, 46.6070122], [11.4863697, 46.6070032], [11.4862689, 46.6070291], [11.4861766, 46.607075], [11.4859631, 46.6072428]]}, "properties": {"osm_id": "way/459213549", "highway": "track"}}, {"type": "Feature", "geometry": {"type": "LineString", "coordinates": [[11.4878946, 46.6090236], [11.4880193, 46.6090909], [11.4881035, 46.6091518], [11.4881571, 46.6092015], [11.4881802, 46.6092641], [11.4882043, 46.6093931], [11.488184, 46.6095184], [11.4881373, 46.6096068], [11.4880676, 46.6096713]]}, "properties": {"osm_id": "way/459213551", "highway": "track"}}, {"type": "Feature", "geometry": {"type": "LineString", "coordinates": [[11.4869737, 46.6074953], [11.4867114, 46.6074031], [11.4865183, 46.6073368], [11.4864073, 46.6073109], [11.4863171, 46.607311], [11.4862517, 46.6073367], [11.4862168, 46.6073901], [11.4861723, 46.607521], [11.4861374, 46.6075874], [11.4861042, 46.6076039], [11.4860248, 46.6075782], [11.4859497, 46.6075321]]}, "properties": {"osm_id": "way/459213554", "highway": "track"}}, {"type": "Feature", "geometry": {"type": "LineString", "coordinates": [[11.4860267, 46.6184275], [11.4862399, 46.6183452], [11.486368, 46.618281], [11.4865429, 46.6181433], [11.4866778, 46.6180888], [11.48676, 46.618089], [11.486991, 46.618148], [11.4870503, 46.6181427], [11.487101, 46.6181088], [11.4871079, 46.6180647], [11.4870019, 46.617984], [11.4869542, 46.6179366], [11.4869428, 46.6178881]]}, "properties": {"osm_id": "way/459216996", "highway": "track", "name": "Kapatsch", "source": "Geobrowser der Autonomen Provinz Bozen", "surface": "gravel", "tracktype": "grade3"}}, {"type": "Feature", "geometry": {"type": "LineString", "coordinates": [[11.4858247, 46.6174505], [11.485746, 46.6174026], [11.4854975, 46.6173538], [11.4853971, 46.6173287], [11.4853262, 46.617311], [11.4852613, 46.6172626], [11.4850966, 46.6170408], [11.4847561, 46.6167401], [11.4846745, 46.6166971], [11.4843118, 46.616531], [11.4841475, 46.6164079], [11.4840028, 46.6163111], [11.4837588, 46.6160393], [11.4836794, 46.6160118]]}, "properties": {"osm_id": "way/459216997", "foot": "yes", "highway": "path", "mtb:scale": "0", "sac_scale": "hiking", "surface": "ground", "trail_visibility": "good"}}, {"type": "Feature", "geometry": {"type": "LineString", "coordinates": [[11.486742, 46.6217417], [11.4867962, 46.6214835], [11.4869471, 46.6213234], [11.4869889, 46.621232], [11.4870098, 46.6211198], [11.4871009, 46.6208967], [11.4871117, 46.6207095], [11.4871623, 46.62052], [11.4872273, 46.6204312], [11.4873629, 46.6201042], [11.4873865, 46.6198315], [11.4873377, 46.6197457], [11.4869007, 46.6192724], [11.486748, 46.6191762]]}, "properties": {"osm_id": "way/459217266", "foot": "yes", "highway": "path", "mtb:scale": "2", "sac_scale": "mountain_hiking", "src-class": "t2", "surface": "ground", "trail_visibility": "good", "width": "0.5"}}, {"type": "Feature", "geometry": {"type": "LineString", "coordinates": [[11.4641546, 46.6275385], [11.4640894, 46.6274748], [11.4640213, 46.6273626], [11.4639502, 46.6272806], [11.4639333, 46.6272657], [11.4638398, 46.6271834], [11.4637287, 46.6271229], [11.4636258, 46.627095], [11.4634544, 46.6270601], [11.4632985, 46.6270522], [11.463242, 46.6270622], [11.4632028, 46.6270824], [11.4631895, 46.6271118], [11.4632197, 46.6272006], [11.4632311, 46.6272644], [11.463229, 46.6273115], [11.4631913, 46.6273583], [11.4631363, 46.6273798], [11.4630641, 46.627397], [11.4622048, 46.6273461], [11.4620124, 46.6273169], [11.4617713, 46.6272583], [11.4612357, 46.627091], [11.4607248, 46.6269459], [11.4603277, 46.6268651], [11.4600595, 46.6268577], [11.4594766, 46.6268533], [11.459237, 46.6268002], [11.4590402, 46.6267988], [11.4586755, 46.6268651], [11.4585721, 46.6268578], [11.4584931, 46.6268282], [11.457736, 46.6263923], [11.4576765, 46.6263171], [11.4576738, 46.6262209], [11.4576508, 46.6261101], [11.4575932, 46.6260161], [11.457303, 46.6257113], [11.4571044, 46.6256104]]}, "properties": {"osm_id": "way/459223989", "foot": "yes", "highway": "track", "name": "Kapatsch - 4B  -  Alpe Cupaccia - 4B", "name:de": "Kapatsch - 4B", "name:it": "Alpe Cupaccia - 4B", "ref:hiking": "4B", "source": "Geobrowser der Autonomen Provinz Bozen", "surface": "gravel", "tracktype": "grade3"}}, {"type": "Feature", "geometry": {"type": "LineString", "coordinates": [[11.4711342, 46.6272982], [11.4710797, 46.6274867], [11.4711245, 46.6276732], [11.4712065, 46.6278568], [11.4712512, 46.6280757], [11.4712769, 46.6282357], [11.4713574, 46.6283831]]}, "properties": {"osm_id": "way/459223990", "highway": "track"}}, {"type": "Feature", "geometry": {"type": "LineString", "coordinates": [[11.4711342, 46.6272982], [11.4714802, 46.6272366], [11.4716278, 46.6272359], [11.4718751, 46.6273068], [11.4721357, 46.6274059], [11.4723214, 46.6274522], [11.4725445, 46.627591], [11.4727001, 46.6276544], [11.47335, 46.62782], [11.4735638, 46.6278417], [11.4739825, 46.6278307], [11.4744508, 46.6279531], [11.4749245, 46.6281252], [11.4750438, 46.6282576], [11.4751857, 46.6283713], [11.4753375, 46.6284577], [11.4754732, 46.6285102], [11.4757297, 46.628572], [11.475944, 46.6287108], [11.4761754, 46.6289257], [11.476378, 46.6291598], [11.4765354, 46.6292862], [11.4766864, 46.629356], [11.4770505, 46.6294604], [11.477385, 46.6295951], [11.4777373, 46.6296406], [11.4780006, 46.6296028], [11.4784478, 46.6295013], [11.4788896, 46.629449], [11.4793831, 46.6295604], [11.4797487, 46.6296859], [11.4799102, 46.6297374], [11.4800325, 46.6297192], [11.4802698, 46.6296369], [11.4804407, 46.6296384], [11.4806048, 46.6296861], [11.4807521, 46.6297537], [11.4808656, 46.6299443]]}, "properties": {"osm_id": "way/459223991", "foot": "yes", "highway": "track", "name": "Mitterhofer Alm - 14", "ref:hiking": "14", "surface": "fine_gravel", "tracktype": "grade2"}}, {"type": "Feature", "geometry": {"type": "LineString", "coordinates": [[11.486742, 46.6217417], [11.4867978, 46.621659], [11.4868768, 46.6215706], [11.4869862, 46.6215494], [11.4870506, 46.6215115], [11.4870987, 46.6214309], [11.4871958, 46.6213208], [11.4872743, 46.6212139], [11.4873344, 46.6211028], [11.4874685, 46.6209991], [11.4875008, 46.6208912], [11.4875193, 46.6207409], [11.4874485, 46.6205705], [11.4873377, 46.6204369], [11.4873435, 46.6202683], [11.4873629, 46.6201042], [11.4874176, 46.6200943], [11.4875055, 46.6201207], [11.4876518, 46.6201779], [11.4878767, 46.620212], [11.4881203, 46.6202329], [11.4884053, 46.6202985], [11.4886965, 46.620343], [11.4889292, 46.6204075], [11.4891927, 46.6204784], [11.4894577, 46.6206075], [11.4897489, 46.6207684], [11.489943, 46.6209039], [11.4901557, 46.6210055], [11.4902712, 46.6215282], [11.4904638, 46.6216711], [11.4907689, 46.621814]]}, "properties": {"osm_id": "way/459223992", "highway": "track"}}, {"type": "Feature", "geometry": {"type": "LineString", "coordinates": [[11.4685082, 46.6311733], [11.4685564, 46.6310274], [11.4685987, 46.630851], [11.468562, 46.6306104], [11.4684311, 46.6304531], [11.4683432, 46.6303662], [11.4682117, 46.6302854], [11.4676883, 46.6300555], [11.4675106, 46.6299208], [11.467421, 46.6298308], [11.4673553, 46.6297067], [11.4672254, 46.6295722], [11.4670782, 46.6294743], [11.4669187, 46.6294055], [11.4667841, 46.6293727], [11.4659026, 46.6292403], [11.4656751, 46.6291431], [11.4654598, 46.6290663], [11.4653176, 46.6290178], [11.4651994, 46.6289708], [11.4646147, 46.6286202], [11.464258, 46.628442], [11.4642113, 46.6283721], [11.4639654, 46.6282313], [11.4638253, 46.6281323], [11.4637614, 46.6280543], [11.4637556, 46.6279934], [11.4638153, 46.6278114], [11.4638481, 46.6277459], [11.4639156, 46.6276811], [11.4641546, 46.6275385]]}, "properties": {"osm_id": "way/459223996", "highway": "track", "name": "Atzalm", "source": "Geobrowser der Autonomen Provinz Bozen"}}, {"type": "Feature", "geometry": {"type": "LineString", "coordinates": [[11.4816775, 46.6278005], [11.4817758, 46.6270058], [11.4817155, 46.6267825], [11.4817287, 46.6266122], [11.4817125, 46.626469], [11.4816855, 46.6264216], [11.4816918, 46.6263449], [11.4817493, 46.6262647], [11.4819178, 46.6261222], [11.4820508, 46.6260566], [11.4822252, 46.6258927], [11.4824343, 46.6256133], [11.4825819, 46.6254456], [11.482673, 46.6254017], [11.4827331, 46.6253603], [11.4827969, 46.6252933], [11.4828344, 46.6252402], [11.4830356, 46.6250884], [11.4832396, 46.6249862], [11.4833972, 46.6248756], [11.4835506, 46.6247914], [11.4835908, 46.6247433], [11.4838281, 46.624568], [11.4839831, 46.6244771], [11.4841451, 46.6243033], [11.4841841, 46.6242297], [11.4842373, 46.624153], [11.4842689, 46.6241245], [11.4843047, 46.6240376], [11.4843707, 46.6239767], [11.484642, 46.6238264], [11.4847385, 46.6237899], [11.4848582, 46.6236855], [11.4850251, 46.6236035], [11.4852162, 46.6235197], [11.4853027, 46.6234963], [11.4855503, 46.6234129]]}, "properties": {"osm_id": "way/459223999", "foot": "yes", "highway": "path", "mtb:scale": "2", "sac_scale": "mountain_hiking", "src-class": "t2", "surface": "ground", "trail_visibility": "good", "width": "0.5"}}, {"type": "Feature", "geometry": {"type": "LineString", "coordinates": [[11.4839551, 46.6095829], [11.4839127, 46.6096435], [11.4838958, 46.6098679], [11.4838993, 46.6099347], [11.4839199, 46.6099858], [11.4839414, 46.6100226], [11.4839261, 46.61006], [11.4838778, 46.6100728]]}, "properties": {"osm_id": "way/461422020", "highway": "track", "name": "Niggler", "source": "Geobrowser der Autonomen Provinz Bozen", "tracktype": "grade3"}}, {"type": "Feature", "geometry": {"type": "LineString", "coordinates": [[11.4799165, 46.6063482], [11.4798466, 46.6065756], [11.4797795, 46.6067286], [11.4796776, 46.6068705], [11.4795811, 46.6069902], [11.4795211, 46.6071131], [11.4795703, 46.6073016], [11.479674, 46.6075885], [11.4797688, 46.607766], [11.4798225, 46.6078858]]}, "properties": {"osm_id": "way/461422024", "highway": "track", "name": "Fellin", "source": "Geobrowser der Autonomen Provinz Bozen", "tracktype": "grade3"}}, {"type": "Feature", "geometry": {"type": "LineString", "coordinates": [[11.48442, 46.6074764], [11.4843562, 46.607471], [11.484237, 46.60744], [11.4841397, 46.6074011], [11.483867, 46.6071944], [11.4837835, 46.6071417], [11.482613, 46.6069031], [11.482303, 46.6068015], [11.4817585, 46.6067508], [11.4811422, 46.6066921], [11.480774, 46.6066307], [11.4802992, 46.6065007], [11.4799165, 46.6063482], [11.4797653, 46.6061686], [11.4797035, 46.6060561], [11.4794002, 46.6052785], [11.4792083, 46.6044648], [11.4784902, 46.6038613], [11.4775604, 46.6034578], [11.4758091, 46.6029797], [11.4752879, 46.6028429], [11.4750554, 46.6028451], [11.4747424, 46.6028759], [11.4745128, 46.6028431], [11.474389, 46.602773], [11.4743481, 46.6026923], [11.4743575, 46.6025873], [11.47452, 46.6023691], [11.4745305, 46.6022525], [11.4744522, 46.6021789], [11.4741035, 46.6020223], [11.4735359, 46.6018831], [11.4731765, 46.6018413], [11.4728541, 46.6018403]]}, "properties": {"osm_id": "way/461422038", "highway": "track", "name": "Tonder", "source": "Geobrowser der Autonomen Provinz Bozen", "tracktype": "grade4"}}, {"type": "Feature", "geometry": {"type": "LineString", "coordinates": [[11.4579377, 46.6038466], [11.4579218, 46.6040117], [11.4579232, 46.6041693], [11.4579661, 46.6042844], [11.4580761, 46.6043139], [11.458461, 46.6043167]]}, "properties": {"osm_id": "way/462369741", "highway": "track"}}, {"type": "Feature", "geometry": {"type": "LineString", "coordinates": [[11.4518073, 46.5991328], [11.4518942, 46.5989936], [11.4518974, 46.5987841]]}, "properties": {"osm_id": "way/462369753", "highway": "track"}}, {"type": "Feature", "geometry": {"type": "LineString", "coordinates": [[11.447667, 46.5943611], [11.4478289, 46.5937498]]}, "properties": {"osm_id": "way/462369754", "highway": "path", "mtb:scale": "1", "sac_scale": "hiking", "surface": "grass", "width": "2"}}, {"type": "Feature", "geometry": {"type": "LineString", "coordinates": [[11.4518974, 46.5987841], [11.4512161, 46.5982694], [11.4505106, 46.5978186], [11.4498803, 46.5973419], [11.4493502, 46.5969887], [11.4488946, 46.5967383], [11.4485196, 46.596488], [11.4479215, 46.5959896], [11.4477107, 46.595766], [11.4474785, 46.5953361], [11.4474148, 46.5951059], [11.4474262, 46.5948555], [11.4475171, 46.5945917], [11.447667, 46.5943611]]}, "properties": {"osm_id": "way/462369755", "highway": "path", "mtb:scale": "1", "name": "Skiweg Unterhorn", "piste:difficulty": "easy", "piste:type": "downhill", "sac_scale": "hiking", "surface": "grass", "width": "2"}}, {"type": "Feature", "geometry": {"type": "LineString", "coordinates": [[11.4477241, 46.5966488], [11.4477952, 46.596847], [11.4485328, 46.5975528], [11.4488251, 46.5978846], [11.449088, 46.5982218], [11.4494447, 46.598467], [11.4494823, 46.5987231], [11.4496298, 46.5991157], [11.4498363, 46.59937], [11.449847, 46.5995783], [11.4501528, 46.6000095], [11.4502655, 46.600367], [11.4503754, 46.6008001], [11.4504908, 46.6011871], [11.45048, 46.6014433]]}, "properties": {"osm_id": "way/462369757", "highway": "track"}}, {"type": "Feature", "geometry": {"type": "LineString", "coordinates": [[11.4486539, 46.6051092], [11.4488182, 46.6051258], [11.4492308, 46.6052371], [11.449362, 46.605264], [11.4495766, 46.6053082], [11.4499888, 46.6053405], [11.4502652, 46.6053322], [11.4503884, 46.6053292], [11.4505477, 46.6053034], [11.4506437, 46.6052963], [11.4508946, 46.6053186], [11.4511159, 46.6053001], [11.4513575, 46.6053009], [11.451732, 46.6052653], [11.4519988, 46.6052371], [11.4522402, 46.6051652], [11.4524173, 46.6051173], [11.4528169, 46.6049809], [11.453137, 46.6048757], [11.4534604, 46.6047996], [11.4539416, 46.604716], [11.4543991, 46.6046559], [11.4546711, 46.6046515], [11.455059, 46.6045822], [11.4552092, 46.6045785], [11.4553809, 46.6045859], [11.4555858, 46.6045059], [11.4556927, 46.6044397], [11.4557885, 46.60435], [11.455891, 46.6041479]]}, "properties": {"osm_id": "way/462369758", "highway": "track", "tracktype": "grade4"}}, {"type": "Feature", "geometry": {"type": "LineString", "coordinates": [[11.4539416, 46.604716], [11.4534995, 46.6046926], [11.4522255, 46.6047276], [11.4519868, 46.6046889], [11.4515817, 46.6047442], [11.4514262, 46.604746], [11.4510131, 46.6046704], [11.4508763, 46.6046704]]}, "properties": {"osm_id": "way/462369759", "highway": "track"}}, {"type": "Feature", "geometry": {"type": "LineString", "coordinates": [[11.4582595, 46.6036437], [11.458357, 46.6036348], [11.4584106, 46.603597], [11.4584723, 46.6035814], [11.4585515, 46.6036062], [11.4586921, 46.6037249], [11.4588562, 46.6038286], [11.4590547, 46.603906], [11.4592559, 46.6039963], [11.4594195, 46.6040478], [11.4594731, 46.6040607], [11.4595638, 46.6040695], [11.4595987, 46.6040529], [11.4595853, 46.6040179], [11.4595375, 46.6038709], [11.4593766, 46.6037235], [11.4593741, 46.6036724]]}, "properties": {"osm_id": "way/462369761", "highway": "path", "sac_scale": "mountain_hiking"}}, {"type": "Feature", "geometry": {"type": "LineString", "coordinates": [[11.4528762, 46.5960636], [11.4528897, 46.5960351], [11.4528569, 46.5959636], [11.4528337, 46.5958784]]}, "properties": {"osm_id": "way/462369763", "highway": "path"}}, {"type": "Feature", "geometry": {"type": "LineString", "coordinates": [[11.4525242, 46.5963117], [11.4527106, 46.5962468], [11.4528145, 46.5961681], [11.4528137, 46.5961117], [11.4528762, 46.5960636]]}, "properties": {"osm_id": "way/462369764", "highway": "track", "surface": "compacted", "tracktype": "grade1"}}, {"type": "Feature", "geometry": {"type": "LineString", "coordinates": [[11.4723601, 46.5910167], [11.472218, 46.5911328], [11.4721027, 46.5911697], [11.4719608, 46.5911413], [11.4717459, 46.5910167], [11.4716685, 46.5909847], [11.471585, 46.5909983], [11.4714804, 46.5912287], [11.471408, 46.591483], [11.4712229, 46.591706], [11.4711719, 46.5919936], [11.4709869, 46.5922664], [11.4707884, 46.5924267], [11.4706596, 46.592611], [11.470445, 46.5927659], [11.4703512, 46.5928617], [11.4702728, 46.5929925], [11.4702899, 46.5930652]]}, "properties": {"osm_id": "way/462369765", "highway": "track"}}, {"type": "Feature", "geometry": {"type": "LineString", "coordinates": [[11.4563262, 46.5982473], [11.4563824, 46.5983289], [11.4564493, 46.5984031], [11.4564756, 46.5984456], [11.4564663, 46.5985261], [11.4565058, 46.598536], [11.4566311, 46.5985518], [11.456743, 46.5985915], [11.4568037, 46.5986461], [11.4570243, 46.5988809], [11.4570964, 46.5989976], [11.4571241, 46.5990366], [11.457161, 46.5990817], [11.4572502, 46.5991636], [11.4572705, 46.5991801], [11.4573046, 46.5992078], [11.4573639, 46.5992588], [11.4574662, 46.5993628], [11.4575369, 46.5994393], [11.4577255, 46.5996435], [11.4578585, 46.5997918], [11.4579688, 46.5999035], [11.4581381, 46.6000733], [11.4582499, 46.6001881], [11.4584251, 46.600341], [11.4585187, 46.6004179], [11.4586066, 46.600496], [11.4587822, 46.60068], [11.4589511, 46.6008665], [11.4590663, 46.6010025], [11.4590956, 46.6010479], [11.4591173, 46.6010882], [11.4591719, 46.6012028], [11.4591923, 46.6012505], [11.4592171, 46.6013591], [11.4592322, 46.6014464], [11.4592331, 46.6015589]]}, "properties": {"osm_id": "way/462369766", "highway": "track", "surface": "gravel"}}, {"type": "Feature", "geometry": {"type": "LineString", "coordinates": [[11.4758043, 46.5991914], [11.4757399, 46.599243], [11.4754395, 46.5992172], [11.4751713, 46.5992098], [11.4750854, 46.5993241], [11.4749889, 46.5993757], [11.474796, 46.599408], [11.4744524, 46.599431], [11.4741091, 46.5993868], [11.4739753, 46.5994006], [11.4732028, 46.5995959], [11.4730899, 46.5996558], [11.4730362, 46.599748], [11.4728968, 46.5998217], [11.4723335, 46.6000944], [11.4721996, 46.600252], [11.4719204, 46.6003893], [11.4716951, 46.6005036], [11.4715878, 46.6005183], [11.4713035, 46.6005662], [11.4711697, 46.6006206], [11.4709656, 46.6006584], [11.4708475, 46.6006436], [11.4707456, 46.6006621], [11.4706866, 46.60071], [11.4703382, 46.6010924], [11.4701716, 46.6012149], [11.4699785, 46.6013624], [11.4696674, 46.6015319], [11.4692704, 46.6018747], [11.4691095, 46.6019926], [11.4690305, 46.6020935]]}, "properties": {"osm_id": "way/462824043", "highway": "path", "name": "Saubacher Kofelweg", "source": "Geobrowser der Autonomen Provinz Bozen"}}, {"type": "Feature", "geometry": {"type": "LineString", "coordinates": [[11.4758043, 46.5991914], [11.4759813, 46.599372], [11.4761103, 46.5995149], [11.4760779, 46.59963], [11.4759598, 46.5998033], [11.4758311, 46.5998807], [11.4754237, 46.6000198]]}, "properties": {"osm_id": "way/462824048", "highway": "track", "name": "Reatl", "source": "Geobrowser der Autonomen Provinz Bozen"}}, {"type": "Feature", "geometry": {"type": "LineString", "coordinates": [[11.4807598, 46.6022019], [11.4804284, 46.6020516], [11.479908, 46.6018894], [11.4797847, 46.6018341], [11.4797257, 46.6017862], [11.4796398, 46.6017752], [11.479506, 46.6017742], [11.4789856, 46.6019253], [11.4789103, 46.60193], [11.478626, 46.6020553], [11.478535, 46.6020654], [11.4784597, 46.602059], [11.4782558, 46.6020921], [11.4780681, 46.6021069], [11.4775853, 46.6021364], [11.4773385, 46.6021032], [11.4769469, 46.6020626], [11.4766304, 46.6020848], [11.4763088, 46.6021354], [11.4761315, 46.60214], [11.4759386, 46.602176], [11.4757238, 46.6022322], [11.4756165, 46.602317], [11.4755146, 46.602387], [11.4753486, 46.6024377], [11.4752788, 46.602445], [11.4752356, 46.6024202], [11.4752464, 46.6023464], [11.4752946, 46.6022138], [11.4753107, 46.6021069], [11.4752786, 46.6020332], [11.4751659, 46.6019447], [11.4750655, 46.6019445], [11.4748387, 46.6019226], [11.4743881, 46.6018599], [11.474222, 46.6018524], [11.4740608, 46.6018452], [11.4736156, 46.6017899], [11.4732454, 46.601753], [11.4730309, 46.6017567], [11.4728541, 46.6018403]]}, "properties": {"osm_id": "way/462824056", "highway": "path", "source": "Geobrowser der Autonomen Provinz Bozen"}}, {"type": "Feature", "geometry": {"type": "LineString", "coordinates": [[11.4755025, 46.5988175], [11.4755382, 46.5987561]]}, "properties": {"osm_id": "way/462824058", "bridge": "yes", "highway": "track", "layer": "1", "name": "Trögler - Pian", "surface": "gravel", "tracktype": "grade3"}}, {"type": "Feature", "geometry": {"type": "LineString", "coordinates": [[11.4755685, 46.5987038], [11.474856, 46.598743], [11.4747886, 46.5986915], [11.4748011, 46.5986533], [11.4751176, 46.5985574], [11.4755122, 46.5984534], [11.4756757, 46.5984183], [11.4757674, 46.5983815], [11.4758395, 46.5983245], [11.4758796, 46.5982393], [11.4758665, 46.5981784], [11.4757938, 46.5981463], [11.4757356, 46.5981627], [11.4756675, 46.5982066], [11.4755929, 46.5982588], [11.4755037, 46.5982557], [11.4752747, 46.59825], [11.4752111, 46.5982346], [11.4751963, 46.5981971], [11.475232, 46.5981684], [11.4753647, 46.5981511], [11.4754449, 46.5980783], [11.4755039, 46.5979124], [11.4754502, 46.5978166], [11.4753325, 46.5977419], [11.4750696, 46.597635], [11.4747585, 46.5975171], [11.4745168, 46.5973964]]}, "properties": {"osm_id": "way/462824061", "highway": "track", "name": "Aspingeralm"}}, {"type": "Feature", "geometry": {"type": "LineString", "coordinates": [[11.472189, 46.6018705], [11.4721996, 46.601918], [11.4723549, 46.6019889], [11.4725051, 46.6020368], [11.4726556, 46.6020986], [11.4730419, 46.6023566]]}, "properties": {"osm_id": "way/462824062", "highway": "track", "name": "Zarl", "source": "Geobrowser der Autonomen Provinz Bozen"}}, {"type": "Feature", "geometry": {"type": "LineString", "coordinates": [[11.4745305, 46.6022525], [11.4745222, 46.6021474], [11.4744202, 46.6020221], [11.474222, 46.6018524], [11.4741306, 46.6017641], [11.4740286, 46.6016609], [11.4740072, 46.6016056], [11.4741738, 46.6016489], [11.4743883, 46.6017337], [11.4746026, 46.6017899], [11.474737, 46.6017963], [11.4748279, 46.6018268], [11.4749567, 46.6019005], [11.4750655, 46.6019445], [11.4750962, 46.6018857], [11.475005, 46.6017383], [11.4748011, 46.6014508], [11.4746616, 46.6012886], [11.4743612, 46.6010675], [11.4741467, 46.6009459], [11.4737229, 46.600651], [11.4734278, 46.6004999]]}, "properties": {"osm_id": "way/462824067", "highway": "track", "name": "Kuhleite", "source": "Geobrowser der Autonomen Provinz Bozen", "tracktype": "grade5"}}, {"type": "Feature", "geometry": {"type": "LineString", "coordinates": [[11.4836794, 46.6160118], [11.4833385, 46.6160554], [11.4830385, 46.6161448], [11.4829544, 46.6161555], [11.482819, 46.6162144], [11.4826442, 46.6162303], [11.4822099, 46.6163597], [11.4815772, 46.6164577], [11.4812921, 46.6165665], [11.4810067, 46.6166212], [11.4808574, 46.6167139], [11.4807284, 46.6167231], [11.4805547, 46.6167629], [11.4802503, 46.6167644], [11.4801578, 46.616795], [11.4800659, 46.616786], [11.4800094, 46.6167581], [11.4800003, 46.6164952], [11.4798932, 46.6163754], [11.4797094, 46.6162183]]}, "properties": {"osm_id": "way/462831186", "foot": "yes", "highway": "path", "mtb:scale": "2", "sac_scale": "mountain_hiking", "src-class": "t2", "surface": "ground", "trail_visibility": "good", "width": "0.5"}}, {"type": "Feature", "geometry": {"type": "LineString", "coordinates": [[11.4593741, 46.6036724], [11.4593202, 46.603656], [11.4592466, 46.6036176], [11.4589221, 46.6033322], [11.4588271, 46.6031746], [11.4588388, 46.6028038], [11.4588176, 46.6027015], [11.4587613, 46.602646], [11.4586708, 46.6025964], [11.4585623, 46.6025862], [11.4582682, 46.6025994], [11.458163, 46.602603], [11.4580244, 46.6026323], [11.4579319, 46.6026649]]}, "properties": {"osm_id": "way/463097683", "highway": "track", "name": "Tonder", "source": "Geobrowser der Autonomen Provinz Bozen", "tracktype": "grade3"}}, {"type": "Feature", "geometry": {"type": "LineString", "coordinates": [[11.4234531, 46.6042056], [11.4237609, 46.6041618], [11.4240796, 46.6039794], [11.4243456, 46.6039363], [11.4246194, 46.6039871], [11.4250939, 46.6039987], [11.4256097, 46.6039621], [11.4261907, 46.6039596], [11.4266735, 46.6040751], [11.4269787, 46.6040777], [11.4275128, 46.6042981], [11.427913, 46.6042859], [11.4281353, 46.6042004], [11.4282992, 46.6041463], [11.42854, 46.6041081], [11.428908, 46.6039909], [11.4292417, 46.604032], [11.4294498, 46.6040296], [11.4299053, 46.6043003], [11.4301985, 46.6044997], [11.4304919, 46.6046952], [11.4310905, 46.6049359], [11.4312212, 46.6053001], [11.4312567, 46.6059844], [11.4316187, 46.6066907], [11.4317721, 46.6070347], [11.4319598, 46.6072846], [11.4323126, 46.6080414], [11.4325239, 46.6082914], [11.432801, 46.6088689], [11.4329292, 46.6089129], [11.4332084, 46.6090631], [11.4333221, 46.6091595], [11.4335842, 46.6092673], [11.4337923, 46.6093026], [11.4339704, 46.6094867], [11.4346005, 46.609821], [11.4364769, 46.6104503], [11.4367648, 46.6106917], [11.4368688, 46.6107789], [11.4369116, 46.6108158], [11.4372425, 46.6111012], [11.4375244, 46.6113177], [11.4375581, 46.6114332]]}, "properties": {"osm_id": "way/463100141", "highway": "path"}}, {"type": "Feature", "geometry": {"type": "LineString", "coordinates": [[11.4565672, 46.6038504], [11.4564181, 46.6038765], [11.4563519, 46.6039051], [11.456321, 46.6039184], [11.4562459, 46.6039589], [11.4561923, 46.6040142], [11.4561011, 46.6040474], [11.455891, 46.6041479]]}, "properties": {"osm_id": "way/463100142", "highway": "path", "name": "Heusteig", "source": "Geobrowser der Autonomen Provinz Bozen"}}, {"type": "Feature", "geometry": {"type": "LineString", "coordinates": [[11.4202917, 46.6026667], [11.4207056, 46.6029702], [11.4208544, 46.6030865], [11.4210449, 46.6032068], [11.4212023, 46.6032805], [11.421408, 46.6033078], [11.4216073, 46.6032988], [11.4217736, 46.603333], [11.4222218, 46.6034659], [11.4225096, 46.6035315], [11.4226773, 46.6035453], [11.4228672, 46.6035417], [11.4230356, 46.6035221], [11.4231319, 46.6035074], [11.4231947, 46.6034984], [11.4232441, 46.6035216], [11.423236, 46.6035616], [11.4232213, 46.603596], [11.4231768, 46.6036503], [11.4231686, 46.6037308], [11.4232164, 46.6038441], [11.4232639, 46.6040218], [11.4233772, 46.6041433], [11.4234531, 46.6042056]]}, "properties": {"osm_id": "way/463103259", "highway": "track", "name": "Gissmanner Nock - 2 / Colle della Madonnina - 2", "name:de": "Gissmanner Nock - 2", "name:it": "Colle della Madonnina - 2", "ref:hiking": "2", "source": "Geobrowser der Autonomen Provinz Bozen;http://www.metgis.com/de/bergwetter/colle-della-madonnina---gismanner-nock.html"}}, {"type": "Feature", "geometry": {"type": "LineString", "coordinates": [[11.4324072, 46.6006137], [11.4323721, 46.6007289], [11.4322434, 46.6009169], [11.4322104, 46.6010651], [11.4323185, 46.6012051], [11.4324228, 46.6013184], [11.4324901, 46.6014791], [11.4327817, 46.6016526], [11.4329421, 46.6017915], [11.4331977, 46.6019646], [11.4332795, 46.6020694], [11.4334691, 46.6023245], [11.4334686, 46.6027778], [11.433431, 46.6029178], [11.4334418, 46.6030284], [11.4335437, 46.6030948]]}, "properties": {"osm_id": "way/463103260", "highway": "track", "name": "Mannlwald", "source": "Geobrowser der Autonomen Provinz Bozen", "tracktype": "grade4"}}, {"type": "Feature", "geometry": {"type": "LineString", "coordinates": [[11.4988741, 46.626589], [11.4989358, 46.6266654], [11.4991311, 46.6267783]]}, "properties": {"osm_id": "way/463716882", "highway": "track", "name": "Plattner Flor"}}, {"type": "Feature", "geometry": {"type": "LineString", "coordinates": [[11.5019894, 46.6257777], [11.5018711, 46.6257197], [11.5016824, 46.625703], [11.5015268, 46.6256772], [11.50145, 46.6256368], [11.5013695, 46.6255374], [11.5013373, 46.6254268], [11.501331, 46.625318], [11.5013283, 46.6251982], [11.5012086, 46.6250069], [11.5011272, 46.6249146], [11.5010091, 46.6248225], [11.5008992, 46.6247967], [11.5007946, 46.6247948], [11.5006936, 46.6248392], [11.5005961, 46.6248464], [11.5005541, 46.6248908], [11.5005514, 46.6249737], [11.5005005, 46.62504], [11.5004683, 46.6250879], [11.5004119, 46.6251616], [11.50042, 46.6251911], [11.5002393, 46.6253327], [11.5001106, 46.6254856], [11.5000462, 46.6255243], [11.4999157, 46.6255687], [11.4997995, 46.625633], [11.4997682, 46.6256682], [11.4997256, 46.6258033], [11.4997038, 46.6258579], [11.4997163, 46.6259719], [11.4997458, 46.6261101], [11.4995447, 46.6262408], [11.499432, 46.626309], [11.4992774, 46.6263681], [11.4991513, 46.6263958], [11.499036, 46.6264492], [11.4989716, 46.6265192], [11.4989501, 46.6265873], [11.4988741, 46.626589]]}, "properties": {"osm_id": "way/463716889", "highway": "path", "name": "12 Florweg", "source": "Geobrowser der Autonomen Provinz Bozen"}}, {"type": "Feature", "geometry": {"type": "LineString", "coordinates": [[11.4755382, 46.5987561], [11.4755685, 46.5987038], [11.4758802, 46.5987312], [11.476039, 46.5987463], [11.4762739, 46.5987309], [11.4764045, 46.5986798], [11.4766628, 46.5986475], [11.4768174, 46.5986469], [11.4769005, 46.5986466], [11.4773599, 46.5987381], [11.4777896, 46.5987462], [11.478016, 46.5987572], [11.4783527, 46.5987015], [11.4787922, 46.5987104], [11.4789988, 46.5987215], [11.4793442, 46.5988031], [11.4796404, 46.5989103]]}, "properties": {"osm_id": "way/466140107", "highway": "track", "name": "Trögler - Pian", "surface": "gravel", "tracktype": "grade3"}}, {"type": "Feature", "geometry": {"type": "LineString", "coordinates": [[11.5069048, 46.6498617], [11.5069503, 46.6497846], [11.5070258, 46.649689], [11.5070494, 46.6496079], [11.5070624, 46.6494362], [11.5070284, 46.6491815], [11.506902, 46.6487626], [11.5068046, 46.6486981], [11.5063557, 46.6484474], [11.5062408, 46.6482562], [11.5060971, 46.648043], [11.5060812, 46.6477707], [11.5060878, 46.6476171], [11.5061433, 46.647163], [11.5061648, 46.6468848], [11.5060989, 46.6467026], [11.5059567, 46.6465075], [11.5057347, 46.6463581], [11.5054242, 46.6461905], [11.5051225, 46.6460323], [11.50466, 46.6456995], [11.504278, 46.6454739], [11.503856, 46.6451023], [11.503482, 46.6449197], [11.5030834, 46.6447361], [11.5028577, 46.6445026], [11.5025682, 46.6444221], [11.5022236, 46.6443954], [11.5020317, 46.6443614], [11.5017321, 46.6442782], [11.5012608, 46.6439601], [11.5004968, 46.6437599], [11.4998983, 46.6436111], [11.4994618, 46.6434502], [11.4990964, 46.6433378], [11.4986459, 46.6431078], [11.498494, 46.6431097], [11.4983723, 46.6431036], [11.4982493, 46.6430814], [11.498035, 46.6430122], [11.4979132, 46.6429583], [11.4976134, 46.6427589], [11.4975624, 46.6427078], [11.4975261, 46.6426466], [11.4974597, 46.6424523], [11.4974182, 46.642388], [11.4973413, 46.6423223], [11.4971949, 46.6422395], [11.4971018, 46.6421956], [11.4969662, 46.6421718], [11.4967455, 46.6421593], [11.4965638, 46.6421332], [11.4964331, 46.6420937], [11.4963029, 46.6420597], [11.4961627, 46.6420521], [11.4959223, 46.642066], [11.4957611, 46.6420486], [11.4955576, 46.6419959], [11.4953055, 46.6419242], [11.4950755, 46.6418845], [11.4947139, 46.6418583], [11.4942588, 46.6417608], [11.4940528, 46.6416987], [11.4939433, 46.6416784], [11.4935996, 46.6416476], [11.493463, 46.641624], [11.4932583, 46.6415611], [11.493032, 46.6415032], [11.492885, 46.6414758], [11.4927011, 46.6414112], [11.4924225, 46.6412651], [11.49208, 46.641138], [11.4919447, 46.6410861], [11.491834, 46.6410299], [11.4917456, 46.6409597], [11.491679, 46.6408817], [11.4916237, 46.6407876], [11.491612, 46.6407023], [11.4916483, 46.6405967]]}, "properties": {"osm_id": "way/477701143", "highway": "track", "name": "Rundweg Sam - 24  -  Sentiero circolare del Monte Sommo - 24", "name:de": "Rundweg Sam - 24", "name:it": "Sentiero circolare del Monte Sommo - 24", "ref:hiking": "24", "source": "Geobrowser der Autonomen Provinz Bozen;https://fernandogardini.blogspot.com/2017/07/alpe-di-villandro-circolare-del-m-sommo.html"}}, {"type": "Feature", "geometry": {"type": "LineString", "coordinates": [[11.453354, 46.5999127], [11.4528717, 46.5996092], [11.4526584, 46.599405], [11.4524718, 46.5991933], [11.4522838, 46.5990189], [11.4521308, 46.5989439], [11.4518974, 46.5987841]]}, "properties": {"osm_id": "way/478158070", "highway": "path", "mtb:scale": "1", "sac_scale": "hiking", "surface": "grass", "width": "2"}}, {"type": "Feature", "geometry": {"type": "LineString", "coordinates": [[11.4903223, 46.6413872], [11.4904198, 46.6414301], [11.490459, 46.6415259]]}, "properties": {"osm_id": "way/631051070", "highway": "service", "motor_vehicle": "destination", "service": "parking_aisle"}}, {"type": "Feature", "geometry": {"type": "LineString", "coordinates": [[11.4917966, 46.6428385], [11.4918165, 46.6428846]]}, "properties": {"osm_id": "way/631051071", "bridge": "yes", "highway": "track", "layer": "1", "surface": "unpaved", "width": "4"}}, {"type": "Feature", "geometry": {"type": "LineString", "coordinates": [[11.4902314, 46.6413895], [11.4903223, 46.6413872], [11.4903517, 46.6413698], [11.4908503, 46.641207]]}, "properties": {"osm_id": "way/631051072", "highway": "service", "motor_vehicle": "destination", "service": "parking_aisle"}}, {"type": "Feature", "geometry": {"type": "LineString", "coordinates": [[11.4900927, 46.6418505], [11.4900644, 46.6417457], [11.4900631, 46.6416656], [11.4901033, 46.641557], [11.4901657, 46.6414589], [11.490087, 46.6414337]]}, "properties": {"osm_id": "way/631346885", "highway": "path", "surface": "pebblestone"}}, {"type": "Feature", "geometry": {"type": "LineString", "coordinates": [[11.4900927, 46.6418505], [11.4906178, 46.6419237]]}, "properties": {"osm_id": "way/631346886", "highway": "track"}}, {"type": "Feature", "geometry": {"type": "LineString", "coordinates": [[11.5002362, 46.5980545], [11.499387, 46.5984552], [11.4989849, 46.5986979], [11.498706, 46.5987945]]}, "properties": {"osm_id": "way/709684513", "bicycle": "no", "foot": "yes", "highway": "track", "horse": "no", "lit": "no", "surface": "ground", "tracktype": "grade4"}}, {"type": "Feature", "geometry": {"type": "LineString", "coordinates": [[11.4882097, 46.5987196], [11.4880628, 46.5987161], [11.4878992, 46.5987431], [11.4876358, 46.5988698], [11.4869998, 46.5992616], [11.4866425, 46.5994181], [11.486053, 46.5994843], [11.4857979, 46.599468], [11.4855302, 46.5993484], [11.4852668, 46.5993123], [11.4849391, 46.5992948], [11.4845845, 46.5993309], [11.4841362, 46.5993398], [11.4832633, 46.5991751], [11.4823452, 46.5992404], [11.481482, 46.5992229], [11.4809973, 46.5991481], [11.4804123, 46.5991136], [11.4802363, 46.5990764], [11.4800422, 46.5990329], [11.4798332, 46.5989804], [11.4797632, 46.5989703], [11.4796404, 46.5989103]]}, "properties": {"osm_id": "way/709684514", "highway": "track", "name": "Trögler - Pian", "tracktype": "grade2"}}, {"type": "Feature", "geometry": {"type": "LineString", "coordinates": [[11.4755183, 46.5988585], [11.4755025, 46.5988175]]}, "properties": {"osm_id": "way/709684515", "highway": "track", "name": "Trögler - Pian", "surface": "gravel", "tracktype": "grade3"}}, {"type": "Feature", "geometry": {"type": "LineString", "coordinates": [[11.4755183, 46.5988585], [11.4755739, 46.598962], [11.4758043, 46.5991914]]}, "properties": {"osm_id": "way/709684516", "highway": "track", "name": "Reatl", "source": "Geobrowser der Autonomen Provinz Bozen"}}, {"type": "Feature", "geometry": {"type": "LineString", "coordinates": [[11.4690305, 46.6020935], [11.4689149, 46.6021196], [11.4687871, 46.6021484], [11.468656, 46.6021848], [11.4685544, 46.6022285], [11.4684713, 46.60225], [11.4683251, 46.6022675], [11.4682212, 46.6022509], [11.4681786, 46.602209], [11.4681588, 46.6021507], [11.4681496, 46.6021049], [11.4681399, 46.6019845], [11.4681841, 46.6015855], [11.468107, 46.6015062], [11.4680366, 46.6014387], [11.4678781, 46.6014385], [11.4676622, 46.6014759], [11.4672142, 46.6016113], [11.466537, 46.6017674], [11.465788, 46.602034], [11.4655577, 46.6020136], [11.4654496, 46.6019204]]}, "properties": {"osm_id": "way/709684517", "highway": "track", "name": "Tonder", "source": "Geobrowser der Autonomen Provinz Bozen", "tracktype": "grade4"}}, {"type": "Feature", "geometry": {"type": "LineString", "coordinates": [[11.4654496, 46.6019204], [11.4654297, 46.6018266], [11.4654732, 46.6017125], [11.4657077, 46.6015743], [11.4659654, 46.6013454], [11.466116, 46.6011301], [11.4662775, 46.6007175], [11.4662272, 46.6004263], [11.466212, 46.599999], [11.4661602, 46.5999773], [11.4660598, 46.6000058], [11.4658785, 46.6001353], [11.4656949, 46.6002207], [11.4655935, 46.6002725], [11.465509, 46.6003353], [11.4654411, 46.6004083], [11.4653971, 46.6004788], [11.4653807, 46.6006291], [11.4654192, 46.6007876], [11.4654105, 46.6008462], [11.465265, 46.600944], [11.4650452, 46.6010111], [11.4647741, 46.6010155], [11.4646047, 46.6010211], [11.4644797, 46.6009895], [11.4643926, 46.6009712], [11.4642843, 46.6009835], [11.4639739, 46.6010551], [11.4638563, 46.6010916], [11.4635879, 46.6013761], [11.4634126, 46.6014933], [11.4630236, 46.6016777], [11.4626302, 46.6018419]]}, "properties": {"osm_id": "way/709684518", "highway": "track", "name": "Tonder", "source": "Geobrowser der Autonomen Provinz Bozen", "tracktype": "grade4"}}, {"type": "Feature", "geometry": {"type": "LineString", "coordinates": [[11.4626302, 46.6018419], [11.4623516, 46.6019582], [11.4622272, 46.6021408], [11.4621787, 46.602193], [11.4620778, 46.6022371], [11.461921, 46.602271], [11.4617923, 46.6022889], [11.4613639, 46.6024469], [11.4610737, 46.6025386], [11.461, 46.6025914], [11.4609435, 46.6026683], [11.4608991, 46.6028525], [11.4608176, 46.6030274], [11.4607875, 46.603167], [11.4607601, 46.6032302], [11.4607074, 46.6032553], [11.4605603, 46.6032879], [11.4600593, 46.6035449], [11.4598528, 46.6036356], [11.4596588, 46.6036733], [11.4594502, 46.6036787], [11.4593741, 46.6036724]]}, "properties": {"osm_id": "way/709684519", "highway": "track", "name": "Tonder", "source": "Geobrowser der Autonomen Provinz Bozen", "tracktype": "grade3"}}, {"type": "Feature", "geometry": {"type": "LineString", "coordinates": [[11.4654496, 46.6019204], [11.465349, 46.6018869], [11.4652246, 46.6017494], [11.4650189, 46.6017233], [11.4648025, 46.6017233], [11.4645915, 46.6017419], [11.4644237, 46.6017642], [11.4642614, 46.6018349], [11.4640612, 46.6018683], [11.4637203, 46.6018981], [11.4634497, 46.6019129], [11.4632387, 46.6019018], [11.4629302, 46.6018535], [11.4626302, 46.6018419]]}, "properties": {"osm_id": "way/709684520", "highway": "track"}}, {"type": "Feature", "geometry": {"type": "LineString", "coordinates": [[11.4807187, 46.6148146], [11.48079, 46.6148146], [11.4811595, 46.6146828], [11.4813472, 46.61454], [11.4817107, 46.6143549], [11.4818944, 46.6142259], [11.4821224, 46.614143], [11.4822941, 46.6141016], [11.4824536, 46.6140352], [11.4826977, 46.6138556], [11.482805, 46.6136492], [11.4828184, 46.6134567], [11.4829553, 46.6133093], [11.4830732, 46.6131204], [11.4832925, 46.6125774], [11.483491, 46.6118823], [11.4835151, 46.6117469], [11.4835151, 46.6113074], [11.4834514, 46.6108661], [11.4834946, 46.6105791], [11.4837049, 46.6100784], [11.4838778, 46.6100728]]}, "properties": {"osm_id": "way/729734739", "highway": "path", "sac_scale": "mountain_hiking", "surface": "ground"}}, {"type": "Feature", "geometry": {"type": "LineString", "coordinates": [[11.482413, 46.6218813], [11.4823613, 46.6219145], [11.4822653, 46.6219853], [11.4822454, 46.6220071], [11.4822434, 46.6220289], [11.4822613, 46.6220507], [11.4823645, 46.6221039], [11.4824102, 46.6221216]]}, "properties": {"osm_id": "way/772142818", "highway": "track"}}, {"type": "Feature", "geometry": {"type": "LineString", "coordinates": [[11.483163, 46.621798], [11.4831724, 46.621828], [11.4831712, 46.6218752], [11.4831543, 46.6219225], [11.4831084, 46.6219897], [11.4829865, 46.622129], [11.4829237, 46.6222012], [11.4828911, 46.6222866], [11.4828391, 46.6224848], [11.4827776, 46.6226689], [11.4827437, 46.6227966], [11.482652, 46.6228605], [11.4823404, 46.6230479], [11.4823114, 46.6230645]]}, "properties": {"osm_id": "way/772142820", "highway": "track"}}, {"type": "Feature", "geometry": {"type": "LineString", "coordinates": [[11.5157279, 46.6405855], [11.5155796, 46.6405754], [11.5154495, 46.6405497], [11.5149077, 46.6403268], [11.5144135, 46.6401869], [11.5138328, 46.6400626], [11.5130657, 46.6399563], [11.5122899, 46.6399848], [11.5112445, 46.6399677], [11.5108167, 46.639953], [11.5104935, 46.6399111], [11.5101367, 46.6399245], [11.5095218, 46.6399088], [11.509202, 46.6399014], [11.5089686, 46.6398807], [11.508697, 46.6398301], [11.5082364, 46.6397164], [11.5076457, 46.6395896], [11.5071742, 46.6395106], [11.5067699, 46.6394668], [11.5065271, 46.6394157], [11.5062804, 46.6393213], [11.5057493, 46.6390769], [11.505528, 46.6389733], [11.5053406, 46.6388536], [11.5051109, 46.6386892], [11.5049936, 46.6386361], [11.5048461, 46.638592], [11.5045544, 46.6385387], [11.503922, 46.6384705], [11.5033159, 46.6383895], [11.5027311, 46.638349], [11.5021877, 46.6383233], [11.5018554, 46.6383147], [11.5016633, 46.6382997], [11.5014832, 46.6382737], [11.5013052, 46.6382334], [11.5011504, 46.6381831], [11.5009274, 46.6380762], [11.5006761, 46.6379561], [11.5004885, 46.637913], [11.5003577, 46.6378851], [11.500235, 46.6378745], [11.5000774, 46.6378757], [11.4996479, 46.6379084], [11.4995226, 46.6379289], [11.4992392, 46.6380005], [11.4986163, 46.6381278], [11.4984842, 46.6381639], [11.4982032, 46.6382548], [11.4978257, 46.6383598], [11.4973486, 46.6384694], [11.4971803, 46.6385069], [11.4969825, 46.6385387], [11.4968424, 46.6385819], [11.4964977, 46.6387178], [11.4960327, 46.6388621], [11.4956089, 46.6390179], [11.4949812, 46.6391701], [11.4948589, 46.6392069], [11.4946671, 46.6392915], [11.494427, 46.6394038], [11.49414, 46.6395156], [11.4939496, 46.6396082], [11.493566, 46.6397827], [11.4933065, 46.6398747], [11.4929632, 46.640034], [11.4927406, 46.6401215], [11.4924469, 46.6402136], [11.4921015, 46.640278], [11.4919554, 46.6403213], [11.491838, 46.6403858], [11.4917341, 46.6404774], [11.4916483, 46.6405967]]}, "properties": {"osm_id": "way/827434355", "highway": "track", "surface": "dirt", "tracktype": "grade2", "width": "3"}}, {"type": "Feature", "geometry": {"type": "LineString", "coordinates": [[11.4903158, 46.6401406], [11.4903159, 46.6400989], [11.49023, 46.6399438], [11.4902314, 46.6397785], [11.4903926, 46.639666], [11.4911556, 46.638842], [11.4916375, 46.638416], [11.4922119, 46.6378692], [11.4924945, 46.6377256], [11.4927515, 46.6376678], [11.4931005, 46.6375349], [11.4935608, 46.6373846], [11.4936532, 46.6373692], [11.4939241, 46.6373513], [11.4940738, 46.6373064], [11.4943727, 46.6372468], [11.4945236, 46.6371947], [11.4946188, 46.6371349], [11.4949162, 46.6370437], [11.495109, 46.6369931], [11.4953088, 46.6369526], [11.495405, 46.6369427], [11.4957125, 46.6369254], [11.4957648, 46.6369125], [11.4958114, 46.6368934], [11.4960264, 46.6367453], [11.4961165, 46.6366984], [11.496198, 46.6366724], [11.4962741, 46.6366616], [11.4964873, 46.6366528], [11.4965621, 46.6366411], [11.4968242, 46.6365842], [11.4971401, 46.6365159], [11.4972883, 46.6364974], [11.4977067, 46.6364654], [11.4979732, 46.6364383], [11.4981432, 46.636407], [11.4983397, 46.636357], [11.4986954, 46.6362325], [11.4991682, 46.6360994], [11.4995262, 46.6359357], [11.4995955, 46.6358786]]}, "properties": {"osm_id": "way/827438497", "bicycle": "no", "highway": "path", "horse": "no", "name": "7 - Familienwanderweg", "surface": "grass"}}, {"type": "Feature", "geometry": {"type": "LineString", "coordinates": [[11.4575645, 46.6032463], [11.4575853, 46.6031511], [11.4576064, 46.6030921], [11.4576246, 46.6030396], [11.4576187, 46.6029836], [11.4575827, 46.6029206], [11.4575426, 46.6028863], [11.4575494, 46.6028526], [11.4575501, 46.6028494], [11.4574787, 46.6028104], [11.4574136, 46.6027421], [11.4573958, 46.602691], [11.4573807, 46.6026378]]}, "properties": {"osm_id": "way/833916777", "access": "yes", "covered": "no", "handrail": "no", "highway": "steps", "incline": "down", "indoor": "no", "lit": "no", "ramp": "no", "tactile_paving": "no"}}, {"type": "Feature", "geometry": {"type": "LineString", "coordinates": [[11.4564032, 46.6047], [11.4564731, 46.6047027], [11.456524, 46.6047], [11.4566521, 46.6046885], [11.4566971, 46.6046871], [11.4567339, 46.6046945], [11.4567688, 46.6047143], [11.4567842, 46.6047322], [11.4568017, 46.6047917]]}, "properties": {"osm_id": "way/833916780", "highway": "track", "tracktype": "grade3"}}, {"type": "Feature", "geometry": {"type": "LineString", "coordinates": [[11.4592331, 46.6015589], [11.4591435, 46.6016479], [11.4590269, 46.6017465], [11.4589538, 46.6018159], [11.4588964, 46.6018805], [11.4588483, 46.6019217], [11.4587952, 46.6019585], [11.4587535, 46.6019769], [11.458713, 46.6019906], [11.4586502, 46.6020118], [11.458592, 46.6020259], [11.4584544, 46.6020526], [11.4583077, 46.6020796], [11.4580934, 46.6021233], [11.457993, 46.6021435], [11.4578731, 46.6021608], [11.4577706, 46.6021699], [11.4576705, 46.6021761], [11.4575325, 46.6021831], [11.4573846, 46.6021824], [11.4572981, 46.6021873], [11.4572401, 46.6021913]]}, "properties": {"osm_id": "way/833918734", "bicycle": "no", "foot": "designated", "highway": "track", "name": "Panoramaweg - Sentiero panoramico", "name:de": "Panoramaweg", "name:it": "Sentiero panoramico", "ref": "9 - 19", "sac_scale": "mountain_hiking", "surface": "compacted", "tracktype": "grade2"}}, {"type": "Feature", "geometry": {"type": "LineString", "coordinates": [[11.4583738, 46.6060037], [11.4584784, 46.6061751], [11.4585884, 46.606387], [11.4589619, 46.6068668], [11.4590889, 46.6071504], [11.4591841, 46.6073028], [11.4593174, 46.6075387], [11.4594347, 46.6078786], [11.4594614, 46.6079264], [11.4595737, 46.6080983], [11.4596621, 46.6082921], [11.4599383, 46.6087317], [11.4599507, 46.6089096], [11.4600227, 46.609041]]}, "properties": {"osm_id": "way/839898599", "bicycle": "no", "foot": "yes", "highway": "path", "sac_scale": "hiking", "src-class": "t2", "surface": "pebblestone", "tracktype": "grade3", "width": "1"}}, {"type": "Feature", "geometry": {"type": "LineString", "coordinates": [[11.4612069, 46.614626], [11.4613003, 46.6147857], [11.4612957, 46.6148685], [11.4612184, 46.6149762], [11.4611274, 46.6150325], [11.4609928, 46.6150733]]}, "properties": {"osm_id": "way/839898600", "highway": "path", "surface": "gravel"}}, {"type": "Feature", "geometry": {"type": "LineString", "coordinates": [[11.4565404, 46.623682], [11.4566477, 46.6240946], [11.4567231, 46.6243705], [11.4567228, 46.6244925], [11.4569803, 46.6252736], [11.4570567, 46.6253658], [11.4571068, 46.6255043], [11.4571044, 46.6256104]]}, "properties": {"osm_id": "way/860823213", "highway": "track"}}, {"type": "Feature", "geometry": {"type": "LineString", "coordinates": [[11.4476088, 46.5929998], [11.4478991, 46.5928832], [11.4481057, 46.5926978], [11.4485143, 46.5920945], [11.448605, 46.5920039], [11.4486903, 46.5919576]]}, "properties": {"osm_id": "way/860824584", "bicycle": "no", "highway": "track", "sac_scale": "hiking", "width": "1"}}, {"type": "Feature", "geometry": {"type": "LineString", "coordinates": [[11.4568115, 46.6023364], [11.4569823, 46.6024421], [11.45715, 46.6025365], [11.4573487, 46.6026223], [11.4573807, 46.6026378]]}, "properties": {"osm_id": "way/860824585", "highway": "track", "tracktype": "grade2"}}, {"type": "Feature", "geometry": {"type": "LineString", "coordinates": [[11.4578879, 46.603713], [11.4579377, 46.6038466], [11.4579715, 46.6039895]]}, "properties": {"osm_id": "way/862116497", "foot": "yes", "highway": "track", "src-class": "t1", "tracktype": "grade2"}}, {"type": "Feature", "geometry": {"type": "LineString", "coordinates": [[11.486748, 46.6191762], [11.486736, 46.619141], [11.486656, 46.618983], [11.486542, 46.618859], [11.48646, 46.618722], [11.486385, 46.618646], [11.486281, 46.618545], [11.4861866, 46.618496], [11.4860848, 46.6184808], [11.4860267, 46.6184275]]}, "properties": {"osm_id": "way/862116498", "highway": "track", "name": "Kapatsch - 4B", "ref:hiking": "4B", "source": "Geobrowser der Autonomen Provinz Bozen", "surface": "gravel", "tracktype": "grade3"}}, {"type": "Feature", "geometry": {"type": "LineString", "coordinates": [[11.4844608, 46.6217251], [11.4845378, 46.6217494], [11.4847551, 46.6217441], [11.4848969, 46.6217547], [11.4850324, 46.6217907], [11.4852343, 46.6218806], [11.4854577, 46.6220531], [11.4857582, 46.6222637], [11.4858953, 46.6223939], [11.4858968, 46.6225621]]}, "properties": {"osm_id": "way/862116499", "highway": "track"}}, {"type": "Feature", "geometry": {"type": "LineString", "coordinates": [[11.4855503, 46.6234129], [11.4855341, 46.6234621], [11.4856254, 46.6234944], [11.4857169, 46.6234889], [11.4858568, 46.6234553], [11.4859878, 46.6234087], [11.4861095, 46.6233696], [11.4862096, 46.6233505], [11.486299, 46.6233029], [11.4864731, 46.6232426], [11.4866272, 46.6232013], [11.4867674, 46.6231844], [11.4869631, 46.6232066], [11.487131, 46.6232056], [11.4874793, 46.6232341]]}, "properties": {"osm_id": "way/862116500", "highway": "track"}}, {"type": "Feature", "geometry": {"type": "LineString", "coordinates": [[11.4802941, 46.6354339], [11.4802082, 46.6353013], [11.4801134, 46.6350298], [11.4798485, 46.6347559], [11.4797512, 46.634611], [11.4797084, 46.6344184], [11.4796546, 46.6342942], [11.4796439, 46.6341027], [11.4796976, 46.6338964], [11.4798907, 46.6336459], [11.4799121, 46.6334912], [11.4801804, 46.6332997], [11.4802536, 46.6331411], [11.4803816, 46.6330334], [11.480389, 46.632968], [11.4804333, 46.6329233], [11.4804842, 46.6328428], [11.480556, 46.6327617], [11.4806344, 46.6324776], [11.4807383, 46.6323493], [11.4811459, 46.6318631], [11.4812513, 46.6316087], [11.4813283, 46.6310674], [11.4814565, 46.630954], [11.4815222, 46.6308959], [11.4816644, 46.6305989], [11.4819024, 46.6302674], [11.4818367, 46.6301113], [11.4816232, 46.6293253]]}, "properties": {"osm_id": "way/862116501", "foot": "yes", "highway": "path", "surface": "dirt"}}, {"type": "Feature", "geometry": {"type": "LineString", "coordinates": [[11.4808656, 46.6299443], [11.4810042, 46.6304482], [11.4810037, 46.6306346], [11.4807151, 46.6311638], [11.4804439, 46.6317578], [11.4791801, 46.6334758], [11.4781562, 46.6342512], [11.4775328, 46.6345158], [11.4772178, 46.6347284], [11.4768645, 46.6347637], [11.4762934, 46.634834], [11.4761423, 46.6350486], [11.4760527, 46.6353334], [11.4758069, 46.6355215], [11.4754484, 46.6356253], [11.4753741, 46.635678], [11.4754176, 46.635722], [11.4755209, 46.6357336], [11.475895, 46.6357171], [11.4763767, 46.6357147], [11.4767859, 46.635563], [11.4771046, 46.6354585], [11.4773581, 46.6354411], [11.4788152, 46.6354392], [11.4789634, 46.6354442], [11.4790828, 46.6354682], [11.4792578, 46.6355197], [11.4793651, 46.6355372], [11.4795582, 46.63554], [11.4797761, 46.6355299], [11.4802941, 46.6354339]]}, "properties": {"osm_id": "way/862116502", "foot": "yes", "highway": "track", "surface": "fine_gravel", "tracktype": "grade2"}}, {"type": "Feature", "geometry": {"type": "LineString", "coordinates": [[11.4820039, 46.6409332], [11.4819854, 46.6409653], [11.481986, 46.6409978], [11.4820238, 46.6410363], [11.4821511, 46.641144], [11.4823107, 46.6412647], [11.4825284, 46.6413715], [11.4827818, 46.6414559], [11.4828617, 46.641472], [11.4829626, 46.6414724], [11.4830979, 46.6414504], [11.4833242, 46.6414154], [11.4836009, 46.6414217], [11.4839428, 46.6414222], [11.484275, 46.6414405], [11.4845049, 46.6414754], [11.4848345, 46.6415252], [11.4851654, 46.6415543], [11.4854968, 46.6415978], [11.485717, 46.6416523], [11.4859144, 46.6417295], [11.4860386, 46.6417582], [11.4862692, 46.6417675], [11.4865146, 46.6418013], [11.4867403, 46.6418351], [11.486918, 46.641833], [11.4870967, 46.6418024], [11.4873825, 46.6417562], [11.4890937, 46.6415682], [11.4894632, 46.6415211], [11.4898931, 46.6414235], [11.490028, 46.641326], [11.4900577, 46.6413055]]}, "properties": {"osm_id": "way/862116503", "cycleway:both": "no", "highway": "tertiary", "lane_markings": "no", "lit": "no", "maxspeed": "30", "maxspeed:type": "sign", "noname": "yes", "oneway": "no", "sidewalk": "no", "surface": "asphalt"}}, {"type": "Feature", "geometry": {"type": "LineString", "coordinates": [[11.4968701, 46.6106374], [11.4968413, 46.6105688], [11.4968021, 46.6105128], [11.4967337, 46.610446], [11.4966553, 46.6103927]]}, "properties": {"osm_id": "way/862546177", "highway": "track", "name": "Kapatsch", "source": "Geobrowser der Autonomen Provinz Bozen", "surface": "gravel", "tracktype": "grade3"}}, {"type": "Feature", "geometry": {"type": "LineString", "coordinates": [[11.4995239, 46.6127196], [11.4990494, 46.6124204], [11.4988917, 46.61223], [11.4987678, 46.6119857], [11.498656, 46.6117513], [11.4985528, 46.6115828], [11.4984457, 46.6114421], [11.4981035, 46.6109319], [11.4979303, 46.6106859], [11.4978525, 46.6106236], [11.4977784, 46.6105789], [11.4976772, 46.610534], [11.4975893, 46.610482], [11.4974719, 46.6103903], [11.4972845, 46.6102011], [11.4971557, 46.6100519], [11.49707, 46.6099538], [11.497011, 46.6099041], [11.4969674, 46.6098871], [11.4969232, 46.6098799], [11.4968836, 46.6098829], [11.4968373, 46.6098961], [11.4968028, 46.6099239], [11.4967807, 46.6099536], [11.4967451, 46.6100211], [11.4966925, 46.6101754], [11.4966553, 46.6103927]]}, "properties": {"osm_id": "way/862546178", "highway": "unclassified", "lanes": "1", "name": "Huber Kreuz Straße", "oneway": "no", "surface": "asphalt"}}, {"type": "Feature", "geometry": {"type": "LineString", "coordinates": [[11.4736469, 46.6190731], [11.4735505, 46.6192557], [11.4735266, 46.619375], [11.4734578, 46.6196673], [11.4734677, 46.6197726], [11.4734922, 46.6198696], [11.473516, 46.6199551]]}, "properties": {"osm_id": "way/862548143", "highway": "track"}}, {"type": "Feature", "geometry": {"type": "LineString", "coordinates": [[11.4741429, 46.6201095], [11.4742058, 46.6200881], [11.4743456, 46.6200793], [11.4744649, 46.6200844]]}, "properties": {"osm_id": "way/862548144", "highway": "track"}}, {"type": "Feature", "geometry": {"type": "LineString", "coordinates": [[11.4741429, 46.6201095], [11.474294, 46.6200258], [11.4743659, 46.6199482], [11.4747707, 46.6198684]]}, "properties": {"osm_id": "way/862548145", "highway": "path", "sac_scale": "mountain_hiking", "source": "bing, survey", "surface": "ground", "width": "1"}}, {"type": "Feature", "geometry": {"type": "LineString", "coordinates": [[11.4593495, 46.6364903], [11.4594205, 46.636537], [11.4595784, 46.6366726], [11.4596492, 46.6367309], [11.4597162, 46.6368011], [11.4598376, 46.6369717], [11.4598996, 46.6370398], [11.4601293, 46.6372721], [11.4604779, 46.6375899], [11.4605645, 46.6376657], [11.4606754, 46.637735]]}, "properties": {"osm_id": "way/863351588", "highway": "track", "name": "Gasteiger Weg", "sac_scale": "hiking", "surface": "gravel", "tracktype": "grade2"}}, {"type": "Feature", "geometry": {"type": "LineString", "coordinates": [[11.4606754, 46.637735], [11.4608397, 46.6378313], [11.4608974, 46.6378805], [11.4609376, 46.637947], [11.4611854, 46.6384042], [11.4612743, 46.6386114], [11.4612873, 46.6387214], [11.4612756, 46.6388266], [11.4612169, 46.6392037], [11.4612283, 46.6392497], [11.4612632, 46.6392705], [11.4613074, 46.6392755], [11.4613604, 46.6392652], [11.4613993, 46.6392334], [11.4614345, 46.6391722], [11.4614905, 46.6390944], [11.4615509, 46.6390285], [11.4616695, 46.6389424], [11.4618948, 46.6387866], [11.461978, 46.6387371], [11.4622083, 46.6386386], [11.4622834, 46.6385914], [11.4623458, 46.6385308], [11.4624873, 46.638378], [11.462614, 46.6382726], [11.4627592, 46.6381736], [11.4628407, 46.6381492], [11.4629808, 46.6381321], [11.4631199, 46.6381022], [11.4632484, 46.638058], [11.4633825, 46.6379816], [11.4635696, 46.6378692], [11.4637627, 46.6377845], [11.463941, 46.6377362], [11.464228, 46.6376878], [11.4643541, 46.6376874], [11.4644064, 46.6377104], [11.4644245, 46.6377311], [11.4644252, 46.6377583]]}, "properties": {"osm_id": "way/863351589", "highway": "track", "name": "Gasteiger Weg", "sac_scale": "hiking", "smoothness": "bad", "surface": "gravel", "tracktype": "grade2"}}, {"type": "Feature", "geometry": {"type": "LineString", "coordinates": [[11.4716623, 46.6422958], [11.4716289, 46.642254], [11.4716183, 46.6422174], [11.4716205, 46.6421732], [11.4716417, 46.6421232], [11.4716987, 46.6420611], [11.4718388, 46.6419372], [11.4718841, 46.6418788], [11.4718951, 46.6418304], [11.4718784, 46.6417814], [11.4718455, 46.641751], [11.4718039, 46.6417209], [11.471704, 46.6416808], [11.4716182, 46.6416603], [11.471531, 46.6416481], [11.4713503, 46.6416343], [11.4712618, 46.6416191], [11.4711622, 46.6415853], [11.471061, 46.6415551], [11.4709614, 46.6415353], [11.4708766, 46.6415284], [11.4708011, 46.641531], [11.4707079, 46.6415457], [11.4706164, 46.6415671], [11.4705359, 46.6415768], [11.4704296, 46.6415818], [11.4703066, 46.6415756], [11.4701235, 46.6415701], [11.4700246, 46.6415579], [11.4698365, 46.6415114], [11.4697695, 46.6414973], [11.4696357, 46.641481], [11.4694862, 46.6414596], [11.4694007, 46.6414377], [11.4693537, 46.6414124], [11.4693258, 46.6413796], [11.4693128, 46.6413475], [11.4693128, 46.6412925]]}, "properties": {"osm_id": "way/863351590", "highway": "track", "ref": "7", "sac_scale": "mountain_hiking"}}, {"type": "Feature", "geometry": {"type": "LineString", "coordinates": [[11.5025998, 46.6353881], [11.5024431, 46.6353662], [11.5019927, 46.6352985], [11.5017901, 46.6352821], [11.5016654, 46.6352805], [11.5013183, 46.6353085], [11.5010038, 46.6353525], [11.5007382, 46.6354093], [11.5005633, 46.6354678], [11.5003134, 46.6355756], [11.499769, 46.6358074], [11.4997452, 46.6358176], [11.4995955, 46.6358786]]}, "properties": {"osm_id": "way/863351591", "cycleway:both": "no", "highway": "tertiary", "lane_markings": "no", "lit": "no", "maxspeed": "30", "maxspeed:type": "sign", "noname": "yes", "oneway": "no", "sidewalk": "no", "surface": "asphalt"}}, {"type": "Feature", "geometry": {"type": "LineString", "coordinates": [[11.4644252, 46.6377583], [11.464399, 46.6377854], [11.4643487, 46.6378098], [11.4641187, 46.6379038], [11.4640363, 46.6379452], [11.4639726, 46.6379945], [11.4639075, 46.6380709], [11.4637566, 46.6384885], [11.4637258, 46.6386109], [11.4637385, 46.6388499], [11.4637287, 46.6390134], [11.4637063, 46.6391538], [11.4636567, 46.639273], [11.463519, 46.6394895]]}, "properties": {"osm_id": "way/863360845", "access": "yes", "foot": "yes", "highway": "track", "motor_vehicle": "destination", "surface": "compacted", "tracktype": "grade2"}}, {"type": "Feature", "geometry": {"type": "LineString", "coordinates": [[11.4726753, 46.6198891], [11.4727873, 46.6198084], [11.4730076, 46.6195675], [11.4733635, 46.619331], [11.4736469, 46.6190731], [11.4741656, 46.6186826], [11.47429, 46.6185718], [11.4743711, 46.6184834], [11.4745213, 46.6182395]]}, "properties": {"osm_id": "way/865768575", "highway": "track", "tracktype": "grade2"}}, {"type": "Feature", "geometry": {"type": "LineString", "coordinates": [[11.4745213, 46.6182395], [11.4746038, 46.6180565], [11.4745675, 46.6178607], [11.4747798, 46.6176458], [11.4756375, 46.6169876], [11.4757424, 46.6165175], [11.4760625, 46.6160182], [11.4762008, 46.6155297], [11.4761771, 46.615242], [11.4760783, 46.6149272], [11.4762719, 46.6147996], [11.4769278, 46.6145879], [11.4773189, 46.6142866], [11.4776311, 46.613942], [11.477862, 46.6138765]]}, "properties": {"osm_id": "way/865768576", "highway": "track", "tracktype": "grade2"}}, {"type": "Feature", "geometry": {"type": "LineString", "coordinates": [[11.4799059, 46.6149534], [11.4798251, 46.6149924], [11.4796326, 46.6151213], [11.479469, 46.6151877], [11.4793671, 46.6152821], [11.4791901, 46.6153931], [11.4791042, 46.6154437], [11.4789741, 46.6154829], [11.4786583, 46.6155598], [11.4784109, 46.6156704], [11.4781588, 46.6157178], [11.4780173, 46.6157841], [11.4778637, 46.6159421], [11.4778134, 46.6160651], [11.4778074, 46.6161706], [11.4777772, 46.6162797], [11.477633, 46.6164561], [11.4774929, 46.6165865], [11.477218, 46.6167191], [11.4769598, 46.6168513], [11.476762, 46.6170111], [11.4765353, 46.6171046], [11.4762812, 46.6172732], [11.4761414, 46.6173271], [11.4758564, 46.6175238], [11.4756945, 46.6176518], [11.4755399, 46.6177766], [11.4754568, 46.6178335], [11.4753542, 46.6178637], [11.4751694, 46.6178941], [11.4749683, 46.6179553], [11.4747839, 46.6180419], [11.4746766, 46.6181202], [11.4745213, 46.6182395]]}, "properties": {"osm_id": "way/865768577", "highway": "path"}}, {"type": "Feature", "geometry": {"type": "LineString", "coordinates": [[11.4798852, 46.6154607], [11.4798535, 46.6154437], [11.4798415, 46.6154139], [11.4798957, 46.6153237], [11.4799358, 46.6152089], [11.4799341, 46.6150295], [11.4799059, 46.6149534]]}, "properties": {"osm_id": "way/865768578", "foot": "yes", "highway": "track", "ref:hiking": "15", "sac_scale": "mountain_hiking", "src-class": "t2", "tracktype": "grade2", "trail_visibility": "good"}}, {"type": "Feature", "geometry": {"type": "LineString", "coordinates": [[11.4797094, 46.6162183], [11.4796622, 46.6160907], [11.4796697, 46.6160348], [11.479779, 46.6158394], [11.4798852, 46.6154607]]}, "properties": {"osm_id": "way/865768579", "foot": "yes", "highway": "track", "ref:hiking": "15", "sac_scale": "mountain_hiking", "src-class": "t2", "tracktype": "grade2", "trail_visibility": "good"}}, {"type": "Feature", "geometry": {"type": "LineString", "coordinates": [[11.4798852, 46.6154607], [11.4799524, 46.6154632], [11.4800057, 46.6154428], [11.4801795, 46.6151823], [11.4804154, 46.6150002], [11.4807187, 46.6148146]]}, "properties": {"osm_id": "way/865768580", "highway": "track", "name": "Hinterkral", "source": "Geobrowser der Autonomen Provinz Bozen", "tracktype": "grade2"}}, {"type": "Feature", "geometry": {"type": "LineString", "coordinates": [[11.4807598, 46.6022019], [11.4805099, 46.6019311], [11.4801677, 46.6016548], [11.4799738, 46.6015441], [11.4792303, 46.6012371], [11.4791208, 46.6011589], [11.4790261, 46.6010362], [11.4789891, 46.6008696], [11.4790221, 46.6006531], [11.4789875, 46.6005596], [11.4788794, 46.6004958], [11.4787689, 46.6004678], [11.4786241, 46.6004818], [11.4784972, 46.600449], [11.4784446, 46.6003912], [11.4784135, 46.6002568], [11.4783159, 46.6001521], [11.4781053, 46.6000535], [11.477894, 46.5999842], [11.4776121, 46.5999262], [11.4774753, 46.5998781], [11.4773634, 46.599819], [11.4770958, 46.5996306], [11.4769236, 46.5994905], [11.476824, 46.5994446], [11.4764153, 46.5993057], [11.4762222, 46.59925], [11.4759346, 46.5990567], [11.4757459, 46.5989604], [11.4755183, 46.5988585]]}, "properties": {"osm_id": "way/866250590", "highway": "track", "name": "Trögler - Pian - 3B", "ref:hiking": "3B", "surface": "gravel", "tracktype": "grade3"}}, {"type": "Feature", "geometry": {"type": "LineString", "coordinates": [[11.4909877, 46.6048125], [11.4909066, 46.6048573], [11.4907913, 46.6048812], [11.4907296, 46.6048729], [11.4904024, 46.6046712], [11.4901905, 46.6046021], [11.4899558, 46.6045689], [11.4897895, 46.6045707], [11.489304, 46.604544], [11.4891967, 46.604521], [11.4891243, 46.6044896], [11.489076, 46.6044252], [11.4889432, 46.6041294], [11.4888547, 46.6040419], [11.4886107, 46.6039479], [11.4883022, 46.6038834], [11.4879374, 46.6038309], [11.4877322, 46.603818], [11.4876652, 46.6037793], [11.4874908, 46.6037387], [11.4874332, 46.603735], [11.4871556, 46.6038014], [11.4870188, 46.603806], [11.4868511, 46.6037719], [11.4866486, 46.6037507], [11.4863871, 46.60377], [11.4862289, 46.6037765], [11.4860907, 46.6037415], [11.4858104, 46.6036429], [11.4847107, 46.6035185], [11.4843151, 46.6034992], [11.4841555, 46.6034641], [11.483544, 46.6031278]]}, "properties": {"osm_id": "way/866253367", "bicycle": "yes", "foot": "yes", "highway": "path", "mtb:scale": "4", "sac_scale": "mountain_hiking", "ski": "no", "snowmobile": "no", "surface": "ground", "trail_visibility": "intermediate", "wheelchair": "no", "width": "0.5"}}, {"type": "Feature", "geometry": {"type": "LineString", "coordinates": [[11.4807598, 46.6022019], [11.4813305, 46.6025363], [11.4817462, 46.6027192], [11.482176, 46.6029611], [11.482341, 46.602985], [11.4828493, 46.6030034], [11.4832831, 46.6030514], [11.483544, 46.6031278]]}, "properties": {"osm_id": "way/866253368", "highway": "track"}}, {"type": "Feature", "geometry": {"type": "LineString", "coordinates": [[11.4728541, 46.6018403], [11.472657, 46.6018397], [11.472189, 46.6018705], [11.471921, 46.6018881], [11.4713844, 46.6018664], [11.4710535, 46.6018552], [11.470909, 46.6018675], [11.4707006, 46.6019145], [11.4702681, 46.6019564], [11.4697842, 46.6019675], [11.4697018, 46.6019793], [11.4694785, 46.6020348], [11.4693514, 46.6020537], [11.4690305, 46.6020935]]}, "properties": {"osm_id": "way/866253369", "highway": "track", "name": "Tonder", "source": "Geobrowser der Autonomen Provinz Bozen", "tracktype": "grade4"}}, {"type": "Feature", "geometry": {"type": "LineString", "coordinates": [[11.4582595, 46.6036437], [11.4582061, 46.6036479], [11.4578879, 46.603713]]}, "properties": {"osm_id": "way/866253370", "highway": "track"}}, {"type": "Feature", "geometry": {"type": "LineString", "coordinates": [[11.4525242, 46.5963117], [11.4526435, 46.5964719], [11.4530061, 46.5966411], [11.4538693, 46.5969219]]}, "properties": {"osm_id": "way/867024428", "foot": "yes", "highway": "track", "src-class": "t1", "surface": "compacted", "tracktype": "grade1"}}, {"type": "Feature", "geometry": {"type": "LineString", "coordinates": [[11.4234531, 46.6042056], [11.4235315, 46.6042542], [11.4235959, 46.6042653], [11.4237112, 46.6042487], [11.4238588, 46.6042192], [11.4239848, 46.6042063], [11.4240975, 46.6042229]]}, "properties": {"osm_id": "way/893450365", "highway": "track", "name": "Gissmanner Nock - 2 / Colle della Madonnina - 2", "name:de": "Gissmanner Nock - 2", "name:it": "Colle della Madonnina - 2", "ref:hiking": "2", "source": "Geobrowser der Autonomen Provinz Bozen;http://www.metgis.com/de/bergwetter/colle-della-madonnina---gismanner-nock.html"}}, {"type": "Feature", "geometry": {"type": "LineString", "coordinates": [[11.455891, 46.6041479], [11.4560054, 46.6038821], [11.4560949, 46.6037194], [11.4561491, 46.6036837], [11.4562282, 46.6036281], [11.4563274, 46.6036077], [11.4564819, 46.6035394], [11.4565644, 46.6035256], [11.4567663, 46.6035338], [11.4568997, 46.6035519]]}, "properties": {"osm_id": "way/893560205", "highway": "track", "tracktype": "grade4"}}, {"type": "Feature", "geometry": {"type": "LineString", "coordinates": [[11.4406963, 46.6334883], [11.4407735, 46.6335808], [11.4409679, 46.6338714], [11.4410276, 46.6339432], [11.4411731, 46.6340744], [11.4412475, 46.6341527], [11.4413501, 46.6342112], [11.4417505, 46.634382], [11.4418893, 46.6344571], [11.4419878, 46.6345298], [11.4420737, 46.634598], [11.4421722, 46.6346661], [11.4422715, 46.6347181], [11.4423741, 46.6347895], [11.4424418, 46.6348636], [11.4425223, 46.6350234], [11.4425598, 46.6350616], [11.4426154, 46.6350856]]}, "properties": {"osm_id": "way/893568943", "highway": "track", "name": "Gasteigerweg", "source": "Geobrowser der Autonomen Provinz Bozen", "surface": "gravel"}}, {"type": "Feature", "geometry": {"type": "LineString", "coordinates": [[11.4253067, 46.6275408], [11.4256702, 46.6277385], [11.4265907, 46.6285316], [11.4269665, 46.6287107], [11.427513, 46.6290602], [11.427578, 46.6291317], [11.427755, 46.6292642], [11.4278106, 46.6293829], [11.4280863, 46.6295483], [11.4283321, 46.6297608], [11.4285981, 46.629868], [11.4288254, 46.6300104], [11.4288986, 46.6300918], [11.429111, 46.6302393], [11.4293608, 46.6305273], [11.4300435, 46.6311277], [11.4302061, 46.6313112], [11.4307236, 46.6316691], [11.4309627, 46.6319503], [11.4311247, 46.6321928], [11.4314488, 46.6325289], [11.4318, 46.6328596], [11.4320399, 46.6329988], [11.4322772, 46.633086], [11.4324912, 46.6331879], [11.4327632, 46.6333548], [11.4330255, 46.6335408], [11.433228, 46.6336145], [11.4335271, 46.6336247], [11.4336231, 46.6336539], [11.4337075, 46.6337133], [11.433783, 46.6338071], [11.4338367, 46.6338348], [11.4339715, 46.6338664], [11.4340279, 46.6338998], [11.4342211, 46.6341795], [11.4344116, 46.634384], [11.4344317, 46.6344277], [11.4344248, 46.6345005], [11.4345118, 46.6345987], [11.4346291, 46.6347062], [11.4347866, 46.6347761], [11.4349751, 46.6348167], [11.4351867, 46.6349929], [11.4352094, 46.6349912]]}, "properties": {"osm_id": "way/893568944", "highway": "path"}}, {"type": "Feature", "geometry": {"type": "LineString", "coordinates": [[11.4201201, 46.6226037], [11.4203477, 46.622719], [11.4205212, 46.6227874], [11.4207598, 46.6228345], [11.4210917, 46.6228638], [11.4214464, 46.6229377], [11.421609, 46.6229636], [11.4216544, 46.623005], [11.4216113, 46.6230371], [11.4215073, 46.6230407], [11.4211023, 46.6230037], [11.4207958, 46.6230398], [11.4206327, 46.6230516], [11.4205051, 46.6230354], [11.4203962, 46.6230422], [11.4202224, 46.6230782], [11.4199444, 46.6230998], [11.4197773, 46.6231089], [11.4193428, 46.6232247], [11.4192382, 46.6232482], [11.4191274, 46.6232433], [11.4189154, 46.6231632], [11.4187931, 46.6231217], [11.4178851, 46.6231895], [11.4177108, 46.6232215], [11.4176433, 46.6232426], [11.4174982, 46.6233426], [11.4174148, 46.6233583], [11.4169788, 46.6233741], [11.4167646, 46.6234297], [11.4164414, 46.6234341], [11.4162874, 46.6234695]]}, "properties": {"osm_id": "way/895018201", "highway": "track", "name": "Schartealmweg", "source": "Geobrowser der Autonomen Provinz Bozen"}}, {"type": "Feature", "geometry": {"type": "LineString", "coordinates": [[11.4201567, 46.6256478], [11.4205905, 46.6256298], [11.4207252, 46.6256201], [11.4209325, 46.6256045], [11.4210498, 46.6256036], [11.4217821, 46.6255377], [11.4223547, 46.6254175], [11.4225626, 46.6254194], [11.422918, 46.6254801], [11.4230159, 46.6255243], [11.4230441, 46.6255732], [11.4231165, 46.6257822], [11.4231749, 46.6258375]]}, "properties": {"osm_id": "way/895025508", "highway": "track"}}, {"type": "Feature", "geometry": {"type": "LineString", "coordinates": [[11.4652195, 46.5865066], [11.4650337, 46.5866691], [11.4648755, 46.5868199], [11.4648448, 46.5869953], [11.4648601, 46.587318], [11.4648499, 46.5875074]]}, "properties": {"osm_id": "way/932095765", "highway": "track"}}, {"type": "Feature", "geometry": {"type": "LineString", "coordinates": [[11.4620716, 46.6052206], [11.4621936, 46.6052222], [11.4626086, 46.6050908], [11.4627385, 46.6050264], [11.462753, 46.6049669], [11.4625076, 46.6048578], [11.4622225, 46.6047809], [11.4620348, 46.6046817], [11.4618761, 46.6045999], [11.4616704, 46.6044288], [11.4614069, 46.6043123], [11.4611651, 46.6042231], [11.4609197, 46.6041065], [11.4607862, 46.6039603], [11.4606924, 46.6039156], [11.4604181, 46.6038933], [11.4603139, 46.6038342]]}, "properties": {"osm_id": "way/932095766", "highway": "track"}}, {"type": "Feature", "geometry": {"type": "LineString", "coordinates": [[11.4594502, 46.6036787], [11.4595592, 46.6036206], [11.4595701, 46.6032462], [11.4594257, 46.6031123], [11.4593789, 46.6030716]]}, "properties": {"osm_id": "way/932095767", "highway": "track"}}, {"type": "Feature", "geometry": {"type": "LineString", "coordinates": [[11.4640175, 46.6408303], [11.4641295, 46.6407384], [11.4641764, 46.6406376], [11.4643058, 46.6403439], [11.4643414, 46.6403082], [11.4643743, 46.6402911]]}, "properties": {"osm_id": "way/1023715092", "highway": "track", "tracktype": "grade3"}}, {"type": "Feature", "geometry": {"type": "LineString", "coordinates": [[11.49028, 46.6401801], [11.4903158, 46.6401406]]}, "properties": {"osm_id": "way/1023989724", "bicycle": "no", "bridge": "yes", "highway": "path", "horse": "no", "layer": "1", "name": "7 - Familienwanderweg", "surface": "wood"}}, {"type": "Feature", "geometry": {"type": "LineString", "coordinates": [[11.4900577, 46.6413055], [11.4900056, 46.6411797], [11.4899086, 46.6411944], [11.4898958, 46.641191], [11.4898924, 46.6411823], [11.4898972, 46.6411752], [11.4899546, 46.6411598], [11.4899658, 46.6411526], [11.4899628, 46.6411454], [11.4899519, 46.6411405], [11.4898237, 46.6411391], [11.4897918, 46.6411417], [11.4896847, 46.6411612], [11.4894763, 46.6411739], [11.4894505, 46.6411728], [11.4894324, 46.6411615], [11.4894237, 46.6411482], [11.4894305, 46.6411293], [11.4897124, 46.640906], [11.4899035, 46.6407941], [11.4900094, 46.6407858], [11.4900204, 46.6407553], [11.4899759, 46.6407398], [11.4898056, 46.6407389], [11.4896523, 46.6407589], [11.4891611, 46.6408881], [11.4890366, 46.6408959], [11.4889492, 46.6408663], [11.4889422, 46.6408239], [11.4890249, 46.640757], [11.4892549, 46.6406246], [11.4895007, 46.6403924], [11.4895441, 46.6403673], [11.4897308, 46.6403153], [11.4897757, 46.6402851], [11.490222, 46.6402016], [11.49028, 46.6401801]]}, "properties": {"osm_id": "way/1023989725", "access": "no", "bicycle": "no", "foot": "yes", "highway": "path", "horse": "no", "motor_vehicle": "no", "name": "7 - Familienwanderweg"}}, {"type": "Feature", "geometry": {"type": "LineString", "coordinates": [[11.4816012, 46.6404492], [11.4816627, 46.6404256]]}, "properties": {"osm_id": "way/1024231560", "highway": "track", "name": "12 Florweg", "ref:hiking": "12"}}, {"type": "Feature", "geometry": {"type": "LineString", "coordinates": [[11.481545, 46.6405075], [11.4816012, 46.6404492]]}, "properties": {"osm_id": "way/1024231561", "bridge": "yes", "highway": "track", "layer": "1", "name": "12 Florweg", "ref:hiking": "12"}}, {"type": "Feature", "geometry": {"type": "LineString", "coordinates": [[11.4815115, 46.6405413], [11.481545, 46.6405075]]}, "properties": {"osm_id": "way/1024231562", "highway": "track", "name": "12 Florweg", "ref:hiking": "12"}}, {"type": "Feature", "geometry": {"type": "LineString", "coordinates": [[11.5010375, 46.6060317], [11.5012211, 46.6060541], [11.5014363, 46.6061177], [11.5019909, 46.6063536], [11.5021729, 46.6064197], [11.5022286, 46.6064526], [11.5023275, 46.6065662], [11.5023543, 46.6065816], [11.5023892, 46.6065876], [11.5024356, 46.6065855]]}, "properties": {"osm_id": "way/1041765280", "highway": "track"}}, {"type": "Feature", "geometry": {"type": "LineString", "coordinates": [[11.5016425, 46.6054267], [11.5016271, 46.6054177], [11.5016153, 46.6054126], [11.5015989, 46.6054085], [11.5015667, 46.6054041], [11.5015355, 46.6053995], [11.5015081, 46.6053944], [11.5014792, 46.6053876], [11.5012935, 46.6053421], [11.5012123, 46.6053295], [11.5010859, 46.605318], [11.5010279, 46.6053002], [11.5009813, 46.6052765], [11.5009475, 46.6052436], [11.500915, 46.6052012], [11.5006256, 46.6046214], [11.500466, 46.604386], [11.5004258, 46.6043104], [11.5004124, 46.6042519], [11.5004184, 46.6041796], [11.5004526, 46.6041257], [11.5005076, 46.604081], [11.5006544, 46.6039792], [11.5007658, 46.6038714], [11.5008952, 46.6037184], [11.5010896, 46.6035213], [11.5011312, 46.603466], [11.5011621, 46.6034075], [11.5011781, 46.6033591], [11.5011855, 46.6033186], [11.5011835, 46.6032753], [11.5011781, 46.603243], [11.5011661, 46.6032121], [11.5011486, 46.6031822], [11.5011285, 46.6031546], [11.501103, 46.6031256], [11.5010749, 46.6031002], [11.5010427, 46.6030781], [11.5010018, 46.6030606], [11.5009669, 46.6030495], [11.5009186, 46.6030422], [11.5008717, 46.6030412], [11.5008268, 46.6030472], [11.5007811, 46.6030577], [11.5007185, 46.6030811], [11.5006551, 46.6031122], [11.5006122, 46.6031426], [11.5005787, 46.6031748], [11.5005545, 46.6032089], [11.5005358, 46.6032495], [11.5005223, 46.6032937]]}, "properties": {"osm_id": "way/1041765281", "highway": "track", "surface": "gravel", "tracktype": "grade3", "vehicle": "private"}}, {"type": "Feature", "geometry": {"type": "LineString", "coordinates": [[11.500522, 46.6019761], [11.5007024, 46.6020042], [11.5007995, 46.6020056], [11.5009994, 46.6019604], [11.501158, 46.6019505]]}, "properties": {"osm_id": "way/1042033516", "highway": "steps", "incline": "up", "name": "Katzenleiter", "name:de": "Katzenleiter", "ref": "34", "sac_scale": "mountain_hiking"}}, {"type": "Feature", "geometry": {"type": "LineString", "coordinates": [[11.5000253, 46.6017877], [11.5000466, 46.6018072], [11.5001816, 46.6018766], [11.5003653, 46.6019399], [11.500522, 46.6019761]]}, "properties": {"osm_id": "way/1042033517", "highway": "path", "sac_scale": "mountain_hiking"}}, {"type": "Feature", "geometry": {"type": "LineString", "coordinates": [[11.5005197, 46.6003755], [11.500572, 46.6004492], [11.5006343, 46.6004898], [11.5006571, 46.600575]]}, "properties": {"osm_id": "way/1042033518", "highway": "steps", "incline": "up", "name": "6", "ref": "6", "sac_scale": "mountain_hiking"}}, {"type": "Feature", "geometry": {"type": "LineString", "coordinates": [[11.5006571, 46.600575], [11.5007021, 46.6007593], [11.5007198, 46.6009512], [11.5007064, 46.600982]]}, "properties": {"osm_id": "way/1042033519", "highway": "path", "sac_scale": "mountain_hiking"}}, {"type": "Feature", "geometry": {"type": "LineString", "coordinates": [[11.5018417, 46.6055119], [11.5018115, 46.6055211], [11.5017904, 46.6055237], [11.501772, 46.6055242], [11.5017495, 46.6055214], [11.501731, 46.6055158], [11.5017143, 46.6055089], [11.5017008, 46.6055002], [11.5016904, 46.6054889], [11.5016824, 46.6054774], [11.5016546, 46.6054382], [11.5016425, 46.6054267]]}, "properties": {"osm_id": "way/1091939403", "highway": "track", "surface": "gravel", "tracktype": "grade3"}}, {"type": "Feature", "geometry": {"type": "LineString", "coordinates": [[11.4777373, 46.6296406], [11.4775999, 46.6297332], [11.4772235, 46.6297951], [11.4767531, 46.629919], [11.4762003, 46.6300455], [11.475969, 46.6300563], [11.4758201, 46.6300159]]}, "properties": {"osm_id": "way/1101300082", "highway": "track"}}, {"type": "Feature", "geometry": {"type": "LineString", "coordinates": [[11.4663432, 46.6339999], [11.4664773, 46.6339533], [11.4665979, 46.6339114], [11.4669572, 46.6338239], [11.4671677, 46.6338179], [11.467327, 46.6338094], [11.467442, 46.6338179], [11.4674933, 46.6338251], [11.4675287, 46.633847], [11.4675217, 46.6339029]]}, "properties": {"osm_id": "way/1182013669", "highway": "track"}}, {"type": "Feature", "geometry": {"type": "LineString", "coordinates": [[11.4866734, 46.5927944], [11.4874895, 46.5935856], [11.4878972, 46.5944114], [11.4877684, 46.5950601], [11.4872963, 46.5958268], [11.4872534, 46.595989], [11.4863522, 46.5962249], [11.4857943, 46.5963576], [11.485172, 46.5965493]]}, "properties": {"osm_id": "way/1206426238", "highway": "path", "mtb:scale": "1", "surface": "ground", "width": "0.6"}}, {"type": "Feature", "geometry": {"type": "LineString", "coordinates": [[11.485172, 46.5965493], [11.4847942, 46.5968375], [11.4844051, 46.5968218], [11.4841762, 46.596696], [11.4838901, 46.596696], [11.4836269, 46.5966252], [11.4831805, 46.5966488], [11.4830318, 46.5967196], [11.4829402, 46.5969083], [11.482883, 46.5970656], [11.4827227, 46.5971836], [11.482471, 46.5972307], [11.4822421, 46.5972229], [11.4820475, 46.5971836], [11.4818186, 46.5971128], [11.4814867, 46.5971049], [11.4812006, 46.5971442], [11.4808916, 46.5970735], [11.4806398, 46.5969634], [11.4804338, 46.596924], [11.4802049, 46.5968847], [11.4800564, 46.5969004], [11.4796441, 46.5971521], [11.4793008, 46.5973566], [11.4790261, 46.5974037], [11.4786942, 46.5976475], [11.4784539, 46.5977183], [11.4782479, 46.5977419], [11.4780991, 46.597852], [11.4780419, 46.5979778], [11.4774696, 46.5982137], [11.4770576, 46.5983631], [11.4769203, 46.5984182], [11.4769088, 46.5985597], [11.4768174, 46.5986469]]}, "properties": {"osm_id": "way/1206426679", "access": "permissive", "bicycle": "yes", "foot": "yes", "highway": "track", "incline": "down", "mtb:scale": "1", "mtb:scale:uphill": "2", "tracktype": "grade3"}}, {"type": "Feature", "geometry": {"type": "LineString", "coordinates": [[11.4240975, 46.6042229], [11.4242168, 46.6042668], [11.4242654, 46.6043312], [11.4242897, 46.6044458], [11.4242758, 46.6045651], [11.424255, 46.6047179], [11.4241542, 46.604916], [11.4239041, 46.6052072], [11.4235427, 46.6054626], [11.423376, 46.6056011], [11.4232787, 46.6056679], [11.4230459, 46.606014], [11.4229486, 46.6062265], [11.4227784, 46.6064389], [11.4224344, 46.606785], [11.4221565, 46.6069807], [11.4214755, 46.6072958], [11.4207354, 46.6075584], [11.4203359, 46.6076777], [11.4201344, 46.6077947]]}, "properties": {"osm_id": "way/1215709575", "highway": "track"}}, {"type": "Feature", "geometry": {"type": "LineString", "coordinates": [[11.4639333, 46.6272657], [11.4639773, 46.6272452], [11.4639746, 46.6271789], [11.4639425, 46.6271236], [11.463929, 46.6270315], [11.4638808, 46.6269634], [11.4638459, 46.6268216], [11.4638539, 46.6266595], [11.4638888, 46.6264992], [11.4638888, 46.6264016], [11.4638754, 46.626315], [11.4638379, 46.6261805], [11.4637815, 46.6260553], [11.4637601, 46.6259724], [11.4637788, 46.6259208]]}, "properties": {"osm_id": "way/1215711287", "highway": "path"}}, {"type": "Feature", "geometry": {"type": "LineString", "coordinates": [[11.4369116, 46.6108158], [11.4368753, 46.6108034], [11.4368047, 46.6107862], [11.4367558, 46.6107752], [11.4366388, 46.6107066], [11.4364734, 46.6106733], [11.4362624, 46.6106949], [11.4360856, 46.6107399], [11.4357235, 46.6107889], [11.4356009, 46.6107732], [11.4354897, 46.6107654], [11.435367, 46.6107869], [11.4352672, 46.6108202], [11.4351646, 46.6108712], [11.4350049, 46.6109358], [11.4347939, 46.6109906], [11.4344716, 46.6111141], [11.4336133, 46.6114549], [11.4333595, 46.6115763], [11.4331884, 46.611641], [11.4330373, 46.6116312], [11.4328434, 46.6115528], [11.4326723, 46.6114745], [11.4325697, 46.6113942], [11.432447, 46.6112708], [11.4322417, 46.6111611], [11.4321106, 46.6111023], [11.4319708, 46.6110044], [11.4318425, 46.6109417], [11.4317456, 46.6109162], [11.4316486, 46.6109299], [11.4315659, 46.6110004], [11.4314262, 46.6111787], [11.4313121, 46.6112884], [11.4312465, 46.6113863], [11.4312038, 46.6114157], [11.4311268, 46.6114196], [11.4310811, 46.6113922], [11.4310441, 46.6113158], [11.4309785, 46.6112257], [11.4308929, 46.6111571], [11.4306648, 46.6111278], [11.4304196, 46.611163], [11.4302257, 46.6112159], [11.4300831, 46.6113707], [11.429932, 46.6115313], [11.4298407, 46.61169], [11.4297637, 46.6118996], [11.4297038, 46.6120563], [11.4296382, 46.6123246], [11.4295926, 46.612546], [11.4295356, 46.6126811], [11.4294158, 46.6127673], [11.4293075, 46.6128751], [11.4292162, 46.612973], [11.4291079, 46.6131062], [11.4290137, 46.6132237]]}, "properties": {"osm_id": "way/1216638857", "highway": "track"}}, {"type": "Feature", "geometry": {"type": "LineString", "coordinates": [[11.4331884, 46.611641], [11.4331188, 46.61169], [11.4330778, 46.6117507], [11.4330907, 46.611847], [11.4331295, 46.6119744], [11.4331964, 46.612078], [11.4332675, 46.6122543], [11.4333128, 46.6124246], [11.4333279, 46.6125357], [11.4333495, 46.6127075], [11.4333926, 46.6129904], [11.4333926, 46.6131148], [11.4334271, 46.6132896], [11.433384, 46.6134643], [11.4333775, 46.6135324], [11.4334314, 46.6136835], [11.4335176, 46.6138375], [11.4336621, 46.6140701], [11.4337548, 46.6141974], [11.4338756, 46.6143589], [11.4339661, 46.6144996], [11.43402, 46.6146003], [11.4340243, 46.6146743], [11.43402, 46.6147795], [11.4340416, 46.6148728], [11.4340868, 46.614972], [11.4341213, 46.6151157], [11.434158, 46.6152786], [11.4341731, 46.6153882], [11.4342011, 46.6154637], [11.434255, 46.6155378], [11.4343176, 46.6156029], [11.4344534, 46.6156814], [11.4345612, 46.6157866], [11.4346388, 46.6158725], [11.4347121, 46.6159243], [11.4349283, 46.6159837], [11.4352409, 46.6161247], [11.4353295, 46.6161791], [11.4354508, 46.6163329], [11.4356001, 46.6164387], [11.4357447, 46.6165348], [11.4358519, 46.61657], [11.4359452, 46.6165604], [11.4360385, 46.6165348], [11.4361085, 46.6165092], [11.4361505, 46.6164867], [11.4361971, 46.6164867], [11.436365, 46.616506], [11.4367102, 46.6164931], [11.4369621, 46.6164547], [11.437256, 46.6164098], [11.4375219, 46.6164002], [11.4376898, 46.616397], [11.437923, 46.6163586], [11.4384221, 46.616256], [11.4386973, 46.6161759], [11.4388559, 46.6161183], [11.4389073, 46.6160574], [11.4389679, 46.6160157], [11.4390985, 46.6160157], [11.4392291, 46.6160702], [11.4393504, 46.6161599], [11.439509, 46.616256], [11.4396816, 46.6163201], [11.4398495, 46.6163233], [11.4399288, 46.616349], [11.4399894, 46.616365], [11.440274, 46.6163554], [11.4404559, 46.6163778], [11.4406565, 46.616365], [11.4408804, 46.6163522], [11.441067, 46.616365], [11.4412769, 46.6163778], [11.4414028, 46.6164291], [11.4415101, 46.6165028], [11.4415847, 46.6165732], [11.441734, 46.6166501], [11.441846, 46.6167046], [11.4419906, 46.6167014], [11.4421585, 46.6167014], [11.4422518, 46.6167398], [11.4423171, 46.6168039], [11.4427789, 46.6169962], [11.4428908, 46.6170763], [11.4430914, 46.6171628], [11.4434086, 46.6172877], [11.4437025, 46.6173742], [11.4439357, 46.6174223], [11.444113, 46.6174031], [11.4443135, 46.6173806], [11.4445141, 46.6173326], [11.4447847, 46.6172941], [11.4449712, 46.6172365], [11.4451811, 46.6171724], [11.4453351, 46.6171307], [11.4453684, 46.6170794], [11.4454304, 46.6170701], [11.4454909, 46.6170607]]}, "properties": {"osm_id": "way/1216638858", "highway": "track"}}, {"type": "Feature", "geometry": {"type": "LineString", "coordinates": [[11.4375581, 46.6114332], [11.4375133, 46.6114261], [11.4374257, 46.6114261], [11.4373455, 46.6114384], [11.4372891, 46.611468], [11.4372282, 46.6114985], [11.4371763, 46.6115363]]}, "properties": {"osm_id": "way/1216638859", "highway": "track"}}, {"type": "Feature", "geometry": {"type": "LineString", "coordinates": [[11.4340279, 46.6338998], [11.4340157, 46.6341694], [11.4340312, 46.6343504]]}, "properties": {"osm_id": "way/1237068479", "highway": "path"}}, {"type": "Feature", "geometry": {"type": "LineString", "coordinates": [[11.4353265, 46.6349822], [11.4354627, 46.6349718], [11.4355624, 46.6350117], [11.4356974, 46.6350124], [11.4358064, 46.6350315], [11.4359257, 46.6350074], [11.4360713, 46.6351044], [11.4365501, 46.6351676], [11.4367542, 46.6351654], [11.4369137, 46.6351121], [11.437222, 46.6348405], [11.4373589, 46.6347649], [11.437518, 46.6346458], [11.4375902, 46.634607], [11.4377231, 46.6345904], [11.437844, 46.6345467], [11.4383055, 46.6342881], [11.4383694, 46.6343042], [11.438602, 46.6344119], [11.4387359, 46.6345566], [11.4389069, 46.6346125], [11.4390652, 46.6347596], [11.4392459, 46.6348858], [11.4396266, 46.6350492], [11.439919, 46.6351329], [11.4401398, 46.6351578], [11.440349, 46.6352076], [11.4407236, 46.6352388], [11.4407567, 46.6352645], [11.4407709, 46.635311], [11.4408637, 46.6353774], [11.4408788, 46.6354171], [11.4409766, 46.6354968], [11.4410651, 46.6355412], [11.4411693, 46.6355769], [11.4412406, 46.6355769], [11.4413698, 46.6355222], [11.4415569, 46.6354606], [11.4417944, 46.635402], [11.4422214, 46.6351704], [11.4424116, 46.6351457], [11.4426154, 46.6350856]]}, "properties": {"osm_id": "way/1237068480", "highway": "path"}}, {"type": "Feature", "geometry": {"type": "LineString", "coordinates": [[11.4352094, 46.6349912], [11.4353265, 46.6349822]]}, "properties": {"osm_id": "way/1237068481", "bridge": "yes", "highway": "path", "layer": "1"}}, {"type": "Feature", "geometry": {"type": "LineString", "coordinates": [[11.4520054, 46.6418492], [11.4519247, 46.6419768], [11.4517115, 46.6421184], [11.4516101, 46.6421856], [11.4515437, 46.6422456], [11.4513864, 46.6423296], [11.4512815, 46.6423752], [11.4511312, 46.6424352], [11.4509984, 46.6424616], [11.4508586, 46.6424856], [11.4507782, 46.6425072], [11.4506873, 46.6425264], [11.4504566, 46.642548], [11.4502644, 46.642608], [11.4501281, 46.6426992], [11.4499603, 46.6428311], [11.449852, 46.6428815], [11.4497121, 46.6429295], [11.4496457, 46.6430039], [11.4495688, 46.6430951], [11.4495514, 46.6431719], [11.449457, 46.6433111], [11.4493696, 46.6434551], [11.4492787, 46.6435414], [11.4491354, 46.6436422], [11.4490061, 46.6437046], [11.4488803, 46.643731], [11.448737, 46.6437646], [11.4485832, 46.6438102], [11.4484399, 46.6438534], [11.4483525, 46.643863], [11.4482057, 46.6439086], [11.4481288, 46.6439446], [11.4480519, 46.6440214], [11.4480204, 46.644067], [11.447947, 46.6441126], [11.4478666, 46.6441294], [11.4477583, 46.6441798], [11.4476324, 46.6442349], [11.4475416, 46.6442781], [11.4474437, 46.6443429], [11.4473563, 46.6444221], [11.4472584, 46.6444941], [11.4471326, 46.6445253], [11.4470452, 46.6445661], [11.4469963, 46.6446069], [11.4469963, 46.6446525], [11.4470033, 46.6447173], [11.4469963, 46.6447749], [11.4469229, 46.6449596], [11.44686, 46.645094], [11.446811, 46.6451636], [11.4467446, 46.6451876], [11.4466817, 46.6452092], [11.4466188, 46.6452452], [11.4465943, 46.6453052], [11.4465489, 46.6453388], [11.4464545, 46.6453532], [11.4463497, 46.645382], [11.4462797, 46.6454419], [11.4462028, 46.6455307], [11.446126, 46.6455979], [11.4460211, 46.6456579], [11.4459092, 46.6456987], [11.4458498, 46.6457611], [11.445703, 46.6458667], [11.4455947, 46.6459171], [11.4454968, 46.6459338], [11.4454129, 46.6459458], [11.445371, 46.6459602], [11.445329, 46.646001], [11.4452346, 46.646073], [11.4449585, 46.6462338], [11.4447698, 46.646337], [11.4446894, 46.6463922], [11.4446265, 46.6464569], [11.4445041, 46.6465145], [11.4444167, 46.6465457], [11.444242, 46.6466081], [11.4440917, 46.6466537], [11.4439589, 46.6466681], [11.4436618, 46.6467113], [11.443473, 46.6467353], [11.4433716, 46.6467497], [11.4432738, 46.6467881], [11.4431969, 46.6468337], [11.4430885, 46.6468553], [11.4430151, 46.6468505], [11.4428508, 46.6468097], [11.442739, 46.6467785], [11.4426586, 46.6467209], [11.4425852, 46.6466777], [11.4424838, 46.6466345], [11.442379, 46.6466273], [11.4423056, 46.6466345], [11.4422042, 46.6466561], [11.4421483, 46.6466585], [11.4420469, 46.6466393], [11.4419665, 46.6466033], [11.4418372, 46.6465625], [11.4417288, 46.6465289], [11.441624, 46.6464641], [11.4415401, 46.6464223], [11.4414387, 46.6463754], [11.4413343, 46.6463086], [11.441239, 46.646286], [11.4411213, 46.6462396], [11.4410243, 46.6461957], [11.4408893, 46.6461624], [11.4406728, 46.6461136], [11.4404858, 46.6460875], [11.4403872, 46.6460756], [11.4403179, 46.6460554], [11.4402209, 46.6460126], [11.4401326, 46.6459627], [11.4400391, 46.6459009], [11.4399699, 46.6458498], [11.4399127, 46.6458046], [11.4398867, 46.6457832], [11.4397811, 46.6457558], [11.4396755, 46.6457261], [11.4395682, 46.6457131], [11.4394989, 46.6457131], [11.4394071, 46.6457226], [11.439298, 46.6457321], [11.4391872, 46.6457273], [11.4390799, 46.6456988], [11.4389777, 46.6456501], [11.4388894, 46.6456156], [11.4388115, 46.6455966], [11.4387128, 46.6455787], [11.4386106, 46.6455514], [11.4385137, 46.6455038], [11.4384565, 46.6454397], [11.438415, 46.6453695], [11.4383855, 46.6453279], [11.4383474, 46.645297], [11.438299, 46.6452697], [11.4381708, 46.6452245], [11.4380704, 46.6451734], [11.4379024, 46.6451128], [11.4377518, 46.6450724], [11.4376548, 46.6450521], [11.4375579, 46.6450307], [11.4374904, 46.6450093], [11.4374626, 46.6449891], [11.437402, 46.6449654], [11.4373068, 46.6449511], [11.4371873, 46.6449368], [11.4371008, 46.6449309], [11.4369969, 46.6449356], [11.4368029, 46.6449487], [11.4366125, 46.6449559], [11.4364359, 46.644982], [11.43619, 46.6450212], [11.4361, 46.6450426], [11.4360359, 46.6450795], [11.4359545, 46.6451401], [11.435842, 46.6451995], [11.4357363, 46.6452649], [11.4356169, 46.6453541], [11.4355078, 46.6454504], [11.4354264, 46.6455264], [11.4353797, 46.6455954], [11.435281, 46.6457119], [11.4352221, 46.6457998], [11.4351788, 46.645889], [11.4351286, 46.6460388], [11.4350957, 46.6461481], [11.4350455, 46.6462242], [11.4349831, 46.646311], [11.4348931, 46.646387], [11.4348083, 46.6464702], [11.4347113, 46.6465606], [11.4346663, 46.6466474], [11.4345987, 46.6467341], [11.4345347, 46.6467995], [11.434462, 46.6468494], [11.4343996, 46.6468875], [11.4343511, 46.6469837], [11.4343217, 46.6470634], [11.434293, 46.6471855]]}, "properties": {"osm_id": "way/1248871713", "highway": "track"}}, {"type": "Feature", "geometry": {"type": "LineString", "coordinates": [[11.4453351, 46.6171307], [11.4454364, 46.6171334], [11.4454757, 46.6172155], [11.4454546, 46.6172976], [11.4454228, 46.6174108], [11.4455635, 46.6177826], [11.4456179, 46.6179021], [11.4455892, 46.6180755], [11.4455604, 46.6181129], [11.4455287, 46.6181846], [11.4454924, 46.6182375], [11.445421, 46.6182929], [11.4453475, 46.6184259], [11.445326, 46.6184812], [11.4454066, 46.6185022], [11.4455661, 46.6184874], [11.4456235, 46.6185096], [11.4456414, 46.6185649], [11.4456539, 46.6186548], [11.4456987, 46.6187385], [11.4457202, 46.6188148], [11.4457417, 46.6188788], [11.4457453, 46.6189415], [11.4457704, 46.6190006], [11.4458152, 46.61904], [11.4459173, 46.6190818], [11.4459675, 46.6191446], [11.4460069, 46.6191717]]}, "properties": {"osm_id": "way/1248879947", "highway": "path"}}, {"type": "Feature", "geometry": {"type": "LineString", "coordinates": [[11.4814565, 46.630954], [11.4814599, 46.630866], [11.4814666, 46.6308006], [11.481484, 46.6306846], [11.4814545, 46.6305796], [11.4814451, 46.6305133], [11.4814197, 46.6304028], [11.4814116, 46.6303254], [11.4813767, 46.6302849], [11.4812681, 46.6302094], [11.4811957, 46.6301514], [11.4811072, 46.630074], [11.4810482, 46.6299911], [11.4809738, 46.6298833]]}, "properties": {"osm_id": "way/1390240824", "highway": "path"}}, {"type": "Feature", "geometry": {"type": "LineString", "coordinates": [[11.4557679, 46.5984557], [11.4557596, 46.5984394], [11.4557278, 46.5984296], [11.455705, 46.598419], [11.4556904, 46.5983917]]}, "properties": {"osm_id": "way/1561322661", "access": "permissive", "foot": "yes", "highway": "path", "motor_vehicle": "no"}}, {"type": "Feature", "geometry": {"type": "LineString", "coordinates": [[11.4556713, 46.5984605], [11.4556874, 46.5984734], [11.4557153, 46.598479]]}, "properties": {"osm_id": "way/1561322662", "access": "permissive", "foot": "yes", "highway": "path", "motor_vehicle": "no", "name": "Labirinto naturale"}}, {"type": "Feature", "geometry": {"type": "LineString", "coordinates": [[11.4561593, 46.5966122], [11.4561692, 46.5965977], [11.4561874, 46.5965877], [11.4562081, 46.5965841], [11.4562291, 46.5965865], [11.456246, 46.5965939], [11.4562576, 46.5966051], [11.4562618, 46.5966241], [11.4562511, 46.5966419], [11.4562388, 46.5966497], [11.4562235, 46.5966544], [11.4562023, 46.5966552], [11.4561824, 46.5966501], [11.4561672, 46.5966401], [11.4561591, 46.5966267], [11.4561593, 46.5966122], [11.4560797, 46.5966078], [11.4559963, 46.5965956], [11.4558961, 46.5965907], [11.4558077, 46.5965905], [11.4557394, 46.5966174], [11.455689, 46.5966556]]}, "properties": {"osm_id": "way/1561322663", "highway": "path", "surface": "fine_gravel"}}, {"type": "Feature", "geometry": {"type": "LineString", "coordinates": [[11.4556397, 46.5985273], [11.4556578, 46.5985542], [11.4556891, 46.5985676], [11.4557058, 46.5985903], [11.4557349, 46.598601], [11.4557442, 46.5986188], [11.4557354, 46.5986393], [11.4557001, 46.598623], [11.4556804, 46.5986024], [11.4556891, 46.5985676]]}, "properties": {"osm_id": "way/1561322666", "highway": "path", "surface": "unpaved"}}, {"type": "Feature", "geometry": {"type": "LineString", "coordinates": [[11.4540813, 46.5975767], [11.4540685, 46.597568], [11.4540519, 46.5975567], [11.4540324, 46.5975437], [11.4540096, 46.5975326], [11.4539845, 46.5975279], [11.4539323, 46.5975193]]}, "properties": {"osm_id": "way/1561340803", "highway": "path"}}, {"type": "Feature", "geometry": {"type": "LineString", "coordinates": [[11.4579615, 46.6026777], [11.4578808, 46.6027151], [11.4578627, 46.602739], [11.4578191, 46.6027581], [11.4577933, 46.6027709], [11.4577397, 46.6027889], [11.4577075, 46.6028084], [11.4576553, 46.6028179], [11.4575798, 46.60283], [11.4575494, 46.6028526]]}, "properties": {"osm_id": "way/1561340804", "highway": "path"}}, {"type": "Feature", "geometry": {"type": "LineString", "coordinates": [[11.4573883, 46.6023819], [11.4573559, 46.6024291], [11.4573339, 46.6024776], [11.4573119, 46.6025155], [11.4573215, 46.6025379], [11.4573429, 46.6025587], [11.457355, 46.6025711], [11.4573558, 46.6025838], [11.4573487, 46.6026223]]}, "properties": {"osm_id": "way/1561340807", "highway": "path", "informal": "yes"}}, {"type": "Feature", "geometry": {"type": "LineString", "coordinates": [[11.4539372, 46.5975664], [11.4539661, 46.5975694], [11.4539854, 46.5975769], [11.4540011, 46.5975875], [11.4540229, 46.5976028]]}, "properties": {"osm_id": "way/1561340808", "highway": "path"}}, {"type": "Feature", "geometry": {"type": "LineString", "coordinates": [[11.4538727, 46.5967549], [11.4539028, 46.5968039], [11.4539213, 46.596847], [11.4539451, 46.5968955], [11.4539885, 46.5969363], [11.4540594, 46.5969696]]}, "properties": {"osm_id": "way/1561529598", "highway": "path", "informal": "yes", "surface": "unpaved"}}, {"type": "Feature", "geometry": {"type": "LineString", "coordinates": [[11.4560585, 46.5984131], [11.4560807, 46.5984436], [11.4561063, 46.5984826], [11.4561723, 46.598543], [11.4562401, 46.598573], [11.4563301, 46.5985643], [11.4563926, 46.5985508], [11.4564663, 46.5985261]]}, "properties": {"osm_id": "way/1561529599", "highway": "track", "surface": "gravel"}}, {"type": "Feature", "geometry": {"type": "LineString", "coordinates": [[11.4572705, 46.5991801], [11.4572662, 46.5992029], [11.4572696, 46.599244], [11.4572758, 46.5992808]]}, "properties": {"osm_id": "way/1561572545", "highway": "path", "surface": "fine_gravel"}}, {"type": "Feature", "geometry": {"type": "LineString", "coordinates": [[11.4573875, 46.5993906], [11.4574249, 46.599409], [11.4574755, 46.5994293], [11.4575369, 46.5994393]]}, "properties": {"osm_id": "way/1561572546", "highway": "path", "surface": "fine_gravel"}}, {"type": "Feature", "geometry": {"type": "LineString", "coordinates": [[11.4572758, 46.5992808], [11.4573164, 46.5992954], [11.4573473, 46.5993129], [11.4573686, 46.5993403], [11.4573775, 46.599367], [11.4573875, 46.5993906]]}, "properties": {"osm_id": "way/1561572547", "highway": "path", "surface": "woodchips"}}]}