{"type":"FeatureCollection","features":[{"type":"Feature","geometry":{"type":"Point","coordinates":[11.461021,46.614875]},"properties":{"id":1,"hoehe_m":2258,"sektoren_frei":["SW","WSW"],"sektoren_blockiert":["W"],"erste_kollision_m":{"W":59},"flaeche_m2":61456,"neigung_grad":15.8,"ausrichtung_grad":241,"weg_abstand_m":2,"wald_hinweis":false}},{"type":"Feature","geometry":{"type":"Point","coordinates":[11.460898,46.615035]},"properties":{"id":2,"hoehe_m":2257,"sektoren_frei":[],"sektoren_blockiert":["SSW"],"erste_kollision_m":{"SSW":6},"flaeche_m2":50988,"neigung_grad":14.0,"ausrichtung_grad":230,"weg_abstand_m":8,"wald_hinweis":false}},{"type":"Feature","geometry":{"type":"Point","coordinates":[11.460388,46.615316]},"properties":{"id":3,"hoehe_m":2255,"sektoren_frei":[],"sektoren_blockiert":["S","W"],"erste_kollision_m":{"S":5,"W":2},"flaeche_m2":744,"neigung_grad":11.6,"ausrichtung_grad":211,"weg_abstand_m":7,"wald_hinweis":false}},{"type":"Feature","geometry":{"type":"Point","coordinates":[11.459715,46.6156]},"properties":{"id":4,"hoehe_m":2252,"sektoren_frei":[],"sektoren_blockiert":["S","WSW"],"erste_kollision_m":{"S":8,"WSW":471},"flaeche_m2":1050,"neigung_grad":14.1,"ausrichtung_grad":197,"weg_abstand_m":8,"wald_hinweis":false}},{"type":"Feature","geometry":{"type":"Point","coordinates":[11.458353,46.617249]},"properties":{"id":5,"hoehe_m":2249,"sektoren_frei":[],"sektoren_blockiert":["N","WNW","NW","NNW"],"erste_kollision_m":{"N":29,"WNW":13,"NW":6,"NNW":35},"flaeche_m2":1150,"neigung_grad":14.1,"ausrichtung_grad":338,"weg_abstand_m":4,"wald_hinweis":false}},{"type":"Feature","geometry":{"type":"Point","coordinates":[11.458376,46.617766]},"properties":{"id":6,"hoehe_m":2247,"sektoren_frei":[],"sektoren_blockiert":["WSW","W"],"erste_kollision_m":{"WSW":16,"W":8},"flaeche_m2":162,"neigung_grad":9.0,"ausrichtung_grad":268,"weg_abstand_m":30,"wald_hinweis":false}},{"type":"Feature","geometry":{"type":"Point","coordinates":[11.459232,46.615746]},"properties":{"id":7,"hoehe_m":2246,"sektoren_frei":["SW"],"sektoren_blockiert":["SSO","S"],"erste_kollision_m":{"SSO":30,"S":2},"flaeche_m2":55312,"neigung_grad":16.5,"ausrichtung_grad":216,"weg_abstand_m":8,"wald_hinweis":false}},{"type":"Feature","geometry":{"type":"Point","coordinates":[11.4577,46.617241]},"properties":{"id":8,"hoehe_m":2245,"sektoren_frei":[],"sektoren_blockiert":["WNW"],"erste_kollision_m":{"WNW":78},"flaeche_m2":844,"neigung_grad":11.1,"ausrichtung_grad":325,"weg_abstand_m":46,"wald_hinweis":false}},{"type":"Feature","geometry":{"type":"Point","coordinates":[11.458535,46.616211]},"properties":{"id":9,"hoehe_m":2241,"sektoren_frei":["SW"],"sektoren_blockiert":["W"],"erste_kollision_m":{"W":176},"flaeche_m2":55312,"neigung_grad":19.4,"ausrichtung_grad":234,"weg_abstand_m":4,"wald_hinweis":false}},{"type":"Feature","geometry":{"type":"Point","coordinates":[11.457314,46.617384]},"properties":{"id":10,"hoehe_m":2239,"sektoren_frei":[],"sektoren_blockiert":["SSW","SW","W"],"erste_kollision_m":{"SSW":20,"SW":248,"W":2},"flaeche_m2":17869,"neigung_grad":14.0,"ausrichtung_grad":235,"weg_abstand_m":61,"wald_hinweis":false}},{"type":"Feature","geometry":{"type":"Point","coordinates":[11.457358,46.617631]},"properties":{"id":11,"hoehe_m":2238,"sektoren_frei":[],"sektoren_blockiert":["WSW"],"erste_kollision_m":{"WSW":16},"flaeche_m2":3675,"neigung_grad":11.1,"ausrichtung_grad":268,"weg_abstand_m":47,"wald_hinweis":false}},{"type":"Feature","geometry":{"type":"Point","coordinates":[11.458057,46.616491]},"properties":{"id":12,"hoehe_m":2237,"sektoren_frei":["SW"],"sektoren_blockiert":["SSW","WSW"],"erste_kollision_m":{"SSW":415,"WSW":263},"flaeche_m2":119,"neigung_grad":25.4,"ausrichtung_grad":210,"weg_abstand_m":6,"wald_hinweis":false}},{"type":"Feature","geometry":{"type":"Point","coordinates":[11.45962,46.61495]},"properties":{"id":13,"hoehe_m":2235,"sektoren_frei":[],"sektoren_blockiert":["S"],"erste_kollision_m":{"S":117},"flaeche_m2":644,"neigung_grad":20.6,"ausrichtung_grad":216,"weg_abstand_m":66,"wald_hinweis":false}},{"type":"Feature","geometry":{"type":"Point","coordinates":[11.423338,46.641869]},"properties":{"id":14,"hoehe_m":2232,"sektoren_frei":["SSW"],"sektoren_blockiert":[],"erste_kollision_m":{},"flaeche_m2":334506,"neigung_grad":14.8,"ausrichtung_grad":174,"weg_abstand_m":460,"wald_hinweis":false}},{"type":"Feature","geometry":{"type":"Point","coordinates":[11.457763,46.616475]},"properties":{"id":15,"hoehe_m":2231,"sektoren_frei":[],"sektoren_blockiert":["S"],"erste_kollision_m":{"S":45},"flaeche_m2":68250,"neigung_grad":21.1,"ausrichtung_grad":217,"weg_abstand_m":2,"wald_hinweis":false}},{"type":"Feature","geometry":{"type":"Point","coordinates":[11.462945,46.612673]},"properties":{"id":16,"hoehe_m":2231,"sektoren_frei":["O","OSO"],"sektoren_blockiert":["NO","NO","ONO"],"erste_kollision_m":{"NO":4,"ONO":6},"flaeche_m2":114138,"neigung_grad":20.8,"ausrichtung_grad":86,"weg_abstand_m":121,"wald_hinweis":false}},{"type":"Feature","geometry":{"type":"Point","coordinates":[11.457191,46.616824]},"properties":{"id":17,"hoehe_m":2230,"sektoren_frei":[],"sektoren_blockiert":["S"],"erste_kollision_m":{"S":111},"flaeche_m2":631,"neigung_grad":20.0,"ausrichtung_grad":219,"weg_abstand_m":22,"wald_hinweis":false}},{"type":"Feature","geometry":{"type":"Point","coordinates":[11.45747,46.616503]},"properties":{"id":18,"hoehe_m":2226,"sektoren_frei":[],"sektoren_blockiert":["W"],"erste_kollision_m":{"W":66},"flaeche_m2":150,"neigung_grad":20.4,"ausrichtung_grad":232,"weg_abstand_m":6,"wald_hinweis":false}},{"type":"Feature","geometry":{"type":"Point","coordinates":[11.463251,46.612217]},"properties":{"id":19,"hoehe_m":2224,"sektoren_frei":["SO"],"sektoren_blockiert":[],"erste_kollision_m":{},"flaeche_m2":162,"neigung_grad":19.1,"ausrichtung_grad":102,"weg_abstand_m":121,"wald_hinweis":false}},{"type":"Feature","geometry":{"type":"Point","coordinates":[11.454175,46.618014]},"properties":{"id":20,"hoehe_m":2222,"sektoren_frei":[],"sektoren_blockiert":["WSW","W"],"erste_kollision_m":{"WSW":6,"W":2},"flaeche_m2":175,"neigung_grad":10.1,"ausrichtung_grad":233,"weg_abstand_m":191,"wald_hinweis":false}},{"type":"Feature","geometry":{"type":"Point","coordinates":[11.458427,46.615268]},"properties":{"id":21,"hoehe_m":2220,"sektoren_frei":[],"sektoren_blockiert":["S"],"erste_kollision_m":{"S":135},"flaeche_m2":5588,"neigung_grad":26.1,"ausrichtung_grad":221,"weg_abstand_m":83,"wald_hinweis":false}},{"type":"Feature","geometry":{"type":"Point","coordinates":[11.454026,46.61759]},"properties":{"id":22,"hoehe_m":2220,"sektoren_frei":[],"sektoren_blockiert":["SO","SSO"],"erste_kollision_m":{"SO":6,"SSO":34},"flaeche_m2":22362,"neigung_grad":9.4,"ausrichtung_grad":151,"weg_abstand_m":157,"wald_hinweis":false}},{"type":"Feature","geometry":{"type":"Point","coordinates":[11.453659,46.617418]},"properties":{"id":23,"hoehe_m":2219,"sektoren_frei":[],"sektoren_blockiert":["OSO","OSO"],"erste_kollision_m":{"OSO":10},"flaeche_m2":1275,"neigung_grad":9.2,"ausrichtung_grad":149,"weg_abstand_m":155,"wald_hinweis":false}},{"type":"Feature","geometry":{"type":"Point","coordinates":[11.453577,46.61778]},"properties":{"id":24,"hoehe_m":2219,"sektoren_frei":["WNW","NW","NNW"],"sektoren_blockiert":["N","NNO","WSW","W","WNW"],"erste_kollision_m":{"N":26,"NNO":36,"WSW":6,"W":8,"WNW":8},"flaeche_m2":170762,"neigung_grad":15.7,"ausrichtung_grad":334,"weg_abstand_m":193,"wald_hinweis":false}},{"type":"Feature","geometry":{"type":"Point","coordinates":[11.45381,46.617887]},"properties":{"id":25,"hoehe_m":2218,"sektoren_frei":[],"sektoren_blockiert":["WNW"],"erste_kollision_m":{"WNW":20},"flaeche_m2":556,"neigung_grad":11.6,"ausrichtung_grad":294,"weg_abstand_m":193,"wald_hinweis":false}},{"type":"Feature","geometry":{"type":"Point","coordinates":[11.452911,46.617501]},"properties":{"id":26,"hoehe_m":2217,"sektoren_frei":[],"sektoren_blockiert":["WSW"],"erste_kollision_m":{"WSW":22},"flaeche_m2":631,"neigung_grad":9.2,"ausrichtung_grad":271,"weg_abstand_m":193,"wald_hinweis":false}},{"type":"Feature","geometry":{"type":"Point","coordinates":[11.454408,46.617379]},"properties":{"id":27,"hoehe_m":2216,"sektoren_frei":[],"sektoren_blockiert":["SW"],"erste_kollision_m":{"SW":4},"flaeche_m2":619,"neigung_grad":8.8,"ausrichtung_grad":214,"weg_abstand_m":121,"wald_hinweis":false}},{"type":"Feature","geometry":{"type":"Point","coordinates":[11.45269,46.617664]},"properties":{"id":28,"hoehe_m":2215,"sektoren_frei":["W"],"sektoren_blockiert":[],"erste_kollision_m":{},"flaeche_m2":25981,"neigung_grad":9.9,"ausrichtung_grad":280,"weg_abstand_m":197,"wald_hinweis":false}},{"type":"Feature","geometry":{"type":"Point","coordinates":[11.462852,46.614925]},"properties":{"id":29,"hoehe_m":2214,"sektoren_frei":[],"sektoren_blockiert":["NO","ONO","O","OSO","OSO"],"erste_kollision_m":{"NO":104,"ONO":181,"O":95,"OSO":12},"flaeche_m2":6762,"neigung_grad":15.7,"ausrichtung_grad":63,"weg_abstand_m":31,"wald_hinweis":false}},{"type":"Feature","geometry":{"type":"Point","coordinates":[11.45469,46.617126]},"properties":{"id":30,"hoehe_m":2214,"sektoren_frei":[],"sektoren_blockiert":["SO"],"erste_kollision_m":{"SO":4},"flaeche_m2":481,"neigung_grad":11.1,"ausrichtung_grad":173,"weg_abstand_m":86,"wald_hinweis":false}},{"type":"Feature","geometry":{"type":"Point","coordinates":[11.462363,46.615678]},"properties":{"id":31,"hoehe_m":2214,"sektoren_frei":[],"sektoren_blockiert":["NNO","NO"],"erste_kollision_m":{"NNO":84,"NO":100},"flaeche_m2":4075,"neigung_grad":15.9,"ausrichtung_grad":47,"weg_abstand_m":45,"wald_hinweis":false}},{"type":"Feature","geometry":{"type":"Point","coordinates":[11.452848,46.616828]},"properties":{"id":32,"hoehe_m":2214,"sektoren_frei":[],"sektoren_blockiert":["OSO","SSW"],"erste_kollision_m":{"OSO":6,"SSW":6},"flaeche_m2":62281,"neigung_grad":9.0,"ausrichtung_grad":215,"weg_abstand_m":132,"wald_hinweis":false}},{"type":"Feature","geometry":{"type":"Point","coordinates":[11.452561,46.616969]},"properties":{"id":33,"hoehe_m":2213,"sektoren_frei":["SW","SW","WSW"],"sektoren_blockiert":["WNW"],"erste_kollision_m":{"WNW":12},"flaeche_m2":87538,"neigung_grad":10.8,"ausrichtung_grad":243,"weg_abstand_m":158,"wald_hinweis":false}},{"type":"Feature","geometry":{"type":"Point","coordinates":[11.463632,46.611983]},"properties":{"id":34,"hoehe_m":2212,"sektoren_frei":["SO"],"sektoren_blockiert":[],"erste_kollision_m":{},"flaeche_m2":199594,"neigung_grad":21.3,"ausrichtung_grad":95,"weg_abstand_m":87,"wald_hinweis":false}},{"type":"Feature","geometry":{"type":"Point","coordinates":[11.456684,46.616453]},"properties":{"id":35,"hoehe_m":2211,"sektoren_frei":[],"sektoren_blockiert":["SSO"],"erste_kollision_m":{"SSO":9},"flaeche_m2":812,"neigung_grad":12.5,"ausrichtung_grad":195,"weg_abstand_m":28,"wald_hinweis":false}},{"type":"Feature","geometry":{"type":"Point","coordinates":[11.452425,46.617579]},"properties":{"id":36,"hoehe_m":2211,"sektoren_frei":["NW"],"sektoren_blockiert":[],"erste_kollision_m":{},"flaeche_m2":170762,"neigung_grad":10.1,"ausrichtung_grad":283,"weg_abstand_m":179,"wald_hinweis":false}},{"type":"Feature","geometry":{"type":"Point","coordinates":[11.452286,46.617402]},"properties":{"id":37,"hoehe_m":2211,"sektoren_frei":["W","NW"],"sektoren_blockiert":[],"erste_kollision_m":{},"flaeche_m2":170762,"neigung_grad":11.5,"ausrichtung_grad":281,"weg_abstand_m":163,"wald_hinweis":false}},{"type":"Feature","geometry":{"type":"Point","coordinates":[11.462583,46.615471]},"properties":{"id":38,"hoehe_m":2211,"sektoren_frei":[],"sektoren_blockiert":["N","O","OSO"],"erste_kollision_m":{"N":2,"O":5,"OSO":11},"flaeche_m2":656,"neigung_grad":11.2,"ausrichtung_grad":29,"weg_abstand_m":16,"wald_hinweis":false}},{"type":"Feature","geometry":{"type":"Point","coordinates":[11.462138,46.611431]},"properties":{"id":39,"hoehe_m":2210,"sektoren_frei":["SSO","S","SSW"],"sektoren_blockiert":["SW","WSW"],"erste_kollision_m":{"SW":233,"WSW":148},"flaeche_m2":896231,"neigung_grad":19.2,"ausrichtung_grad":203,"weg_abstand_m":84,"wald_hinweis":false}},{"type":"Feature","geometry":{"type":"Point","coordinates":[11.453792,46.616762]},"properties":{"id":40,"hoehe_m":2209,"sektoren_frei":[],"sektoren_blockiert":["OSO"],"erste_kollision_m":{"OSO":8},"flaeche_m2":238,"neigung_grad":10.4,"ausrichtung_grad":151,"weg_abstand_m":88,"wald_hinweis":false}},{"type":"Feature","geometry":{"type":"Point","coordinates":[11.463704,46.612837]},"properties":{"id":41,"hoehe_m":2207,"sektoren_frei":["SO"],"sektoren_blockiert":[],"erste_kollision_m":{},"flaeche_m2":199594,"neigung_grad":20.7,"ausrichtung_grad":96,"weg_abstand_m":100,"wald_hinweis":false}},{"type":"Feature","geometry":{"type":"Point","coordinates":[11.452827,46.616356]},"properties":{"id":42,"hoehe_m":2207,"sektoren_frei":[],"sektoren_blockiert":["OSO"],"erste_kollision_m":{"OSO":6},"flaeche_m2":1025,"neigung_grad":14.8,"ausrichtung_grad":147,"weg_abstand_m":90,"wald_hinweis":false}},{"type":"Feature","geometry":{"type":"Point","coordinates":[11.460073,46.61341]},"properties":{"id":43,"hoehe_m":2207,"sektoren_frei":[],"sektoren_blockiert":["W"],"erste_kollision_m":{"W":24},"flaeche_m2":625,"neigung_grad":13.0,"ausrichtung_grad":241,"weg_abstand_m":107,"wald_hinweis":false}},{"type":"Feature","geometry":{"type":"Point","coordinates":[11.463777,46.611575]},"properties":{"id":44,"hoehe_m":2205,"sektoren_frei":["SSO"],"sektoren_blockiert":[],"erste_kollision_m":{},"flaeche_m2":795925,"neigung_grad":17.3,"ausrichtung_grad":127,"weg_abstand_m":61,"wald_hinweis":false}},{"type":"Feature","geometry":{"type":"Point","coordinates":[11.451883,46.617141]},"properties":{"id":45,"hoehe_m":2204,"sektoren_frei":["NW"],"sektoren_blockiert":["SW"],"erste_kollision_m":{"SW":11},"flaeche_m2":170762,"neigung_grad":14.0,"ausrichtung_grad":276,"weg_abstand_m":126,"wald_hinweis":false}},{"type":"Feature","geometry":{"type":"Point","coordinates":[11.459066,46.614242]},"properties":{"id":46,"hoehe_m":2204,"sektoren_frei":[],"sektoren_blockiert":["WNW"],"erste_kollision_m":{"WNW":9},"flaeche_m2":4756,"neigung_grad":13.0,"ausrichtung_grad":253,"weg_abstand_m":155,"wald_hinweis":false}},{"type":"Feature","geometry":{"type":"Point","coordinates":[11.462729,46.616548]},"properties":{"id":47,"hoehe_m":2203,"sektoren_frei":[],"sektoren_blockiert":["O","OSO"],"erste_kollision_m":{"O":2,"OSO":18},"flaeche_m2":444,"neigung_grad":11.8,"ausrichtung_grad":107,"weg_abstand_m":126,"wald_hinweis":false}},{"type":"Feature","geometry":{"type":"Point","coordinates":[11.452234,46.616233]},"properties":{"id":48,"hoehe_m":2202,"sektoren_frei":["W"],"sektoren_blockiert":["S"],"erste_kollision_m":{"S":8},"flaeche_m2":25981,"neigung_grad":12.6,"ausrichtung_grad":245,"weg_abstand_m":110,"wald_hinweis":false}},{"type":"Feature","geometry":{"type":"Point","coordinates":[11.424147,46.640952]},"properties":{"id":49,"hoehe_m":2202,"sektoren_frei":["SO","SSO","S"],"sektoren_blockiert":["SW"],"erste_kollision_m":{"SW":235},"flaeche_m2":378912,"neigung_grad":20.7,"ausrichtung_grad":175,"weg_abstand_m":496,"wald_hinweis":false}},{"type":"Feature","geometry":{"type":"Point","coordinates":[11.462898,46.615937]},"properties":{"id":50,"hoehe_m":2202,"sektoren_frei":[],"sektoren_blockiert":["O"],"erste_kollision_m":{"O":8},"flaeche_m2":300,"neigung_grad":11.7,"ausrichtung_grad":56,"weg_abstand_m":58,"wald_hinweis":false}},{"type":"Feature","geometry":{"type":"Point","coordinates":[11.424603,46.640942]},"properties":{"id":51,"hoehe_m":2201,"sektoren_frei":["SO","SSW"],"sektoren_blockiert":[],"erste_kollision_m":{},"flaeche_m2":334506,"neigung_grad":20.6,"ausrichtung_grad":175,"weg_abstand_m":478,"wald_hinweis":false}},{"type":"Feature","geometry":{"type":"Point","coordinates":[11.452584,46.618206]},"properties":{"id":52,"hoehe_m":2200,"sektoren_frei":["NNW"],"sektoren_blockiert":[],"erste_kollision_m":{},"flaeche_m2":135394,"neigung_grad":19.2,"ausrichtung_grad":353,"weg_abstand_m":172,"wald_hinweis":false}},{"type":"Feature","geometry":{"type":"Point","coordinates":[11.454724,46.616427]},"properties":{"id":53,"hoehe_m":2200,"sektoren_frei":[],"sektoren_blockiert":["SW"],"erste_kollision_m":{"SW":4},"flaeche_m2":444,"neigung_grad":9.2,"ausrichtung_grad":192,"weg_abstand_m":19,"wald_hinweis":false}},{"type":"Feature","geometry":{"type":"Point","coordinates":[11.460925,46.612042]},"properties":{"id":54,"hoehe_m":2200,"sektoren_frei":[],"sektoren_blockiert":["W"],"erste_kollision_m":{"W":24},"flaeche_m2":256,"neigung_grad":11.7,"ausrichtung_grad":239,"weg_abstand_m":29,"wald_hinweis":false}},{"type":"Feature","geometry":{"type":"Point","coordinates":[11.463701,46.615649]},"properties":{"id":55,"hoehe_m":2200,"sektoren_frei":[],"sektoren_blockiert":["O","OSO","OSO"],"erste_kollision_m":{"O":29,"OSO":20},"flaeche_m2":4256,"neigung_grad":11.7,"ausrichtung_grad":75,"weg_abstand_m":3,"wald_hinweis":false}},{"type":"Feature","geometry":{"type":"Point","coordinates":[11.463617,46.615966]},"properties":{"id":56,"hoehe_m":2199,"sektoren_frei":["NNO","NO"],"sektoren_blockiert":[],"erste_kollision_m":{},"flaeche_m2":4756,"neigung_grad":13.3,"ausrichtung_grad":61,"weg_abstand_m":35,"wald_hinweis":false}},{"type":"Feature","geometry":{"type":"Point","coordinates":[11.45627,46.615944]},"properties":{"id":57,"hoehe_m":2198,"sektoren_frei":[],"sektoren_blockiert":["SSO"],"erste_kollision_m":{"SSO":16},"flaeche_m2":2350,"neigung_grad":8.6,"ausrichtung_grad":166,"weg_abstand_m":82,"wald_hinweis":false}},{"type":"Feature","geometry":{"type":"Point","coordinates":[11.455069,46.616105]},"properties":{"id":58,"hoehe_m":2198,"sektoren_frei":[],"sektoren_blockiert":["WSW","W"],"erste_kollision_m":{"WSW":9,"W":8},"flaeche_m2":34444,"neigung_grad":9.3,"ausrichtung_grad":238,"weg_abstand_m":26,"wald_hinweis":false}},{"type":"Feature","geometry":{"type":"Point","coordinates":[11.455709,46.615821]},"properties":{"id":59,"hoehe_m":2198,"sektoren_frei":[],"sektoren_blockiert":["SO"],"erste_kollision_m":{"SO":4},"flaeche_m2":506,"neigung_grad":9.0,"ausrichtung_grad":164,"weg_abstand_m":78,"wald_hinweis":false}},{"type":"Feature","geometry":{"type":"Point","coordinates":[11.45378,46.619373]},"properties":{"id":60,"hoehe_m":2197,"sektoren_frei":["WNW","NW","NNW"],"sektoren_blockiert":["N"],"erste_kollision_m":{"N":301},"flaeche_m2":268450,"neigung_grad":17.9,"ausrichtung_grad":324,"weg_abstand_m":149,"wald_hinweis":false}},{"type":"Feature","geometry":{"type":"Point","coordinates":[11.458788,46.613865]},"properties":{"id":61,"hoehe_m":2196,"sektoren_frei":[],"sektoren_blockiert":["SW"],"erste_kollision_m":{"SW":4},"flaeche_m2":131,"neigung_grad":8.8,"ausrichtung_grad":261,"weg_abstand_m":202,"wald_hinweis":false}},{"type":"Feature","geometry":{"type":"Point","coordinates":[11.458808,46.613595]},"properties":{"id":62,"hoehe_m":2196,"sektoren_frei":[],"sektoren_blockiert":["SW"],"erste_kollision_m":{"SW":4},"flaeche_m2":11244,"neigung_grad":9.4,"ausrichtung_grad":253,"weg_abstand_m":204,"wald_hinweis":false}},{"type":"Feature","geometry":{"type":"Point","coordinates":[11.425122,46.640841]},"properties":{"id":63,"hoehe_m":2195,"sektoren_frei":["SSO","S","SSW"],"sektoren_blockiert":[],"erste_kollision_m":{},"flaeche_m2":378912,"neigung_grad":21.9,"ausrichtung_grad":170,"weg_abstand_m":468,"wald_hinweis":false}},{"type":"Feature","geometry":{"type":"Point","coordinates":[11.463937,46.615824]},"properties":{"id":64,"hoehe_m":2195,"sektoren_frei":[],"sektoren_blockiert":["OSO"],"erste_kollision_m":{"OSO":9},"flaeche_m2":238,"neigung_grad":13.3,"ausrichtung_grad":77,"weg_abstand_m":10,"wald_hinweis":false}},{"type":"Feature","geometry":{"type":"Point","coordinates":[11.452474,46.615778]},"properties":{"id":65,"hoehe_m":2194,"sektoren_frei":["WSW"],"sektoren_blockiert":[],"erste_kollision_m":{},"flaeche_m2":37094,"neigung_grad":19.0,"ausrichtung_grad":222,"weg_abstand_m":66,"wald_hinweis":false}},{"type":"Feature","geometry":{"type":"Point","coordinates":[11.462214,46.610934]},"properties":{"id":66,"hoehe_m":2193,"sektoren_frei":[],"sektoren_blockiert":["SO"],"erste_kollision_m":{"SO":28},"flaeche_m2":175,"neigung_grad":18.0,"ausrichtung_grad":168,"weg_abstand_m":103,"wald_hinweis":false}},{"type":"Feature","geometry":{"type":"Point","coordinates":[11.454479,46.616073]},"properties":{"id":67,"hoehe_m":2193,"sektoren_frei":[],"sektoren_blockiert":["SSO"],"erste_kollision_m":{"SSO":6},"flaeche_m2":13212,"neigung_grad":8.9,"ausrichtung_grad":183,"weg_abstand_m":5,"wald_hinweis":false}},{"type":"Feature","geometry":{"type":"Point","coordinates":[11.457087,46.615252]},"properties":{"id":68,"hoehe_m":2193,"sektoren_frei":[],"sektoren_blockiert":["SSO"],"erste_kollision_m":{"SSO":9},"flaeche_m2":575,"neigung_grad":8.0,"ausrichtung_grad":173,"weg_abstand_m":147,"wald_hinweis":false}},{"type":"Feature","geometry":{"type":"Point","coordinates":[11.465866,46.615153]},"properties":{"id":69,"hoehe_m":2193,"sektoren_frei":[],"sektoren_blockiert":["O","O","OSO"],"erste_kollision_m":{"O":16,"OSO":46},"flaeche_m2":544,"neigung_grad":12.7,"ausrichtung_grad":96,"weg_abstand_m":57,"wald_hinweis":false}},{"type":"Feature","geometry":{"type":"Point","coordinates":[11.459539,46.611712]},"properties":{"id":70,"hoehe_m":2193,"sektoren_frei":[],"sektoren_blockiert":["WSW"],"erste_kollision_m":{"WSW":10},"flaeche_m2":6169,"neigung_grad":10.9,"ausrichtung_grad":210,"weg_abstand_m":108,"wald_hinweis":false}},{"type":"Feature","geometry":{"type":"Point","coordinates":[11.460088,46.611587]},"properties":{"id":71,"hoehe_m":2192,"sektoren_frei":[],"sektoren_blockiert":["SO"],"erste_kollision_m":{"SO":4},"flaeche_m2":2488,"neigung_grad":8.0,"ausrichtung_grad":170,"weg_abstand_m":64,"wald_hinweis":false}},{"type":"Feature","geometry":{"type":"Point","coordinates":[11.466006,46.615352]},"properties":{"id":72,"hoehe_m":2192,"sektoren_frei":["N","NNO","NO","ONO","ONO"],"sektoren_blockiert":["O","OSO","WNW","NW","NNW"],"erste_kollision_m":{"O":5,"OSO":16,"WNW":55,"NW":6,"NNW":6},"flaeche_m2":681,"neigung_grad":11.7,"ausrichtung_grad":64,"weg_abstand_m":64,"wald_hinweis":false}},{"type":"Feature","geometry":{"type":"Point","coordinates":[11.465612,46.614596]},"properties":{"id":73,"hoehe_m":2192,"sektoren_frei":[],"sektoren_blockiert":["SSO","S","SSW"],"erste_kollision_m":{"SSO":9,"S":24,"SSW":6},"flaeche_m2":831,"neigung_grad":9.3,"ausrichtung_grad":193,"weg_abstand_m":36,"wald_hinweis":false}},{"type":"Feature","geometry":{"type":"Point","coordinates":[11.458447,46.613558]},"properties":{"id":74,"hoehe_m":2192,"sektoren_frei":[],"sektoren_blockiert":["SSW"],"erste_kollision_m":{"SSW":8},"flaeche_m2":275,"neigung_grad":8.8,"ausrichtung_grad":244,"weg_abstand_m":230,"wald_hinweis":false}},{"type":"Feature","geometry":{"type":"Point","coordinates":[11.451472,46.616722]},"properties":{"id":75,"hoehe_m":2191,"sektoren_frei":[],"sektoren_blockiert":["SSW"],"erste_kollision_m":{"SSW":380},"flaeche_m2":6488,"neigung_grad":26.6,"ausrichtung_grad":238,"weg_abstand_m":86,"wald_hinweis":false}},{"type":"Feature","geometry":{"type":"Point","coordinates":[11.466144,46.614809]},"properties":{"id":76,"hoehe_m":2191,"sektoren_frei":[],"sektoren_blockiert":["NO","ONO"],"erste_kollision_m":{"NO":31,"ONO":53},"flaeche_m2":844,"neigung_grad":13.1,"ausrichtung_grad":65,"weg_abstand_m":81,"wald_hinweis":false}},{"type":"Feature","geometry":{"type":"Point","coordinates":[11.466096,46.614473]},"properties":{"id":77,"hoehe_m":2191,"sektoren_frei":[],"sektoren_blockiert":["SSO","SSW"],"erste_kollision_m":{"SSO":30,"SSW":43},"flaeche_m2":344,"neigung_grad":10.9,"ausrichtung_grad":179,"weg_abstand_m":70,"wald_hinweis":false}},{"type":"Feature","geometry":{"type":"Point","coordinates":[11.464084,46.616181]},"properties":{"id":78,"hoehe_m":2190,"sektoren_frei":["NO","ONO"],"sektoren_blockiert":["OSO"],"erste_kollision_m":{"OSO":20},"flaeche_m2":5112,"neigung_grad":13.0,"ausrichtung_grad":62,"weg_abstand_m":45,"wald_hinweis":false}},{"type":"Feature","geometry":{"type":"Point","coordinates":[11.455881,46.62034]},"properties":{"id":79,"hoehe_m":2190,"sektoren_frei":[],"sektoren_blockiert":["NNO"],"erste_kollision_m":{"NNO":329},"flaeche_m2":9838,"neigung_grad":17.9,"ausrichtung_grad":348,"weg_abstand_m":51,"wald_hinweis":false}},{"type":"Feature","geometry":{"type":"Point","coordinates":[11.46476,46.613804]},"properties":{"id":80,"hoehe_m":2190,"sektoren_frei":[],"sektoren_blockiert":["O"],"erste_kollision_m":{"O":32},"flaeche_m2":119,"neigung_grad":12.4,"ausrichtung_grad":101,"weg_abstand_m":38,"wald_hinweis":false}},{"type":"Feature","geometry":{"type":"Point","coordinates":[11.459211,46.611674]},"properties":{"id":81,"hoehe_m":2189,"sektoren_frei":["SSW"],"sektoren_blockiert":[],"erste_kollision_m":{},"flaeche_m2":703719,"neigung_grad":11.6,"ausrichtung_grad":210,"weg_abstand_m":132,"wald_hinweis":false}},{"type":"Feature","geometry":{"type":"Point","coordinates":[11.452179,46.61574]},"properties":{"id":82,"hoehe_m":2189,"sektoren_frei":["W"],"sektoren_blockiert":[],"erste_kollision_m":{},"flaeche_m2":512,"neigung_grad":19.3,"ausrichtung_grad":233,"weg_abstand_m":85,"wald_hinweis":false}},{"type":"Feature","geometry":{"type":"Point","coordinates":[11.452335,46.618481]},"properties":{"id":83,"hoehe_m":2189,"sektoren_frei":["NNW"],"sektoren_blockiert":[],"erste_kollision_m":{},"flaeche_m2":135394,"neigung_grad":16.7,"ausrichtung_grad":337,"weg_abstand_m":142,"wald_hinweis":false}},{"type":"Feature","geometry":{"type":"Point","coordinates":[11.453881,46.615838]},"properties":{"id":84,"hoehe_m":2189,"sektoren_frei":[],"sektoren_blockiert":["SO"],"erste_kollision_m":{"SO":6},"flaeche_m2":1556,"neigung_grad":8.9,"ausrichtung_grad":164,"weg_abstand_m":3,"wald_hinweis":false}},{"type":"Feature","geometry":{"type":"Point","coordinates":[11.453255,46.619316]},"properties":{"id":85,"hoehe_m":2189,"sektoren_frei":[],"sektoren_blockiert":["W"],"erste_kollision_m":{"W":45},"flaeche_m2":888,"neigung_grad":15.6,"ausrichtung_grad":306,"weg_abstand_m":126,"wald_hinweis":false}},{"type":"Feature","geometry":{"type":"Point","coordinates":[11.452564,46.615596]},"properties":{"id":86,"hoehe_m":2188,"sektoren_frei":[],"sektoren_blockiert":["SO"],"erste_kollision_m":{"SO":6},"flaeche_m2":356,"neigung_grad":14.2,"ausrichtung_grad":159,"weg_abstand_m":52,"wald_hinweis":false}},{"type":"Feature","geometry":{"type":"Point","coordinates":[11.455195,46.615292]},"properties":{"id":87,"hoehe_m":2188,"sektoren_frei":[],"sektoren_blockiert":["W"],"erste_kollision_m":{"W":8},"flaeche_m2":1319,"neigung_grad":9.1,"ausrichtung_grad":242,"weg_abstand_m":108,"wald_hinweis":false}},{"type":"Feature","geometry":{"type":"Point","coordinates":[11.458379,46.612771]},"properties":{"id":88,"hoehe_m":2188,"sektoren_frei":[],"sektoren_blockiert":["WNW"],"erste_kollision_m":{"WNW":6},"flaeche_m2":569,"neigung_grad":12.5,"ausrichtung_grad":254,"weg_abstand_m":227,"wald_hinweis":false}},{"type":"Feature","geometry":{"type":"Point","coordinates":[11.45241,46.618682]},"properties":{"id":89,"hoehe_m":2188,"sektoren_frei":[],"sektoren_blockiert":["W"],"erste_kollision_m":{"W":88},"flaeche_m2":2288,"neigung_grad":14.9,"ausrichtung_grad":292,"weg_abstand_m":133,"wald_hinweis":false}},{"type":"Feature","geometry":{"type":"Point","coordinates":[11.466496,46.614644]},"properties":{"id":90,"hoehe_m":2187,"sektoren_frei":[],"sektoren_blockiert":["O","OSO"],"erste_kollision_m":{"O":8,"OSO":6},"flaeche_m2":138,"neigung_grad":10.0,"ausrichtung_grad":76,"weg_abstand_m":104,"wald_hinweis":false}},{"type":"Feature","geometry":{"type":"Point","coordinates":[11.457852,46.61411]},"properties":{"id":91,"hoehe_m":2187,"sektoren_frei":[],"sektoren_blockiert":["WSW","NW"],"erste_kollision_m":{"WSW":6,"NW":4},"flaeche_m2":200,"neigung_grad":8.2,"ausrichtung_grad":279,"weg_abstand_m":216,"wald_hinweis":false}},{"type":"Feature","geometry":{"type":"Point","coordinates":[11.464427,46.615814]},"properties":{"id":92,"hoehe_m":2187,"sektoren_frei":[],"sektoren_blockiert":["NNO"],"erste_kollision_m":{"NNO":6},"flaeche_m2":138,"neigung_grad":12.0,"ausrichtung_grad":56,"weg_abstand_m":7,"wald_hinweis":false}},{"type":"Feature","geometry":{"type":"Point","coordinates":[11.425103,46.640436]},"properties":{"id":93,"hoehe_m":2186,"sektoren_frei":["SSO","S","S","SSW"],"sektoren_blockiert":["SO","SO","SO","SO","SSO","SSO","SSW","SW"],"erste_kollision_m":{"SO":6,"SSO":13,"SSW":9,"SW":20},"flaeche_m2":334506,"neigung_grad":13.9,"ausrichtung_grad":188,"weg_abstand_m":498,"wald_hinweis":false}},{"type":"Feature","geometry":{"type":"Point","coordinates":[11.46066,46.611237]},"properties":{"id":94,"hoehe_m":2186,"sektoren_frei":[],"sektoren_blockiert":["SO"],"erste_kollision_m":{"SO":6},"flaeche_m2":250,"neigung_grad":12.4,"ausrichtung_grad":172,"weg_abstand_m":17,"wald_hinweis":false}},{"type":"Feature","geometry":{"type":"Point","coordinates":[11.452855,46.619145]},"properties":{"id":95,"hoehe_m":2186,"sektoren_frei":[],"sektoren_blockiert":["N"],"erste_kollision_m":{"N":29},"flaeche_m2":119,"neigung_grad":16.8,"ausrichtung_grad":321,"weg_abstand_m":119,"wald_hinweis":false}},{"type":"Feature","geometry":{"type":"Point","coordinates":[11.466712,46.614369]},"properties":{"id":96,"hoehe_m":2186,"sektoren_frei":[],"sektoren_blockiert":["OSO","SO","SSO"],"erste_kollision_m":{"OSO":30,"SO":4,"SSO":20},"flaeche_m2":6412,"neigung_grad":11.0,"ausrichtung_grad":137,"weg_abstand_m":114,"wald_hinweis":false}},{"type":"Feature","geometry":{"type":"Point","coordinates":[11.466407,46.614129]},"properties":{"id":97,"hoehe_m":2185,"sektoren_frei":[],"sektoren_blockiert":["S","SSW"],"erste_kollision_m":{"S":2,"SSW":20},"flaeche_m2":4588,"neigung_grad":9.2,"ausrichtung_grad":176,"weg_abstand_m":85,"wald_hinweis":false}},{"type":"Feature","geometry":{"type":"Point","coordinates":[11.455152,46.615068]},"properties":{"id":98,"hoehe_m":2185,"sektoren_frei":[],"sektoren_blockiert":["S"],"erste_kollision_m":{"S":2},"flaeche_m2":338,"neigung_grad":8.1,"ausrichtung_grad":215,"weg_abstand_m":127,"wald_hinweis":false}},{"type":"Feature","geometry":{"type":"Point","coordinates":[11.424159,46.640502]},"properties":{"id":99,"hoehe_m":2185,"sektoren_frei":[],"sektoren_blockiert":["WSW"],"erste_kollision_m":{"WSW":25},"flaeche_m2":725,"neigung_grad":18.8,"ausrichtung_grad":212,"weg_abstand_m":538,"wald_hinweis":false}},{"type":"Feature","geometry":{"type":"Point","coordinates":[11.458093,46.612958]},"properties":{"id":100,"hoehe_m":2185,"sektoren_frei":[],"sektoren_blockiert":["SSW"],"erste_kollision_m":{"SSW":8},"flaeche_m2":4600,"neigung_grad":8.8,"ausrichtung_grad":240,"weg_abstand_m":248,"wald_hinweis":false}},{"type":"Feature","geometry":{"type":"Point","coordinates":[11.465029,46.613258]},"properties":{"id":101,"hoehe_m":2182,"sektoren_frei":[],"sektoren_blockiert":["ONO","SO","SSO"],"erste_kollision_m":{"ONO":6,"SO":11,"SSO":8},"flaeche_m2":538,"neigung_grad":10.4,"ausrichtung_grad":101,"weg_abstand_m":0,"wald_hinweis":false}},{"type":"Feature","geometry":{"type":"Point","coordinates":[11.452255,46.618865]},"properties":{"id":102,"hoehe_m":2182,"sektoren_frei":["NNW"],"sektoren_blockiert":[],"erste_kollision_m":{},"flaeche_m2":294,"neigung_grad":12.4,"ausrichtung_grad":310,"weg_abstand_m":110,"wald_hinweis":false}},{"type":"Feature","geometry":{"type":"Point","coordinates":[11.464572,46.611828]},"properties":{"id":103,"hoehe_m":2181,"sektoren_frei":["SO"],"sektoren_blockiert":[],"erste_kollision_m":{},"flaeche_m2":199594,"neigung_grad":14.2,"ausrichtung_grad":100,"weg_abstand_m":13,"wald_hinweis":false}},{"type":"Feature","geometry":{"type":"Point","coordinates":[11.452495,46.61913]},"properties":{"id":104,"hoehe_m":2180,"sektoren_frei":[],"sektoren_blockiert":["N","W"],"erste_kollision_m":{"N":8,"W":2},"flaeche_m2":17525,"neigung_grad":12.7,"ausrichtung_grad":323,"weg_abstand_m":101,"wald_hinweis":false}},{"type":"Feature","geometry":{"type":"Point","coordinates":[11.466161,46.613751]},"properties":{"id":105,"hoehe_m":2180,"sektoren_frei":[],"sektoren_blockiert":["SSW"],"erste_kollision_m":{"SSW":6},"flaeche_m2":275,"neigung_grad":8.5,"ausrichtung_grad":172,"weg_abstand_m":66,"wald_hinweis":false}},{"type":"Feature","geometry":{"type":"Point","coordinates":[11.424897,46.640193]},"properties":{"id":106,"hoehe_m":2180,"sektoren_frei":[],"sektoren_blockiert":["WSW"],"erste_kollision_m":{"WSW":15},"flaeche_m2":150969,"neigung_grad":15.5,"ausrichtung_grad":215,"weg_abstand_m":527,"wald_hinweis":false}},{"type":"Feature","geometry":{"type":"Point","coordinates":[11.455735,46.614223]},"properties":{"id":107,"hoehe_m":2180,"sektoren_frei":[],"sektoren_blockiert":["SSW","WSW"],"erste_kollision_m":{"SSW":6,"WSW":8},"flaeche_m2":294,"neigung_grad":7.6,"ausrichtung_grad":222,"weg_abstand_m":197,"wald_hinweis":false}},{"type":"Feature","geometry":{"type":"Point","coordinates":[11.458119,46.61208]},"properties":{"id":108,"hoehe_m":2179,"sektoren_frei":[],"sektoren_blockiert":["SW","WSW"],"erste_kollision_m":{"SW":22,"WSW":38},"flaeche_m2":150,"neigung_grad":11.6,"ausrichtung_grad":249,"weg_abstand_m":222,"wald_hinweis":false}},{"type":"Feature","geometry":{"type":"Point","coordinates":[11.455163,46.614573]},"properties":{"id":109,"hoehe_m":2179,"sektoren_frei":[],"sektoren_blockiert":["W"],"erste_kollision_m":{"W":2},"flaeche_m2":21031,"neigung_grad":8.6,"ausrichtung_grad":244,"weg_abstand_m":149,"wald_hinweis":false}},{"type":"Feature","geometry":{"type":"Point","coordinates":[11.45141,46.618231]},"properties":{"id":110,"hoehe_m":2179,"sektoren_frei":["W"],"sektoren_blockiert":[],"erste_kollision_m":{},"flaeche_m2":25981,"neigung_grad":12.7,"ausrichtung_grad":295,"weg_abstand_m":86,"wald_hinweis":false}},{"type":"Feature","geometry":{"type":"Point","coordinates":[11.466653,46.613786]},"properties":{"id":111,"hoehe_m":2179,"sektoren_frei":[],"sektoren_blockiert":["O"],"erste_kollision_m":{"O":8},"flaeche_m2":162,"neigung_grad":10.2,"ausrichtung_grad":121,"weg_abstand_m":102,"wald_hinweis":false}},{"type":"Feature","geometry":{"type":"Point","coordinates":[11.450982,46.61743]},"properties":{"id":112,"hoehe_m":2179,"sektoren_frei":["WSW"],"sektoren_blockiert":[],"erste_kollision_m":{},"flaeche_m2":37094,"neigung_grad":14.7,"ausrichtung_grad":265,"weg_abstand_m":67,"wald_hinweis":false}},{"type":"Feature","geometry":{"type":"Point","coordinates":[11.451516,46.618409]},"properties":{"id":113,"hoehe_m":2178,"sektoren_frei":[],"sektoren_blockiert":["W"],"erste_kollision_m":{"W":8},"flaeche_m2":175,"neigung_grad":11.7,"ausrichtung_grad":308,"weg_abstand_m":88,"wald_hinweis":false}},{"type":"Feature","geometry":{"type":"Point","coordinates":[11.451174,46.618079]},"properties":{"id":114,"hoehe_m":2177,"sektoren_frei":[],"sektoren_blockiert":["NNW"],"erste_kollision_m":{"NNW":20},"flaeche_m2":494,"neigung_grad":11.8,"ausrichtung_grad":301,"weg_abstand_m":73,"wald_hinweis":false}},{"type":"Feature","geometry":{"type":"Point","coordinates":[11.455147,46.614236]},"properties":{"id":115,"hoehe_m":2177,"sektoren_frei":[],"sektoren_blockiert":["S"],"erste_kollision_m":{"S":2},"flaeche_m2":238,"neigung_grad":7.6,"ausrichtung_grad":214,"weg_abstand_m":152,"wald_hinweis":false}},{"type":"Feature","geometry":{"type":"Point","coordinates":[11.451723,46.618652]},"properties":{"id":116,"hoehe_m":2177,"sektoren_frei":["NNW"],"sektoren_blockiert":["N"],"erste_kollision_m":{"N":8},"flaeche_m2":135394,"neigung_grad":14.2,"ausrichtung_grad":318,"weg_abstand_m":91,"wald_hinweis":false}},{"type":"Feature","geometry":{"type":"Point","coordinates":[11.450859,46.617613]},"properties":{"id":117,"hoehe_m":2177,"sektoren_frei":["WSW"],"sektoren_blockiert":[],"erste_kollision_m":{},"flaeche_m2":37094,"neigung_grad":14.7,"ausrichtung_grad":271,"weg_abstand_m":59,"wald_hinweis":false}},{"type":"Feature","geometry":{"type":"Point","coordinates":[11.454395,46.614927]},"properties":{"id":118,"hoehe_m":2176,"sektoren_frei":[],"sektoren_blockiert":["S"],"erste_kollision_m":{"S":2},"flaeche_m2":319,"neigung_grad":9.1,"ausrichtung_grad":213,"weg_abstand_m":88,"wald_hinweis":false}},{"type":"Feature","geometry":{"type":"Point","coordinates":[11.465047,46.612223]},"properties":{"id":119,"hoehe_m":2176,"sektoren_frei":[],"sektoren_blockiert":["ONO"],"erste_kollision_m":{"ONO":6},"flaeche_m2":5381,"neigung_grad":8.9,"ausrichtung_grad":105,"weg_abstand_m":13,"wald_hinweis":false}},{"type":"Feature","geometry":{"type":"Point","coordinates":[11.455702,46.620726]},"properties":{"id":120,"hoehe_m":2176,"sektoren_frei":[],"sektoren_blockiert":["NO","ONO"],"erste_kollision_m":{"NO":6,"ONO":6},"flaeche_m2":1838,"neigung_grad":11.0,"ausrichtung_grad":23,"weg_abstand_m":66,"wald_hinweis":false}},{"type":"Feature","geometry":{"type":"Point","coordinates":[11.457587,46.620528]},"properties":{"id":121,"hoehe_m":2176,"sektoren_frei":[],"sektoren_blockiert":["O","OSO"],"erste_kollision_m":{"O":79,"OSO":53},"flaeche_m2":750,"neigung_grad":21.9,"ausrichtung_grad":96,"weg_abstand_m":57,"wald_hinweis":false}},{"type":"Feature","geometry":{"type":"Point","coordinates":[11.465366,46.612779]},"properties":{"id":122,"hoehe_m":2175,"sektoren_frei":[],"sektoren_blockiert":["ONO"],"erste_kollision_m":{"ONO":6},"flaeche_m2":575,"neigung_grad":8.0,"ausrichtung_grad":104,"weg_abstand_m":28,"wald_hinweis":false}},{"type":"Feature","geometry":{"type":"Point","coordinates":[11.457429,46.612702]},"properties":{"id":123,"hoehe_m":2175,"sektoren_frei":[],"sektoren_blockiert":["WNW"],"erste_kollision_m":{"WNW":6},"flaeche_m2":331,"neigung_grad":8.8,"ausrichtung_grad":258,"weg_abstand_m":296,"wald_hinweis":false}},{"type":"Feature","geometry":{"type":"Point","coordinates":[11.451426,46.618591]},"properties":{"id":124,"hoehe_m":2175,"sektoren_frei":["NNW"],"sektoren_blockiert":[],"erste_kollision_m":{},"flaeche_m2":135394,"neigung_grad":14.3,"ausrichtung_grad":315,"weg_abstand_m":73,"wald_hinweis":false}},{"type":"Feature","geometry":{"type":"Point","coordinates":[11.425695,46.639794]},"properties":{"id":125,"hoehe_m":2174,"sektoren_frei":["SO","SSO"],"sektoren_blockiert":[],"erste_kollision_m":{},"flaeche_m2":2044,"neigung_grad":13.7,"ausrichtung_grad":169,"weg_abstand_m":510,"wald_hinweis":false}},{"type":"Feature","geometry":{"type":"Point","coordinates":[11.423693,46.640309]},"properties":{"id":126,"hoehe_m":2174,"sektoren_frei":[],"sektoren_blockiert":["WSW"],"erste_kollision_m":{"WSW":48},"flaeche_m2":750,"neigung_grad":20.6,"ausrichtung_grad":219,"weg_abstand_m":551,"wald_hinweis":false}},{"type":"Feature","geometry":{"type":"Point","coordinates":[11.466834,46.613467]},"properties":{"id":127,"hoehe_m":2174,"sektoren_frei":[],"sektoren_blockiert":["O","OSO","SO","SSO","SSW"],"erste_kollision_m":{"O":2,"OSO":33,"SO":4,"SSO":6,"SSW":37},"flaeche_m2":794,"neigung_grad":13.6,"ausrichtung_grad":124,"weg_abstand_m":125,"wald_hinweis":true}},{"type":"Feature","geometry":{"type":"Point","coordinates":[11.451774,46.615456]},"properties":{"id":128,"hoehe_m":2173,"sektoren_frei":[],"sektoren_blockiert":["WSW"],"erste_kollision_m":{"WSW":396},"flaeche_m2":125,"neigung_grad":25.9,"ausrichtung_grad":241,"weg_abstand_m":59,"wald_hinweis":false}},{"type":"Feature","geometry":{"type":"Point","coordinates":[11.450707,46.617144]},"properties":{"id":129,"hoehe_m":2171,"sektoren_frei":[],"sektoren_blockiert":["SSW"],"erste_kollision_m":{"SSW":10},"flaeche_m2":512,"neigung_grad":15.7,"ausrichtung_grad":233,"weg_abstand_m":39,"wald_hinweis":false}},{"type":"Feature","geometry":{"type":"Point","coordinates":[11.451501,46.615912]},"properties":{"id":130,"hoehe_m":2171,"sektoren_frei":[],"sektoren_blockiert":["WNW"],"erste_kollision_m":{"WNW":78},"flaeche_m2":281,"neigung_grad":25.3,"ausrichtung_grad":254,"weg_abstand_m":56,"wald_hinweis":false}},{"type":"Feature","geometry":{"type":"Point","coordinates":[11.465078,46.611457]},"properties":{"id":131,"hoehe_m":2171,"sektoren_frei":["SSO"],"sektoren_blockiert":[],"erste_kollision_m":{},"flaeche_m2":163675,"neigung_grad":13.2,"ausrichtung_grad":126,"weg_abstand_m":37,"wald_hinweis":false}},{"type":"Feature","geometry":{"type":"Point","coordinates":[11.454787,46.628643]},"properties":{"id":132,"hoehe_m":2170,"sektoren_frei":[],"sektoren_blockiert":["NO","ONO","O","OSO","SO"],"erste_kollision_m":{"NO":11,"ONO":6,"O":5,"OSO":6,"SO":26},"flaeche_m2":9688,"neigung_grad":9.9,"ausrichtung_grad":51,"weg_abstand_m":111,"wald_hinweis":false}},{"type":"Feature","geometry":{"type":"Point","coordinates":[11.425233,46.639669]},"properties":{"id":133,"hoehe_m":2170,"sektoren_frei":[],"sektoren_blockiert":["SO","SO"],"erste_kollision_m":{"SO":6},"flaeche_m2":156,"neigung_grad":13.4,"ausrichtung_grad":167,"weg_abstand_m":545,"wald_hinweis":false}},{"type":"Feature","geometry":{"type":"Point","coordinates":[11.454574,46.628985]},"properties":{"id":134,"hoehe_m":2169,"sektoren_frei":["N","WNW","NW","NNW"],"sektoren_blockiert":["NNO"],"erste_kollision_m":{"NNO":230},"flaeche_m2":358069,"neigung_grad":16.6,"ausrichtung_grad":310,"weg_abstand_m":135,"wald_hinweis":false}},{"type":"Feature","geometry":{"type":"Point","coordinates":[11.454453,46.628493]},"properties":{"id":135,"hoehe_m":2169,"sektoren_frei":[],"sektoren_blockiert":["SSW","SW","WSW"],"erste_kollision_m":{"SSW":6,"SW":4,"WSW":216},"flaeche_m2":20012,"neigung_grad":15.4,"ausrichtung_grad":253,"weg_abstand_m":136,"wald_hinweis":false}},{"type":"Feature","geometry":{"type":"Point","coordinates":[11.462653,46.617742]},"properties":{"id":136,"hoehe_m":2168,"sektoren_frei":[],"sektoren_blockiert":["O","NNW"],"erste_kollision_m":{"O":81,"NNW":33},"flaeche_m2":2025,"neigung_grad":18.7,"ausrichtung_grad":85,"weg_abstand_m":185,"wald_hinweis":false}},{"type":"Feature","geometry":{"type":"Point","coordinates":[11.456764,46.621109]},"properties":{"id":137,"hoehe_m":2168,"sektoren_frei":[],"sektoren_blockiert":["NO"],"erste_kollision_m":{"NO":6},"flaeche_m2":256,"neigung_grad":9.9,"ausrichtung_grad":17,"weg_abstand_m":6,"wald_hinweis":false}},{"type":"Feature","geometry":{"type":"Point","coordinates":[11.454541,46.613821]},"properties":{"id":138,"hoehe_m":2168,"sektoren_frei":[],"sektoren_blockiert":["WNW"],"erste_kollision_m":{"WNW":6},"flaeche_m2":262,"neigung_grad":10.3,"ausrichtung_grad":256,"weg_abstand_m":117,"wald_hinweis":false}},{"type":"Feature","geometry":{"type":"Point","coordinates":[11.457928,46.620836]},"properties":{"id":139,"hoehe_m":2167,"sektoren_frei":[],"sektoren_blockiert":["NNO","NO","O"],"erste_kollision_m":{"NNO":128,"NO":455,"O":52},"flaeche_m2":19569,"neigung_grad":22.6,"ausrichtung_grad":64,"weg_abstand_m":75,"wald_hinweis":false}},{"type":"Feature","geometry":{"type":"Point","coordinates":[11.462843,46.617603]},"properties":{"id":140,"hoehe_m":2167,"sektoren_frei":[],"sektoren_blockiert":["NO"],"erste_kollision_m":{"NO":70},"flaeche_m2":462,"neigung_grad":22.8,"ausrichtung_grad":64,"weg_abstand_m":179,"wald_hinweis":false}},{"type":"Feature","geometry":{"type":"Point","coordinates":[11.425851,46.639611]},"properties":{"id":141,"hoehe_m":2167,"sektoren_frei":["SO","SSO"],"sektoren_blockiert":["SSO","S"],"erste_kollision_m":{"SSO":12,"S":86},"flaeche_m2":344044,"neigung_grad":15.6,"ausrichtung_grad":154,"weg_abstand_m":516,"wald_hinweis":false}},{"type":"Feature","geometry":{"type":"Point","coordinates":[11.455114,46.628659]},"properties":{"id":142,"hoehe_m":2166,"sektoren_frei":[],"sektoren_blockiert":["OSO","SO"],"erste_kollision_m":{"OSO":6,"SO":11},"flaeche_m2":4288,"neigung_grad":8.3,"ausrichtung_grad":100,"weg_abstand_m":86,"wald_hinweis":false}},{"type":"Feature","geometry":{"type":"Point","coordinates":[11.462863,46.618052]},"properties":{"id":143,"hoehe_m":2166,"sektoren_frei":["ONO"],"sektoren_blockiert":["OSO","SO","W","WNW","NW"],"erste_kollision_m":{"OSO":70,"SO":69,"W":32,"WNW":38,"NW":6},"flaeche_m2":1788,"neigung_grad":17.4,"ausrichtung_grad":89,"weg_abstand_m":157,"wald_hinweis":false}},{"type":"Feature","geometry":{"type":"Point","coordinates":[11.454562,46.613573]},"properties":{"id":144,"hoehe_m":2166,"sektoren_frei":[],"sektoren_blockiert":["WNW"],"erste_kollision_m":{"WNW":6},"flaeche_m2":8719,"neigung_grad":8.5,"ausrichtung_grad":253,"weg_abstand_m":129,"wald_hinweis":false}},{"type":"Feature","geometry":{"type":"Point","coordinates":[11.424838,46.63961]},"properties":{"id":145,"hoehe_m":2165,"sektoren_frei":[],"sektoren_blockiert":["W"],"erste_kollision_m":{"W":5},"flaeche_m2":150,"neigung_grad":17.1,"ausrichtung_grad":246,"weg_abstand_m":570,"wald_hinweis":false}},{"type":"Feature","geometry":{"type":"Point","coordinates":[11.43722,46.642564]},"properties":{"id":146,"hoehe_m":2165,"sektoren_frei":["SO","SSO","S","SSW","SW"],"sektoren_blockiert":["OSO"],"erste_kollision_m":{"OSO":420},"flaeche_m2":340575,"neigung_grad":14.3,"ausrichtung_grad":185,"weg_abstand_m":165,"wald_hinweis":false}},{"type":"Feature","geometry":{"type":"Point","coordinates":[11.451425,46.615688]},"properties":{"id":147,"hoehe_m":2165,"sektoren_frei":[],"sektoren_blockiert":["SSW"],"erste_kollision_m":{"SSW":135},"flaeche_m2":262,"neigung_grad":23.5,"ausrichtung_grad":241,"weg_abstand_m":41,"wald_hinweis":false}},{"type":"Feature","geometry":{"type":"Point","coordinates":[11.453009,46.614597]},"properties":{"id":148,"hoehe_m":2165,"sektoren_frei":[],"sektoren_blockiert":["WSW"],"erste_kollision_m":{"WSW":6},"flaeche_m2":556,"neigung_grad":11.7,"ausrichtung_grad":212,"weg_abstand_m":15,"wald_hinweis":false}},{"type":"Feature","geometry":{"type":"Point","coordinates":[11.451887,46.619391]},"properties":{"id":149,"hoehe_m":2165,"sektoren_frei":[],"sektoren_blockiert":["W"],"erste_kollision_m":{"W":8},"flaeche_m2":138,"neigung_grad":15.9,"ausrichtung_grad":310,"weg_abstand_m":48,"wald_hinweis":false}},{"type":"Feature","geometry":{"type":"Point","coordinates":[11.456964,46.611092]},"properties":{"id":150,"hoehe_m":2165,"sektoren_frei":[],"sektoren_blockiert":["SO"],"erste_kollision_m":{"SO":4},"flaeche_m2":169,"neigung_grad":7.8,"ausrichtung_grad":163,"weg_abstand_m":296,"wald_hinweis":false}},{"type":"Feature","geometry":{"type":"Point","coordinates":[11.455192,46.628207]},"properties":{"id":151,"hoehe_m":2165,"sektoren_frei":[],"sektoren_blockiert":["ONO"],"erste_kollision_m":{"ONO":9},"flaeche_m2":1981,"neigung_grad":9.3,"ausrichtung_grad":91,"weg_abstand_m":82,"wald_hinweis":false}},{"type":"Feature","geometry":{"type":"Point","coordinates":[11.454634,46.620929]},"properties":{"id":152,"hoehe_m":2165,"sektoren_frei":[],"sektoren_blockiert":["W"],"erste_kollision_m":{"W":13},"flaeche_m2":138,"neigung_grad":11.6,"ausrichtung_grad":294,"weg_abstand_m":73,"wald_hinweis":false}},{"type":"Feature","geometry":{"type":"Point","coordinates":[11.455043,46.627805]},"properties":{"id":153,"hoehe_m":2164,"sektoren_frei":[],"sektoren_blockiert":["SO","SSO","S"],"erste_kollision_m":{"SO":4,"SSO":8,"S":5},"flaeche_m2":52938,"neigung_grad":11.4,"ausrichtung_grad":148,"weg_abstand_m":100,"wald_hinweis":false}},{"type":"Feature","geometry":{"type":"Point","coordinates":[11.454774,46.627631]},"properties":{"id":154,"hoehe_m":2164,"sektoren_frei":[],"sektoren_blockiert":["OSO"],"erste_kollision_m":{"OSO":6},"flaeche_m2":5725,"neigung_grad":11.7,"ausrichtung_grad":137,"weg_abstand_m":106,"wald_hinweis":false}},{"type":"Feature","geometry":{"type":"Point","coordinates":[11.450778,46.616535]},"properties":{"id":155,"hoehe_m":2164,"sektoren_frei":[],"sektoren_blockiert":["S"],"erste_kollision_m":{"S":8},"flaeche_m2":1788,"neigung_grad":15.7,"ausrichtung_grad":215,"weg_abstand_m":29,"wald_hinweis":false}},{"type":"Feature","geometry":{"type":"Point","coordinates":[11.455275,46.62789]},"properties":{"id":156,"hoehe_m":2163,"sektoren_frei":[],"sektoren_blockiert":["NO","OSO"],"erste_kollision_m":{"NO":6,"OSO":6},"flaeche_m2":394,"neigung_grad":8.9,"ausrichtung_grad":67,"weg_abstand_m":81,"wald_hinweis":false}},{"type":"Feature","geometry":{"type":"Point","coordinates":[11.456629,46.610897]},"properties":{"id":157,"hoehe_m":2163,"sektoren_frei":[],"sektoren_blockiert":["OSO","SO"],"erste_kollision_m":{"OSO":8,"SO":6},"flaeche_m2":92312,"neigung_grad":10.8,"ausrichtung_grad":161,"weg_abstand_m":319,"wald_hinweis":false}},{"type":"Feature","geometry":{"type":"Point","coordinates":[11.466891,46.612566]},"properties":{"id":158,"hoehe_m":2163,"sektoren_frei":[],"sektoren_blockiert":["SSW"],"erste_kollision_m":{"SSW":15},"flaeche_m2":300,"neigung_grad":11.8,"ausrichtung_grad":212,"weg_abstand_m":145,"wald_hinweis":true}},{"type":"Feature","geometry":{"type":"Point","coordinates":[11.436829,46.642572]},"properties":{"id":159,"hoehe_m":2162,"sektoren_frei":["WSW"],"sektoren_blockiert":["W"],"erste_kollision_m":{"W":229},"flaeche_m2":34069,"neigung_grad":17.9,"ausrichtung_grad":225,"weg_abstand_m":146,"wald_hinweis":false}},{"type":"Feature","geometry":{"type":"Point","coordinates":[11.452167,46.61475]},"properties":{"id":160,"hoehe_m":2162,"sektoren_frei":[],"sektoren_blockiert":["W"],"erste_kollision_m":{"W":8},"flaeche_m2":419,"neigung_grad":12.4,"ausrichtung_grad":229,"weg_abstand_m":72,"wald_hinweis":false}},{"type":"Feature","geometry":{"type":"Point","coordinates":[11.454596,46.62732]},"properties":{"id":161,"hoehe_m":2162,"sektoren_frei":[],"sektoren_blockiert":["O","S"],"erste_kollision_m":{"O":8,"S":2},"flaeche_m2":538,"neigung_grad":13.6,"ausrichtung_grad":146,"weg_abstand_m":85,"wald_hinweis":false}},{"type":"Feature","geometry":{"type":"Point","coordinates":[11.454029,46.627062]},"properties":{"id":162,"hoehe_m":2162,"sektoren_frei":[],"sektoren_blockiert":["S","SSW"],"erste_kollision_m":{"S":2,"SSW":6},"flaeche_m2":6394,"neigung_grad":11.4,"ausrichtung_grad":159,"weg_abstand_m":99,"wald_hinweis":false}},{"type":"Feature","geometry":{"type":"Point","coordinates":[11.457282,46.610905]},"properties":{"id":163,"hoehe_m":2162,"sektoren_frei":[],"sektoren_blockiert":["SO"],"erste_kollision_m":{"SO":4},"flaeche_m2":188,"neigung_grad":11.2,"ausrichtung_grad":173,"weg_abstand_m":270,"wald_hinweis":false}},{"type":"Feature","geometry":{"type":"Point","coordinates":[11.465257,46.611093]},"properties":{"id":164,"hoehe_m":2162,"sektoren_frei":[],"sektoren_blockiert":["S"],"erste_kollision_m":{"S":8},"flaeche_m2":33712,"neigung_grad":15.2,"ausrichtung_grad":142,"weg_abstand_m":63,"wald_hinweis":false}},{"type":"Feature","geometry":{"type":"Point","coordinates":[11.425608,46.639301]},"properties":{"id":165,"hoehe_m":2161,"sektoren_frei":[],"sektoren_blockiert":["SW"],"erste_kollision_m":{"SW":28},"flaeche_m2":306,"neigung_grad":10.1,"ausrichtung_grad":214,"weg_abstand_m":554,"wald_hinweis":false}},{"type":"Feature","geometry":{"type":"Point","coordinates":[11.456526,46.621609]},"properties":{"id":166,"hoehe_m":2161,"sektoren_frei":[],"sektoren_blockiert":["NW","NNW"],"erste_kollision_m":{"NW":4,"NNW":6},"flaeche_m2":1062,"neigung_grad":8.5,"ausrichtung_grad":315,"weg_abstand_m":10,"wald_hinweis":false}},{"type":"Feature","geometry":{"type":"Point","coordinates":[11.457109,46.621506]},"properties":{"id":167,"hoehe_m":2161,"sektoren_frei":[],"sektoren_blockiert":["OSO"],"erste_kollision_m":{"OSO":23},"flaeche_m2":4756,"neigung_grad":11.0,"ausrichtung_grad":95,"weg_abstand_m":33,"wald_hinweis":false}},{"type":"Feature","geometry":{"type":"Point","coordinates":[11.467013,46.612383]},"properties":{"id":168,"hoehe_m":2161,"sektoren_frei":["SSO"],"sektoren_blockiert":["S"],"erste_kollision_m":{"S":66},"flaeche_m2":450,"neigung_grad":15.6,"ausrichtung_grad":172,"weg_abstand_m":156,"wald_hinweis":true}},{"type":"Feature","geometry":{"type":"Point","coordinates":[11.451537,46.615258]},"properties":{"id":169,"hoehe_m":2161,"sektoren_frei":[],"sektoren_blockiert":["WNW"],"erste_kollision_m":{"WNW":92},"flaeche_m2":912,"neigung_grad":20.8,"ausrichtung_grad":256,"weg_abstand_m":38,"wald_hinweis":false}},{"type":"Feature","geometry":{"type":"Point","coordinates":[11.461321,46.631585]},"properties":{"id":170,"hoehe_m":2161,"sektoren_frei":["NW","NNW"],"sektoren_blockiert":["W"],"erste_kollision_m":{"W":2},"flaeche_m2":149156,"neigung_grad":14.7,"ausrichtung_grad":309,"weg_abstand_m":290,"wald_hinweis":false}},{"type":"Feature","geometry":{"type":"Point","coordinates":[11.457747,46.621177]},"properties":{"id":171,"hoehe_m":2161,"sektoren_frei":[],"sektoren_blockiert":["N"],"erste_kollision_m":{"N":8},"flaeche_m2":231,"neigung_grad":14.0,"ausrichtung_grad":32,"weg_abstand_m":73,"wald_hinweis":false}},{"type":"Feature","geometry":{"type":"Point","coordinates":[11.426098,46.63929]},"properties":{"id":172,"hoehe_m":2161,"sektoren_frei":["OSO","SO"],"sektoren_blockiert":[],"erste_kollision_m":{},"flaeche_m2":344044,"neigung_grad":15.1,"ausrichtung_grad":146,"weg_abstand_m":531,"wald_hinweis":false}},{"type":"Feature","geometry":{"type":"Point","coordinates":[11.453569,46.627005]},"properties":{"id":173,"hoehe_m":2161,"sektoren_frei":[],"sektoren_blockiert":["SW","SW","WSW"],"erste_kollision_m":{"SW":6,"WSW":85},"flaeche_m2":3100,"neigung_grad":12.6,"ausrichtung_grad":256,"weg_abstand_m":126,"wald_hinweis":false}},{"type":"Feature","geometry":{"type":"Point","coordinates":[11.461676,46.630768]},"properties":{"id":174,"hoehe_m":2161,"sektoren_frei":[],"sektoren_blockiert":["SO"],"erste_kollision_m":{"SO":4},"flaeche_m2":112931,"neigung_grad":8.6,"ausrichtung_grad":160,"weg_abstand_m":204,"wald_hinweis":false}},{"type":"Feature","geometry":{"type":"Point","coordinates":[11.456764,46.621829]},"properties":{"id":175,"hoehe_m":2160,"sektoren_frei":[],"sektoren_blockiert":["N","NNO","NNO"],"erste_kollision_m":{"N":5,"NNO":9},"flaeche_m2":13400,"neigung_grad":11.1,"ausrichtung_grad":353,"weg_abstand_m":7,"wald_hinweis":false}},{"type":"Feature","geometry":{"type":"Point","coordinates":[11.46214,46.630915]},"properties":{"id":176,"hoehe_m":2160,"sektoren_frei":[],"sektoren_blockiert":["OSO","SSO","S"],"erste_kollision_m":{"OSO":6,"SSO":6,"S":2},"flaeche_m2":105769,"neigung_grad":8.1,"ausrichtung_grad":151,"weg_abstand_m":215,"wald_hinweis":false}},{"type":"Feature","geometry":{"type":"Point","coordinates":[11.461146,46.631319]},"properties":{"id":177,"hoehe_m":2160,"sektoren_frei":[],"sektoren_blockiert":["SW","WSW"],"erste_kollision_m":{"SW":11,"WSW":37},"flaeche_m2":2650,"neigung_grad":11.2,"ausrichtung_grad":268,"weg_abstand_m":275,"wald_hinweis":false}},{"type":"Feature","geometry":{"type":"Point","coordinates":[11.455677,46.621604]},"properties":{"id":178,"hoehe_m":2160,"sektoren_frei":[],"sektoren_blockiert":["WNW"],"erste_kollision_m":{"WNW":6},"flaeche_m2":838,"neigung_grad":9.4,"ausrichtung_grad":316,"weg_abstand_m":75,"wald_hinweis":false}},{"type":"Feature","geometry":{"type":"Point","coordinates":[11.466182,46.616361]},"properties":{"id":179,"hoehe_m":2160,"sektoren_frei":["NNO","NO"],"sektoren_blockiert":["N"],"erste_kollision_m":{"N":459},"flaeche_m2":3656,"neigung_grad":19.7,"ausrichtung_grad":26,"weg_abstand_m":37,"wald_hinweis":true}},{"type":"Feature","geometry":{"type":"Point","coordinates":[11.461427,46.618781]},"properties":{"id":180,"hoehe_m":2160,"sektoren_frei":[],"sektoren_blockiert":["N","NNO","NNW"],"erste_kollision_m":{"N":2,"NNO":10,"NNW":42},"flaeche_m2":8438,"neigung_grad":11.0,"ausrichtung_grad":343,"weg_abstand_m":254,"wald_hinweis":false}},{"type":"Feature","geometry":{"type":"Point","coordinates":[11.453798,46.62772]},"properties":{"id":181,"hoehe_m":2159,"sektoren_frei":["NW"],"sektoren_blockiert":[],"erste_kollision_m":{},"flaeche_m2":358069,"neigung_grad":13.2,"ausrichtung_grad":305,"weg_abstand_m":160,"wald_hinweis":false}},{"type":"Feature","geometry":{"type":"Point","coordinates":[11.455314,46.6107]},"properties":{"id":182,"hoehe_m":2159,"sektoren_frei":[],"sektoren_blockiert":["SW"],"erste_kollision_m":{"SW":4},"flaeche_m2":3925,"neigung_grad":8.2,"ausrichtung_grad":193,"weg_abstand_m":281,"wald_hinweis":false}},{"type":"Feature","geometry":{"type":"Point","coordinates":[11.450205,46.616862]},"properties":{"id":183,"hoehe_m":2159,"sektoren_frei":[],"sektoren_blockiert":["WSW"],"erste_kollision_m":{"WSW":400},"flaeche_m2":106819,"neigung_grad":24.6,"ausrichtung_grad":249,"weg_abstand_m":6,"wald_hinweis":false}},{"type":"Feature","geometry":{"type":"Point","coordinates":[11.457284,46.621772]},"properties":{"id":184,"hoehe_m":2159,"sektoren_frei":[],"sektoren_blockiert":["SO"],"erste_kollision_m":{"SO":6},"flaeche_m2":1456,"neigung_grad":9.8,"ausrichtung_grad":110,"weg_abstand_m":46,"wald_hinweis":false}},{"type":"Feature","geometry":{"type":"Point","coordinates":[11.461571,46.632052]},"properties":{"id":185,"hoehe_m":2158,"sektoren_frei":["WNW"],"sektoren_blockiert":[],"erste_kollision_m":{},"flaeche_m2":46588,"neigung_grad":15.0,"ausrichtung_grad":308,"weg_abstand_m":277,"wald_hinweis":false}},{"type":"Feature","geometry":{"type":"Point","coordinates":[11.465995,46.611527]},"properties":{"id":186,"hoehe_m":2158,"sektoren_frei":["SSO"],"sektoren_blockiert":[],"erste_kollision_m":{},"flaeche_m2":163675,"neigung_grad":13.2,"ausrichtung_grad":124,"weg_abstand_m":101,"wald_hinweis":false}},{"type":"Feature","geometry":{"type":"Point","coordinates":[11.455752,46.621828]},"properties":{"id":187,"hoehe_m":2158,"sektoren_frei":[],"sektoren_blockiert":["N","NNO"],"erste_kollision_m":{"N":16,"NNO":9},"flaeche_m2":1119,"neigung_grad":9.2,"ausrichtung_grad":348,"weg_abstand_m":70,"wald_hinweis":false}},{"type":"Feature","geometry":{"type":"Point","coordinates":[11.465797,46.616504]},"properties":{"id":188,"hoehe_m":2158,"sektoren_frei":["NO"],"sektoren_blockiert":[],"erste_kollision_m":{},"flaeche_m2":506,"neigung_grad":17.8,"ausrichtung_grad":26,"weg_abstand_m":6,"wald_hinweis":true}},{"type":"Feature","geometry":{"type":"Point","coordinates":[11.461825,46.61893]},"properties":{"id":189,"hoehe_m":2158,"sektoren_frei":[],"sektoren_blockiert":["NW"],"erste_kollision_m":{"NW":17},"flaeche_m2":156,"neigung_grad":9.6,"ausrichtung_grad":334,"weg_abstand_m":220,"wald_hinweis":false}},{"type":"Feature","geometry":{"type":"Point","coordinates":[11.457298,46.622065]},"properties":{"id":190,"hoehe_m":2158,"sektoren_frei":[],"sektoren_blockiert":["NO"],"erste_kollision_m":{"NO":4},"flaeche_m2":73269,"neigung_grad":12.7,"ausrichtung_grad":36,"weg_abstand_m":51,"wald_hinweis":false}},{"type":"Feature","geometry":{"type":"Point","coordinates":[11.460926,46.630784]},"properties":{"id":191,"hoehe_m":2158,"sektoren_frei":[],"sektoren_blockiert":["NW"],"erste_kollision_m":{"NW":11},"flaeche_m2":3650,"neigung_grad":9.7,"ausrichtung_grad":285,"weg_abstand_m":227,"wald_hinweis":false}},{"type":"Feature","geometry":{"type":"Point","coordinates":[11.465653,46.611175]},"properties":{"id":192,"hoehe_m":2158,"sektoren_frei":[],"sektoren_blockiert":["OSO"],"erste_kollision_m":{"OSO":8},"flaeche_m2":194,"neigung_grad":13.4,"ausrichtung_grad":134,"weg_abstand_m":89,"wald_hinweis":true}},{"type":"Feature","geometry":{"type":"Point","coordinates":[11.454079,46.628164]},"properties":{"id":193,"hoehe_m":2158,"sektoren_frei":["WNW"],"sektoren_blockiert":[],"erste_kollision_m":{},"flaeche_m2":186381,"neigung_grad":15.1,"ausrichtung_grad":285,"weg_abstand_m":168,"wald_hinweis":false}},{"type":"Feature","geometry":{"type":"Point","coordinates":[11.461906,46.632225]},"properties":{"id":194,"hoehe_m":2157,"sektoren_frei":["N"],"sektoren_blockiert":["NNO"],"erste_kollision_m":{"NNO":6},"flaeche_m2":150738,"neigung_grad":12.3,"ausrichtung_grad":342,"weg_abstand_m":290,"wald_hinweis":false}},{"type":"Feature","geometry":{"type":"Point","coordinates":[11.462986,46.631549]},"properties":{"id":195,"hoehe_m":2157,"sektoren_frei":[],"sektoren_blockiert":["ONO","O","OSO"],"erste_kollision_m":{"ONO":20,"O":2,"OSO":6},"flaeche_m2":7475,"neigung_grad":8.9,"ausrichtung_grad":86,"weg_abstand_m":287,"wald_hinweis":false}},{"type":"Feature","geometry":{"type":"Point","coordinates":[11.453905,46.612755]},"properties":{"id":196,"hoehe_m":2157,"sektoren_frei":[],"sektoren_blockiert":["NW"],"erste_kollision_m":{"NW":4},"flaeche_m2":138,"neigung_grad":8.4,"ausrichtung_grad":272,"weg_abstand_m":81,"wald_hinweis":false}},{"type":"Feature","geometry":{"type":"Point","coordinates":[11.460836,46.618726]},"properties":{"id":197,"hoehe_m":2157,"sektoren_frei":[],"sektoren_blockiert":["NW"],"erste_kollision_m":{"NW":37},"flaeche_m2":6756,"neigung_grad":10.1,"ausrichtung_grad":293,"weg_abstand_m":243,"wald_hinweis":false}},{"type":"Feature","geometry":{"type":"Point","coordinates":[11.425728,46.639051]},"properties":{"id":198,"hoehe_m":2157,"sektoren_frei":[],"sektoren_blockiert":["S"],"erste_kollision_m":{"S":5},"flaeche_m2":200,"neigung_grad":13.5,"ausrichtung_grad":161,"weg_abstand_m":569,"wald_hinweis":false}},{"type":"Feature","geometry":{"type":"Point","coordinates":[11.461728,46.630474]},"properties":{"id":199,"hoehe_m":2157,"sektoren_frei":[],"sektoren_blockiert":["OSO"],"erste_kollision_m":{"OSO":6},"flaeche_m2":256,"neigung_grad":10.6,"ausrichtung_grad":146,"weg_abstand_m":172,"wald_hinweis":false}},{"type":"Feature","geometry":{"type":"Point","coordinates":[11.454256,46.611128]},"properties":{"id":200,"hoehe_m":2157,"sektoren_frei":[],"sektoren_blockiert":["WSW","W","WNW"],"erste_kollision_m":{"WSW":6,"W":2,"WNW":6},"flaeche_m2":1244,"neigung_grad":8.1,"ausrichtung_grad":266,"weg_abstand_m":189,"wald_hinweis":false}},{"type":"Feature","geometry":{"type":"Point","coordinates":[11.463367,46.609739]},"properties":{"id":201,"hoehe_m":2157,"sektoren_frei":[],"sektoren_blockiert":["SW"],"erste_kollision_m":{"SW":6},"flaeche_m2":1356,"neigung_grad":15.4,"ausrichtung_grad":197,"weg_abstand_m":38,"wald_hinweis":false}},{"type":"Feature","geometry":{"type":"Point","coordinates":[11.461322,46.609986]},"properties":{"id":202,"hoehe_m":2157,"sektoren_frei":[],"sektoren_blockiert":["WSW"],"erste_kollision_m":{"WSW":13},"flaeche_m2":13075,"neigung_grad":12.1,"ausrichtung_grad":207,"weg_abstand_m":43,"wald_hinweis":false}},{"type":"Feature","geometry":{"type":"Point","coordinates":[11.46029,46.618918]},"properties":{"id":203,"hoehe_m":2157,"sektoren_frei":[],"sektoren_blockiert":["NNO","NO"],"erste_kollision_m":{"NNO":87,"NO":34},"flaeche_m2":1662,"neigung_grad":15.9,"ausrichtung_grad":26,"weg_abstand_m":216,"wald_hinweis":false}},{"type":"Feature","geometry":{"type":"Point","coordinates":[11.450251,46.618616]},"properties":{"id":204,"hoehe_m":2157,"sektoren_frei":["W","WNW"],"sektoren_blockiert":[],"erste_kollision_m":{},"flaeche_m2":268450,"neigung_grad":14.3,"ausrichtung_grad":301,"weg_abstand_m":11,"wald_hinweis":false}},{"type":"Feature","geometry":{"type":"Point","coordinates":[11.462191,46.630599]},"properties":{"id":205,"hoehe_m":2156,"sektoren_frei":[],"sektoren_blockiert":["SSW"],"erste_kollision_m":{"SSW":6},"flaeche_m2":4450,"neigung_grad":9.4,"ausrichtung_grad":168,"weg_abstand_m":180,"wald_hinweis":false}},{"type":"Feature","geometry":{"type":"Point","coordinates":[11.462586,46.609779]},"properties":{"id":206,"hoehe_m":2156,"sektoren_frei":["SSO","SSW"],"sektoren_blockiert":["SO"],"erste_kollision_m":{"SO":4},"flaeche_m2":795925,"neigung_grad":11.1,"ausrichtung_grad":178,"weg_abstand_m":7,"wald_hinweis":false}},{"type":"Feature","geometry":{"type":"Point","coordinates":[11.457955,46.629363]},"properties":{"id":207,"hoehe_m":2156,"sektoren_frei":[],"sektoren_blockiert":["O","OSO","SO","SSO"],"erste_kollision_m":{"O":2,"OSO":8,"SO":11,"SSO":8},"flaeche_m2":506,"neigung_grad":8.7,"ausrichtung_grad":130,"weg_abstand_m":32,"wald_hinweis":false}},{"type":"Feature","geometry":{"type":"Point","coordinates":[11.450113,46.618439]},"properties":{"id":208,"hoehe_m":2156,"sektoren_frei":["NW"],"sektoren_blockiert":[],"erste_kollision_m":{},"flaeche_m2":170762,"neigung_grad":14.7,"ausrichtung_grad":293,"weg_abstand_m":16,"wald_hinweis":false}},{"type":"Feature","geometry":{"type":"Point","coordinates":[11.454182,46.611669]},"properties":{"id":209,"hoehe_m":2156,"sektoren_frei":[],"sektoren_blockiert":["W"],"erste_kollision_m":{"W":2},"flaeche_m2":662,"neigung_grad":8.3,"ausrichtung_grad":269,"weg_abstand_m":147,"wald_hinweis":false}},{"type":"Feature","geometry":{"type":"Point","coordinates":[11.453765,46.612556]},"properties":{"id":210,"hoehe_m":2156,"sektoren_frei":[],"sektoren_blockiert":["NW"],"erste_kollision_m":{"NW":4},"flaeche_m2":1406,"neigung_grad":8.2,"ausrichtung_grad":279,"weg_abstand_m":75,"wald_hinweis":false}},{"type":"Feature","geometry":{"type":"Point","coordinates":[11.456415,46.622039]},"properties":{"id":211,"hoehe_m":2156,"sektoren_frei":[],"sektoren_blockiert":["NW"],"erste_kollision_m":{"NW":4},"flaeche_m2":312,"neigung_grad":10.8,"ausrichtung_grad":295,"weg_abstand_m":16,"wald_hinweis":false}},{"type":"Feature","geometry":{"type":"Point","coordinates":[11.452951,46.614036]},"properties":{"id":212,"hoehe_m":2156,"sektoren_frei":[],"sektoren_blockiert":["S","WSW"],"erste_kollision_m":{"S":2,"WSW":6},"flaeche_m2":412,"neigung_grad":7.8,"ausrichtung_grad":221,"weg_abstand_m":5,"wald_hinweis":false}},{"type":"Feature","geometry":{"type":"Point","coordinates":[11.457579,46.629731]},"properties":{"id":213,"hoehe_m":2156,"sektoren_frei":[],"sektoren_blockiert":["W","NNW"],"erste_kollision_m":{"W":5,"NNW":8},"flaeche_m2":9150,"neigung_grad":10.5,"ausrichtung_grad":302,"weg_abstand_m":38,"wald_hinweis":false}},{"type":"Feature","geometry":{"type":"Point","coordinates":[11.46282,46.632228]},"properties":{"id":214,"hoehe_m":2155,"sektoren_frei":[],"sektoren_blockiert":["NO","ONO","O"],"erste_kollision_m":{"NO":4,"ONO":6,"O":2},"flaeche_m2":350,"neigung_grad":8.3,"ausrichtung_grad":59,"weg_abstand_m":326,"wald_hinweis":false}},{"type":"Feature","geometry":{"type":"Point","coordinates":[11.461262,46.630282]},"properties":{"id":215,"hoehe_m":2155,"sektoren_frei":[],"sektoren_blockiert":["OSO"],"erste_kollision_m":{"OSO":6},"flaeche_m2":1438,"neigung_grad":9.8,"ausrichtung_grad":145,"weg_abstand_m":165,"wald_hinweis":false}},{"type":"Feature","geometry":{"type":"Point","coordinates":[11.460878,46.618928]},"properties":{"id":216,"hoehe_m":2155,"sektoren_frei":[],"sektoren_blockiert":["WNW"],"erste_kollision_m":{"WNW":28},"flaeche_m2":3844,"neigung_grad":10.6,"ausrichtung_grad":299,"weg_abstand_m":255,"wald_hinweis":false}},{"type":"Feature","geometry":{"type":"Point","coordinates":[11.463952,46.609682]},"properties":{"id":217,"hoehe_m":2155,"sektoren_frei":["OSO"],"sektoren_blockiert":[],"erste_kollision_m":{},"flaeche_m2":594,"neigung_grad":17.2,"ausrichtung_grad":148,"weg_abstand_m":73,"wald_hinweis":false}},{"type":"Feature","geometry":{"type":"Point","coordinates":[11.462174,46.632377]},"properties":{"id":218,"hoehe_m":2154,"sektoren_frei":[],"sektoren_blockiert":["NW"],"erste_kollision_m":{"NW":6},"flaeche_m2":125,"neigung_grad":11.9,"ausrichtung_grad":357,"weg_abstand_m":302,"wald_hinweis":false}},{"type":"Feature","geometry":{"type":"Point","coordinates":[11.461277,46.619077]},"properties":{"id":219,"hoehe_m":2154,"sektoren_frei":[],"sektoren_blockiert":["NNO"],"erste_kollision_m":{"NNO":9},"flaeche_m2":125,"neigung_grad":9.3,"ausrichtung_grad":2,"weg_abstand_m":241,"wald_hinweis":false}},{"type":"Feature","geometry":{"type":"Point","coordinates":[11.46046,46.630591]},"properties":{"id":220,"hoehe_m":2154,"sektoren_frei":[],"sektoren_blockiert":["WSW"],"erste_kollision_m":{"WSW":9},"flaeche_m2":544,"neigung_grad":10.0,"ausrichtung_grad":281,"weg_abstand_m":228,"wald_hinweis":false}},{"type":"Feature","geometry":{"type":"Point","coordinates":[11.456632,46.629009]},"properties":{"id":221,"hoehe_m":2154,"sektoren_frei":[],"sektoren_blockiert":["N"],"erste_kollision_m":{"N":2},"flaeche_m2":244,"neigung_grad":8.4,"ausrichtung_grad":322,"weg_abstand_m":18,"wald_hinweis":false}},{"type":"Feature","geometry":{"type":"Point","coordinates":[11.456583,46.62865]},"properties":{"id":222,"hoehe_m":2154,"sektoren_frei":[],"sektoren_blockiert":["OSO","OSO","SO"],"erste_kollision_m":{"OSO":6,"SO":6},"flaeche_m2":7438,"neigung_grad":9.4,"ausrichtung_grad":137,"weg_abstand_m":23,"wald_hinweis":false}},{"type":"Feature","geometry":{"type":"Point","coordinates":[11.456143,46.628299]},"properties":{"id":223,"hoehe_m":2154,"sektoren_frei":[],"sektoren_blockiert":["O","OSO"],"erste_kollision_m":{"O":13,"OSO":6},"flaeche_m2":4794,"neigung_grad":11.7,"ausrichtung_grad":96,"weg_abstand_m":9,"wald_hinweis":false}},{"type":"Feature","geometry":{"type":"Point","coordinates":[11.453486,46.612157]},"properties":{"id":224,"hoehe_m":2154,"sektoren_frei":[],"sektoren_blockiert":["SW"],"erste_kollision_m":{"SW":4},"flaeche_m2":2694,"neigung_grad":8.0,"ausrichtung_grad":254,"weg_abstand_m":73,"wald_hinweis":false}},{"type":"Feature","geometry":{"type":"Point","coordinates":[11.46291,46.630606]},"properties":{"id":225,"hoehe_m":2154,"sektoren_frei":[],"sektoren_blockiert":["OSO"],"erste_kollision_m":{"OSO":6},"flaeche_m2":725,"neigung_grad":8.2,"ausrichtung_grad":146,"weg_abstand_m":187,"wald_hinweis":false}},{"type":"Feature","geometry":{"type":"Point","coordinates":[11.425385,46.638698]},"properties":{"id":226,"hoehe_m":2153,"sektoren_frei":["S","SSW"],"sektoren_blockiert":["W","W"],"erste_kollision_m":{"W":16},"flaeche_m2":334506,"neigung_grad":13.8,"ausrichtung_grad":208,"weg_abstand_m":555,"wald_hinweis":false}},{"type":"Feature","geometry":{"type":"Point","coordinates":[11.452529,46.61409]},"properties":{"id":227,"hoehe_m":2153,"sektoren_frei":[],"sektoren_blockiert":["S","W"],"erste_kollision_m":{"S":2,"W":2},"flaeche_m2":575,"neigung_grad":8.5,"ausrichtung_grad":235,"weg_abstand_m":36,"wald_hinweis":false}},{"type":"Feature","geometry":{"type":"Point","coordinates":[11.449727,46.61784]},"properties":{"id":228,"hoehe_m":2153,"sektoren_frei":[],"sektoren_blockiert":["SW"],"erste_kollision_m":{"SW":6},"flaeche_m2":556,"neigung_grad":18.1,"ausrichtung_grad":263,"weg_abstand_m":29,"wald_hinweis":false}},{"type":"Feature","geometry":{"type":"Point","coordinates":[11.457285,46.629715]},"properties":{"id":229,"hoehe_m":2153,"sektoren_frei":["NW"],"sektoren_blockiert":[],"erste_kollision_m":{},"flaeche_m2":135556,"neigung_grad":10.8,"ausrichtung_grad":302,"weg_abstand_m":31,"wald_hinweis":false}},{"type":"Feature","geometry":{"type":"Point","coordinates":[11.453477,46.611954]},"properties":{"id":230,"hoehe_m":2153,"sektoren_frei":[],"sektoren_blockiert":["SSW"],"erste_kollision_m":{"SSW":6},"flaeche_m2":725,"neigung_grad":8.1,"ausrichtung_grad":237,"weg_abstand_m":84,"wald_hinweis":false}},{"type":"Feature","geometry":{"type":"Point","coordinates":[11.460572,46.630904]},"properties":{"id":231,"hoehe_m":2153,"sektoren_frei":[],"sektoren_blockiert":["NNW"],"erste_kollision_m":{"NNW":8},"flaeche_m2":256,"neigung_grad":11.4,"ausrichtung_grad":306,"weg_abstand_m":252,"wald_hinweis":false}},{"type":"Feature","geometry":{"type":"Point","coordinates":[11.452811,46.613836]},"properties":{"id":232,"hoehe_m":2153,"sektoren_frei":[],"sektoren_blockiert":["S"],"erste_kollision_m":{"S":2},"flaeche_m2":262,"neigung_grad":8.6,"ausrichtung_grad":209,"weg_abstand_m":4,"wald_hinweis":false}},{"type":"Feature","geometry":{"type":"Point","coordinates":[11.465839,46.616706]},"properties":{"id":233,"hoehe_m":2153,"sektoren_frei":[],"sektoren_blockiert":["NW","NNW"],"erste_kollision_m":{"NW":88,"NNW":179},"flaeche_m2":2512,"neigung_grad":20.9,"ausrichtung_grad":357,"weg_abstand_m":1,"wald_hinweis":true}},{"type":"Feature","geometry":{"type":"Point","coordinates":[11.45782,46.622053]},"properties":{"id":234,"hoehe_m":2152,"sektoren_frei":[],"sektoren_blockiert":["N"],"erste_kollision_m":{"N":29},"flaeche_m2":344,"neigung_grad":15.0,"ausrichtung_grad":35,"weg_abstand_m":64,"wald_hinweis":false}},{"type":"Feature","geometry":{"type":"Point","coordinates":[11.460954,46.629973]},"properties":{"id":235,"hoehe_m":2152,"sektoren_frei":[],"sektoren_blockiert":["OSO"],"erste_kollision_m":{"OSO":13},"flaeche_m2":11569,"neigung_grad":12.7,"ausrichtung_grad":147,"weg_abstand_m":151,"wald_hinweis":false}},{"type":"Feature","geometry":{"type":"Point","coordinates":[11.426248,46.638995]},"properties":{"id":236,"hoehe_m":2152,"sektoren_frei":["OSO","SO"],"sektoren_blockiert":[],"erste_kollision_m":{},"flaeche_m2":344044,"neigung_grad":15.6,"ausrichtung_grad":137,"weg_abstand_m":548,"wald_hinweis":false}},{"type":"Feature","geometry":{"type":"Point","coordinates":[11.457568,46.622261]},"properties":{"id":237,"hoehe_m":2152,"sektoren_frei":[],"sektoren_blockiert":["N"],"erste_kollision_m":{"N":29},"flaeche_m2":162,"neigung_grad":17.7,"ausrichtung_grad":39,"weg_abstand_m":56,"wald_hinweis":false}},{"type":"Feature","geometry":{"type":"Point","coordinates":[11.457971,46.629002]},"properties":{"id":238,"hoehe_m":2152,"sektoren_frei":[],"sektoren_blockiert":["OSO"],"erste_kollision_m":{"OSO":6},"flaeche_m2":9038,"neigung_grad":8.2,"ausrichtung_grad":145,"weg_abstand_m":44,"wald_hinweis":false}},{"type":"Feature","geometry":{"type":"Point","coordinates":[11.450158,46.616548]},"properties":{"id":239,"hoehe_m":2152,"sektoren_frei":["WNW"],"sektoren_blockiert":[],"erste_kollision_m":{},"flaeche_m2":268450,"neigung_grad":23.4,"ausrichtung_grad":262,"weg_abstand_m":17,"wald_hinweis":false}},{"type":"Feature","geometry":{"type":"Point","coordinates":[11.457597,46.630113]},"properties":{"id":240,"hoehe_m":2152,"sektoren_frei":[],"sektoren_blockiert":["WSW"],"erste_kollision_m":{"WSW":6},"flaeche_m2":725,"neigung_grad":8.9,"ausrichtung_grad":268,"weg_abstand_m":78,"wald_hinweis":false}},{"type":"Feature","geometry":{"type":"Point","coordinates":[11.451278,46.619651]},"properties":{"id":241,"hoehe_m":2152,"sektoren_frei":[],"sektoren_blockiert":["W"],"erste_kollision_m":{"W":8},"flaeche_m2":506,"neigung_grad":14.7,"ausrichtung_grad":311,"weg_abstand_m":5,"wald_hinweis":false}},{"type":"Feature","geometry":{"type":"Point","coordinates":[11.456361,46.62807]},"properties":{"id":242,"hoehe_m":2152,"sektoren_frei":[],"sektoren_blockiert":["ONO"],"erste_kollision_m":{"ONO":6},"flaeche_m2":2794,"neigung_grad":13.8,"ausrichtung_grad":89,"weg_abstand_m":4,"wald_hinweis":false}},{"type":"Feature","geometry":{"type":"Point","coordinates":[11.455227,46.610229]},"properties":{"id":243,"hoehe_m":2152,"sektoren_frei":["S"],"sektoren_blockiert":[],"erste_kollision_m":{},"flaeche_m2":896231,"neigung_grad":10.6,"ausrichtung_grad":184,"weg_abstand_m":313,"wald_hinweis":false}},{"type":"Feature","geometry":{"type":"Point","coordinates":[11.452382,46.620235]},"properties":{"id":244,"hoehe_m":2152,"sektoren_frei":[],"sektoren_blockiert":["N"],"erste_kollision_m":{"N":10},"flaeche_m2":231,"neigung_grad":13.5,"ausrichtung_grad":322,"weg_abstand_m":6,"wald_hinweis":false}},{"type":"Feature","geometry":{"type":"Point","coordinates":[11.457604,46.62883]},"properties":{"id":245,"hoehe_m":2152,"sektoren_frei":[],"sektoren_blockiert":["SSW"],"erste_kollision_m":{"SSW":6},"flaeche_m2":1588,"neigung_grad":10.4,"ausrichtung_grad":163,"weg_abstand_m":50,"wald_hinweis":false}},{"type":"Feature","geometry":{"type":"Point","coordinates":[11.455177,46.627172]},"properties":{"id":246,"hoehe_m":2151,"sektoren_frei":[],"sektoren_blockiert":["O","OSO","SO","SSO"],"erste_kollision_m":{"O":8,"OSO":8,"SO":4,"SSO":6},"flaeche_m2":738,"neigung_grad":10.9,"ausrichtung_grad":138,"weg_abstand_m":47,"wald_hinweis":false}},{"type":"Feature","geometry":{"type":"Point","coordinates":[11.464293,46.617189]},"properties":{"id":247,"hoehe_m":2151,"sektoren_frei":["NNO","NO"],"sektoren_blockiert":["O"],"erste_kollision_m":{"O":91},"flaeche_m2":6006,"neigung_grad":21.6,"ausrichtung_grad":60,"weg_abstand_m":99,"wald_hinweis":false}},{"type":"Feature","geometry":{"type":"Point","coordinates":[11.45645,46.627865]},"properties":{"id":248,"hoehe_m":2151,"sektoren_frei":[],"sektoren_blockiert":["NO"],"erste_kollision_m":{"NO":6},"flaeche_m2":825,"neigung_grad":16.8,"ausrichtung_grad":77,"weg_abstand_m":7,"wald_hinweis":false}},{"type":"Feature","geometry":{"type":"Point","coordinates":[11.454267,46.629419]},"properties":{"id":249,"hoehe_m":2151,"sektoren_frei":["WNW"],"sektoren_blockiert":[],"erste_kollision_m":{},"flaeche_m2":186381,"neigung_grad":19.1,"ausrichtung_grad":323,"weg_abstand_m":169,"wald_hinweis":false}},{"type":"Feature","geometry":{"type":"Point","coordinates":[11.426105,46.638728]},"properties":{"id":250,"hoehe_m":2150,"sektoren_frei":["O"],"sektoren_blockiert":[],"erste_kollision_m":{},"flaeche_m2":3794,"neigung_grad":12.7,"ausrichtung_grad":95,"weg_abstand_m":578,"wald_hinweis":false}},{"type":"Feature","geometry":{"type":"Point","coordinates":[11.457974,46.63051]},"properties":{"id":251,"hoehe_m":2150,"sektoren_frei":["WNW","NW","NNW","NNW"],"sektoren_blockiert":["NNO"],"erste_kollision_m":{"NNO":6},"flaeche_m2":149156,"neigung_grad":11.6,"ausrichtung_grad":313,"weg_abstand_m":105,"wald_hinweis":false}},{"type":"Feature","geometry":{"type":"Point","coordinates":[11.451596,46.614402]},"properties":{"id":252,"hoehe_m":2150,"sektoren_frei":[],"sektoren_blockiert":["S","W","W","WNW"],"erste_kollision_m":{"S":5,"W":8,"WNW":16},"flaeche_m2":2656,"neigung_grad":10.2,"ausrichtung_grad":243,"weg_abstand_m":15,"wald_hinweis":false}},{"type":"Feature","geometry":{"type":"Point","coordinates":[11.456537,46.627638]},"properties":{"id":253,"hoehe_m":2150,"sektoren_frei":[],"sektoren_blockiert":["SO","SSO"],"erste_kollision_m":{"SO":75,"SSO":58},"flaeche_m2":1275,"neigung_grad":12.6,"ausrichtung_grad":116,"weg_abstand_m":13,"wald_hinweis":false}},{"type":"Feature","geometry":{"type":"Point","coordinates":[11.460092,46.630397]},"properties":{"id":254,"hoehe_m":2150,"sektoren_frei":[],"sektoren_blockiert":["NNW"],"erste_kollision_m":{"NNW":6},"flaeche_m2":544,"neigung_grad":8.8,"ausrichtung_grad":321,"weg_abstand_m":231,"wald_hinweis":false}},{"type":"Feature","geometry":{"type":"Point","coordinates":[11.453187,46.626495]},"properties":{"id":255,"hoehe_m":2150,"sektoren_frei":[],"sektoren_blockiert":["O","OSO"],"erste_kollision_m":{"O":2,"OSO":8},"flaeche_m2":4200,"neigung_grad":13.3,"ausrichtung_grad":119,"weg_abstand_m":141,"wald_hinweis":false}},{"type":"Feature","geometry":{"type":"Point","coordinates":[11.451683,46.62646]},"properties":{"id":256,"hoehe_m":2150,"sektoren_frei":[],"sektoren_blockiert":["N","NNO","W","WNW","NW","NW"],"erste_kollision_m":{"N":2,"NNO":6,"W":2,"WNW":18,"NW":11},"flaeche_m2":1225,"neigung_grad":12.2,"ausrichtung_grad":345,"weg_abstand_m":256,"wald_hinweis":false}},{"type":"Feature","geometry":{"type":"Point","coordinates":[11.452503,46.626532]},"properties":{"id":257,"hoehe_m":2150,"sektoren_frei":[],"sektoren_blockiert":["N"],"erste_kollision_m":{"N":2},"flaeche_m2":181,"neigung_grad":9.4,"ausrichtung_grad":26,"weg_abstand_m":194,"wald_hinweis":false}},{"type":"Feature","geometry":{"type":"Point","coordinates":[11.449571,46.618]},"properties":{"id":258,"hoehe_m":2150,"sektoren_frei":["NW"],"sektoren_blockiert":[],"erste_kollision_m":{},"flaeche_m2":170762,"neigung_grad":16.3,"ausrichtung_grad":281,"weg_abstand_m":43,"wald_hinweis":false}},{"type":"Feature","geometry":{"type":"Point","coordinates":[11.450811,46.619436]},"properties":{"id":259,"hoehe_m":2150,"sektoren_frei":[],"sektoren_blockiert":["N"],"erste_kollision_m":{"N":8},"flaeche_m2":188,"neigung_grad":13.4,"ausrichtung_grad":317,"weg_abstand_m":12,"wald_hinweis":false}},{"type":"Feature","geometry":{"type":"Point","coordinates":[11.463679,46.609417]},"properties":{"id":260,"hoehe_m":2150,"sektoren_frei":["SSO","S","SSW"],"sektoren_blockiert":["SO"],"erste_kollision_m":{"SO":6},"flaeche_m2":896231,"neigung_grad":13.9,"ausrichtung_grad":188,"weg_abstand_m":80,"wald_hinweis":false}},{"type":"Feature","geometry":{"type":"Point","coordinates":[11.452585,46.626171]},"properties":{"id":261,"hoehe_m":2149,"sektoren_frei":[],"sektoren_blockiert":["SSO","S"],"erste_kollision_m":{"SSO":50,"S":23},"flaeche_m2":185838,"neigung_grad":10.7,"ausrichtung_grad":163,"weg_abstand_m":189,"wald_hinweis":false}},{"type":"Feature","geometry":{"type":"Point","coordinates":[11.463864,46.630766]},"properties":{"id":262,"hoehe_m":2149,"sektoren_frei":[],"sektoren_blockiert":["O","OSO"],"erste_kollision_m":{"O":2,"OSO":6},"flaeche_m2":67944,"neigung_grad":8.4,"ausrichtung_grad":115,"weg_abstand_m":182,"wald_hinweis":false}},{"type":"Feature","geometry":{"type":"Point","coordinates":[11.45434,46.610091]},"properties":{"id":263,"hoehe_m":2149,"sektoren_frei":["S"],"sektoren_blockiert":["OSO","SSW"],"erste_kollision_m":{"OSO":6,"SSW":6},"flaeche_m2":896231,"neigung_grad":11.1,"ausrichtung_grad":163,"weg_abstand_m":278,"wald_hinweis":false}},{"type":"Feature","geometry":{"type":"Point","coordinates":[11.452543,46.613684]},"properties":{"id":264,"hoehe_m":2149,"sektoren_frei":[],"sektoren_blockiert":["S","SSW"],"erste_kollision_m":{"S":8,"SSW":10},"flaeche_m2":150,"neigung_grad":10.6,"ausrichtung_grad":204,"weg_abstand_m":2,"wald_hinweis":false}},{"type":"Feature","geometry":{"type":"Point","coordinates":[11.459699,46.630383]},"properties":{"id":265,"hoehe_m":2149,"sektoren_frei":[],"sektoren_blockiert":["N"],"erste_kollision_m":{"N":5},"flaeche_m2":244,"neigung_grad":9.2,"ausrichtung_grad":349,"weg_abstand_m":205,"wald_hinweis":false}},{"type":"Feature","geometry":{"type":"Point","coordinates":[11.45215,46.626675]},"properties":{"id":266,"hoehe_m":2149,"sektoren_frei":[],"sektoren_blockiert":["NNO"],"erste_kollision_m":{"NNO":36},"flaeche_m2":119,"neigung_grad":16.1,"ausrichtung_grad":350,"weg_abstand_m":222,"wald_hinweis":false}},{"type":"Feature","geometry":{"type":"Point","coordinates":[11.457258,46.622628]},"properties":{"id":267,"hoehe_m":2149,"sektoren_frei":[],"sektoren_blockiert":["N"],"erste_kollision_m":{"N":5},"flaeche_m2":150,"neigung_grad":11.4,"ausrichtung_grad":36,"weg_abstand_m":35,"wald_hinweis":false}},{"type":"Feature","geometry":{"type":"Point","coordinates":[11.453652,46.628825]},"properties":{"id":268,"hoehe_m":2149,"sektoren_frei":[],"sektoren_blockiert":["SW"],"erste_kollision_m":{"SW":11},"flaeche_m2":2694,"neigung_grad":19.7,"ausrichtung_grad":262,"weg_abstand_m":199,"wald_hinweis":false}},{"type":"Feature","geometry":{"type":"Point","coordinates":[11.455022,46.626636]},"properties":{"id":269,"hoehe_m":2149,"sektoren_frei":[],"sektoren_blockiert":["O","OSO","SO","SSO"],"erste_kollision_m":{"O":10,"OSO":50,"SO":39,"SSO":25},"flaeche_m2":1294,"neigung_grad":9.8,"ausrichtung_grad":134,"weg_abstand_m":10,"wald_hinweis":false}},{"type":"Feature","geometry":{"type":"Point","coordinates":[11.425666,46.6384]},"properties":{"id":270,"hoehe_m":2149,"sektoren_frei":["SO","SSO","SSO","S"],"sektoren_blockiert":[],"erste_kollision_m":{},"flaeche_m2":344044,"neigung_grad":12.3,"ausrichtung_grad":151,"weg_abstand_m":560,"wald_hinweis":false}},{"type":"Feature","geometry":{"type":"Point","coordinates":[11.453263,46.610114]},"properties":{"id":271,"hoehe_m":2148,"sektoren_frei":[],"sektoren_blockiert":["SW","WSW"],"erste_kollision_m":{"SW":11,"WSW":8},"flaeche_m2":54950,"neigung_grad":8.8,"ausrichtung_grad":216,"weg_abstand_m":228,"wald_hinweis":false}},{"type":"Feature","geometry":{"type":"Point","coordinates":[11.460016,46.619351]},"properties":{"id":272,"hoehe_m":2148,"sektoren_frei":[],"sektoren_blockiert":["ONO"],"erste_kollision_m":{"ONO":15},"flaeche_m2":338,"neigung_grad":13.9,"ausrichtung_grad":36,"weg_abstand_m":216,"wald_hinweis":false}},{"type":"Feature","geometry":{"type":"Point","coordinates":[11.45219,46.613827]},"properties":{"id":273,"hoehe_m":2148,"sektoren_frei":[],"sektoren_blockiert":["SSW","SW","WSW","W"],"erste_kollision_m":{"SSW":10,"SW":15,"WSW":15,"W":2},"flaeche_m2":4362,"neigung_grad":10.3,"ausrichtung_grad":228,"weg_abstand_m":2,"wald_hinweis":false}},{"type":"Feature","geometry":{"type":"Point","coordinates":[11.463798,46.632184]},"properties":{"id":274,"hoehe_m":2148,"sektoren_frei":[],"sektoren_blockiert":["O"],"erste_kollision_m":{"O":2},"flaeche_m2":1169,"neigung_grad":8.0,"ausrichtung_grad":62,"weg_abstand_m":277,"wald_hinweis":false}},{"type":"Feature","geometry":{"type":"Point","coordinates":[11.467225,46.612018]},"properties":{"id":275,"hoehe_m":2148,"sektoren_frei":["SSO"],"sektoren_blockiert":["S"],"erste_kollision_m":{"S":2},"flaeche_m2":163675,"neigung_grad":13.4,"ausrichtung_grad":159,"weg_abstand_m":179,"wald_hinweis":true}},{"type":"Feature","geometry":{"type":"Point","coordinates":[11.462731,46.609393]},"properties":{"id":276,"hoehe_m":2148,"sektoren_frei":[],"sektoren_blockiert":["OSO"],"erste_kollision_m":{"OSO":20},"flaeche_m2":269,"neigung_grad":11.6,"ausrichtung_grad":140,"weg_abstand_m":51,"wald_hinweis":false}},{"type":"Feature","geometry":{"type":"Point","coordinates":[11.452911,46.612439]},"properties":{"id":277,"hoehe_m":2148,"sektoren_frei":[],"sektoren_blockiert":["NW"],"erste_kollision_m":{"NW":4},"flaeche_m2":206,"neigung_grad":8.0,"ausrichtung_grad":274,"weg_abstand_m":19,"wald_hinweis":false}},{"type":"Feature","geometry":{"type":"Point","coordinates":[11.459782,46.629323]},"properties":{"id":278,"hoehe_m":2148,"sektoren_frei":[],"sektoren_blockiert":["OSO"],"erste_kollision_m":{"OSO":6},"flaeche_m2":500,"neigung_grad":8.8,"ausrichtung_grad":151,"weg_abstand_m":170,"wald_hinweis":false}},{"type":"Feature","geometry":{"type":"Point","coordinates":[11.454596,46.6266]},"properties":{"id":279,"hoehe_m":2147,"sektoren_frei":[],"sektoren_blockiert":["SSW"],"erste_kollision_m":{"SSW":6},"flaeche_m2":231,"neigung_grad":10.4,"ausrichtung_grad":175,"weg_abstand_m":37,"wald_hinweis":false}},{"type":"Feature","geometry":{"type":"Point","coordinates":[11.458087,46.628685]},"properties":{"id":280,"hoehe_m":2147,"sektoren_frei":[],"sektoren_blockiert":["SSW"],"erste_kollision_m":{"SSW":9},"flaeche_m2":212,"neigung_grad":13.2,"ausrichtung_grad":163,"weg_abstand_m":77,"wald_hinweis":false}},{"type":"Feature","geometry":{"type":"Point","coordinates":[11.449314,46.625341]},"properties":{"id":281,"hoehe_m":2147,"sektoren_frei":[],"sektoren_blockiert":["SSW"],"erste_kollision_m":{"SSW":6},"flaeche_m2":344,"neigung_grad":10.0,"ausrichtung_grad":189,"weg_abstand_m":454,"wald_hinweis":false}},{"type":"Feature","geometry":{"type":"Point","coordinates":[11.457577,46.622464]},"properties":{"id":282,"hoehe_m":2147,"sektoren_frei":[],"sektoren_blockiert":["N","N"],"erste_kollision_m":{"N":16},"flaeche_m2":2081,"neigung_grad":11.9,"ausrichtung_grad":30,"weg_abstand_m":37,"wald_hinweis":false}},{"type":"Feature","geometry":{"type":"Point","coordinates":[11.452852,46.613295]},"properties":{"id":283,"hoehe_m":2147,"sektoren_frei":[],"sektoren_blockiert":["WSW"],"erste_kollision_m":{"WSW":16},"flaeche_m2":819,"neigung_grad":9.7,"ausrichtung_grad":258,"weg_abstand_m":3,"wald_hinweis":false}},{"type":"Feature","geometry":{"type":"Point","coordinates":[11.449766,46.617254]},"properties":{"id":284,"hoehe_m":2147,"sektoren_frei":[],"sektoren_blockiert":["SW","WSW","W"],"erste_kollision_m":{"SW":288,"WSW":368,"W":492},"flaeche_m2":244,"neigung_grad":26.9,"ausrichtung_grad":250,"weg_abstand_m":28,"wald_hinweis":false}},{"type":"Feature","geometry":{"type":"Point","coordinates":[11.450865,46.615565]},"properties":{"id":285,"hoehe_m":2147,"sektoren_frei":[],"sektoren_blockiert":["SSW","SW"],"erste_kollision_m":{"SSW":15,"SW":28},"flaeche_m2":14300,"neigung_grad":11.0,"ausrichtung_grad":230,"weg_abstand_m":4,"wald_hinweis":false}},{"type":"Feature","geometry":{"type":"Point","coordinates":[11.44957,46.625223]},"properties":{"id":286,"hoehe_m":2147,"sektoren_frei":[],"sektoren_blockiert":["SSW","SW"],"erste_kollision_m":{"SSW":6,"SW":6},"flaeche_m2":2662,"neigung_grad":13.7,"ausrichtung_grad":185,"weg_abstand_m":439,"wald_hinweis":false}},{"type":"Feature","geometry":{"type":"Point","coordinates":[11.449697,46.625873]},"properties":{"id":287,"hoehe_m":2146,"sektoren_frei":[],"sektoren_blockiert":["N","NNO"],"erste_kollision_m":{"N":18,"NNO":9},"flaeche_m2":6125,"neigung_grad":9.2,"ausrichtung_grad":356,"weg_abstand_m":413,"wald_hinweis":false}},{"type":"Feature","geometry":{"type":"Point","coordinates":[11.461335,46.619638]},"properties":{"id":288,"hoehe_m":2146,"sektoren_frei":[],"sektoren_blockiert":["O","OSO","W"],"erste_kollision_m":{"O":55,"OSO":20,"W":24},"flaeche_m2":1844,"neigung_grad":12.0,"ausrichtung_grad":99,"weg_abstand_m":181,"wald_hinweis":false}},{"type":"Feature","geometry":{"type":"Point","coordinates":[11.4643,46.631724]},"properties":{"id":289,"hoehe_m":2146,"sektoren_frei":[],"sektoren_blockiert":["NNO"],"erste_kollision_m":{"NNO":6},"flaeche_m2":3762,"neigung_grad":8.9,"ausrichtung_grad":43,"weg_abstand_m":280,"wald_hinweis":false}},{"type":"Feature","geometry":{"type":"Point","coordinates":[11.454006,46.621483]},"properties":{"id":290,"hoehe_m":2146,"sektoren_frei":[],"sektoren_blockiert":["W"],"erste_kollision_m":{"W":239},"flaeche_m2":23088,"neigung_grad":21.2,"ausrichtung_grad":307,"weg_abstand_m":3,"wald_hinweis":false}},{"type":"Feature","geometry":{"type":"Point","coordinates":[11.461442,46.619838]},"properties":{"id":291,"hoehe_m":2146,"sektoren_frei":[],"sektoren_blockiert":["NO","ONO","SO"],"erste_kollision_m":{"NO":6,"ONO":83,"SO":4},"flaeche_m2":1344,"neigung_grad":11.3,"ausrichtung_grad":76,"weg_abstand_m":161,"wald_hinweis":false}},{"type":"Feature","geometry":{"type":"Point","coordinates":[11.45003,46.62528]},"properties":{"id":292,"hoehe_m":2146,"sektoren_frei":[],"sektoren_blockiert":["OSO"],"erste_kollision_m":{"OSO":8},"flaeche_m2":10300,"neigung_grad":11.8,"ausrichtung_grad":145,"weg_abstand_m":403,"wald_hinweis":false}},{"type":"Feature","geometry":{"type":"Point","coordinates":[11.454394,46.626469]},"properties":{"id":293,"hoehe_m":2146,"sektoren_frei":[],"sektoren_blockiert":["SW"],"erste_kollision_m":{"SW":17},"flaeche_m2":806,"neigung_grad":14.9,"ausrichtung_grad":206,"weg_abstand_m":49,"wald_hinweis":false}},{"type":"Feature","geometry":{"type":"Point","coordinates":[11.456258,46.622897]},"properties":{"id":294,"hoehe_m":2146,"sektoren_frei":[],"sektoren_blockiert":["N","NW","NNW"],"erste_kollision_m":{"N":2,"NW":9,"NNW":15},"flaeche_m2":919,"neigung_grad":9.2,"ausrichtung_grad":327,"weg_abstand_m":27,"wald_hinweis":false}},{"type":"Feature","geometry":{"type":"Point","coordinates":[11.459414,46.629129]},"properties":{"id":295,"hoehe_m":2146,"sektoren_frei":[],"sektoren_blockiert":["SSW"],"erste_kollision_m":{"SSW":6},"flaeche_m2":2888,"neigung_grad":10.0,"ausrichtung_grad":167,"weg_abstand_m":143,"wald_hinweis":false}},{"type":"Feature","geometry":{"type":"Point","coordinates":[11.464177,46.617507]},"properties":{"id":296,"hoehe_m":2146,"sektoren_frei":["ONO"],"sektoren_blockiert":["N"],"erste_kollision_m":{"N":5},"flaeche_m2":4569,"neigung_grad":23.1,"ausrichtung_grad":55,"weg_abstand_m":89,"wald_hinweis":false}},{"type":"Feature","geometry":{"type":"Point","coordinates":[11.452792,46.612689]},"properties":{"id":297,"hoehe_m":2146,"sektoren_frei":[],"sektoren_blockiert":["W","WNW","NW"],"erste_kollision_m":{"W":24,"WNW":30,"NW":4},"flaeche_m2":612,"neigung_grad":9.1,"ausrichtung_grad":280,"weg_abstand_m":0,"wald_hinweis":false}},{"type":"Feature","geometry":{"type":"Point","coordinates":[11.457043,46.622925]},"properties":{"id":298,"hoehe_m":2146,"sektoren_frei":[],"sektoren_blockiert":["O"],"erste_kollision_m":{"O":8},"flaeche_m2":29088,"neigung_grad":13.8,"ausrichtung_grad":74,"weg_abstand_m":23,"wald_hinweis":false}},{"type":"Feature","geometry":{"type":"Point","coordinates":[11.426318,46.638386]},"properties":{"id":299,"hoehe_m":2146,"sektoren_frei":["ONO","SO"],"sektoren_blockiert":[],"erste_kollision_m":{},"flaeche_m2":344044,"neigung_grad":16.2,"ausrichtung_grad":134,"weg_abstand_m":599,"wald_hinweis":false}},{"type":"Feature","geometry":{"type":"Point","coordinates":[11.45517,46.626295]},"properties":{"id":300,"hoehe_m":2146,"sektoren_frei":[],"sektoren_blockiert":["ONO","OSO","SO","SSO","S","SSW","SSW","SW"],"erste_kollision_m":{"ONO":37,"OSO":75,"SO":76,"SSO":94,"S":121,"SSW":96,"SW":75},"flaeche_m2":1269,"neigung_grad":15.2,"ausrichtung_grad":108,"weg_abstand_m":5,"wald_hinweis":false}},{"type":"Feature","geometry":{"type":"Point","coordinates":[11.462366,46.609266]},"properties":{"id":301,"hoehe_m":2146,"sektoren_frei":["SSW"],"sektoren_blockiert":[],"erste_kollision_m":{},"flaeche_m2":703719,"neigung_grad":11.5,"ausrichtung_grad":187,"weg_abstand_m":54,"wald_hinweis":false}},{"type":"Feature","geometry":{"type":"Point","coordinates":[11.451373,46.626827]},"properties":{"id":302,"hoehe_m":2146,"sektoren_frei":[],"sektoren_blockiert":["NO","WSW","W","NNW"],"erste_kollision_m":{"NO":37,"WSW":6,"W":2,"NNW":6},"flaeche_m2":6981,"neigung_grad":8.8,"ausrichtung_grad":289,"weg_abstand_m":283,"wald_hinweis":false}},{"type":"Feature","geometry":{"type":"Point","coordinates":[11.466097,46.610895]},"properties":{"id":303,"hoehe_m":2145,"sektoren_frei":["SSO"],"sektoren_blockiert":[],"erste_kollision_m":{},"flaeche_m2":163675,"neigung_grad":16.3,"ausrichtung_grad":139,"weg_abstand_m":131,"wald_hinweis":true}},{"type":"Feature","geometry":{"type":"Point","coordinates":[11.449404,46.625879]},"properties":{"id":304,"hoehe_m":2145,"sektoren_frei":["NNW"],"sektoren_blockiert":["NW","NNW"],"erste_kollision_m":{"NW":15,"NNW":8},"flaeche_m2":13806,"neigung_grad":10.2,"ausrichtung_grad":350,"weg_abstand_m":435,"wald_hinweis":false}},{"type":"Feature","geometry":{"type":"Point","coordinates":[11.461834,46.629932]},"properties":{"id":305,"hoehe_m":2145,"sektoren_frei":[],"sektoren_blockiert":["SSW"],"erste_kollision_m":{"SSW":20},"flaeche_m2":3669,"neigung_grad":9.2,"ausrichtung_grad":171,"weg_abstand_m":112,"wald_hinweis":false}},{"type":"Feature","geometry":{"type":"Point","coordinates":[11.449983,46.616282]},"properties":{"id":306,"hoehe_m":2145,"sektoren_frei":[],"sektoren_blockiert":["NW"],"erste_kollision_m":{"NW":41},"flaeche_m2":444,"neigung_grad":21.4,"ausrichtung_grad":279,"weg_abstand_m":37,"wald_hinweis":false}},{"type":"Feature","geometry":{"type":"Point","coordinates":[11.45038,46.615666]},"properties":{"id":307,"hoehe_m":2145,"sektoren_frei":[],"sektoren_blockiert":["SSW"],"erste_kollision_m":{"SSW":15},"flaeche_m2":138,"neigung_grad":9.7,"ausrichtung_grad":216,"weg_abstand_m":34,"wald_hinweis":false}},{"type":"Feature","geometry":{"type":"Point","coordinates":[11.454907,46.626256]},"properties":{"id":308,"hoehe_m":2145,"sektoren_frei":[],"sektoren_blockiert":["WSW"],"erste_kollision_m":{"WSW":6},"flaeche_m2":469,"neigung_grad":13.4,"ausrichtung_grad":259,"weg_abstand_m":15,"wald_hinweis":false}},{"type":"Feature","geometry":{"type":"Point","coordinates":[11.426461,46.638653]},"properties":{"id":309,"hoehe_m":2145,"sektoren_frei":["O"],"sektoren_blockiert":[],"erste_kollision_m":{},"flaeche_m2":3794,"neigung_grad":14.6,"ausrichtung_grad":95,"weg_abstand_m":568,"wald_hinweis":false}},{"type":"Feature","geometry":{"type":"Point","coordinates":[11.451036,46.615022]},"properties":{"id":310,"hoehe_m":2145,"sektoren_frei":[],"sektoren_blockiert":["WNW"],"erste_kollision_m":{"WNW":16},"flaeche_m2":519,"neigung_grad":11.6,"ausrichtung_grad":255,"weg_abstand_m":4,"wald_hinweis":false}},{"type":"Feature","geometry":{"type":"Point","coordinates":[11.424507,46.638784]},"properties":{"id":311,"hoehe_m":2144,"sektoren_frei":["SSW"],"sektoren_blockiert":["S"],"erste_kollision_m":{"S":15},"flaeche_m2":334506,"neigung_grad":15.4,"ausrichtung_grad":223,"weg_abstand_m":500,"wald_hinweis":false}},{"type":"Feature","geometry":{"type":"Point","coordinates":[11.452933,46.610031]},"properties":{"id":312,"hoehe_m":2144,"sektoren_frei":[],"sektoren_blockiert":["S"],"erste_kollision_m":{"S":2},"flaeche_m2":150,"neigung_grad":7.8,"ausrichtung_grad":219,"weg_abstand_m":224,"wald_hinweis":false}},{"type":"Feature","geometry":{"type":"Point","coordinates":[11.456631,46.626826]},"properties":{"id":313,"hoehe_m":2144,"sektoren_frei":[],"sektoren_blockiert":["NNO","NNO","NO","ONO","O","OSO","SO","SSO","S"],"erste_kollision_m":{"NNO":6,"NO":28,"ONO":40,"O":5,"OSO":38,"SO":41,"SSO":23,"S":16},"flaeche_m2":4169,"neigung_grad":12.4,"ausrichtung_grad":118,"weg_abstand_m":25,"wald_hinweis":false}},{"type":"Feature","geometry":{"type":"Point","coordinates":[11.461237,46.62972]},"properties":{"id":314,"hoehe_m":2144,"sektoren_frei":[],"sektoren_blockiert":["SSW"],"erste_kollision_m":{"SSW":6},"flaeche_m2":2019,"neigung_grad":9.9,"ausrichtung_grad":171,"weg_abstand_m":116,"wald_hinweis":false}},{"type":"Feature","geometry":{"type":"Point","coordinates":[11.464625,46.631694]},"properties":{"id":315,"hoehe_m":2144,"sektoren_frei":[],"sektoren_blockiert":["N"],"erste_kollision_m":{"N":2},"flaeche_m2":744,"neigung_grad":8.5,"ausrichtung_grad":33,"weg_abstand_m":266,"wald_hinweis":false}},{"type":"Feature","geometry":{"type":"Point","coordinates":[11.460203,46.629247]},"properties":{"id":316,"hoehe_m":2144,"sektoren_frei":[],"sektoren_blockiert":["O"],"erste_kollision_m":{"O":2},"flaeche_m2":338,"neigung_grad":9.3,"ausrichtung_grad":125,"weg_abstand_m":164,"wald_hinweis":false}},{"type":"Feature","geometry":{"type":"Point","coordinates":[11.450567,46.615482]},"properties":{"id":317,"hoehe_m":2144,"sektoren_frei":[],"sektoren_blockiert":["S","WSW"],"erste_kollision_m":{"S":8,"WSW":10},"flaeche_m2":488,"neigung_grad":10.6,"ausrichtung_grad":204,"weg_abstand_m":29,"wald_hinweis":false}},{"type":"Feature","geometry":{"type":"Point","coordinates":[11.456771,46.626306]},"properties":{"id":318,"hoehe_m":2144,"sektoren_frei":[],"sektoren_blockiert":["NO","ONO","O"],"erste_kollision_m":{"NO":6,"ONO":57,"O":116},"flaeche_m2":2062,"neigung_grad":14.2,"ausrichtung_grad":86,"weg_abstand_m":17,"wald_hinweis":false}},{"type":"Feature","geometry":{"type":"Point","coordinates":[11.456498,46.623162]},"properties":{"id":319,"hoehe_m":2144,"sektoren_frei":[],"sektoren_blockiert":["WNW"],"erste_kollision_m":{"WNW":6},"flaeche_m2":669,"neigung_grad":9.9,"ausrichtung_grad":325,"weg_abstand_m":10,"wald_hinweis":false}},{"type":"Feature","geometry":{"type":"Point","coordinates":[11.455461,46.622621]},"properties":{"id":320,"hoehe_m":2144,"sektoren_frei":[],"sektoren_blockiert":["N","N","W","NW","NNW"],"erste_kollision_m":{"N":2,"W":8,"NW":6,"NNW":6},"flaeche_m2":119,"neigung_grad":16.9,"ausrichtung_grad":310,"weg_abstand_m":5,"wald_hinweis":false}},{"type":"Feature","geometry":{"type":"Point","coordinates":[11.450719,46.625356]},"properties":{"id":321,"hoehe_m":2144,"sektoren_frei":[],"sektoren_blockiert":["OSO"],"erste_kollision_m":{"OSO":8},"flaeche_m2":425,"neigung_grad":9.5,"ausrichtung_grad":134,"weg_abstand_m":351,"wald_hinweis":false}},{"type":"Feature","geometry":{"type":"Point","coordinates":[11.452078,46.610612]},"properties":{"id":322,"hoehe_m":2143,"sektoren_frei":[],"sektoren_blockiert":["WSW"],"erste_kollision_m":{"WSW":6},"flaeche_m2":30056,"neigung_grad":7.7,"ausrichtung_grad":243,"weg_abstand_m":141,"wald_hinweis":false}},{"type":"Feature","geometry":{"type":"Point","coordinates":[11.450168,46.626177]},"properties":{"id":323,"hoehe_m":2143,"sektoren_frei":[],"sektoren_blockiert":["NNO"],"erste_kollision_m":{"NNO":6},"flaeche_m2":481,"neigung_grad":8.2,"ausrichtung_grad":351,"weg_abstand_m":373,"wald_hinweis":false}},{"type":"Feature","geometry":{"type":"Point","coordinates":[11.447963,46.625077]},"properties":{"id":324,"hoehe_m":2143,"sektoren_frei":[],"sektoren_blockiert":["OSO","SO","SSO","S"],"erste_kollision_m":{"OSO":25,"SO":4,"SSO":30,"S":8},"flaeche_m2":70569,"neigung_grad":10.5,"ausrichtung_grad":143,"weg_abstand_m":561,"wald_hinweis":false}},{"type":"Feature","geometry":{"type":"Point","coordinates":[11.456775,46.629996]},"properties":{"id":325,"hoehe_m":2143,"sektoren_frei":["NW"],"sektoren_blockiert":[],"erste_kollision_m":{},"flaeche_m2":135556,"neigung_grad":11.5,"ausrichtung_grad":303,"weg_abstand_m":15,"wald_hinweis":false}},{"type":"Feature","geometry":{"type":"Point","coordinates":[11.452162,46.626945]},"properties":{"id":326,"hoehe_m":2143,"sektoren_frei":[],"sektoren_blockiert":["N"],"erste_kollision_m":{"N":2},"flaeche_m2":5481,"neigung_grad":10.1,"ausrichtung_grad":341,"weg_abstand_m":227,"wald_hinweis":false}},{"type":"Feature","geometry":{"type":"Point","coordinates":[11.455841,46.626686]},"properties":{"id":327,"hoehe_m":2143,"sektoren_frei":[],"sektoren_blockiert":["SO","S"],"erste_kollision_m":{"SO":31,"S":8},"flaeche_m2":681,"neigung_grad":9.9,"ausrichtung_grad":167,"weg_abstand_m":24,"wald_hinweis":false}},{"type":"Feature","geometry":{"type":"Point","coordinates":[11.454158,46.60969]},"properties":{"id":328,"hoehe_m":2143,"sektoren_frei":[],"sektoren_blockiert":["OSO"],"erste_kollision_m":{"OSO":6},"flaeche_m2":1275,"neigung_grad":10.4,"ausrichtung_grad":150,"weg_abstand_m":305,"wald_hinweis":false}},{"type":"Feature","geometry":{"type":"Point","coordinates":[11.46677,46.611331]},"properties":{"id":329,"hoehe_m":2143,"sektoren_frei":[],"sektoren_blockiert":["O"],"erste_kollision_m":{"O":8},"flaeche_m2":9212,"neigung_grad":18.4,"ausrichtung_grad":121,"weg_abstand_m":164,"wald_hinweis":true}},{"type":"Feature","geometry":{"type":"Point","coordinates":[11.45148,46.625564]},"properties":{"id":330,"hoehe_m":2143,"sektoren_frei":[],"sektoren_blockiert":["OSO"],"erste_kollision_m":{"OSO":23},"flaeche_m2":119,"neigung_grad":9.0,"ausrichtung_grad":142,"weg_abstand_m":288,"wald_hinweis":false}},{"type":"Feature","geometry":{"type":"Point","coordinates":[11.457994,46.630959]},"properties":{"id":331,"hoehe_m":2143,"sektoren_frei":["NNW"],"sektoren_blockiert":[],"erste_kollision_m":{},"flaeche_m2":149156,"neigung_grad":9.8,"ausrichtung_grad":347,"weg_abstand_m":87,"wald_hinweis":false}},{"type":"Feature","geometry":{"type":"Point","coordinates":[11.464059,46.617779]},"properties":{"id":332,"hoehe_m":2143,"sektoren_frei":["ONO"],"sektoren_blockiert":[],"erste_kollision_m":{},"flaeche_m2":4569,"neigung_grad":25.7,"ausrichtung_grad":54,"weg_abstand_m":88,"wald_hinweis":false}},{"type":"Feature","geometry":{"type":"Point","coordinates":[11.449623,46.624952]},"properties":{"id":333,"hoehe_m":2143,"sektoren_frei":[],"sektoren_blockiert":["SW"],"erste_kollision_m":{"SW":6},"flaeche_m2":344,"neigung_grad":13.6,"ausrichtung_grad":191,"weg_abstand_m":445,"wald_hinweis":false}},{"type":"Feature","geometry":{"type":"Point","coordinates":[11.462947,46.629975]},"properties":{"id":334,"hoehe_m":2142,"sektoren_frei":[],"sektoren_blockiert":["SSW"],"erste_kollision_m":{"SSW":6},"flaeche_m2":119,"neigung_grad":9.7,"ausrichtung_grad":164,"weg_abstand_m":121,"wald_hinweis":false}},{"type":"Feature","geometry":{"type":"Point","coordinates":[11.452666,46.625809]},"properties":{"id":335,"hoehe_m":2142,"sektoren_frei":[],"sektoren_blockiert":["SSW"],"erste_kollision_m":{"SSW":20},"flaeche_m2":1262,"neigung_grad":15.2,"ausrichtung_grad":179,"weg_abstand_m":193,"wald_hinweis":false}},{"type":"Feature","geometry":{"type":"Point","coordinates":[11.453394,46.626018]},"properties":{"id":336,"hoehe_m":2142,"sektoren_frei":[],"sektoren_blockiert":["ONO"],"erste_kollision_m":{"ONO":25},"flaeche_m2":125,"neigung_grad":14.9,"ausrichtung_grad":107,"weg_abstand_m":133,"wald_hinweis":false}},{"type":"Feature","geometry":{"type":"Point","coordinates":[11.459174,46.631047]},"properties":{"id":337,"hoehe_m":2142,"sektoren_frei":[],"sektoren_blockiert":["N","NNO","NO"],"erste_kollision_m":{"N":2,"NNO":6,"NO":4},"flaeche_m2":6800,"neigung_grad":8.5,"ausrichtung_grad":18,"weg_abstand_m":163,"wald_hinweis":false}},{"type":"Feature","geometry":{"type":"Point","coordinates":[11.461706,46.6199]},"properties":{"id":338,"hoehe_m":2142,"sektoren_frei":[],"sektoren_blockiert":["SO"],"erste_kollision_m":{"SO":6},"flaeche_m2":162,"neigung_grad":12.7,"ausrichtung_grad":100,"weg_abstand_m":162,"wald_hinweis":false}},{"type":"Feature","geometry":{"type":"Point","coordinates":[11.458378,46.622131]},"properties":{"id":339,"hoehe_m":2142,"sektoren_frei":[],"sektoren_blockiert":["SO"],"erste_kollision_m":{"SO":4},"flaeche_m2":406,"neigung_grad":11.6,"ausrichtung_grad":102,"weg_abstand_m":33,"wald_hinweis":false}},{"type":"Feature","geometry":{"type":"Point","coordinates":[11.452194,46.610294]},"properties":{"id":340,"hoehe_m":2142,"sektoren_frei":[],"sektoren_blockiert":["W"],"erste_kollision_m":{"W":5},"flaeche_m2":569,"neigung_grad":7.6,"ausrichtung_grad":240,"weg_abstand_m":170,"wald_hinweis":false}},{"type":"Feature","geometry":{"type":"Point","coordinates":[11.464984,46.631686]},"properties":{"id":341,"hoehe_m":2142,"sektoren_frei":[],"sektoren_blockiert":["O"],"erste_kollision_m":{"O":5},"flaeche_m2":98862,"neigung_grad":8.9,"ausrichtung_grad":60,"weg_abstand_m":246,"wald_hinweis":false}},{"type":"Feature","geometry":{"type":"Point","coordinates":[11.463934,46.630134]},"properties":{"id":342,"hoehe_m":2142,"sektoren_frei":[],"sektoren_blockiert":["SSW"],"erste_kollision_m":{"SSW":6},"flaeche_m2":238,"neigung_grad":11.2,"ausrichtung_grad":164,"weg_abstand_m":114,"wald_hinweis":false}},{"type":"Feature","geometry":{"type":"Point","coordinates":[11.452071,46.625642]},"properties":{"id":343,"hoehe_m":2142,"sektoren_frei":[],"sektoren_blockiert":["OSO"],"erste_kollision_m":{"OSO":13},"flaeche_m2":606,"neigung_grad":12.8,"ausrichtung_grad":142,"weg_abstand_m":242,"wald_hinweis":false}},{"type":"Feature","geometry":{"type":"Point","coordinates":[11.461715,46.620102]},"properties":{"id":344,"hoehe_m":2141,"sektoren_frei":[],"sektoren_blockiert":["NNO"],"erste_kollision_m":{"NNO":6},"flaeche_m2":31431,"neigung_grad":12.0,"ausrichtung_grad":44,"weg_abstand_m":143,"wald_hinweis":false}},{"type":"Feature","geometry":{"type":"Point","coordinates":[11.45695,46.625919]},"properties":{"id":345,"hoehe_m":2141,"sektoren_frei":[],"sektoren_blockiert":["NNO","O","OSO","SO"],"erste_kollision_m":{"NNO":20,"O":8,"OSO":41,"SO":28},"flaeche_m2":819,"neigung_grad":12.3,"ausrichtung_grad":116,"weg_abstand_m":29,"wald_hinweis":false}},{"type":"Feature","geometry":{"type":"Point","coordinates":[11.460095,46.629024]},"properties":{"id":346,"hoehe_m":2141,"sektoren_frei":[],"sektoren_blockiert":["SSW"],"erste_kollision_m":{"SSW":9},"flaeche_m2":594,"neigung_grad":10.7,"ausrichtung_grad":169,"weg_abstand_m":169,"wald_hinweis":false}},{"type":"Feature","geometry":{"type":"Point","coordinates":[11.457155,46.623238]},"properties":{"id":347,"hoehe_m":2141,"sektoren_frei":[],"sektoren_blockiert":["OSO","SO"],"erste_kollision_m":{"OSO":6,"SO":6},"flaeche_m2":23731,"neigung_grad":11.0,"ausrichtung_grad":100,"weg_abstand_m":6,"wald_hinweis":false}},{"type":"Feature","geometry":{"type":"Point","coordinates":[11.45376,46.609541]},"properties":{"id":348,"hoehe_m":2141,"sektoren_frei":["S"],"sektoren_blockiert":[],"erste_kollision_m":{},"flaeche_m2":896231,"neigung_grad":9.7,"ausrichtung_grad":182,"weg_abstand_m":275,"wald_hinweis":false}},{"type":"Feature","geometry":{"type":"Point","coordinates":[11.437991,46.642255]},"properties":{"id":349,"hoehe_m":2141,"sektoren_frei":[],"sektoren_blockiert":["O"],"erste_kollision_m":{"O":66},"flaeche_m2":456,"neigung_grad":19.6,"ausrichtung_grad":123,"weg_abstand_m":188,"wald_hinweis":false}},{"type":"Feature","geometry":{"type":"Point","coordinates":[11.456436,46.62611]},"properties":{"id":350,"hoehe_m":2141,"sektoren_frei":[],"sektoren_blockiert":["WSW","W"],"erste_kollision_m":{"WSW":50,"W":43},"flaeche_m2":344,"neigung_grad":18.5,"ausrichtung_grad":269,"weg_abstand_m":9,"wald_hinweis":false}},{"type":"Feature","geometry":{"type":"Point","coordinates":[11.42581,46.637969]},"properties":{"id":351,"hoehe_m":2141,"sektoren_frei":["SSO"],"sektoren_blockiert":["S"],"erste_kollision_m":{"S":8},"flaeche_m2":361119,"neigung_grad":14.5,"ausrichtung_grad":157,"weg_abstand_m":542,"wald_hinweis":false}},{"type":"Feature","geometry":{"type":"Point","coordinates":[11.458263,46.631134]},"properties":{"id":352,"hoehe_m":2141,"sektoren_frei":["NW"],"sektoren_blockiert":[],"erste_kollision_m":{},"flaeche_m2":135556,"neigung_grad":9.4,"ausrichtung_grad":337,"weg_abstand_m":97,"wald_hinweis":false}},{"type":"Feature","geometry":{"type":"Point","coordinates":[11.462713,46.608988]},"properties":{"id":353,"hoehe_m":2141,"sektoren_frei":["SSO"],"sektoren_blockiert":["SW"],"erste_kollision_m":{"SW":15},"flaeche_m2":795925,"neigung_grad":10.6,"ausrichtung_grad":167,"weg_abstand_m":92,"wald_hinweis":false}},{"type":"Feature","geometry":{"type":"Point","coordinates":[11.449948,46.626362]},"properties":{"id":354,"hoehe_m":2140,"sektoren_frei":["NW","NW"],"sektoren_blockiert":[],"erste_kollision_m":{},"flaeche_m2":16950,"neigung_grad":11.7,"ausrichtung_grad":327,"weg_abstand_m":389,"wald_hinweis":false}},{"type":"Feature","geometry":{"type":"Point","coordinates":[11.451939,46.627062]},"properties":{"id":355,"hoehe_m":2140,"sektoren_frei":[],"sektoren_blockiert":["NNO"],"erste_kollision_m":{"NNO":9},"flaeche_m2":3175,"neigung_grad":9.6,"ausrichtung_grad":16,"weg_abstand_m":247,"wald_hinweis":false}},{"type":"Feature","geometry":{"type":"Point","coordinates":[11.425513,46.637908]},"properties":{"id":356,"hoehe_m":2140,"sektoren_frei":["S"],"sektoren_blockiert":[],"erste_kollision_m":{},"flaeche_m2":500,"neigung_grad":14.1,"ausrichtung_grad":193,"weg_abstand_m":519,"wald_hinweis":false}},{"type":"Feature","geometry":{"type":"Point","coordinates":[11.455706,46.622976]},"properties":{"id":357,"hoehe_m":2140,"sektoren_frei":[],"sektoren_blockiert":["W","NNW"],"erste_kollision_m":{"W":29,"NNW":40},"flaeche_m2":3425,"neigung_grad":13.6,"ausrichtung_grad":293,"weg_abstand_m":2,"wald_hinweis":false}},{"type":"Feature","geometry":{"type":"Point","coordinates":[11.458957,46.631299]},"properties":{"id":358,"hoehe_m":2140,"sektoren_frei":[],"sektoren_blockiert":["NNW"],"erste_kollision_m":{"NNW":6},"flaeche_m2":156,"neigung_grad":8.0,"ausrichtung_grad":8,"weg_abstand_m":136,"wald_hinweis":false}},{"type":"Feature","geometry":{"type":"Point","coordinates":[11.454637,46.626059]},"properties":{"id":359,"hoehe_m":2140,"sektoren_frei":[],"sektoren_blockiert":["S"],"erste_kollision_m":{"S":82},"flaeche_m2":144,"neigung_grad":25.9,"ausrichtung_grad":214,"weg_abstand_m":43,"wald_hinweis":false}},{"type":"Feature","geometry":{"type":"Point","coordinates":[11.461432,46.620333]},"properties":{"id":360,"hoehe_m":2140,"sektoren_frei":[],"sektoren_blockiert":["N"],"erste_kollision_m":{"N":90},"flaeche_m2":2650,"neigung_grad":11.0,"ausrichtung_grad":5,"weg_abstand_m":110,"wald_hinweis":false}},{"type":"Feature","geometry":{"type":"Point","coordinates":[11.451458,46.627252]},"properties":{"id":361,"hoehe_m":2140,"sektoren_frei":[],"sektoren_blockiert":["NO"],"erste_kollision_m":{"NO":11},"flaeche_m2":731,"neigung_grad":10.7,"ausrichtung_grad":26,"weg_abstand_m":288,"wald_hinweis":false}},{"type":"Feature","geometry":{"type":"Point","coordinates":[11.46467,46.631963]},"properties":{"id":362,"hoehe_m":2140,"sektoren_frei":[],"sektoren_blockiert":["ONO"],"erste_kollision_m":{"ONO":8},"flaeche_m2":200,"neigung_grad":8.2,"ausrichtung_grad":60,"weg_abstand_m":241,"wald_hinweis":false}},{"type":"Feature","geometry":{"type":"Point","coordinates":[11.456483,46.625704]},"properties":{"id":363,"hoehe_m":2140,"sektoren_frei":[],"sektoren_blockiert":["S","SSW","SW","W"],"erste_kollision_m":{"S":2,"SSW":6,"SW":4,"W":42},"flaeche_m2":788,"neigung_grad":12.9,"ausrichtung_grad":197,"weg_abstand_m":6,"wald_hinweis":false}},{"type":"Feature","geometry":{"type":"Point","coordinates":[11.454445,46.629753]},"properties":{"id":364,"hoehe_m":2140,"sektoren_frei":[],"sektoren_blockiert":["WNW"],"erste_kollision_m":{"WNW":25},"flaeche_m2":1138,"neigung_grad":12.8,"ausrichtung_grad":326,"weg_abstand_m":159,"wald_hinweis":false}},{"type":"Feature","geometry":{"type":"Point","coordinates":[11.455697,46.626396]},"properties":{"id":365,"hoehe_m":2139,"sektoren_frei":[],"sektoren_blockiert":["SSO"],"erste_kollision_m":{"SSO":35},"flaeche_m2":238,"neigung_grad":11.3,"ausrichtung_grad":167,"weg_abstand_m":47,"wald_hinweis":false}},{"type":"Feature","geometry":{"type":"Point","coordinates":[11.45094,46.625193]},"properties":{"id":366,"hoehe_m":2139,"sektoren_frei":[],"sektoren_blockiert":["SSW"],"erste_kollision_m":{"SSW":23},"flaeche_m2":11581,"neigung_grad":13.2,"ausrichtung_grad":175,"weg_abstand_m":341,"wald_hinweis":false}},{"type":"Feature","geometry":{"type":"Point","coordinates":[11.456394,46.624469]},"properties":{"id":367,"hoehe_m":2139,"sektoren_frei":[],"sektoren_blockiert":["WSW","W"],"erste_kollision_m":{"WSW":38,"W":8},"flaeche_m2":250,"neigung_grad":8.4,"ausrichtung_grad":288,"weg_abstand_m":9,"wald_hinweis":false}},{"type":"Feature","geometry":{"type":"Point","coordinates":[11.458697,46.631327]},"properties":{"id":368,"hoehe_m":2139,"sektoren_frei":[],"sektoren_blockiert":["WNW","NW"],"erste_kollision_m":{"WNW":6,"NW":6},"flaeche_m2":706,"neigung_grad":8.5,"ausrichtung_grad":325,"weg_abstand_m":117,"wald_hinweis":false}},{"type":"Feature","geometry":{"type":"Point","coordinates":[11.463664,46.629937]},"properties":{"id":369,"hoehe_m":2139,"sektoren_frei":[],"sektoren_blockiert":["OSO"],"erste_kollision_m":{"OSO":13},"flaeche_m2":619,"neigung_grad":9.5,"ausrichtung_grad":144,"weg_abstand_m":106,"wald_hinweis":false}},{"type":"Feature","geometry":{"type":"Point","coordinates":[11.460402,46.61995]},"properties":{"id":370,"hoehe_m":2139,"sektoren_frei":[],"sektoren_blockiert":["N","NNO","NO","ONO","WNW","NW","NNW","NNW"],"erste_kollision_m":{"N":89,"NNO":64,"NO":6,"ONO":28,"WNW":23,"NW":41,"NNW":15},"flaeche_m2":1731,"neigung_grad":11.5,"ausrichtung_grad":29,"weg_abstand_m":144,"wald_hinweis":false}},{"type":"Feature","geometry":{"type":"Point","coordinates":[11.45744,46.625211]},"properties":{"id":371,"hoehe_m":2139,"sektoren_frei":[],"sektoren_blockiert":["SO","SSO","S"],"erste_kollision_m":{"SO":6,"SSO":33,"S":16},"flaeche_m2":756,"neigung_grad":10.7,"ausrichtung_grad":162,"weg_abstand_m":34,"wald_hinweis":false}},{"type":"Feature","geometry":{"type":"Point","coordinates":[11.451864,46.610211]},"properties":{"id":372,"hoehe_m":2139,"sektoren_frei":[],"sektoren_blockiert":["W"],"erste_kollision_m":{"W":5},"flaeche_m2":11206,"neigung_grad":7.9,"ausrichtung_grad":238,"weg_abstand_m":144,"wald_hinweis":false}},{"type":"Feature","geometry":{"type":"Point","coordinates":[11.456387,46.630094]},"properties":{"id":373,"hoehe_m":2139,"sektoren_frei":["NW"],"sektoren_blockiert":[],"erste_kollision_m":{},"flaeche_m2":358069,"neigung_grad":10.0,"ausrichtung_grad":318,"weg_abstand_m":15,"wald_hinweis":false}},{"type":"Feature","geometry":{"type":"Point","coordinates":[11.456359,46.625865]},"properties":{"id":374,"hoehe_m":2139,"sektoren_frei":[],"sektoren_blockiert":["WNW"],"erste_kollision_m":{"WNW":39},"flaeche_m2":144,"neigung_grad":16.0,"ausrichtung_grad":295,"weg_abstand_m":14,"wald_hinweis":false}},{"type":"Feature","geometry":{"type":"Point","coordinates":[11.4565,46.624647]},"properties":{"id":375,"hoehe_m":2139,"sektoren_frei":[],"sektoren_blockiert":["WNW","WNW","NW","NNW"],"erste_kollision_m":{"WNW":10,"NW":15,"NNW":10},"flaeche_m2":1238,"neigung_grad":9.6,"ausrichtung_grad":322,"weg_abstand_m":7,"wald_hinweis":false}},{"type":"Feature","geometry":{"type":"Point","coordinates":[11.45352,46.629526]},"properties":{"id":376,"hoehe_m":2139,"sektoren_frei":["N","W"],"sektoren_blockiert":["NNO","NO"],"erste_kollision_m":{"NNO":6,"NO":34},"flaeche_m2":46969,"neigung_grad":14.8,"ausrichtung_grad":343,"weg_abstand_m":227,"wald_hinweis":false}},{"type":"Feature","geometry":{"type":"Point","coordinates":[11.461824,46.620347]},"properties":{"id":377,"hoehe_m":2138,"sektoren_frei":["ONO","O"],"sektoren_blockiert":[],"erste_kollision_m":{},"flaeche_m2":100688,"neigung_grad":16.5,"ausrichtung_grad":57,"weg_abstand_m":125,"wald_hinweis":false}},{"type":"Feature","geometry":{"type":"Point","coordinates":[11.424997,46.638054]},"properties":{"id":378,"hoehe_m":2138,"sektoren_frei":["SSW"],"sektoren_blockiert":[],"erste_kollision_m":{},"flaeche_m2":334506,"neigung_grad":14.6,"ausrichtung_grad":219,"weg_abstand_m":497,"wald_hinweis":false}},{"type":"Feature","geometry":{"type":"Point","coordinates":[11.461249,46.60911]},"properties":{"id":379,"hoehe_m":2138,"sektoren_frei":[],"sektoren_blockiert":["SO"],"erste_kollision_m":{"SO":6},"flaeche_m2":12069,"neigung_grad":12.3,"ausrichtung_grad":173,"weg_abstand_m":54,"wald_hinweis":false}},{"type":"Feature","geometry":{"type":"Point","coordinates":[11.45748,46.624648]},"properties":{"id":380,"hoehe_m":2138,"sektoren_frei":[],"sektoren_blockiert":["NNO"],"erste_kollision_m":{"NNO":20},"flaeche_m2":162,"neigung_grad":10.8,"ausrichtung_grad":25,"weg_abstand_m":53,"wald_hinweis":false}},{"type":"Feature","geometry":{"type":"Point","coordinates":[11.449116,46.618055]},"properties":{"id":381,"hoehe_m":2138,"sektoren_frei":[],"sektoren_blockiert":["SW"],"erste_kollision_m":{"SW":347},"flaeche_m2":29306,"neigung_grad":24.3,"ausrichtung_grad":247,"weg_abstand_m":78,"wald_hinweis":false}},{"type":"Feature","geometry":{"type":"Point","coordinates":[11.452555,46.609612]},"properties":{"id":382,"hoehe_m":2138,"sektoren_frei":[],"sektoren_blockiert":["SSO"],"erste_kollision_m":{"SSO":9},"flaeche_m2":244,"neigung_grad":9.0,"ausrichtung_grad":192,"weg_abstand_m":189,"wald_hinweis":false}},{"type":"Feature","geometry":{"type":"Point","coordinates":[11.457634,46.623722]},"properties":{"id":383,"hoehe_m":2138,"sektoren_frei":[],"sektoren_blockiert":["SSO"],"erste_kollision_m":{"SSO":8},"flaeche_m2":1062,"neigung_grad":11.5,"ausrichtung_grad":130,"weg_abstand_m":69,"wald_hinweis":false}},{"type":"Feature","geometry":{"type":"Point","coordinates":[11.449897,46.619433]},"properties":{"id":384,"hoehe_m":2138,"sektoren_frei":["W"],"sektoren_blockiert":[],"erste_kollision_m":{},"flaeche_m2":141900,"neigung_grad":13.9,"ausrichtung_grad":302,"weg_abstand_m":72,"wald_hinweis":false}},{"type":"Feature","geometry":{"type":"Point","coordinates":[11.451357,46.61056]},"properties":{"id":385,"hoehe_m":2138,"sektoren_frei":[],"sektoren_blockiert":["SSW"],"erste_kollision_m":{"SSW":8},"flaeche_m2":131,"neigung_grad":7.8,"ausrichtung_grad":240,"weg_abstand_m":107,"wald_hinweis":false}},{"type":"Feature","geometry":{"type":"Point","coordinates":[11.458691,46.621832]},"properties":{"id":386,"hoehe_m":2137,"sektoren_frei":[],"sektoren_blockiert":["NO","NO","ONO","OSO"],"erste_kollision_m":{"NO":4,"ONO":6,"OSO":15},"flaeche_m2":325,"neigung_grad":8.8,"ausrichtung_grad":93,"weg_abstand_m":33,"wald_hinweis":false}},{"type":"Feature","geometry":{"type":"Point","coordinates":[11.459248,46.621145]},"properties":{"id":387,"hoehe_m":2137,"sektoren_frei":[],"sektoren_blockiert":["NNO","NO","ONO","O"],"erste_kollision_m":{"NNO":65,"NO":63,"ONO":63,"O":63},"flaeche_m2":1112,"neigung_grad":13.1,"ausrichtung_grad":47,"weg_abstand_m":78,"wald_hinweis":false}},{"type":"Feature","geometry":{"type":"Point","coordinates":[11.466182,46.610601]},"properties":{"id":388,"hoehe_m":2137,"sektoren_frei":[],"sektoren_blockiert":["O"],"erste_kollision_m":{"O":8},"flaeche_m2":131,"neigung_grad":17.7,"ausrichtung_grad":128,"weg_abstand_m":149,"wald_hinweis":false}},{"type":"Feature","geometry":{"type":"Point","coordinates":[11.462026,46.608958]},"properties":{"id":389,"hoehe_m":2137,"sektoren_frei":[],"sektoren_blockiert":["WSW"],"erste_kollision_m":{"WSW":6},"flaeche_m2":225,"neigung_grad":11.6,"ausrichtung_grad":208,"weg_abstand_m":76,"wald_hinweis":false}},{"type":"Feature","geometry":{"type":"Point","coordinates":[11.4501,46.615267]},"properties":{"id":390,"hoehe_m":2137,"sektoren_frei":[],"sektoren_blockiert":["SW"],"erste_kollision_m":{"SW":22},"flaeche_m2":219,"neigung_grad":10.0,"ausrichtung_grad":233,"weg_abstand_m":71,"wald_hinweis":false}},{"type":"Feature","geometry":{"type":"Point","coordinates":[11.457963,46.625223]},"properties":{"id":391,"hoehe_m":2137,"sektoren_frei":[],"sektoren_blockiert":["NO","ONO","O","OSO"],"erste_kollision_m":{"NO":4,"ONO":53,"O":2,"OSO":8},"flaeche_m2":5350,"neigung_grad":11.8,"ausrichtung_grad":85,"weg_abstand_m":71,"wald_hinweis":false}},{"type":"Feature","geometry":{"type":"Point","coordinates":[11.457618,46.625545]},"properties":{"id":392,"hoehe_m":2137,"sektoren_frei":[],"sektoren_blockiert":["N","NNO","NO","ONO"],"erste_kollision_m":{"N":8,"NNO":45,"NO":39,"ONO":20},"flaeche_m2":2044,"neigung_grad":9.9,"ausrichtung_grad":30,"weg_abstand_m":30,"wald_hinweis":false}},{"type":"Feature","geometry":{"type":"Point","coordinates":[11.43757,46.641611]},"properties":{"id":393,"hoehe_m":2137,"sektoren_frei":[],"sektoren_blockiert":["O"],"erste_kollision_m":{"O":191},"flaeche_m2":300,"neigung_grad":27.3,"ausrichtung_grad":119,"weg_abstand_m":130,"wald_hinweis":false}},{"type":"Feature","geometry":{"type":"Point","coordinates":[11.454673,46.609521]},"properties":{"id":394,"hoehe_m":2137,"sektoren_frei":["S"],"sektoren_blockiert":[],"erste_kollision_m":{},"flaeche_m2":896231,"neigung_grad":11.9,"ausrichtung_grad":161,"weg_abstand_m":336,"wald_hinweis":false}},{"type":"Feature","geometry":{"type":"Point","coordinates":[11.45176,46.625266]},"properties":{"id":395,"hoehe_m":2136,"sektoren_frei":[],"sektoren_blockiert":["OSO"],"erste_kollision_m":{"OSO":8},"flaeche_m2":800,"neigung_grad":11.1,"ausrichtung_grad":135,"weg_abstand_m":280,"wald_hinweis":false}},{"type":"Feature","geometry":{"type":"Point","coordinates":[11.463823,46.632724]},"properties":{"id":396,"hoehe_m":2136,"sektoren_frei":[],"sektoren_blockiert":["NNW"],"erste_kollision_m":{"NNW":12},"flaeche_m2":156,"neigung_grad":15.5,"ausrichtung_grad":13,"weg_abstand_m":237,"wald_hinweis":false}},{"type":"Feature","geometry":{"type":"Point","coordinates":[11.463684,46.60881]},"properties":{"id":397,"hoehe_m":2136,"sektoren_frei":["SO","S"],"sektoren_blockiert":[],"erste_kollision_m":{},"flaeche_m2":896231,"neigung_grad":11.8,"ausrichtung_grad":170,"weg_abstand_m":138,"wald_hinweis":false}},{"type":"Feature","geometry":{"type":"Point","coordinates":[11.465566,46.630841]},"properties":{"id":398,"hoehe_m":2136,"sektoren_frei":[],"sektoren_blockiert":["ONO"],"erste_kollision_m":{"ONO":12},"flaeche_m2":312,"neigung_grad":8.4,"ausrichtung_grad":95,"weg_abstand_m":179,"wald_hinweis":false}},{"type":"Feature","geometry":{"type":"Point","coordinates":[11.438656,46.642533]},"properties":{"id":399,"hoehe_m":2136,"sektoren_frei":["S"],"sektoren_blockiert":[],"erste_kollision_m":{},"flaeche_m2":340575,"neigung_grad":18.5,"ausrichtung_grad":157,"weg_abstand_m":248,"wald_hinweis":false}},{"type":"Feature","geometry":{"type":"Point","coordinates":[11.451332,46.625185]},"properties":{"id":400,"hoehe_m":2136,"sektoren_frei":[],"sektoren_blockiert":["SSW"],"erste_kollision_m":{"SSW":6},"flaeche_m2":112,"neigung_grad":10.8,"ausrichtung_grad":165,"weg_abstand_m":313,"wald_hinweis":false}},{"type":"Feature","geometry":{"type":"Point","coordinates":[11.458178,46.631405]},"properties":{"id":401,"hoehe_m":2136,"sektoren_frei":[],"sektoren_blockiert":["W"],"erste_kollision_m":{"W":2},"flaeche_m2":325,"neigung_grad":9.9,"ausrichtung_grad":308,"weg_abstand_m":77,"wald_hinweis":false}},{"type":"Feature","geometry":{"type":"Point","coordinates":[11.45653,46.630361]},"properties":{"id":402,"hoehe_m":2136,"sektoren_frei":[],"sektoren_blockiert":["W"],"erste_kollision_m":{"W":5},"flaeche_m2":3588,"neigung_grad":10.0,"ausrichtung_grad":296,"weg_abstand_m":5,"wald_hinweis":false}},{"type":"Feature","geometry":{"type":"Point","coordinates":[11.455999,46.623667]},"properties":{"id":403,"hoehe_m":2136,"sektoren_frei":[],"sektoren_blockiert":["WSW"],"erste_kollision_m":{"WSW":6},"flaeche_m2":538,"neigung_grad":10.6,"ausrichtung_grad":274,"weg_abstand_m":24,"wald_hinweis":false}},{"type":"Feature","geometry":{"type":"Point","coordinates":[11.426298,46.637936]},"properties":{"id":404,"hoehe_m":2136,"sektoren_frei":["OSO"],"sektoren_blockiert":["O"],"erste_kollision_m":{"O":8},"flaeche_m2":241525,"neigung_grad":14.2,"ausrichtung_grad":130,"weg_abstand_m":570,"wald_hinweis":false}},{"type":"Feature","geometry":{"type":"Point","coordinates":[11.458005,46.624704]},"properties":{"id":405,"hoehe_m":2136,"sektoren_frei":[],"sektoren_blockiert":["NO","ONO"],"erste_kollision_m":{"NO":34,"ONO":45},"flaeche_m2":194,"neigung_grad":9.4,"ausrichtung_grad":86,"weg_abstand_m":91,"wald_hinweis":false}},{"type":"Feature","geometry":{"type":"Point","coordinates":[11.425698,46.637656]},"properties":{"id":406,"hoehe_m":2136,"sektoren_frei":[],"sektoren_blockiert":["S","SSW"],"erste_kollision_m":{"S":71,"SSW":44},"flaeche_m2":431,"neigung_grad":11.6,"ausrichtung_grad":170,"weg_abstand_m":514,"wald_hinweis":false}},{"type":"Feature","geometry":{"type":"Point","coordinates":[11.451173,46.620216]},"properties":{"id":407,"hoehe_m":2136,"sektoren_frei":[],"sektoren_blockiert":["NW"],"erste_kollision_m":{"NW":301},"flaeche_m2":156,"neigung_grad":27.2,"ausrichtung_grad":310,"weg_abstand_m":56,"wald_hinweis":false}},{"type":"Feature","geometry":{"type":"Point","coordinates":[11.451908,46.609738]},"properties":{"id":408,"hoehe_m":2136,"sektoren_frei":[],"sektoren_blockiert":["S"],"erste_kollision_m":{"S":2},"flaeche_m2":112,"neigung_grad":8.9,"ausrichtung_grad":220,"weg_abstand_m":142,"wald_hinweis":false}},{"type":"Feature","geometry":{"type":"Point","coordinates":[11.462862,46.62955]},"properties":{"id":409,"hoehe_m":2135,"sektoren_frei":[],"sektoren_blockiert":["OSO","SW"],"erste_kollision_m":{"OSO":6,"SW":4},"flaeche_m2":1588,"neigung_grad":8.7,"ausrichtung_grad":144,"weg_abstand_m":76,"wald_hinweis":false}},{"type":"Feature","geometry":{"type":"Point","coordinates":[11.462289,46.619797]},"properties":{"id":410,"hoehe_m":2135,"sektoren_frei":[],"sektoren_blockiert":["SO"],"erste_kollision_m":{"SO":4},"flaeche_m2":125,"neigung_grad":8.8,"ausrichtung_grad":148,"weg_abstand_m":142,"wald_hinweis":false}},{"type":"Feature","geometry":{"type":"Point","coordinates":[11.459027,46.621307]},"properties":{"id":411,"hoehe_m":2135,"sektoren_frei":[],"sektoren_blockiert":["ONO"],"erste_kollision_m":{"ONO":8},"flaeche_m2":150,"neigung_grad":8.9,"ausrichtung_grad":43,"weg_abstand_m":67,"wald_hinweis":false}},{"type":"Feature","geometry":{"type":"Point","coordinates":[11.446688,46.624317]},"properties":{"id":412,"hoehe_m":2135,"sektoren_frei":["SSW"],"sektoren_blockiert":["O","OSO","SW","W"],"erste_kollision_m":{"O":2,"OSO":20,"SW":94,"W":16},"flaeche_m2":161000,"neigung_grad":12.8,"ausrichtung_grad":192,"weg_abstand_m":574,"wald_hinweis":false}},{"type":"Feature","geometry":{"type":"Point","coordinates":[11.446437,46.624547]},"properties":{"id":413,"hoehe_m":2135,"sektoren_frei":["WSW"],"sektoren_blockiert":["SW"],"erste_kollision_m":{"SW":4},"flaeche_m2":2225,"neigung_grad":13.9,"ausrichtung_grad":241,"weg_abstand_m":599,"wald_hinweis":false}},{"type":"Feature","geometry":{"type":"Point","coordinates":[11.456045,46.624701]},"properties":{"id":414,"hoehe_m":2135,"sektoren_frei":[],"sektoren_blockiert":["W","WNW"],"erste_kollision_m":{"W":2,"WNW":6},"flaeche_m2":331,"neigung_grad":10.2,"ausrichtung_grad":297,"weg_abstand_m":41,"wald_hinweis":false}},{"type":"Feature","geometry":{"type":"Point","coordinates":[11.44976,46.615679]},"properties":{"id":415,"hoehe_m":2135,"sektoren_frei":["WNW"],"sektoren_blockiert":["SW"],"erste_kollision_m":{"SW":9},"flaeche_m2":268450,"neigung_grad":13.8,"ausrichtung_grad":266,"weg_abstand_m":77,"wald_hinweis":false}},{"type":"Feature","geometry":{"type":"Point","coordinates":[11.457956,46.627945]},"properties":{"id":416,"hoehe_m":2135,"sektoren_frei":[],"sektoren_blockiert":["O"],"erste_kollision_m":{"O":2},"flaeche_m2":794,"neigung_grad":9.6,"ausrichtung_grad":112,"weg_abstand_m":122,"wald_hinweis":false}},{"type":"Feature","geometry":{"type":"Point","coordinates":[11.452965,46.629537]},"properties":{"id":417,"hoehe_m":2135,"sektoren_frei":["NW"],"sektoren_blockiert":[],"erste_kollision_m":{},"flaeche_m2":358069,"neigung_grad":18.0,"ausrichtung_grad":305,"weg_abstand_m":269,"wald_hinweis":false}},{"type":"Feature","geometry":{"type":"Point","coordinates":[11.458843,46.622301]},"properties":{"id":418,"hoehe_m":2135,"sektoren_frei":[],"sektoren_blockiert":["N","NNO","OSO","SO"],"erste_kollision_m":{"N":21,"NNO":40,"OSO":53,"SO":17},"flaeche_m2":6169,"neigung_grad":11.0,"ausrichtung_grad":32,"weg_abstand_m":3,"wald_hinweis":false}},{"type":"Feature","geometry":{"type":"Point","coordinates":[11.45837,46.622671]},"properties":{"id":419,"hoehe_m":2135,"sektoren_frei":[],"sektoren_blockiert":["NNW"],"erste_kollision_m":{"NNW":6},"flaeche_m2":112,"neigung_grad":8.8,"ausrichtung_grad":15,"weg_abstand_m":17,"wald_hinweis":false}},{"type":"Feature","geometry":{"type":"Point","coordinates":[11.45788,46.631322]},"properties":{"id":420,"hoehe_m":2135,"sektoren_frei":["WNW"],"sektoren_blockiert":[],"erste_kollision_m":{},"flaeche_m2":27275,"neigung_grad":12.2,"ausrichtung_grad":318,"weg_abstand_m":61,"wald_hinweis":false}},{"type":"Feature","geometry":{"type":"Point","coordinates":[11.435915,46.642592]},"properties":{"id":421,"hoehe_m":2135,"sektoren_frei":["SSW","SW"],"sektoren_blockiert":["W"],"erste_kollision_m":{"W":138},"flaeche_m2":282556,"neigung_grad":25.4,"ausrichtung_grad":234,"weg_abstand_m":100,"wald_hinweis":false}},{"type":"Feature","geometry":{"type":"Point","coordinates":[11.465527,46.617027]},"properties":{"id":422,"hoehe_m":2135,"sektoren_frei":[],"sektoren_blockiert":["NNO","NO"],"erste_kollision_m":{"NNO":78,"NO":34},"flaeche_m2":738,"neigung_grad":18.1,"ausrichtung_grad":18,"weg_abstand_m":35,"wald_hinweis":false}},{"type":"Feature","geometry":{"type":"Point","coordinates":[11.462552,46.619837]},"properties":{"id":423,"hoehe_m":2135,"sektoren_frei":["O"],"sektoren_blockiert":["OSO"],"erste_kollision_m":{"OSO":37},"flaeche_m2":7369,"neigung_grad":15.5,"ausrichtung_grad":77,"weg_abstand_m":121,"wald_hinweis":false}},{"type":"Feature","geometry":{"type":"Point","coordinates":[11.457719,46.62777]},"properties":{"id":424,"hoehe_m":2135,"sektoren_frei":[],"sektoren_blockiert":["SSO"],"erste_kollision_m":{"SSO":6},"flaeche_m2":444,"neigung_grad":8.7,"ausrichtung_grad":146,"weg_abstand_m":102,"wald_hinweis":false}},{"type":"Feature","geometry":{"type":"Point","coordinates":[11.459807,46.620503]},"properties":{"id":425,"hoehe_m":2135,"sektoren_frei":[],"sektoren_blockiert":["NO"],"erste_kollision_m":{"NO":58},"flaeche_m2":738,"neigung_grad":12.4,"ausrichtung_grad":38,"weg_abstand_m":110,"wald_hinweis":false}},{"type":"Feature","geometry":{"type":"Point","coordinates":[11.465729,46.631558]},"properties":{"id":426,"hoehe_m":2135,"sektoren_frei":[],"sektoren_blockiert":["NNO"],"erste_kollision_m":{"NNO":6},"flaeche_m2":638,"neigung_grad":8.6,"ausrichtung_grad":63,"weg_abstand_m":207,"wald_hinweis":false}},{"type":"Feature","geometry":{"type":"Point","coordinates":[11.450437,46.611884]},"properties":{"id":427,"hoehe_m":2135,"sektoren_frei":[],"sektoren_blockiert":["W","WNW","NW","NNW"],"erste_kollision_m":{"W":2,"WNW":6,"NW":4,"NNW":6},"flaeche_m2":281,"neigung_grad":8.2,"ausrichtung_grad":306,"weg_abstand_m":7,"wald_hinweis":false}},{"type":"Feature","geometry":{"type":"Point","coordinates":[11.457529,46.625727]},"properties":{"id":428,"hoehe_m":2134,"sektoren_frei":[],"sektoren_blockiert":["ONO"],"erste_kollision_m":{"ONO":6},"flaeche_m2":488,"neigung_grad":8.8,"ausrichtung_grad":73,"weg_abstand_m":13,"wald_hinweis":false}},{"type":"Feature","geometry":{"type":"Point","coordinates":[11.450242,46.614791]},"properties":{"id":429,"hoehe_m":2134,"sektoren_frei":[],"sektoren_blockiert":["W"],"erste_kollision_m":{"W":2},"flaeche_m2":300,"neigung_grad":9.9,"ausrichtung_grad":259,"weg_abstand_m":68,"wald_hinweis":false}},{"type":"Feature","geometry":{"type":"Point","coordinates":[11.458357,46.628162]},"properties":{"id":430,"hoehe_m":2134,"sektoren_frei":[],"sektoren_blockiert":["O"],"erste_kollision_m":{"O":2},"flaeche_m2":719,"neigung_grad":9.0,"ausrichtung_grad":129,"weg_abstand_m":138,"wald_hinweis":false}},{"type":"Feature","geometry":{"type":"Point","coordinates":[11.450335,46.611054]},"properties":{"id":431,"hoehe_m":2134,"sektoren_frei":[],"sektoren_blockiert":["WSW"],"erste_kollision_m":{"WSW":9},"flaeche_m2":200,"neigung_grad":7.6,"ausrichtung_grad":228,"weg_abstand_m":19,"wald_hinweis":false}},{"type":"Feature","geometry":{"type":"Point","coordinates":[11.449833,46.615137]},"properties":{"id":432,"hoehe_m":2134,"sektoren_frei":[],"sektoren_blockiert":["SSW"],"erste_kollision_m":{"SSW":6},"flaeche_m2":250,"neigung_grad":9.8,"ausrichtung_grad":222,"weg_abstand_m":93,"wald_hinweis":false}},{"type":"Feature","geometry":{"type":"Point","coordinates":[11.449606,46.616605]},"properties":{"id":433,"hoehe_m":2133,"sektoren_frei":[],"sektoren_blockiert":["NW"],"erste_kollision_m":{"NW":58},"flaeche_m2":6294,"neigung_grad":14.5,"ausrichtung_grad":279,"weg_abstand_m":57,"wald_hinweis":false}},{"type":"Feature","geometry":{"type":"Point","coordinates":[11.448098,46.624444]},"properties":{"id":434,"hoehe_m":2133,"sektoren_frei":[],"sektoren_blockiert":["SW"],"erste_kollision_m":{"SW":34},"flaeche_m2":1506,"neigung_grad":14.1,"ausrichtung_grad":200,"weg_abstand_m":560,"wald_hinweis":false}},{"type":"Feature","geometry":{"type":"Point","coordinates":[11.45682,46.630985]},"properties":{"id":435,"hoehe_m":2133,"sektoren_frei":["WNW","WNW","WNW","NNW"],"sektoren_blockiert":["N"],"erste_kollision_m":{"N":8},"flaeche_m2":149156,"neigung_grad":12.3,"ausrichtung_grad":312,"weg_abstand_m":8,"wald_hinweis":false}},{"type":"Feature","geometry":{"type":"Point","coordinates":[11.458155,46.631631]},"properties":{"id":436,"hoehe_m":2133,"sektoren_frei":[],"sektoren_blockiert":["W"],"erste_kollision_m":{"W":2},"flaeche_m2":362,"neigung_grad":13.0,"ausrichtung_grad":305,"weg_abstand_m":66,"wald_hinweis":false}},{"type":"Feature","geometry":{"type":"Point","coordinates":[11.45845,46.624447]},"properties":{"id":437,"hoehe_m":2133,"sektoren_frei":[],"sektoren_blockiert":["NO","SSO"],"erste_kollision_m":{"NO":6,"SSO":6},"flaeche_m2":3769,"neigung_grad":15.7,"ausrichtung_grad":124,"weg_abstand_m":130,"wald_hinweis":false}},{"type":"Feature","geometry":{"type":"Point","coordinates":[11.458266,46.623979]},"properties":{"id":438,"hoehe_m":2133,"sektoren_frei":[],"sektoren_blockiert":["ONO"],"erste_kollision_m":{"ONO":20},"flaeche_m2":4794,"neigung_grad":18.2,"ausrichtung_grad":101,"weg_abstand_m":124,"wald_hinweis":false}},{"type":"Feature","geometry":{"type":"Point","coordinates":[11.465398,46.632172]},"properties":{"id":439,"hoehe_m":2133,"sektoren_frei":[],"sektoren_blockiert":["N","NNO"],"erste_kollision_m":{"N":16,"NNO":6},"flaeche_m2":450,"neigung_grad":8.7,"ausrichtung_grad":30,"weg_abstand_m":187,"wald_hinweis":false}},{"type":"Feature","geometry":{"type":"Point","coordinates":[11.462434,46.620109]},"properties":{"id":440,"hoehe_m":2133,"sektoren_frei":[],"sektoren_blockiert":["N"],"erste_kollision_m":{"N":8},"flaeche_m2":506,"neigung_grad":18.4,"ausrichtung_grad":32,"weg_abstand_m":124,"wald_hinweis":false}},{"type":"Feature","geometry":{"type":"Point","coordinates":[11.464405,46.629719]},"properties":{"id":441,"hoehe_m":2133,"sektoren_frei":[],"sektoren_blockiert":["SSW"],"erste_kollision_m":{"SSW":9},"flaeche_m2":438,"neigung_grad":10.5,"ausrichtung_grad":171,"weg_abstand_m":59,"wald_hinweis":false}},{"type":"Feature","geometry":{"type":"Point","coordinates":[11.464143,46.629702]},"properties":{"id":442,"hoehe_m":2133,"sektoren_frei":[],"sektoren_blockiert":["SSW"],"erste_kollision_m":{"SSW":6},"flaeche_m2":194,"neigung_grad":8.6,"ausrichtung_grad":171,"weg_abstand_m":64,"wald_hinweis":false}},{"type":"Feature","geometry":{"type":"Point","coordinates":[11.464957,46.632519]},"properties":{"id":443,"hoehe_m":2133,"sektoren_frei":[],"sektoren_blockiert":["ONO"],"erste_kollision_m":{"ONO":6},"flaeche_m2":700,"neigung_grad":9.6,"ausrichtung_grad":42,"weg_abstand_m":183,"wald_hinweis":false}},{"type":"Feature","geometry":{"type":"Point","coordinates":[11.458263,46.624631]},"properties":{"id":444,"hoehe_m":2133,"sektoren_frei":[],"sektoren_blockiert":["NNO"],"erste_kollision_m":{"NNO":28},"flaeche_m2":238,"neigung_grad":8.9,"ausrichtung_grad":42,"weg_abstand_m":112,"wald_hinweis":false}},{"type":"Feature","geometry":{"type":"Point","coordinates":[11.448893,46.618172]},"properties":{"id":445,"hoehe_m":2133,"sektoren_frei":[],"sektoren_blockiert":["SSW"],"erste_kollision_m":{"SSW":130},"flaeche_m2":112,"neigung_grad":19.4,"ausrichtung_grad":235,"weg_abstand_m":98,"wald_hinweis":false}},{"type":"Feature","geometry":{"type":"Point","coordinates":[11.463381,46.629471]},"properties":{"id":446,"hoehe_m":2132,"sektoren_frei":[],"sektoren_blockiert":["SSW"],"erste_kollision_m":{"SSW":9},"flaeche_m2":594,"neigung_grad":9.6,"ausrichtung_grad":169,"weg_abstand_m":87,"wald_hinweis":false}},{"type":"Feature","geometry":{"type":"Point","coordinates":[11.42683,46.638127]},"properties":{"id":447,"hoehe_m":2132,"sektoren_frei":["ONO","O","SSO"],"sektoren_blockiert":["S"],"erste_kollision_m":{"S":2},"flaeche_m2":5288,"neigung_grad":17.1,"ausrichtung_grad":134,"weg_abstand_m":602,"wald_hinweis":false}},{"type":"Feature","geometry":{"type":"Point","coordinates":[11.450246,46.627166]},"properties":{"id":448,"hoehe_m":2132,"sektoren_frei":["WNW"],"sektoren_blockiert":[],"erste_kollision_m":{},"flaeche_m2":13238,"neigung_grad":11.4,"ausrichtung_grad":299,"weg_abstand_m":375,"wald_hinweis":false}},{"type":"Feature","geometry":{"type":"Point","coordinates":[11.425364,46.637506]},"properties":{"id":449,"hoehe_m":2132,"sektoren_frei":[],"sektoren_blockiert":["SSW"],"erste_kollision_m":{"SSW":6},"flaeche_m2":238,"neigung_grad":10.7,"ausrichtung_grad":199,"weg_abstand_m":484,"wald_hinweis":false}},{"type":"Feature","geometry":{"type":"Point","coordinates":[11.453609,46.609094]},"properties":{"id":450,"hoehe_m":2132,"sektoren_frei":["SSW"],"sektoren_blockiert":[],"erste_kollision_m":{},"flaeche_m2":703719,"neigung_grad":11.5,"ausrichtung_grad":177,"weg_abstand_m":251,"wald_hinweis":false}},{"type":"Feature","geometry":{"type":"Point","coordinates":[11.45011,46.611869]},"properties":{"id":451,"hoehe_m":2132,"sektoren_frei":[],"sektoren_blockiert":["N","WNW","NW","NNW"],"erste_kollision_m":{"N":2,"WNW":6,"NW":6,"NNW":10},"flaeche_m2":512,"neigung_grad":7.9,"ausrichtung_grad":321,"weg_abstand_m":30,"wald_hinweis":false}},{"type":"Feature","geometry":{"type":"Point","coordinates":[11.449589,46.615503]},"properties":{"id":452,"hoehe_m":2132,"sektoren_frei":[],"sektoren_blockiert":["NW"],"erste_kollision_m":{"NW":6},"flaeche_m2":475,"neigung_grad":12.6,"ausrichtung_grad":275,"weg_abstand_m":97,"wald_hinweis":false}},{"type":"Feature","geometry":{"type":"Point","coordinates":[11.462855,46.608513]},"properties":{"id":453,"hoehe_m":2132,"sektoren_frei":[],"sektoren_blockiert":["WSW"],"erste_kollision_m":{"WSW":15},"flaeche_m2":125,"neigung_grad":9.4,"ausrichtung_grad":216,"weg_abstand_m":145,"wald_hinweis":false}},{"type":"Feature","geometry":{"type":"Point","coordinates":[11.426021,46.637582]},"properties":{"id":454,"hoehe_m":2132,"sektoren_frei":["OSO","SSO","S","S"],"sektoren_blockiert":["O","O","OSO","SSW"],"erste_kollision_m":{"O":21,"OSO":15,"SSW":9},"flaeche_m2":361119,"neigung_grad":13.1,"ausrichtung_grad":153,"weg_abstand_m":531,"wald_hinweis":false}},{"type":"Feature","geometry":{"type":"Point","coordinates":[11.465069,46.629952]},"properties":{"id":455,"hoehe_m":2132,"sektoren_frei":[],"sektoren_blockiert":["S"],"erste_kollision_m":{"S":2},"flaeche_m2":4725,"neigung_grad":10.7,"ausrichtung_grad":146,"weg_abstand_m":94,"wald_hinweis":false}},{"type":"Feature","geometry":{"type":"Point","coordinates":[11.460042,46.628575]},"properties":{"id":456,"hoehe_m":2131,"sektoren_frei":[],"sektoren_blockiert":["OSO"],"erste_kollision_m":{"OSO":18},"flaeche_m2":194,"neigung_grad":13.7,"ausrichtung_grad":149,"weg_abstand_m":179,"wald_hinweis":false}},{"type":"Feature","geometry":{"type":"Point","coordinates":[11.450325,46.610829]},"properties":{"id":457,"hoehe_m":2131,"sektoren_frei":[],"sektoren_blockiert":["S"],"erste_kollision_m":{"S":2},"flaeche_m2":162,"neigung_grad":7.9,"ausrichtung_grad":211,"weg_abstand_m":24,"wald_hinweis":false}},{"type":"Feature","geometry":{"type":"Point","coordinates":[11.447399,46.625607]},"properties":{"id":458,"hoehe_m":2131,"sektoren_frei":["WNW","NW","NNW"],"sektoren_blockiert":["N"],"erste_kollision_m":{"N":37},"flaeche_m2":53619,"neigung_grad":18.2,"ausrichtung_grad":318,"weg_abstand_m":560,"wald_hinweis":false}},{"type":"Feature","geometry":{"type":"Point","coordinates":[11.451832,46.627582]},"properties":{"id":459,"hoehe_m":2131,"sektoren_frei":["NNW"],"sektoren_blockiert":[],"erste_kollision_m":{},"flaeche_m2":17012,"neigung_grad":11.8,"ausrichtung_grad":345,"weg_abstand_m":274,"wald_hinweis":false}},{"type":"Feature","geometry":{"type":"Point","coordinates":[11.458053,46.625761]},"properties":{"id":460,"hoehe_m":2131,"sektoren_frei":[],"sektoren_blockiert":["N"],"erste_kollision_m":{"N":8},"flaeche_m2":462,"neigung_grad":9.0,"ausrichtung_grad":16,"weg_abstand_m":45,"wald_hinweis":false}},{"type":"Feature","geometry":{"type":"Point","coordinates":[11.424913,46.637628]},"properties":{"id":461,"hoehe_m":2131,"sektoren_frei":[],"sektoren_blockiert":["WNW"],"erste_kollision_m":{"WNW":16},"flaeche_m2":944,"neigung_grad":12.3,"ausrichtung_grad":259,"weg_abstand_m":464,"wald_hinweis":false}},{"type":"Feature","geometry":{"type":"Point","coordinates":[11.459788,46.620819]},"properties":{"id":462,"hoehe_m":2131,"sektoren_frei":[],"sektoren_blockiert":["O"],"erste_kollision_m":{"O":37},"flaeche_m2":125,"neigung_grad":16.3,"ausrichtung_grad":71,"weg_abstand_m":89,"wald_hinweis":false}},{"type":"Feature","geometry":{"type":"Point","coordinates":[11.458349,46.625102]},"properties":{"id":463,"hoehe_m":2131,"sektoren_frei":[],"sektoren_blockiert":["NO"],"erste_kollision_m":{"NO":4},"flaeche_m2":1369,"neigung_grad":8.2,"ausrichtung_grad":66,"weg_abstand_m":103,"wald_hinweis":false}},{"type":"Feature","geometry":{"type":"Point","coordinates":[11.449976,46.611062]},"properties":{"id":464,"hoehe_m":2131,"sektoren_frei":[],"sektoren_blockiert":["SSW","SW","WSW"],"erste_kollision_m":{"SSW":6,"SW":4,"WSW":6},"flaeche_m2":124325,"neigung_grad":7.8,"ausrichtung_grad":225,"weg_abstand_m":6,"wald_hinweis":false}},{"type":"Feature","geometry":{"type":"Point","coordinates":[11.453949,46.625286]},"properties":{"id":465,"hoehe_m":2131,"sektoren_frei":[],"sektoren_blockiert":["OSO","SO","SSO","S","SSW","SW"],"erste_kollision_m":{"OSO":20,"SO":6,"SSO":6,"S":2,"SSW":46,"SW":4},"flaeche_m2":3494,"neigung_grad":9.3,"ausrichtung_grad":153,"weg_abstand_m":142,"wald_hinweis":false}},{"type":"Feature","geometry":{"type":"Point","coordinates":[11.46364,46.608563]},"properties":{"id":466,"hoehe_m":2131,"sektoren_frei":[],"sektoren_blockiert":["OSO"],"erste_kollision_m":{"OSO":28},"flaeche_m2":238,"neigung_grad":15.6,"ausrichtung_grad":147,"weg_abstand_m":162,"wald_hinweis":false}},{"type":"Feature","geometry":{"type":"Point","coordinates":[11.45036,46.627523]},"properties":{"id":467,"hoehe_m":2130,"sektoren_frei":[],"sektoren_blockiert":["WSW"],"erste_kollision_m":{"WSW":6},"flaeche_m2":325,"neigung_grad":10.9,"ausrichtung_grad":264,"weg_abstand_m":377,"wald_hinweis":false}},{"type":"Feature","geometry":{"type":"Point","coordinates":[11.457792,46.627206]},"properties":{"id":468,"hoehe_m":2130,"sektoren_frei":[],"sektoren_blockiert":["OSO"],"erste_kollision_m":{"OSO":6},"flaeche_m2":119,"neigung_grad":8.2,"ausrichtung_grad":110,"weg_abstand_m":67,"wald_hinweis":false}},{"type":"Feature","geometry":{"type":"Point","coordinates":[11.449504,46.615797]},"properties":{"id":469,"hoehe_m":2130,"sektoren_frei":[],"sektoren_blockiert":["NW"],"erste_kollision_m":{"NW":6},"flaeche_m2":1225,"neigung_grad":12.2,"ausrichtung_grad":276,"weg_abstand_m":89,"wald_hinweis":false}},{"type":"Feature","geometry":{"type":"Point","coordinates":[11.449994,46.612906]},"properties":{"id":470,"hoehe_m":2130,"sektoren_frei":[],"sektoren_blockiert":["WSW","W","WNW","NW"],"erste_kollision_m":{"WSW":6,"W":2,"WNW":6,"NW":4},"flaeche_m2":1250,"neigung_grad":10.0,"ausrichtung_grad":289,"weg_abstand_m":48,"wald_hinweis":false}},{"type":"Feature","geometry":{"type":"Point","coordinates":[11.465848,46.632005]},"properties":{"id":471,"hoehe_m":2130,"sektoren_frei":[],"sektoren_blockiert":["NNO","OSO"],"erste_kollision_m":{"NNO":10,"OSO":6},"flaeche_m2":1312,"neigung_grad":10.4,"ausrichtung_grad":89,"weg_abstand_m":172,"wald_hinweis":false}},{"type":"Feature","geometry":{"type":"Point","coordinates":[11.469331,46.612378]},"properties":{"id":472,"hoehe_m":2130,"sektoren_frei":[],"sektoren_blockiert":["NO","ONO"],"erste_kollision_m":{"NO":6,"ONO":6},"flaeche_m2":244,"neigung_grad":10.0,"ausrichtung_grad":54,"weg_abstand_m":277,"wald_hinweis":true}},{"type":"Feature","geometry":{"type":"Point","coordinates":[11.458435,46.62555]},"properties":{"id":473,"hoehe_m":2130,"sektoren_frei":[],"sektoren_blockiert":["SO"],"erste_kollision_m":{"SO":4},"flaeche_m2":688,"neigung_grad":11.2,"ausrichtung_grad":125,"weg_abstand_m":82,"wald_hinweis":false}},{"type":"Feature","geometry":{"type":"Point","coordinates":[11.466091,46.61724]},"properties":{"id":474,"hoehe_m":2130,"sektoren_frei":[],"sektoren_blockiert":["WNW"],"erste_kollision_m":{"WNW":15},"flaeche_m2":225,"neigung_grad":12.7,"ausrichtung_grad":312,"weg_abstand_m":7,"wald_hinweis":false}},{"type":"Feature","geometry":{"type":"Point","coordinates":[11.452701,46.625133]},"properties":{"id":475,"hoehe_m":2130,"sektoren_frei":[],"sektoren_blockiert":["SO","S","SSW"],"erste_kollision_m":{"SO":20,"S":2,"SSW":6},"flaeche_m2":4300,"neigung_grad":11.1,"ausrichtung_grad":162,"weg_abstand_m":224,"wald_hinweis":false}},{"type":"Feature","geometry":{"type":"Point","coordinates":[11.45315,46.624944]},"properties":{"id":476,"hoehe_m":2130,"sektoren_frei":[],"sektoren_blockiert":["O","OSO","SO","SSW","SSW","SW"],"erste_kollision_m":{"O":8,"OSO":6,"SO":4,"SSW":60,"SW":6},"flaeche_m2":2062,"neigung_grad":11.9,"ausrichtung_grad":135,"weg_abstand_m":211,"wald_hinweis":false}},{"type":"Feature","geometry":{"type":"Point","coordinates":[11.454171,46.622244]},"properties":{"id":477,"hoehe_m":2130,"sektoren_frei":[],"sektoren_blockiert":["WSW"],"erste_kollision_m":{"WSW":37},"flaeche_m2":2825,"neigung_grad":11.4,"ausrichtung_grad":273,"weg_abstand_m":46,"wald_hinweis":false}},{"type":"Feature","geometry":{"type":"Point","coordinates":[11.463113,46.60844]},"properties":{"id":478,"hoehe_m":2130,"sektoren_frei":["SO","S"],"sektoren_blockiert":["SO"],"erste_kollision_m":{"SO":6},"flaeche_m2":896231,"neigung_grad":12.3,"ausrichtung_grad":175,"weg_abstand_m":160,"wald_hinweis":false}},{"type":"Feature","geometry":{"type":"Point","coordinates":[11.462043,46.60862]},"properties":{"id":479,"hoehe_m":2130,"sektoren_frei":[],"sektoren_blockiert":["WSW"],"erste_kollision_m":{"WSW":8},"flaeche_m2":1006,"neigung_grad":10.1,"ausrichtung_grad":210,"weg_abstand_m":112,"wald_hinweis":false}},{"type":"Feature","geometry":{"type":"Point","coordinates":[11.4588,46.622797]},"properties":{"id":480,"hoehe_m":2130,"sektoren_frei":[],"sektoren_blockiert":["N"],"erste_kollision_m":{"N":2},"flaeche_m2":369,"neigung_grad":14.3,"ausrichtung_grad":25,"weg_abstand_m":47,"wald_hinweis":false}},{"type":"Feature","geometry":{"type":"Point","coordinates":[11.462591,46.608451]},"properties":{"id":481,"hoehe_m":2129,"sektoren_frei":["S"],"sektoren_blockiert":[],"erste_kollision_m":{},"flaeche_m2":896231,"neigung_grad":11.3,"ausrichtung_grad":195,"weg_abstand_m":144,"wald_hinweis":false}},{"type":"Feature","geometry":{"type":"Point","coordinates":[11.437325,46.641257]},"properties":{"id":482,"hoehe_m":2129,"sektoren_frei":[],"sektoren_blockiert":["O"],"erste_kollision_m":{"O":145},"flaeche_m2":1619,"neigung_grad":25.0,"ausrichtung_grad":127,"weg_abstand_m":98,"wald_hinweis":false}},{"type":"Feature","geometry":{"type":"Point","coordinates":[11.458734,46.625656]},"properties":{"id":483,"hoehe_m":2129,"sektoren_frei":[],"sektoren_blockiert":["N","NNO","NO","NO","NO","ONO","ONO"],"erste_kollision_m":{"N":8,"NNO":6,"NO":6,"ONO":6},"flaeche_m2":544,"neigung_grad":10.5,"ausrichtung_grad":29,"weg_abstand_m":96,"wald_hinweis":false}},{"type":"Feature","geometry":{"type":"Point","coordinates":[11.426686,46.637838]},"properties":{"id":484,"hoehe_m":2129,"sektoren_frei":["O"],"sektoren_blockiert":[],"erste_kollision_m":{},"flaeche_m2":36281,"neigung_grad":17.2,"ausrichtung_grad":99,"weg_abstand_m":589,"wald_hinweis":false}},{"type":"Feature","geometry":{"type":"Point","coordinates":[11.458608,46.625051]},"properties":{"id":485,"hoehe_m":2129,"sektoren_frei":[],"sektoren_blockiert":["NNO","OSO"],"erste_kollision_m":{"NNO":6,"OSO":13},"flaeche_m2":812,"neigung_grad":9.5,"ausrichtung_grad":109,"weg_abstand_m":124,"wald_hinweis":false}},{"type":"Feature","geometry":{"type":"Point","coordinates":[11.446228,46.624259]},"properties":{"id":486,"hoehe_m":2129,"sektoren_frei":[],"sektoren_blockiert":["SSW","W"],"erste_kollision_m":{"SSW":25,"W":10},"flaeche_m2":625,"neigung_grad":11.8,"ausrichtung_grad":243,"weg_abstand_m":566,"wald_hinweis":false}},{"type":"Feature","geometry":{"type":"Point","coordinates":[11.425065,46.637377]},"properties":{"id":487,"hoehe_m":2129,"sektoren_frei":["SSW"],"sektoren_blockiert":["S"],"erste_kollision_m":{"S":8},"flaeche_m2":334506,"neigung_grad":12.8,"ausrichtung_grad":218,"weg_abstand_m":457,"wald_hinweis":false}},{"type":"Feature","geometry":{"type":"Point","coordinates":[11.450917,46.624676]},"properties":{"id":488,"hoehe_m":2129,"sektoren_frei":[],"sektoren_blockiert":["SW"],"erste_kollision_m":{"SW":4},"flaeche_m2":1462,"neigung_grad":13.8,"ausrichtung_grad":193,"weg_abstand_m":367,"wald_hinweis":false}},{"type":"Feature","geometry":{"type":"Point","coordinates":[11.464924,46.62964]},"properties":{"id":489,"hoehe_m":2129,"sektoren_frei":[],"sektoren_blockiert":["O"],"erste_kollision_m":{"O":5},"flaeche_m2":150,"neigung_grad":10.4,"ausrichtung_grad":127,"weg_abstand_m":59,"wald_hinweis":false}},{"type":"Feature","geometry":{"type":"Point","coordinates":[11.44897,46.624223]},"properties":{"id":490,"hoehe_m":2129,"sektoren_frei":[],"sektoren_blockiert":["SW"],"erste_kollision_m":{"SW":4},"flaeche_m2":1650,"neigung_grad":15.4,"ausrichtung_grad":201,"weg_abstand_m":494,"wald_hinweis":false}},{"type":"Feature","geometry":{"type":"Point","coordinates":[11.446441,46.623917]},"properties":{"id":491,"hoehe_m":2128,"sektoren_frei":["SSW"],"sektoren_blockiert":[],"erste_kollision_m":{},"flaeche_m2":161000,"neigung_grad":13.9,"ausrichtung_grad":197,"weg_abstand_m":529,"wald_hinweis":false}},{"type":"Feature","geometry":{"type":"Point","coordinates":[11.449742,46.610954]},"properties":{"id":492,"hoehe_m":2128,"sektoren_frei":[],"sektoren_blockiert":["S"],"erste_kollision_m":{"S":2},"flaeche_m2":575,"neigung_grad":8.0,"ausrichtung_grad":214,"weg_abstand_m":22,"wald_hinweis":false}},{"type":"Feature","geometry":{"type":"Point","coordinates":[11.459445,46.621883]},"properties":{"id":493,"hoehe_m":2128,"sektoren_frei":[],"sektoren_blockiert":["NNO"],"erste_kollision_m":{"NNO":28},"flaeche_m2":350,"neigung_grad":10.5,"ausrichtung_grad":37,"weg_abstand_m":5,"wald_hinweis":false}},{"type":"Feature","geometry":{"type":"Point","coordinates":[11.44947,46.615055]},"properties":{"id":494,"hoehe_m":2128,"sektoren_frei":[],"sektoren_blockiert":["SSW"],"erste_kollision_m":{"SSW":23},"flaeche_m2":144,"neigung_grad":14.5,"ausrichtung_grad":239,"weg_abstand_m":122,"wald_hinweis":false}},{"type":"Feature","geometry":{"type":"Point","coordinates":[11.453179,46.629915]},"properties":{"id":495,"hoehe_m":2128,"sektoren_frei":[],"sektoren_blockiert":["WSW","W"],"erste_kollision_m":{"WSW":6,"W":8},"flaeche_m2":1481,"neigung_grad":21.3,"ausrichtung_grad":282,"weg_abstand_m":257,"wald_hinweis":false}},{"type":"Feature","geometry":{"type":"Point","coordinates":[11.448913,46.617902]},"properties":{"id":496,"hoehe_m":2128,"sektoren_frei":[],"sektoren_blockiert":["SSW"],"erste_kollision_m":{"SSW":98},"flaeche_m2":888,"neigung_grad":26.7,"ausrichtung_grad":242,"weg_abstand_m":92,"wald_hinweis":false}},{"type":"Feature","geometry":{"type":"Point","coordinates":[11.463699,46.629284]},"properties":{"id":497,"hoehe_m":2128,"sektoren_frei":[],"sektoren_blockiert":["OSO"],"erste_kollision_m":{"OSO":6},"flaeche_m2":294,"neigung_grad":10.6,"ausrichtung_grad":145,"weg_abstand_m":62,"wald_hinweis":false}},{"type":"Feature","geometry":{"type":"Point","coordinates":[11.449804,46.614486]},"properties":{"id":498,"hoehe_m":2128,"sektoren_frei":[],"sektoren_blockiert":["W"],"erste_kollision_m":{"W":37},"flaeche_m2":1081,"neigung_grad":11.2,"ausrichtung_grad":281,"weg_abstand_m":108,"wald_hinweis":false}},{"type":"Feature","geometry":{"type":"Point","coordinates":[11.462737,46.628945]},"properties":{"id":499,"hoehe_m":2128,"sektoren_frei":[],"sektoren_blockiert":["SSW"],"erste_kollision_m":{"SSW":9},"flaeche_m2":3738,"neigung_grad":11.2,"ausrichtung_grad":177,"weg_abstand_m":23,"wald_hinweis":false}},{"type":"Feature","geometry":{"type":"Point","coordinates":[11.449714,46.613947]},"properties":{"id":500,"hoehe_m":2127,"sektoren_frei":[],"sektoren_blockiert":["WSW","WNW","NW"],"erste_kollision_m":{"WSW":9,"WNW":12,"NW":4},"flaeche_m2":1019,"neigung_grad":9.0,"ausrichtung_grad":279,"weg_abstand_m":135,"wald_hinweis":false}},{"type":"Feature","geometry":{"type":"Point","coordinates":[11.45459,46.622843]},"properties":{"id":501,"hoehe_m":2127,"sektoren_frei":[],"sektoren_blockiert":["N"],"erste_kollision_m":{"N":8},"flaeche_m2":631,"neigung_grad":11.7,"ausrichtung_grad":336,"weg_abstand_m":62,"wald_hinweis":false}},{"type":"Feature","geometry":{"type":"Point","coordinates":[11.458458,46.623165]},"properties":{"id":502,"hoehe_m":2127,"sektoren_frei":[],"sektoren_blockiert":["N","OSO","SO"],"erste_kollision_m":{"N":2,"OSO":20,"SO":17},"flaeche_m2":2294,"neigung_grad":11.0,"ausrichtung_grad":113,"weg_abstand_m":65,"wald_hinweis":false}},{"type":"Feature","geometry":{"type":"Point","coordinates":[11.455161,46.623933]},"properties":{"id":503,"hoehe_m":2127,"sektoren_frei":[],"sektoren_blockiert":["SW","WSW","W","WNW","WNW"],"erste_kollision_m":{"SW":4,"WSW":9,"W":2,"WNW":6},"flaeche_m2":1412,"neigung_grad":8.1,"ausrichtung_grad":255,"weg_abstand_m":94,"wald_hinweis":false}},{"type":"Feature","geometry":{"type":"Point","coordinates":[11.43864,46.642174]},"properties":{"id":504,"hoehe_m":2127,"sektoren_frei":[],"sektoren_blockiert":["O"],"erste_kollision_m":{"O":21},"flaeche_m2":956,"neigung_grad":13.5,"ausrichtung_grad":125,"weg_abstand_m":229,"wald_hinweis":false}},{"type":"Feature","geometry":{"type":"Point","coordinates":[11.452553,46.608847]},"properties":{"id":505,"hoehe_m":2127,"sektoren_frei":["SSW"],"sektoren_blockiert":[],"erste_kollision_m":{},"flaeche_m2":703719,"neigung_grad":10.2,"ausrichtung_grad":189,"weg_abstand_m":166,"wald_hinweis":false}},{"type":"Feature","geometry":{"type":"Point","coordinates":[11.437155,46.641103]},"properties":{"id":506,"hoehe_m":2126,"sektoren_frei":["SSW"],"sektoren_blockiert":[],"erste_kollision_m":{},"flaeche_m2":119,"neigung_grad":20.7,"ausrichtung_grad":179,"weg_abstand_m":79,"wald_hinweis":false}},{"type":"Feature","geometry":{"type":"Point","coordinates":[11.458571,46.6271]},"properties":{"id":507,"hoehe_m":2126,"sektoren_frei":[],"sektoren_blockiert":["S"],"erste_kollision_m":{"S":29},"flaeche_m2":138,"neigung_grad":8.5,"ausrichtung_grad":158,"weg_abstand_m":27,"wald_hinweis":false}},{"type":"Feature","geometry":{"type":"Point","coordinates":[11.448889,46.61158]},"properties":{"id":508,"hoehe_m":2126,"sektoren_frei":[],"sektoren_blockiert":["N","W","WNW","NW","NNW"],"erste_kollision_m":{"N":2,"W":2,"WNW":6,"NW":4,"NNW":6},"flaeche_m2":7631,"neigung_grad":9.2,"ausrichtung_grad":302,"weg_abstand_m":89,"wald_hinweis":false}},{"type":"Feature","geometry":{"type":"Point","coordinates":[11.460218,46.621664]},"properties":{"id":509,"hoehe_m":2126,"sektoren_frei":[],"sektoren_blockiert":["N","N"],"erste_kollision_m":{"N":2},"flaeche_m2":956,"neigung_grad":9.6,"ausrichtung_grad":10,"weg_abstand_m":3,"wald_hinweis":false}},{"type":"Feature","geometry":{"type":"Point","coordinates":[11.449291,46.612517]},"properties":{"id":510,"hoehe_m":2126,"sektoren_frei":[],"sektoren_blockiert":["SSW","SW","WSW","WSW","W"],"erste_kollision_m":{"SSW":6,"SW":4,"WSW":9,"W":5},"flaeche_m2":519,"neigung_grad":8.7,"ausrichtung_grad":246,"weg_abstand_m":9,"wald_hinweis":false}},{"type":"Feature","geometry":{"type":"Point","coordinates":[11.425087,46.637152]},"properties":{"id":511,"hoehe_m":2126,"sektoren_frei":["SSW"],"sektoren_blockiert":[],"erste_kollision_m":{},"flaeche_m2":334506,"neigung_grad":14.7,"ausrichtung_grad":213,"weg_abstand_m":445,"wald_hinweis":false}},{"type":"Feature","geometry":{"type":"Point","coordinates":[11.461983,46.628894]},"properties":{"id":512,"hoehe_m":2126,"sektoren_frei":[],"sektoren_blockiert":["SO","SW"],"erste_kollision_m":{"SO":4,"SW":4},"flaeche_m2":450,"neigung_grad":11.8,"ausrichtung_grad":167,"weg_abstand_m":26,"wald_hinweis":false}},{"type":"Feature","geometry":{"type":"Point","coordinates":[11.459016,46.624683]},"properties":{"id":513,"hoehe_m":2126,"sektoren_frei":[],"sektoren_blockiert":["NO"],"erste_kollision_m":{"NO":4},"flaeche_m2":144,"neigung_grad":11.0,"ausrichtung_grad":56,"weg_abstand_m":167,"wald_hinweis":false}},{"type":"Feature","geometry":{"type":"Point","coordinates":[11.451894,46.624611]},"properties":{"id":514,"hoehe_m":2125,"sektoren_frei":[],"sektoren_blockiert":["SW"],"erste_kollision_m":{"SW":4},"flaeche_m2":1406,"neigung_grad":8.2,"ausrichtung_grad":211,"weg_abstand_m":308,"wald_hinweis":false}},{"type":"Feature","geometry":{"type":"Point","coordinates":[11.465394,46.632803]},"properties":{"id":515,"hoehe_m":2125,"sektoren_frei":[],"sektoren_blockiert":["ONO"],"erste_kollision_m":{"ONO":12},"flaeche_m2":512,"neigung_grad":11.1,"ausrichtung_grad":57,"weg_abstand_m":137,"wald_hinweis":false}},{"type":"Feature","geometry":{"type":"Point","coordinates":[11.460861,46.621425]},"properties":{"id":516,"hoehe_m":2125,"sektoren_frei":[],"sektoren_blockiert":["N","O"],"erste_kollision_m":{"N":2,"O":39},"flaeche_m2":338,"neigung_grad":12.8,"ausrichtung_grad":73,"weg_abstand_m":16,"wald_hinweis":false}},{"type":"Feature","geometry":{"type":"Point","coordinates":[11.466133,46.630379]},"properties":{"id":517,"hoehe_m":2125,"sektoren_frei":[],"sektoren_blockiert":["ONO"],"erste_kollision_m":{"ONO":6},"flaeche_m2":1431,"neigung_grad":8.5,"ausrichtung_grad":104,"weg_abstand_m":116,"wald_hinweis":false}},{"type":"Feature","geometry":{"type":"Point","coordinates":[11.439962,46.642505]},"properties":{"id":518,"hoehe_m":2125,"sektoren_frei":[],"sektoren_blockiert":["SSW"],"erste_kollision_m":{"SSW":71},"flaeche_m2":12769,"neigung_grad":18.1,"ausrichtung_grad":176,"weg_abstand_m":263,"wald_hinweis":false}},{"type":"Feature","geometry":{"type":"Point","coordinates":[11.424581,46.637523]},"properties":{"id":519,"hoehe_m":2125,"sektoren_frei":["SSW"],"sektoren_blockiert":[],"erste_kollision_m":{},"flaeche_m2":334506,"neigung_grad":13.6,"ausrichtung_grad":225,"weg_abstand_m":437,"wald_hinweis":false}},{"type":"Feature","geometry":{"type":"Point","coordinates":[11.45388,46.622318]},"properties":{"id":520,"hoehe_m":2125,"sektoren_frei":[],"sektoren_blockiert":["SW"],"erste_kollision_m":{"SW":4},"flaeche_m2":119,"neigung_grad":7.9,"ausrichtung_grad":247,"weg_abstand_m":69,"wald_hinweis":false}},{"type":"Feature","geometry":{"type":"Point","coordinates":[11.449554,46.627046]},"properties":{"id":521,"hoehe_m":2125,"sektoren_frei":[],"sektoren_blockiert":["N"],"erste_kollision_m":{"N":8},"flaeche_m2":419,"neigung_grad":15.6,"ausrichtung_grad":330,"weg_abstand_m":425,"wald_hinweis":false}},{"type":"Feature","geometry":{"type":"Point","coordinates":[11.470092,46.611867]},"properties":{"id":522,"hoehe_m":2125,"sektoren_frei":[],"sektoren_blockiert":["O","OSO"],"erste_kollision_m":{"O":8,"OSO":6},"flaeche_m2":225,"neigung_grad":11.5,"ausrichtung_grad":94,"weg_abstand_m":206,"wald_hinweis":true}},{"type":"Feature","geometry":{"type":"Point","coordinates":[11.46363,46.608339]},"properties":{"id":523,"hoehe_m":2125,"sektoren_frei":["SO","S"],"sektoren_blockiert":[],"erste_kollision_m":{},"flaeche_m2":896231,"neigung_grad":14.1,"ausrichtung_grad":160,"weg_abstand_m":185,"wald_hinweis":false}},{"type":"Feature","geometry":{"type":"Point","coordinates":[11.461158,46.633029]},"properties":{"id":524,"hoehe_m":2125,"sektoren_frei":[],"sektoren_blockiert":["NNO"],"erste_kollision_m":{"NNO":319},"flaeche_m2":9550,"neigung_grad":16.1,"ausrichtung_grad":344,"weg_abstand_m":203,"wald_hinweis":false}},{"type":"Feature","geometry":{"type":"Point","coordinates":[11.452278,46.624445]},"properties":{"id":525,"hoehe_m":2124,"sektoren_frei":[],"sektoren_blockiert":["O","OSO"],"erste_kollision_m":{"O":2,"OSO":65},"flaeche_m2":2269,"neigung_grad":12.1,"ausrichtung_grad":124,"weg_abstand_m":297,"wald_hinweis":false}},{"type":"Feature","geometry":{"type":"Point","coordinates":[11.464452,46.629313]},"properties":{"id":526,"hoehe_m":2124,"sektoren_frei":[],"sektoren_blockiert":["SSW","SSW"],"erste_kollision_m":{"SSW":6},"flaeche_m2":244,"neigung_grad":9.7,"ausrichtung_grad":186,"weg_abstand_m":14,"wald_hinweis":false}},{"type":"Feature","geometry":{"type":"Point","coordinates":[11.45934,46.624631]},"properties":{"id":527,"hoehe_m":2124,"sektoren_frei":[],"sektoren_blockiert":["NNO","NO","ONO"],"erste_kollision_m":{"NNO":35,"NO":41,"ONO":6},"flaeche_m2":1131,"neigung_grad":16.3,"ausrichtung_grad":91,"weg_abstand_m":192,"wald_hinweis":false}},{"type":"Feature","geometry":{"type":"Point","coordinates":[11.459063,46.624997]},"properties":{"id":528,"hoehe_m":2124,"sektoren_frei":[],"sektoren_blockiert":["SO"],"erste_kollision_m":{"SO":4},"flaeche_m2":112,"neigung_grad":10.1,"ausrichtung_grad":99,"weg_abstand_m":156,"wald_hinweis":false}},{"type":"Feature","geometry":{"type":"Point","coordinates":[11.449278,46.613687]},"properties":{"id":529,"hoehe_m":2124,"sektoren_frei":[],"sektoren_blockiert":["WNW","NW"],"erste_kollision_m":{"WNW":6,"NW":4},"flaeche_m2":2938,"neigung_grad":8.6,"ausrichtung_grad":285,"weg_abstand_m":139,"wald_hinweis":false}},{"type":"Feature","geometry":{"type":"Point","coordinates":[11.454668,46.624573]},"properties":{"id":530,"hoehe_m":2124,"sektoren_frei":[],"sektoren_blockiert":["WNW","NW"],"erste_kollision_m":{"WNW":8,"NW":27},"flaeche_m2":1281,"neigung_grad":9.2,"ausrichtung_grad":327,"weg_abstand_m":141,"wald_hinweis":false}},{"type":"Feature","geometry":{"type":"Point","coordinates":[11.448536,46.62403]},"properties":{"id":531,"hoehe_m":2124,"sektoren_frei":[],"sektoren_blockiert":["SO"],"erste_kollision_m":{"SO":34},"flaeche_m2":350,"neigung_grad":15.9,"ausrichtung_grad":154,"weg_abstand_m":503,"wald_hinweis":false}},{"type":"Feature","geometry":{"type":"Point","coordinates":[11.466317,46.632265]},"properties":{"id":532,"hoehe_m":2124,"sektoren_frei":[],"sektoren_blockiert":["OSO"],"erste_kollision_m":{"OSO":9},"flaeche_m2":275,"neigung_grad":10.2,"ausrichtung_grad":87,"weg_abstand_m":126,"wald_hinweis":false}},{"type":"Feature","geometry":{"type":"Point","coordinates":[11.462434,46.628749]},"properties":{"id":533,"hoehe_m":2124,"sektoren_frei":[],"sektoren_blockiert":["SO"],"erste_kollision_m":{"SO":6},"flaeche_m2":406,"neigung_grad":12.9,"ausrichtung_grad":172,"weg_abstand_m":7,"wald_hinweis":false}},{"type":"Feature","geometry":{"type":"Point","coordinates":[11.458951,46.625404]},"properties":{"id":534,"hoehe_m":2124,"sektoren_frei":[],"sektoren_blockiert":["OSO"],"erste_kollision_m":{"OSO":6},"flaeche_m2":125,"neigung_grad":8.7,"ausrichtung_grad":115,"weg_abstand_m":124,"wald_hinweis":false}},{"type":"Feature","geometry":{"type":"Point","coordinates":[11.44919,46.616794]},"properties":{"id":535,"hoehe_m":2123,"sektoren_frei":[],"sektoren_blockiert":["NNW"],"erste_kollision_m":{"NNW":10},"flaeche_m2":1144,"neigung_grad":12.3,"ausrichtung_grad":301,"weg_abstand_m":83,"wald_hinweis":false}},{"type":"Feature","geometry":{"type":"Point","coordinates":[11.449407,46.614381]},"properties":{"id":536,"hoehe_m":2123,"sektoren_frei":[],"sektoren_blockiert":["WSW"],"erste_kollision_m":{"WSW":34},"flaeche_m2":662,"neigung_grad":11.2,"ausrichtung_grad":271,"weg_abstand_m":140,"wald_hinweis":false}},{"type":"Feature","geometry":{"type":"Point","coordinates":[11.462771,46.60811]},"properties":{"id":537,"hoehe_m":2123,"sektoren_frei":["SSO"],"sektoren_blockiert":["WSW"],"erste_kollision_m":{"WSW":15},"flaeche_m2":795925,"neigung_grad":12.4,"ausrichtung_grad":176,"weg_abstand_m":185,"wald_hinweis":false}},{"type":"Feature","geometry":{"type":"Point","coordinates":[11.453255,46.630161]},"properties":{"id":538,"hoehe_m":2123,"sektoren_frei":["NW"],"sektoren_blockiert":[],"erste_kollision_m":{},"flaeche_m2":358069,"neigung_grad":15.2,"ausrichtung_grad":328,"weg_abstand_m":255,"wald_hinweis":false}},{"type":"Feature","geometry":{"type":"Point","coordinates":[11.46154,46.621276]},"properties":{"id":539,"hoehe_m":2123,"sektoren_frei":[],"sektoren_blockiert":["N","N","O","NW","NNW"],"erste_kollision_m":{"N":21,"O":2,"NW":34,"NNW":46},"flaeche_m2":2062,"neigung_grad":13.2,"ausrichtung_grad":353,"weg_abstand_m":57,"wald_hinweis":false}},{"type":"Feature","geometry":{"type":"Point","coordinates":[11.456678,46.609096]},"properties":{"id":540,"hoehe_m":2123,"sektoren_frei":[],"sektoren_blockiert":["SW","SW"],"erste_kollision_m":{"SW":6},"flaeche_m2":531,"neigung_grad":10.9,"ausrichtung_grad":190,"weg_abstand_m":245,"wald_hinweis":false}},{"type":"Feature","geometry":{"type":"Point","coordinates":[11.448566,46.611655]},"properties":{"id":541,"hoehe_m":2123,"sektoren_frei":[],"sektoren_blockiert":["W"],"erste_kollision_m":{"W":2},"flaeche_m2":8175,"neigung_grad":10.5,"ausrichtung_grad":303,"weg_abstand_m":74,"wald_hinweis":false}},{"type":"Feature","geometry":{"type":"Point","coordinates":[11.449879,46.610366]},"properties":{"id":542,"hoehe_m":2123,"sektoren_frei":[],"sektoren_blockiert":["W"],"erste_kollision_m":{"W":2},"flaeche_m2":6519,"neigung_grad":8.7,"ausrichtung_grad":238,"weg_abstand_m":6,"wald_hinweis":false}},{"type":"Feature","geometry":{"type":"Point","coordinates":[11.452523,46.6212]},"properties":{"id":543,"hoehe_m":2123,"sektoren_frei":[],"sektoren_blockiert":["W"],"erste_kollision_m":{"W":59},"flaeche_m2":3606,"neigung_grad":15.2,"ausrichtung_grad":305,"weg_abstand_m":65,"wald_hinweis":false}},{"type":"Feature","geometry":{"type":"Point","coordinates":[11.46336,46.619662]},"properties":{"id":544,"hoehe_m":2123,"sektoren_frei":[],"sektoren_blockiert":["OSO"],"erste_kollision_m":{"OSO":9},"flaeche_m2":2162,"neigung_grad":15.9,"ausrichtung_grad":85,"weg_abstand_m":77,"wald_hinweis":false}},{"type":"Feature","geometry":{"type":"Point","coordinates":[11.459495,46.632367]},"properties":{"id":545,"hoehe_m":2123,"sektoren_frei":["NW"],"sektoren_blockiert":[],"erste_kollision_m":{},"flaeche_m2":135556,"neigung_grad":10.5,"ausrichtung_grad":332,"weg_abstand_m":126,"wald_hinweis":false}},{"type":"Feature","geometry":{"type":"Point","coordinates":[11.454206,46.624471]},"properties":{"id":546,"hoehe_m":2123,"sektoren_frei":[],"sektoren_blockiert":["W"],"erste_kollision_m":{"W":2},"flaeche_m2":1500,"neigung_grad":10.1,"ausrichtung_grad":285,"weg_abstand_m":176,"wald_hinweis":false}},{"type":"Feature","geometry":{"type":"Point","coordinates":[11.462091,46.608237]},"properties":{"id":547,"hoehe_m":2122,"sektoren_frei":[],"sektoren_blockiert":["SO"],"erste_kollision_m":{"SO":6},"flaeche_m2":331,"neigung_grad":12.8,"ausrichtung_grad":173,"weg_abstand_m":154,"wald_hinweis":false}},{"type":"Feature","geometry":{"type":"Point","coordinates":[11.454685,46.623516]},"properties":{"id":548,"hoehe_m":2122,"sektoren_frei":[],"sektoren_blockiert":["SSW","SW","WSW","W"],"erste_kollision_m":{"SSW":6,"SW":4,"WSW":8,"W":5},"flaeche_m2":600,"neigung_grad":14.8,"ausrichtung_grad":234,"weg_abstand_m":100,"wald_hinweis":false}},{"type":"Feature","geometry":{"type":"Point","coordinates":[11.459591,46.62584]},"properties":{"id":549,"hoehe_m":2122,"sektoren_frei":[],"sektoren_blockiert":["NO","ONO","O","OSO"],"erste_kollision_m":{"NO":4,"ONO":6,"O":5,"OSO":6},"flaeche_m2":706,"neigung_grad":8.3,"ausrichtung_grad":77,"weg_abstand_m":110,"wald_hinweis":false}},{"type":"Feature","geometry":{"type":"Point","coordinates":[11.459212,46.626118]},"properties":{"id":550,"hoehe_m":2122,"sektoren_frei":[],"sektoren_blockiert":["N","NNO","NO"],"erste_kollision_m":{"N":2,"NNO":6,"NO":4},"flaeche_m2":369,"neigung_grad":8.9,"ausrichtung_grad":9,"weg_abstand_m":76,"wald_hinweis":false}},{"type":"Feature","geometry":{"type":"Point","coordinates":[11.454064,46.624226]},"properties":{"id":551,"hoehe_m":2122,"sektoren_frei":[],"sektoren_blockiert":["SW","WSW"],"erste_kollision_m":{"SW":4,"WSW":6},"flaeche_m2":725,"neigung_grad":10.7,"ausrichtung_grad":248,"weg_abstand_m":183,"wald_hinweis":false}},{"type":"Feature","geometry":{"type":"Point","coordinates":[11.454629,46.623719]},"properties":{"id":552,"hoehe_m":2122,"sektoren_frei":[],"sektoren_blockiert":["SW"],"erste_kollision_m":{"SW":4},"flaeche_m2":581,"neigung_grad":9.6,"ausrichtung_grad":234,"weg_abstand_m":117,"wald_hinweis":false}},{"type":"Feature","geometry":{"type":"Point","coordinates":[11.463021,46.620096]},"properties":{"id":553,"hoehe_m":2122,"sektoren_frei":["O"],"sektoren_blockiert":["N"],"erste_kollision_m":{"N":5},"flaeche_m2":7369,"neigung_grad":17.6,"ausrichtung_grad":64,"weg_abstand_m":79,"wald_hinweis":false}},{"type":"Feature","geometry":{"type":"Point","coordinates":[11.449215,46.623858]},"properties":{"id":554,"hoehe_m":2122,"sektoren_frei":[],"sektoren_blockiert":["WSW"],"erste_kollision_m":{"WSW":33},"flaeche_m2":306,"neigung_grad":14.0,"ausrichtung_grad":221,"weg_abstand_m":453,"wald_hinweis":false}},{"type":"Feature","geometry":{"type":"Point","coordinates":[11.452863,46.63017]},"properties":{"id":555,"hoehe_m":2122,"sektoren_frei":["NNW"],"sektoren_blockiert":[],"erste_kollision_m":{},"flaeche_m2":194812,"neigung_grad":16.4,"ausrichtung_grad":331,"weg_abstand_m":285,"wald_hinweis":false}},{"type":"Feature","geometry":{"type":"Point","coordinates":[11.453492,46.622394]},"properties":{"id":556,"hoehe_m":2122,"sektoren_frei":[],"sektoren_blockiert":["NNW"],"erste_kollision_m":{"NNW":13},"flaeche_m2":206,"neigung_grad":13.7,"ausrichtung_grad":296,"weg_abstand_m":97,"wald_hinweis":false}},{"type":"Feature","geometry":{"type":"Point","coordinates":[11.466907,46.63088]},"properties":{"id":557,"hoehe_m":2121,"sektoren_frei":[],"sektoren_blockiert":["SO"],"erste_kollision_m":{"SO":6},"flaeche_m2":119,"neigung_grad":9.9,"ausrichtung_grad":102,"weg_abstand_m":109,"wald_hinweis":false}},{"type":"Feature","geometry":{"type":"Point","coordinates":[11.448915,46.613605]},"properties":{"id":558,"hoehe_m":2121,"sektoren_frei":[],"sektoren_blockiert":["W"],"erste_kollision_m":{"W":13},"flaeche_m2":112,"neigung_grad":9.3,"ausrichtung_grad":280,"weg_abstand_m":132,"wald_hinweis":false}},{"type":"Feature","geometry":{"type":"Point","coordinates":[11.459707,46.62262]},"properties":{"id":559,"hoehe_m":2121,"sektoren_frei":[],"sektoren_blockiert":["N","OSO"],"erste_kollision_m":{"N":24,"OSO":9},"flaeche_m2":538,"neigung_grad":12.5,"ausrichtung_grad":27,"weg_abstand_m":78,"wald_hinweis":false}},{"type":"Feature","geometry":{"type":"Point","coordinates":[11.463051,46.628668]},"properties":{"id":560,"hoehe_m":2121,"sektoren_frei":[],"sektoren_blockiert":["SO"],"erste_kollision_m":{"SO":6},"flaeche_m2":319,"neigung_grad":15.0,"ausrichtung_grad":165,"weg_abstand_m":1,"wald_hinweis":false}},{"type":"Feature","geometry":{"type":"Point","coordinates":[11.436828,46.64111]},"properties":{"id":561,"hoehe_m":2121,"sektoren_frei":["SW","WSW"],"sektoren_blockiert":[],"erste_kollision_m":{},"flaeche_m2":362,"neigung_grad":27.8,"ausrichtung_grad":218,"weg_abstand_m":57,"wald_hinweis":false}},{"type":"Feature","geometry":{"type":"Point","coordinates":[11.463223,46.607987]},"properties":{"id":562,"hoehe_m":2121,"sektoren_frei":["S"],"sektoren_blockiert":[],"erste_kollision_m":{},"flaeche_m2":896231,"neigung_grad":12.4,"ausrichtung_grad":167,"weg_abstand_m":210,"wald_hinweis":false}},{"type":"Feature","geometry":{"type":"Point","coordinates":[11.426427,46.637168]},"properties":{"id":563,"hoehe_m":2121,"sektoren_frei":[],"sektoren_blockiert":["SSW"],"erste_kollision_m":{"SSW":57},"flaeche_m2":275,"neigung_grad":18.3,"ausrichtung_grad":175,"weg_abstand_m":535,"wald_hinweis":false}},{"type":"Feature","geometry":{"type":"Point","coordinates":[11.461988,46.621086]},"properties":{"id":564,"hoehe_m":2121,"sektoren_frei":["O"],"sektoren_blockiert":["N","OSO"],"erste_kollision_m":{"N":16,"OSO":6},"flaeche_m2":4631,"neigung_grad":19.6,"ausrichtung_grad":65,"weg_abstand_m":92,"wald_hinweis":false}},{"type":"Feature","geometry":{"type":"Point","coordinates":[11.426978,46.637787]},"properties":{"id":565,"hoehe_m":2121,"sektoren_frei":[],"sektoren_blockiert":["SSO"],"erste_kollision_m":{"SSO":10},"flaeche_m2":119,"neigung_grad":15.5,"ausrichtung_grad":124,"weg_abstand_m":605,"wald_hinweis":false}},{"type":"Feature","geometry":{"type":"Point","coordinates":[11.460591,46.621949]},"properties":{"id":566,"hoehe_m":2121,"sektoren_frei":[],"sektoren_blockiert":["O"],"erste_kollision_m":{"O":8},"flaeche_m2":30512,"neigung_grad":14.7,"ausrichtung_grad":70,"weg_abstand_m":45,"wald_hinweis":false}},{"type":"Feature","geometry":{"type":"Point","coordinates":[11.459362,46.625103]},"properties":{"id":567,"hoehe_m":2121,"sektoren_frei":[],"sektoren_blockiert":["ONO","O","O","OSO","OSO","SO"],"erste_kollision_m":{"ONO":23,"O":8,"OSO":12,"SO":15},"flaeche_m2":1188,"neigung_grad":11.2,"ausrichtung_grad":118,"weg_abstand_m":169,"wald_hinweis":false}},{"type":"Feature","geometry":{"type":"Point","coordinates":[11.456976,46.631544]},"properties":{"id":568,"hoehe_m":2120,"sektoren_frei":[],"sektoren_blockiert":["N","W"],"erste_kollision_m":{"N":16,"W":37},"flaeche_m2":5400,"neigung_grad":19.0,"ausrichtung_grad":308,"weg_abstand_m":12,"wald_hinweis":false}},{"type":"Feature","geometry":{"type":"Point","coordinates":[11.426737,46.637522]},"properties":{"id":569,"hoehe_m":2120,"sektoren_frei":[],"sektoren_blockiert":["O"],"erste_kollision_m":{"O":2},"flaeche_m2":144,"neigung_grad":14.5,"ausrichtung_grad":115,"weg_abstand_m":575,"wald_hinweis":false}},{"type":"Feature","geometry":{"type":"Point","coordinates":[11.440615,46.642491]},"properties":{"id":570,"hoehe_m":2120,"sektoren_frei":[],"sektoren_blockiert":["OSO"],"erste_kollision_m":{"OSO":85},"flaeche_m2":12669,"neigung_grad":20.5,"ausrichtung_grad":145,"weg_abstand_m":263,"wald_hinweis":false}},{"type":"Feature","geometry":{"type":"Point","coordinates":[11.454408,46.623882]},"properties":{"id":571,"hoehe_m":2120,"sektoren_frei":[],"sektoren_blockiert":["SSW"],"erste_kollision_m":{"SSW":8},"flaeche_m2":481,"neigung_grad":11.0,"ausrichtung_grad":205,"weg_abstand_m":141,"wald_hinweis":false}},{"type":"Feature","geometry":{"type":"Point","coordinates":[11.459634,46.632544]},"properties":{"id":572,"hoehe_m":2120,"sektoren_frei":["NW"],"sektoren_blockiert":[],"erste_kollision_m":{},"flaeche_m2":135556,"neigung_grad":10.8,"ausrichtung_grad":331,"weg_abstand_m":126,"wald_hinweis":false}},{"type":"Feature","geometry":{"type":"Point","coordinates":[11.444684,46.612458]},"properties":{"id":573,"hoehe_m":2120,"sektoren_frei":[],"sektoren_blockiert":["SSW","SW","WSW"],"erste_kollision_m":{"SSW":8,"SW":9,"WSW":9},"flaeche_m2":5281,"neigung_grad":10.7,"ausrichtung_grad":227,"weg_abstand_m":31,"wald_hinweis":false}},{"type":"Feature","geometry":{"type":"Point","coordinates":[11.454041,46.622989]},"properties":{"id":574,"hoehe_m":2120,"sektoren_frei":[],"sektoren_blockiert":["N"],"erste_kollision_m":{"N":8},"flaeche_m2":444,"neigung_grad":13.3,"ausrichtung_grad":321,"weg_abstand_m":105,"wald_hinweis":false}},{"type":"Feature","geometry":{"type":"Point","coordinates":[11.449332,46.627185]},"properties":{"id":575,"hoehe_m":2120,"sektoren_frei":["NW"],"sektoren_blockiert":[],"erste_kollision_m":{},"flaeche_m2":16950,"neigung_grad":13.7,"ausrichtung_grad":313,"weg_abstand_m":414,"wald_hinweis":false}},{"type":"Feature","geometry":{"type":"Point","coordinates":[11.46337,46.619864]},"properties":{"id":576,"hoehe_m":2120,"sektoren_frei":["O"],"sektoren_blockiert":[],"erste_kollision_m":{},"flaeche_m2":7369,"neigung_grad":16.0,"ausrichtung_grad":65,"weg_abstand_m":64,"wald_hinweis":false}},{"type":"Feature","geometry":{"type":"Point","coordinates":[11.445594,46.623958]},"properties":{"id":577,"hoehe_m":2120,"sektoren_frei":[],"sektoren_blockiert":["WNW"],"erste_kollision_m":{"WNW":32},"flaeche_m2":150,"neigung_grad":9.1,"ausrichtung_grad":289,"weg_abstand_m":533,"wald_hinweis":false}},{"type":"Feature","geometry":{"type":"Point","coordinates":[11.465303,46.629362]},"properties":{"id":578,"hoehe_m":2120,"sektoren_frei":[],"sektoren_blockiert":["O"],"erste_kollision_m":{"O":2},"flaeche_m2":238,"neigung_grad":9.3,"ausrichtung_grad":125,"weg_abstand_m":35,"wald_hinweis":false}},{"type":"Feature","geometry":{"type":"Point","coordinates":[11.447868,46.611377]},"properties":{"id":579,"hoehe_m":2120,"sektoren_frei":[],"sektoren_blockiert":["WSW"],"erste_kollision_m":{"WSW":30},"flaeche_m2":8281,"neigung_grad":13.3,"ausrichtung_grad":279,"weg_abstand_m":108,"wald_hinweis":false}},{"type":"Feature","geometry":{"type":"Point","coordinates":[11.449102,46.614861]},"properties":{"id":580,"hoehe_m":2120,"sektoren_frei":[],"sektoren_blockiert":["SSW"],"erste_kollision_m":{"SSW":6},"flaeche_m2":125,"neigung_grad":11.2,"ausrichtung_grad":242,"weg_abstand_m":153,"wald_hinweis":false}},{"type":"Feature","geometry":{"type":"Point","coordinates":[11.447285,46.623787]},"properties":{"id":581,"hoehe_m":2119,"sektoren_frei":[],"sektoren_blockiert":["OSO"],"erste_kollision_m":{"OSO":13},"flaeche_m2":125,"neigung_grad":21.1,"ausrichtung_grad":150,"weg_abstand_m":522,"wald_hinweis":false}},{"type":"Feature","geometry":{"type":"Point","coordinates":[11.464965,46.629099]},"properties":{"id":582,"hoehe_m":2119,"sektoren_frei":[],"sektoren_blockiert":["S"],"erste_kollision_m":{"S":2},"flaeche_m2":119,"neigung_grad":8.5,"ausrichtung_grad":143,"weg_abstand_m":23,"wald_hinweis":false}},{"type":"Feature","geometry":{"type":"Point","coordinates":[11.448837,46.616216]},"properties":{"id":583,"hoehe_m":2119,"sektoren_frei":["WNW"],"sektoren_blockiert":[],"erste_kollision_m":{},"flaeche_m2":268450,"neigung_grad":11.5,"ausrichtung_grad":269,"weg_abstand_m":124,"wald_hinweis":false}},{"type":"Feature","geometry":{"type":"Point","coordinates":[11.449673,46.610146]},"properties":{"id":584,"hoehe_m":2119,"sektoren_frei":[],"sektoren_blockiert":["SSW"],"erste_kollision_m":{"SSW":6},"flaeche_m2":206,"neigung_grad":8.0,"ausrichtung_grad":237,"weg_abstand_m":23,"wald_hinweis":false}},{"type":"Feature","geometry":{"type":"Point","coordinates":[11.449635,46.623759]},"properties":{"id":585,"hoehe_m":2119,"sektoren_frei":[],"sektoren_blockiert":["ONO","O"],"erste_kollision_m":{"ONO":30,"O":23},"flaeche_m2":1469,"neigung_grad":13.5,"ausrichtung_grad":94,"weg_abstand_m":422,"wald_hinweis":false}},{"type":"Feature","geometry":{"type":"Point","coordinates":[11.461304,46.626163]},"properties":{"id":586,"hoehe_m":2119,"sektoren_frei":[],"sektoren_blockiert":["OSO","OSO","SO","SSO","S","SSW","SW","WSW","W"],"erste_kollision_m":{"OSO":8,"SO":6,"SSO":9,"S":2,"SSW":6,"SW":4,"WSW":35,"W":2},"flaeche_m2":26012,"neigung_grad":8.7,"ausrichtung_grad":168,"weg_abstand_m":97,"wald_hinweis":false}},{"type":"Feature","geometry":{"type":"Point","coordinates":[11.44446,46.612552]},"properties":{"id":587,"hoehe_m":2119,"sektoren_frei":[],"sektoren_blockiert":["SSW","W","W","WNW"],"erste_kollision_m":{"SSW":10,"W":2,"WNW":6},"flaeche_m2":3894,"neigung_grad":13.0,"ausrichtung_grad":246,"weg_abstand_m":35,"wald_hinweis":false}},{"type":"Feature","geometry":{"type":"Point","coordinates":[11.448488,46.610644]},"properties":{"id":588,"hoehe_m":2119,"sektoren_frei":[],"sektoren_blockiert":["S","SSW","SW"],"erste_kollision_m":{"S":2,"SSW":8,"SW":6},"flaeche_m2":7544,"neigung_grad":7.8,"ausrichtung_grad":208,"weg_abstand_m":112,"wald_hinweis":false}},{"type":"Feature","geometry":{"type":"Point","coordinates":[11.465197,46.629184]},"properties":{"id":589,"hoehe_m":2119,"sektoren_frei":[],"sektoren_blockiert":["O"],"erste_kollision_m":{"O":2},"flaeche_m2":175,"neigung_grad":8.8,"ausrichtung_grad":129,"weg_abstand_m":21,"wald_hinweis":false}},{"type":"Feature","geometry":{"type":"Point","coordinates":[11.459737,46.625455]},"properties":{"id":590,"hoehe_m":2119,"sektoren_frei":[],"sektoren_blockiert":["SO"],"erste_kollision_m":{"SO":6},"flaeche_m2":269,"neigung_grad":9.1,"ausrichtung_grad":140,"weg_abstand_m":154,"wald_hinweis":false}},{"type":"Feature","geometry":{"type":"Point","coordinates":[11.426662,46.637299]},"properties":{"id":591,"hoehe_m":2119,"sektoren_frei":["O"],"sektoren_blockiert":[],"erste_kollision_m":{},"flaeche_m2":36281,"neigung_grad":16.5,"ausrichtung_grad":108,"weg_abstand_m":558,"wald_hinweis":false}},{"type":"Feature","geometry":{"type":"Point","coordinates":[11.452904,46.624566]},"properties":{"id":592,"hoehe_m":2118,"sektoren_frei":[],"sektoren_blockiert":["SSO"],"erste_kollision_m":{"SSO":20},"flaeche_m2":125,"neigung_grad":10.9,"ausrichtung_grad":160,"weg_abstand_m":254,"wald_hinweis":false}},{"type":"Feature","geometry":{"type":"Point","coordinates":[11.465527,46.617747]},"properties":{"id":593,"hoehe_m":2118,"sektoren_frei":[],"sektoren_blockiert":["NNW"],"erste_kollision_m":{"NNW":9},"flaeche_m2":300,"neigung_grad":12.7,"ausrichtung_grad":338,"weg_abstand_m":13,"wald_hinweis":true}},{"type":"Feature","geometry":{"type":"Point","coordinates":[11.445845,46.61214]},"properties":{"id":594,"hoehe_m":2118,"sektoren_frei":[],"sektoren_blockiert":["OSO","SO","SSO","S"],"erste_kollision_m":{"OSO":10,"SO":11,"SSO":126,"S":2},"flaeche_m2":22019,"neigung_grad":9.5,"ausrichtung_grad":155,"weg_abstand_m":15,"wald_hinweis":false}},{"type":"Feature","geometry":{"type":"Point","coordinates":[11.467926,46.610901]},"properties":{"id":595,"hoehe_m":2118,"sektoren_frei":["SSO"],"sektoren_blockiert":["SO"],"erste_kollision_m":{"SO":17},"flaeche_m2":331,"neigung_grad":15.1,"ausrichtung_grad":153,"weg_abstand_m":188,"wald_hinweis":true}},{"type":"Feature","geometry":{"type":"Point","coordinates":[11.465862,46.617943]},"properties":{"id":596,"hoehe_m":2118,"sektoren_frei":[],"sektoren_blockiert":["N","NW","NNW"],"erste_kollision_m":{"N":221,"NW":24,"NNW":74},"flaeche_m2":344,"neigung_grad":16.0,"ausrichtung_grad":353,"weg_abstand_m":45,"wald_hinweis":true}},{"type":"Feature","geometry":{"type":"Point","coordinates":[11.425041,46.636838]},"properties":{"id":597,"hoehe_m":2118,"sektoren_frei":["SSW"],"sektoren_blockiert":["W"],"erste_kollision_m":{"W":2},"flaeche_m2":334506,"neigung_grad":14.1,"ausrichtung_grad":202,"weg_abstand_m":424,"wald_hinweis":false}},{"type":"Feature","geometry":{"type":"Point","coordinates":[11.454012,46.6238]},"properties":{"id":598,"hoehe_m":2118,"sektoren_frei":[],"sektoren_blockiert":["S"],"erste_kollision_m":{"S":23},"flaeche_m2":575,"neigung_grad":11.2,"ausrichtung_grad":173,"weg_abstand_m":161,"wald_hinweis":false}},{"type":"Feature","geometry":{"type":"Point","coordinates":[11.450289,46.620167]},"properties":{"id":599,"hoehe_m":2118,"sektoren_frei":[],"sektoren_blockiert":["W"],"erste_kollision_m":{"W":468},"flaeche_m2":24269,"neigung_grad":17.7,"ausrichtung_grad":302,"weg_abstand_m":98,"wald_hinweis":false}},{"type":"Feature","geometry":{"type":"Point","coordinates":[11.445414,46.611992]},"properties":{"id":600,"hoehe_m":2117,"sektoren_frei":[],"sektoren_blockiert":["SSW"],"erste_kollision_m":{"SSW":6},"flaeche_m2":756,"neigung_grad":9.9,"ausrichtung_grad":167,"weg_abstand_m":19,"wald_hinweis":false}},{"type":"Feature","geometry":{"type":"Point","coordinates":[11.465992,46.633015]},"properties":{"id":601,"hoehe_m":2117,"sektoren_frei":[],"sektoren_blockiert":["N"],"erste_kollision_m":{"N":16},"flaeche_m2":600,"neigung_grad":10.3,"ausrichtung_grad":30,"weg_abstand_m":87,"wald_hinweis":false}},{"type":"Feature","geometry":{"type":"Point","coordinates":[11.453078,46.621908]},"properties":{"id":602,"hoehe_m":2117,"sektoren_frei":[],"sektoren_blockiert":["NNW"],"erste_kollision_m":{"NNW":6},"flaeche_m2":544,"neigung_grad":10.2,"ausrichtung_grad":315,"weg_abstand_m":88,"wald_hinweis":false}},{"type":"Feature","geometry":{"type":"Point","coordinates":[11.450987,46.624067]},"properties":{"id":603,"hoehe_m":2117,"sektoren_frei":[],"sektoren_blockiert":["WSW"],"erste_kollision_m":{"WSW":23},"flaeche_m2":188,"neigung_grad":16.4,"ausrichtung_grad":212,"weg_abstand_m":363,"wald_hinweis":false}},{"type":"Feature","geometry":{"type":"Point","coordinates":[11.459996,46.625404]},"properties":{"id":604,"hoehe_m":2117,"sektoren_frei":[],"sektoren_blockiert":["SO","SSO"],"erste_kollision_m":{"SO":4,"SSO":8},"flaeche_m2":906,"neigung_grad":11.2,"ausrichtung_grad":131,"weg_abstand_m":162,"wald_hinweis":false}},{"type":"Feature","geometry":{"type":"Point","coordinates":[11.424005,46.637782]},"properties":{"id":605,"hoehe_m":2117,"sektoren_frei":[],"sektoren_blockiert":["SSW","SSW","WNW"],"erste_kollision_m":{"SSW":15,"WNW":16},"flaeche_m2":5719,"neigung_grad":16.2,"ausrichtung_grad":259,"weg_abstand_m":415,"wald_hinweis":false}},{"type":"Feature","geometry":{"type":"Point","coordinates":[11.461822,46.626062]},"properties":{"id":606,"hoehe_m":2117,"sektoren_frei":[],"sektoren_blockiert":["SSW"],"erste_kollision_m":{"SSW":6},"flaeche_m2":1900,"neigung_grad":9.5,"ausrichtung_grad":190,"weg_abstand_m":123,"wald_hinweis":false}},{"type":"Feature","geometry":{"type":"Point","coordinates":[11.453661,46.623965]},"properties":{"id":607,"hoehe_m":2117,"sektoren_frei":[],"sektoren_blockiert":["NW"],"erste_kollision_m":{"NW":4},"flaeche_m2":300,"neigung_grad":8.7,"ausrichtung_grad":300,"weg_abstand_m":193,"wald_hinweis":false}},{"type":"Feature","geometry":{"type":"Point","coordinates":[11.453718,46.623784]},"properties":{"id":608,"hoehe_m":2116,"sektoren_frei":[],"sektoren_blockiert":["SSO"],"erste_kollision_m":{"SSO":6},"flaeche_m2":169,"neigung_grad":8.7,"ausrichtung_grad":170,"weg_abstand_m":178,"wald_hinweis":false}},{"type":"Feature","geometry":{"type":"Point","coordinates":[11.464626,46.628117]},"properties":{"id":609,"hoehe_m":2116,"sektoren_frei":[],"sektoren_blockiert":["SO","SSO","S","SSW","SW"],"erste_kollision_m":{"SO":6,"SSO":6,"S":2,"SSW":6,"SW":11},"flaeche_m2":88162,"neigung_grad":13.4,"ausrichtung_grad":181,"weg_abstand_m":43,"wald_hinweis":false}},{"type":"Feature","geometry":{"type":"Point","coordinates":[11.461559,46.608023]},"properties":{"id":610,"hoehe_m":2116,"sektoren_frei":["S"],"sektoren_blockiert":["WSW"],"erste_kollision_m":{"WSW":30},"flaeche_m2":896231,"neigung_grad":12.8,"ausrichtung_grad":193,"weg_abstand_m":145,"wald_hinweis":false}},{"type":"Feature","geometry":{"type":"Point","coordinates":[11.464825,46.608763]},"properties":{"id":611,"hoehe_m":2116,"sektoren_frei":[],"sektoren_blockiert":["ONO","O"],"erste_kollision_m":{"ONO":20,"O":8},"flaeche_m2":6594,"neigung_grad":25.6,"ausrichtung_grad":105,"weg_abstand_m":170,"wald_hinweis":false}},{"type":"Feature","geometry":{"type":"Point","coordinates":[11.452228,46.624063]},"properties":{"id":612,"hoehe_m":2116,"sektoren_frei":[],"sektoren_blockiert":["OSO"],"erste_kollision_m":{"OSO":10},"flaeche_m2":219,"neigung_grad":10.5,"ausrichtung_grad":145,"weg_abstand_m":288,"wald_hinweis":false}},{"type":"Feature","geometry":{"type":"Point","coordinates":[11.449877,46.609602]},"properties":{"id":613,"hoehe_m":2116,"sektoren_frei":[],"sektoren_blockiert":["W"],"erste_kollision_m":{"W":2},"flaeche_m2":288,"neigung_grad":9.3,"ausrichtung_grad":235,"weg_abstand_m":14,"wald_hinweis":false}},{"type":"Feature","geometry":{"type":"Point","coordinates":[11.448645,46.61775]},"properties":{"id":614,"hoehe_m":2116,"sektoren_frei":["WNW"],"sektoren_blockiert":[],"erste_kollision_m":{},"flaeche_m2":268450,"neigung_grad":19.6,"ausrichtung_grad":254,"weg_abstand_m":110,"wald_hinweis":false}},{"type":"Feature","geometry":{"type":"Point","coordinates":[11.448812,46.614214]},"properties":{"id":615,"hoehe_m":2116,"sektoren_frei":[],"sektoren_blockiert":["NNW"],"erste_kollision_m":{"NNW":8},"flaeche_m2":156,"neigung_grad":9.8,"ausrichtung_grad":303,"weg_abstand_m":188,"wald_hinweis":false}},{"type":"Feature","geometry":{"type":"Point","coordinates":[11.466512,46.609964]},"properties":{"id":616,"hoehe_m":2116,"sektoren_frei":[],"sektoren_blockiert":["SSW"],"erste_kollision_m":{"SSW":27},"flaeche_m2":194,"neigung_grad":14.5,"ausrichtung_grad":163,"weg_abstand_m":135,"wald_hinweis":false}},{"type":"Feature","geometry":{"type":"Point","coordinates":[11.448412,46.61042]},"properties":{"id":617,"hoehe_m":2116,"sektoren_frei":[],"sektoren_blockiert":["WSW"],"erste_kollision_m":{"WSW":6},"flaeche_m2":162,"neigung_grad":8.5,"ausrichtung_grad":210,"weg_abstand_m":117,"wald_hinweis":false}},{"type":"Feature","geometry":{"type":"Point","coordinates":[11.464009,46.60806]},"properties":{"id":618,"hoehe_m":2116,"sektoren_frei":["SO","S"],"sektoren_blockiert":[],"erste_kollision_m":{},"flaeche_m2":896231,"neigung_grad":13.5,"ausrichtung_grad":155,"weg_abstand_m":203,"wald_hinweis":false}},{"type":"Feature","geometry":{"type":"Point","coordinates":[11.446731,46.612234]},"properties":{"id":619,"hoehe_m":2115,"sektoren_frei":[],"sektoren_blockiert":["OSO"],"erste_kollision_m":{"OSO":6},"flaeche_m2":2931,"neigung_grad":10.8,"ausrichtung_grad":142,"weg_abstand_m":22,"wald_hinweis":false}},{"type":"Feature","geometry":{"type":"Point","coordinates":[11.427331,46.637644]},"properties":{"id":620,"hoehe_m":2115,"sektoren_frei":["O"],"sektoren_blockiert":[],"erste_kollision_m":{},"flaeche_m2":36281,"neigung_grad":17.4,"ausrichtung_grad":109,"weg_abstand_m":621,"wald_hinweis":false}},{"type":"Feature","geometry":{"type":"Point","coordinates":[11.462949,46.607723]},"properties":{"id":621,"hoehe_m":2115,"sektoren_frei":["SSO"],"sektoren_blockiert":[],"erste_kollision_m":{},"flaeche_m2":795925,"neigung_grad":13.6,"ausrichtung_grad":172,"weg_abstand_m":230,"wald_hinweis":false}},{"type":"Feature","geometry":{"type":"Point","coordinates":[11.448675,46.627109]},"properties":{"id":622,"hoehe_m":2115,"sektoren_frei":["NW","NNW"],"sektoren_blockiert":[],"erste_kollision_m":{},"flaeche_m2":16950,"neigung_grad":12.6,"ausrichtung_grad":332,"weg_abstand_m":406,"wald_hinweis":false}},{"type":"Feature","geometry":{"type":"Point","coordinates":[11.466559,46.629695]},"properties":{"id":623,"hoehe_m":2115,"sektoren_frei":[],"sektoren_blockiert":["O"],"erste_kollision_m":{"O":8},"flaeche_m2":162,"neigung_grad":10.2,"ausrichtung_grad":129,"weg_abstand_m":39,"wald_hinweis":false}},{"type":"Feature","geometry":{"type":"Point","coordinates":[11.445111,46.611774]},"properties":{"id":624,"hoehe_m":2115,"sektoren_frei":[],"sektoren_blockiert":["OSO"],"erste_kollision_m":{"OSO":6},"flaeche_m2":412,"neigung_grad":8.6,"ausrichtung_grad":144,"weg_abstand_m":43,"wald_hinweis":false}},{"type":"Feature","geometry":{"type":"Point","coordinates":[11.45056,46.620387]},"properties":{"id":625,"hoehe_m":2115,"sektoren_frei":[],"sektoren_blockiert":["N"],"erste_kollision_m":{"N":2},"flaeche_m2":238,"neigung_grad":14.4,"ausrichtung_grad":324,"weg_abstand_m":102,"wald_hinweis":false}},{"type":"Feature","geometry":{"type":"Point","coordinates":[11.45006,46.609305]},"properties":{"id":626,"hoehe_m":2115,"sektoren_frei":[],"sektoren_blockiert":["W"],"erste_kollision_m":{"W":8},"flaeche_m2":138,"neigung_grad":9.3,"ausrichtung_grad":231,"weg_abstand_m":6,"wald_hinweis":false}},{"type":"Feature","geometry":{"type":"Point","coordinates":[11.448878,46.62364]},"properties":{"id":627,"hoehe_m":2115,"sektoren_frei":[],"sektoren_blockiert":["SW"],"erste_kollision_m":{"SW":212},"flaeche_m2":544,"neigung_grad":21.3,"ausrichtung_grad":218,"weg_abstand_m":453,"wald_hinweis":false}},{"type":"Feature","geometry":{"type":"Point","coordinates":[11.448634,46.615343]},"properties":{"id":628,"hoehe_m":2115,"sektoren_frei":[],"sektoren_blockiert":["NW"],"erste_kollision_m":{"NW":6},"flaeche_m2":13238,"neigung_grad":13.5,"ausrichtung_grad":279,"weg_abstand_m":171,"wald_hinweis":false}},{"type":"Feature","geometry":{"type":"Point","coordinates":[11.444473,46.612125]},"properties":{"id":629,"hoehe_m":2115,"sektoren_frei":[],"sektoren_blockiert":["SSW","SW","WSW","W","W"],"erste_kollision_m":{"SSW":8,"SW":4,"WSW":6,"W":2},"flaeche_m2":8906,"neigung_grad":10.0,"ausrichtung_grad":247,"weg_abstand_m":10,"wald_hinweis":false}},{"type":"Feature","geometry":{"type":"Point","coordinates":[11.450897,46.620627]},"properties":{"id":630,"hoehe_m":2115,"sektoren_frei":[],"sektoren_blockiert":["W"],"erste_kollision_m":{"W":5},"flaeche_m2":625,"neigung_grad":17.8,"ausrichtung_grad":305,"weg_abstand_m":104,"wald_hinweis":false}},{"type":"Feature","geometry":{"type":"Point","coordinates":[11.448896,46.614617]},"properties":{"id":631,"hoehe_m":2114,"sektoren_frei":[],"sektoren_blockiert":["WNW"],"erste_kollision_m":{"WNW":6},"flaeche_m2":119,"neigung_grad":10.1,"ausrichtung_grad":260,"weg_abstand_m":173,"wald_hinweis":false}},{"type":"Feature","geometry":{"type":"Point","coordinates":[11.464134,46.62806]},"properties":{"id":632,"hoehe_m":2114,"sektoren_frei":[],"sektoren_blockiert":["WSW","W"],"erste_kollision_m":{"WSW":6,"W":2},"flaeche_m2":431,"neigung_grad":10.6,"ausrichtung_grad":230,"weg_abstand_m":23,"wald_hinweis":false}},{"type":"Feature","geometry":{"type":"Point","coordinates":[11.468214,46.610782]},"properties":{"id":633,"hoehe_m":2114,"sektoren_frei":[],"sektoren_blockiert":["SO","SSO","S"],"erste_kollision_m":{"SO":6,"SSO":9,"S":10},"flaeche_m2":700,"neigung_grad":17.0,"ausrichtung_grad":157,"weg_abstand_m":164,"wald_hinweis":true}},{"type":"Feature","geometry":{"type":"Point","coordinates":[11.444712,46.611625]},"properties":{"id":634,"hoehe_m":2114,"sektoren_frei":[],"sektoren_blockiert":["SSW"],"erste_kollision_m":{"SSW":10},"flaeche_m2":5425,"neigung_grad":9.1,"ausrichtung_grad":192,"weg_abstand_m":59,"wald_hinweis":false}},{"type":"Feature","geometry":{"type":"Point","coordinates":[11.459802,46.608151]},"properties":{"id":635,"hoehe_m":2114,"sektoren_frei":[],"sektoren_blockiert":["SSO"],"erste_kollision_m":{"SSO":6},"flaeche_m2":150,"neigung_grad":9.9,"ausrichtung_grad":199,"weg_abstand_m":15,"wald_hinweis":false}},{"type":"Feature","geometry":{"type":"Point","coordinates":[11.462077,46.625922]},"properties":{"id":636,"hoehe_m":2114,"sektoren_frei":[],"sektoren_blockiert":["SO"],"erste_kollision_m":{"SO":6},"flaeche_m2":144,"neigung_grad":8.7,"ausrichtung_grad":164,"weg_abstand_m":129,"wald_hinweis":false}},{"type":"Feature","geometry":{"type":"Point","coordinates":[11.462372,46.625938]},"properties":{"id":637,"hoehe_m":2114,"sektoren_frei":[],"sektoren_blockiert":["OSO","SO"],"erste_kollision_m":{"OSO":6,"SO":4},"flaeche_m2":24294,"neigung_grad":9.1,"ausrichtung_grad":143,"weg_abstand_m":106,"wald_hinweis":false}},{"type":"Feature","geometry":{"type":"Point","coordinates":[11.463789,46.619742]},"properties":{"id":638,"hoehe_m":2114,"sektoren_frei":["O","O"],"sektoren_blockiert":["N","SO"],"erste_kollision_m":{"N":48,"SO":25},"flaeche_m2":7369,"neigung_grad":16.2,"ausrichtung_grad":72,"weg_abstand_m":44,"wald_hinweis":false}},{"type":"Feature","geometry":{"type":"Point","coordinates":[11.452687,46.621939]},"properties":{"id":639,"hoehe_m":2114,"sektoren_frei":[],"sektoren_blockiert":["WSW","WSW"],"erste_kollision_m":{"WSW":22},"flaeche_m2":419,"neigung_grad":13.9,"ausrichtung_grad":253,"weg_abstand_m":113,"wald_hinweis":false}},{"type":"Feature","geometry":{"type":"Point","coordinates":[11.442312,46.642455]},"properties":{"id":640,"hoehe_m":2113,"sektoren_frei":[],"sektoren_blockiert":["SO","SSW","SW"],"erste_kollision_m":{"SO":6,"SSW":349,"SW":64},"flaeche_m2":33856,"neigung_grad":20.6,"ausrichtung_grad":185,"weg_abstand_m":285,"wald_hinweis":false}},{"type":"Feature","geometry":{"type":"Point","coordinates":[11.447271,46.613347]},"properties":{"id":641,"hoehe_m":2113,"sektoren_frei":[],"sektoren_blockiert":["N","NW","NNW"],"erste_kollision_m":{"N":2,"NW":4,"NNW":8},"flaeche_m2":531,"neigung_grad":8.1,"ausrichtung_grad":330,"weg_abstand_m":98,"wald_hinweis":false}},{"type":"Feature","geometry":{"type":"Point","coordinates":[11.447604,46.613498]},"properties":{"id":642,"hoehe_m":2113,"sektoren_frei":[],"sektoren_blockiert":["N","WNW"],"erste_kollision_m":{"N":8,"WNW":6},"flaeche_m2":225,"neigung_grad":8.0,"ausrichtung_grad":333,"weg_abstand_m":115,"wald_hinweis":false}},{"type":"Feature","geometry":{"type":"Point","coordinates":[11.467373,46.631792]},"properties":{"id":643,"hoehe_m":2113,"sektoren_frei":[],"sektoren_blockiert":["SO"],"erste_kollision_m":{"SO":6},"flaeche_m2":162,"neigung_grad":9.2,"ausrichtung_grad":103,"weg_abstand_m":79,"wald_hinweis":false}},{"type":"Feature","geometry":{"type":"Point","coordinates":[11.443766,46.613085]},"properties":{"id":644,"hoehe_m":2113,"sektoren_frei":[],"sektoren_blockiert":["WNW"],"erste_kollision_m":{"WNW":64},"flaeche_m2":525,"neigung_grad":15.2,"ausrichtung_grad":270,"weg_abstand_m":46,"wald_hinweis":false}},{"type":"Feature","geometry":{"type":"Point","coordinates":[11.456689,46.608623]},"properties":{"id":645,"hoehe_m":2113,"sektoren_frei":[],"sektoren_blockiert":["SW"],"erste_kollision_m":{"SW":6},"flaeche_m2":194,"neigung_grad":10.2,"ausrichtung_grad":190,"weg_abstand_m":226,"wald_hinweis":false}},{"type":"Feature","geometry":{"type":"Point","coordinates":[11.452762,46.623579]},"properties":{"id":646,"hoehe_m":2113,"sektoren_frei":[],"sektoren_blockiert":["SO","SSO","S","SSW","W","WNW","NW"],"erste_kollision_m":{"SO":4,"SSO":27,"S":2,"SSW":30,"W":2,"WNW":30,"NW":34},"flaeche_m2":4106,"neigung_grad":15.2,"ausrichtung_grad":282,"weg_abstand_m":223,"wald_hinweis":false}},{"type":"Feature","geometry":{"type":"Point","coordinates":[11.463606,46.607799]},"properties":{"id":647,"hoehe_m":2113,"sektoren_frei":["OSO"],"sektoren_blockiert":[],"erste_kollision_m":{},"flaeche_m2":4675,"neigung_grad":14.1,"ausrichtung_grad":142,"weg_abstand_m":210,"wald_hinweis":false}},{"type":"Feature","geometry":{"type":"Point","coordinates":[11.451237,46.620912]},"properties":{"id":648,"hoehe_m":2113,"sektoren_frei":[],"sektoren_blockiert":["W"],"erste_kollision_m":{"W":16},"flaeche_m2":238,"neigung_grad":14.8,"ausrichtung_grad":300,"weg_abstand_m":109,"wald_hinweis":false}},{"type":"Feature","geometry":{"type":"Point","coordinates":[11.451547,46.608261]},"properties":{"id":649,"hoehe_m":2113,"sektoren_frei":[],"sektoren_blockiert":["SO"],"erste_kollision_m":{"SO":4},"flaeche_m2":175,"neigung_grad":11.1,"ausrichtung_grad":174,"weg_abstand_m":74,"wald_hinweis":false}},{"type":"Feature","geometry":{"type":"Point","coordinates":[11.449161,46.623387]},"properties":{"id":650,"hoehe_m":2113,"sektoren_frei":[],"sektoren_blockiert":["WSW","WSW"],"erste_kollision_m":{"WSW":90},"flaeche_m2":14662,"neigung_grad":22.6,"ausrichtung_grad":216,"weg_abstand_m":418,"wald_hinweis":false}},{"type":"Feature","geometry":{"type":"Point","coordinates":[11.424741,46.636709]},"properties":{"id":651,"hoehe_m":2113,"sektoren_frei":[],"sektoren_blockiert":["W"],"erste_kollision_m":{"W":8},"flaeche_m2":238,"neigung_grad":12.8,"ausrichtung_grad":238,"weg_abstand_m":397,"wald_hinweis":false}},{"type":"Feature","geometry":{"type":"Point","coordinates":[11.463871,46.607883]},"properties":{"id":652,"hoehe_m":2113,"sektoren_frei":["S"],"sektoren_blockiert":[],"erste_kollision_m":{},"flaeche_m2":896231,"neigung_grad":13.5,"ausrichtung_grad":154,"weg_abstand_m":199,"wald_hinweis":false}},{"type":"Feature","geometry":{"type":"Point","coordinates":[11.462647,46.626967]},"properties":{"id":653,"hoehe_m":2112,"sektoren_frei":[],"sektoren_blockiert":["OSO","SO","SSO"],"erste_kollision_m":{"OSO":6,"SO":17,"SSO":13},"flaeche_m2":2575,"neigung_grad":9.2,"ausrichtung_grad":139,"weg_abstand_m":44,"wald_hinweis":false}},{"type":"Feature","geometry":{"type":"Point","coordinates":[11.463102,46.627632]},"properties":{"id":654,"hoehe_m":2112,"sektoren_frei":[],"sektoren_blockiert":["NO","NO","ONO","O","OSO"],"erste_kollision_m":{"NO":4,"ONO":10,"O":2,"OSO":6},"flaeche_m2":1562,"neigung_grad":9.6,"ausrichtung_grad":65,"weg_abstand_m":26,"wald_hinweis":false}},{"type":"Feature","geometry":{"type":"Point","coordinates":[11.46541,46.618065]},"properties":{"id":655,"hoehe_m":2112,"sektoren_frei":[],"sektoren_blockiert":["N","N","NNO","NNO"],"erste_kollision_m":{"N":12,"NNO":16},"flaeche_m2":519,"neigung_grad":13.0,"ausrichtung_grad":6,"weg_abstand_m":20,"wald_hinweis":true}},{"type":"Feature","geometry":{"type":"Point","coordinates":[11.462882,46.626399]},"properties":{"id":656,"hoehe_m":2112,"sektoren_frei":[],"sektoren_blockiert":["N","NNO","NO","ONO","O"],"erste_kollision_m":{"N":16,"NNO":25,"NO":39,"ONO":6,"O":2},"flaeche_m2":20369,"neigung_grad":14.2,"ausrichtung_grad":79,"weg_abstand_m":76,"wald_hinweis":false}},{"type":"Feature","geometry":{"type":"Point","coordinates":[11.463206,46.607628]},"properties":{"id":657,"hoehe_m":2112,"sektoren_frei":["SO"],"sektoren_blockiert":[],"erste_kollision_m":{},"flaeche_m2":34694,"neigung_grad":14.0,"ausrichtung_grad":158,"weg_abstand_m":223,"wald_hinweis":false}},{"type":"Feature","geometry":{"type":"Point","coordinates":[11.463875,46.619493]},"properties":{"id":658,"hoehe_m":2112,"sektoren_frei":["ONO"],"sektoren_blockiert":[],"erste_kollision_m":{},"flaeche_m2":100688,"neigung_grad":17.9,"ausrichtung_grad":80,"weg_abstand_m":51,"wald_hinweis":false}},{"type":"Feature","geometry":{"type":"Point","coordinates":[11.457276,46.60861]},"properties":{"id":659,"hoehe_m":2112,"sektoren_frei":[],"sektoren_blockiert":["SO","SW"],"erste_kollision_m":{"SO":4,"SW":6},"flaeche_m2":1256,"neigung_grad":9.9,"ausrichtung_grad":188,"weg_abstand_m":184,"wald_hinweis":false}},{"type":"Feature","geometry":{"type":"Point","coordinates":[11.463314,46.627267]},"properties":{"id":660,"hoehe_m":2112,"sektoren_frei":[],"sektoren_blockiert":["OSO","SO","SSO","S"],"erste_kollision_m":{"OSO":9,"SO":6,"SSO":6,"S":2},"flaeche_m2":906,"neigung_grad":10.3,"ausrichtung_grad":122,"weg_abstand_m":6,"wald_hinweis":false}},{"type":"Feature","geometry":{"type":"Point","coordinates":[11.425712,46.636509]},"properties":{"id":661,"hoehe_m":2112,"sektoren_frei":["OSO","SO","SSO","S"],"sektoren_blockiert":[],"erste_kollision_m":{},"flaeche_m2":361119,"neigung_grad":12.9,"ausrichtung_grad":157,"weg_abstand_m":449,"wald_hinweis":false}},{"type":"Feature","geometry":{"type":"Point","coordinates":[11.450935,46.608431]},"properties":{"id":662,"hoehe_m":2112,"sektoren_frei":[],"sektoren_blockiert":["W"],"erste_kollision_m":{"W":2},"flaeche_m2":188,"neigung_grad":9.9,"ausrichtung_grad":231,"weg_abstand_m":34,"wald_hinweis":false}},{"type":"Feature","geometry":{"type":"Point","coordinates":[11.453183,46.623503]},"properties":{"id":663,"hoehe_m":2112,"sektoren_frei":[],"sektoren_blockiert":["SW"],"erste_kollision_m":{"SW":6},"flaeche_m2":825,"neigung_grad":9.4,"ausrichtung_grad":200,"weg_abstand_m":192,"wald_hinweis":false}},{"type":"Feature","geometry":{"type":"Point","coordinates":[11.444328,46.61179]},"properties":{"id":664,"hoehe_m":2112,"sektoren_frei":[],"sektoren_blockiert":["WNW"],"erste_kollision_m":{"WNW":6},"flaeche_m2":225,"neigung_grad":12.3,"ausrichtung_grad":255,"weg_abstand_m":48,"wald_hinweis":false}},{"type":"Feature","geometry":{"type":"Point","coordinates":[11.447825,46.610433]},"properties":{"id":665,"hoehe_m":2112,"sektoren_frei":[],"sektoren_blockiert":["S","S"],"erste_kollision_m":{"S":2},"flaeche_m2":656,"neigung_grad":9.3,"ausrichtung_grad":218,"weg_abstand_m":162,"wald_hinweis":false}},{"type":"Feature","geometry":{"type":"Point","coordinates":[11.464849,46.608582]},"properties":{"id":666,"hoehe_m":2112,"sektoren_frei":[],"sektoren_blockiert":["ONO"],"erste_kollision_m":{"ONO":87},"flaeche_m2":794,"neigung_grad":25.0,"ausrichtung_grad":103,"weg_abstand_m":170,"wald_hinweis":false}},{"type":"Feature","geometry":{"type":"Point","coordinates":[11.467095,46.629976]},"properties":{"id":667,"hoehe_m":2112,"sektoren_frei":[],"sektoren_blockiert":["ONO"],"erste_kollision_m":{"ONO":6},"flaeche_m2":119,"neigung_grad":8.3,"ausrichtung_grad":105,"weg_abstand_m":30,"wald_hinweis":false}},{"type":"Feature","geometry":{"type":"Point","coordinates":[11.43803,46.61332]},"properties":{"id":668,"hoehe_m":2112,"sektoren_frei":[],"sektoren_blockiert":["W","WNW","NW"],"erste_kollision_m":{"W":16,"WNW":20,"NW":4},"flaeche_m2":225,"neigung_grad":8.4,"ausrichtung_grad":280,"weg_abstand_m":78,"wald_hinweis":false}},{"type":"Feature","geometry":{"type":"Point","coordinates":[11.465008,46.627906]},"properties":{"id":669,"hoehe_m":2111,"sektoren_frei":[],"sektoren_blockiert":["SW"],"erste_kollision_m":{"SW":4},"flaeche_m2":2612,"neigung_grad":10.1,"ausrichtung_grad":196,"weg_abstand_m":59,"wald_hinweis":false}},{"type":"Feature","geometry":{"type":"Point","coordinates":[11.454458,46.630765]},"properties":{"id":670,"hoehe_m":2111,"sektoren_frei":["WNW"],"sektoren_blockiert":[],"erste_kollision_m":{},"flaeche_m2":186381,"neigung_grad":13.9,"ausrichtung_grad":309,"weg_abstand_m":166,"wald_hinweis":false}},{"type":"Feature","geometry":{"type":"Point","coordinates":[11.448815,46.609939]},"properties":{"id":671,"hoehe_m":2111,"sektoren_frei":[],"sektoren_blockiert":["S"],"erste_kollision_m":{"S":2},"flaeche_m2":881,"neigung_grad":9.1,"ausrichtung_grad":197,"weg_abstand_m":91,"wald_hinweis":false}},{"type":"Feature","geometry":{"type":"Point","coordinates":[11.443863,46.61234]},"properties":{"id":672,"hoehe_m":2111,"sektoren_frei":[],"sektoren_blockiert":["W","WNW"],"erste_kollision_m":{"W":8,"WNW":6},"flaeche_m2":5594,"neigung_grad":11.4,"ausrichtung_grad":256,"weg_abstand_m":5,"wald_hinweis":false}},{"type":"Feature","geometry":{"type":"Point","coordinates":[11.460267,46.624903]},"properties":{"id":673,"hoehe_m":2111,"sektoren_frei":[],"sektoren_blockiert":["SSO"],"erste_kollision_m":{"SSO":6},"flaeche_m2":2712,"neigung_grad":9.1,"ausrichtung_grad":144,"weg_abstand_m":218,"wald_hinweis":false}},{"type":"Feature","geometry":{"type":"Point","coordinates":[11.457127,46.632013]},"properties":{"id":674,"hoehe_m":2111,"sektoren_frei":[],"sektoren_blockiert":["W"],"erste_kollision_m":{"W":85},"flaeche_m2":212,"neigung_grad":16.8,"ausrichtung_grad":311,"weg_abstand_m":22,"wald_hinweis":false}},{"type":"Feature","geometry":{"type":"Point","coordinates":[11.447011,46.642355]},"properties":{"id":675,"hoehe_m":2111,"sektoren_frei":[],"sektoren_blockiert":["SO","SSO","S","SSW","SW"],"erste_kollision_m":{"SO":6,"SSO":9,"S":70,"SSW":18,"SW":6},"flaeche_m2":308169,"neigung_grad":11.2,"ausrichtung_grad":165,"weg_abstand_m":195,"wald_hinweis":false}},{"type":"Feature","geometry":{"type":"Point","coordinates":[11.458728,46.632744]},"properties":{"id":676,"hoehe_m":2110,"sektoren_frei":["NW"],"sektoren_blockiert":["NNO"],"erste_kollision_m":{"NNO":23},"flaeche_m2":135556,"neigung_grad":13.5,"ausrichtung_grad":323,"weg_abstand_m":56,"wald_hinweis":false}},{"type":"Feature","geometry":{"type":"Point","coordinates":[11.445095,46.611436]},"properties":{"id":677,"hoehe_m":2110,"sektoren_frei":[],"sektoren_blockiert":["OSO"],"erste_kollision_m":{"OSO":8},"flaeche_m2":5175,"neigung_grad":10.4,"ausrichtung_grad":144,"weg_abstand_m":81,"wald_hinweis":false}},{"type":"Feature","geometry":{"type":"Point","coordinates":[11.451889,46.628841]},"properties":{"id":678,"hoehe_m":2110,"sektoren_frei":["NNW"],"sektoren_blockiert":[],"erste_kollision_m":{},"flaeche_m2":53619,"neigung_grad":18.3,"ausrichtung_grad":303,"weg_abstand_m":334,"wald_hinweis":false}},{"type":"Feature","geometry":{"type":"Point","coordinates":[11.435001,46.642611]},"properties":{"id":679,"hoehe_m":2110,"sektoren_frei":["S"],"sektoren_blockiert":[],"erste_kollision_m":{},"flaeche_m2":80375,"neigung_grad":20.3,"ausrichtung_grad":216,"weg_abstand_m":56,"wald_hinweis":false}},{"type":"Feature","geometry":{"type":"Point","coordinates":[11.464258,46.618562]},"properties":{"id":680,"hoehe_m":2110,"sektoren_frei":[],"sektoren_blockiert":["NNO","NO","ONO","O"],"erste_kollision_m":{"NNO":50,"NO":50,"ONO":50,"O":37},"flaeche_m2":569,"neigung_grad":23.0,"ausrichtung_grad":62,"weg_abstand_m":40,"wald_hinweis":false}},{"type":"Feature","geometry":{"type":"Point","coordinates":[11.461886,46.621718]},"properties":{"id":681,"hoehe_m":2110,"sektoren_frei":[],"sektoren_blockiert":["OSO"],"erste_kollision_m":{"OSO":34},"flaeche_m2":444,"neigung_grad":18.6,"ausrichtung_grad":87,"weg_abstand_m":100,"wald_hinweis":false}},{"type":"Feature","geometry":{"type":"Point","coordinates":[11.465928,46.628741]},"properties":{"id":682,"hoehe_m":2110,"sektoren_frei":[],"sektoren_blockiert":["ONO","O","O","OSO","OSO","SO","SO"],"erste_kollision_m":{"ONO":6,"O":2,"OSO":6,"SO":4},"flaeche_m2":669,"neigung_grad":7.6,"ausrichtung_grad":102,"weg_abstand_m":49,"wald_hinweis":false}},{"type":"Feature","geometry":{"type":"Point","coordinates":[11.447073,46.626334]},"properties":{"id":683,"hoehe_m":2110,"sektoren_frei":["W"],"sektoren_blockiert":[],"erste_kollision_m":{},"flaeche_m2":9238,"neigung_grad":20.4,"ausrichtung_grad":298,"weg_abstand_m":479,"wald_hinweis":false}},{"type":"Feature","geometry":{"type":"Point","coordinates":[11.460592,46.622691]},"properties":{"id":684,"hoehe_m":2110,"sektoren_frei":[],"sektoren_blockiert":["OSO"],"erste_kollision_m":{"OSO":20},"flaeche_m2":1125,"neigung_grad":9.4,"ausrichtung_grad":83,"weg_abstand_m":117,"wald_hinweis":false}},{"type":"Feature","geometry":{"type":"Point","coordinates":[11.425182,46.63634]},"properties":{"id":685,"hoehe_m":2110,"sektoren_frei":["SSW"],"sektoren_blockiert":[],"erste_kollision_m":{},"flaeche_m2":334506,"neigung_grad":13.2,"ausrichtung_grad":194,"weg_abstand_m":405,"wald_hinweis":false}},{"type":"Feature","geometry":{"type":"Point","coordinates":[11.444603,46.611379]},"properties":{"id":686,"hoehe_m":2110,"sektoren_frei":[],"sektoren_blockiert":["SW"],"erste_kollision_m":{"SW":6},"flaeche_m2":2488,"neigung_grad":9.0,"ausrichtung_grad":199,"weg_abstand_m":87,"wald_hinweis":false}},{"type":"Feature","geometry":{"type":"Point","coordinates":[11.465395,46.627785]},"properties":{"id":687,"hoehe_m":2110,"sektoren_frei":[],"sektoren_blockiert":["SSO"],"erste_kollision_m":{"SSO":12},"flaeche_m2":262,"neigung_grad":9.1,"ausrichtung_grad":161,"weg_abstand_m":57,"wald_hinweis":false}},{"type":"Feature","geometry":{"type":"Point","coordinates":[11.471014,46.610609]},"properties":{"id":688,"hoehe_m":2109,"sektoren_frei":[],"sektoren_blockiert":["OSO"],"erste_kollision_m":{"OSO":23},"flaeche_m2":406,"neigung_grad":12.9,"ausrichtung_grad":115,"weg_abstand_m":72,"wald_hinweis":true}},{"type":"Feature","geometry":{"type":"Point","coordinates":[11.445523,46.611517]},"properties":{"id":689,"hoehe_m":2109,"sektoren_frei":[],"sektoren_blockiert":["SSW"],"erste_kollision_m":{"SSW":6},"flaeche_m2":325,"neigung_grad":9.1,"ausrichtung_grad":165,"weg_abstand_m":73,"wald_hinweis":false}},{"type":"Feature","geometry":{"type":"Point","coordinates":[11.438392,46.612659]},"properties":{"id":690,"hoehe_m":2109,"sektoren_frei":[],"sektoren_blockiert":["OSO","SO","SSO","S","SSW"],"erste_kollision_m":{"OSO":23,"SO":32,"SSO":34,"S":45,"SSW":12},"flaeche_m2":8656,"neigung_grad":9.3,"ausrichtung_grad":180,"weg_abstand_m":23,"wald_hinweis":false}},{"type":"Feature","geometry":{"type":"Point","coordinates":[11.447338,46.611928]},"properties":{"id":691,"hoehe_m":2109,"sektoren_frei":[],"sektoren_blockiert":["SO","SSW"],"erste_kollision_m":{"SO":4,"SSW":16},"flaeche_m2":350,"neigung_grad":8.0,"ausrichtung_grad":181,"weg_abstand_m":59,"wald_hinweis":false}},{"type":"Feature","geometry":{"type":"Point","coordinates":[11.459821,46.623698]},"properties":{"id":692,"hoehe_m":2109,"sektoren_frei":[],"sektoren_blockiert":["OSO"],"erste_kollision_m":{"OSO":6},"flaeche_m2":188,"neigung_grad":9.2,"ausrichtung_grad":76,"weg_abstand_m":173,"wald_hinweis":false}},{"type":"Feature","geometry":{"type":"Point","coordinates":[11.461664,46.621858]},"properties":{"id":693,"hoehe_m":2109,"sektoren_frei":[],"sektoren_blockiert":["O"],"erste_kollision_m":{"O":2},"flaeche_m2":150,"neigung_grad":14.2,"ausrichtung_grad":61,"weg_abstand_m":94,"wald_hinweis":false}},{"type":"Feature","geometry":{"type":"Point","coordinates":[11.467812,46.631378]},"properties":{"id":694,"hoehe_m":2109,"sektoren_frei":[],"sektoren_blockiert":["SO"],"erste_kollision_m":{"SO":6},"flaeche_m2":1594,"neigung_grad":8.8,"ausrichtung_grad":99,"weg_abstand_m":55,"wald_hinweis":false}},{"type":"Feature","geometry":{"type":"Point","coordinates":[11.46021,46.607782]},"properties":{"id":695,"hoehe_m":2109,"sektoren_frei":["SSO"],"sektoren_blockiert":[],"erste_kollision_m":{},"flaeche_m2":795925,"neigung_grad":11.5,"ausrichtung_grad":181,"weg_abstand_m":59,"wald_hinweis":false}},{"type":"Feature","geometry":{"type":"Point","coordinates":[11.467004,46.633015]},"properties":{"id":696,"hoehe_m":2109,"sektoren_frei":[],"sektoren_blockiert":["N"],"erste_kollision_m":{"N":2},"flaeche_m2":275,"neigung_grad":9.1,"ausrichtung_grad":35,"weg_abstand_m":35,"wald_hinweis":false}},{"type":"Feature","geometry":{"type":"Point","coordinates":[11.463335,46.62702]},"properties":{"id":697,"hoehe_m":2109,"sektoren_frei":[],"sektoren_blockiert":["O","SSO"],"erste_kollision_m":{"O":8,"SSO":25},"flaeche_m2":1662,"neigung_grad":9.9,"ausrichtung_grad":123,"weg_abstand_m":4,"wald_hinweis":false}},{"type":"Feature","geometry":{"type":"Point","coordinates":[11.463555,46.626115]},"properties":{"id":698,"hoehe_m":2108,"sektoren_frei":[],"sektoren_blockiert":["OSO"],"erste_kollision_m":{"OSO":60},"flaeche_m2":30375,"neigung_grad":11.6,"ausrichtung_grad":107,"weg_abstand_m":19,"wald_hinweis":false}},{"type":"Feature","geometry":{"type":"Point","coordinates":[11.437565,46.61315]},"properties":{"id":699,"hoehe_m":2108,"sektoren_frei":[],"sektoren_blockiert":["S","SW","WSW","WNW"],"erste_kollision_m":{"S":2,"SW":17,"WSW":223,"WNW":9},"flaeche_m2":38225,"neigung_grad":10.4,"ausrichtung_grad":252,"weg_abstand_m":103,"wald_hinweis":false}},{"type":"Feature","geometry":{"type":"Point","coordinates":[11.467764,46.630321]},"properties":{"id":700,"hoehe_m":2108,"sektoren_frei":[],"sektoren_blockiert":["SSO"],"erste_kollision_m":{"SSO":10},"flaeche_m2":138,"neigung_grad":8.9,"ausrichtung_grad":123,"weg_abstand_m":22,"wald_hinweis":false}},{"type":"Feature","geometry":{"type":"Point","coordinates":[11.468635,46.610706]},"properties":{"id":701,"hoehe_m":2108,"sektoren_frei":[],"sektoren_blockiert":["SSO"],"erste_kollision_m":{"SSO":71},"flaeche_m2":306,"neigung_grad":14.7,"ausrichtung_grad":164,"weg_abstand_m":139,"wald_hinweis":true}},{"type":"Feature","geometry":{"type":"Point","coordinates":[11.467797,46.631783]},"properties":{"id":702,"hoehe_m":2108,"sektoren_frei":[],"sektoren_blockiert":["SO"],"erste_kollision_m":{"SO":4},"flaeche_m2":144,"neigung_grad":8.3,"ausrichtung_grad":101,"weg_abstand_m":48,"wald_hinweis":false}},{"type":"Feature","geometry":{"type":"Point","coordinates":[11.462618,46.625618]},"properties":{"id":703,"hoehe_m":2108,"sektoren_frei":[],"sektoren_blockiert":["OSO"],"erste_kollision_m":{"OSO":18},"flaeche_m2":219,"neigung_grad":9.1,"ausrichtung_grad":147,"weg_abstand_m":95,"wald_hinweis":false}},{"type":"Feature","geometry":{"type":"Point","coordinates":[11.448154,46.64233]},"properties":{"id":704,"hoehe_m":2108,"sektoren_frei":[],"sektoren_blockiert":["SSW"],"erste_kollision_m":{"SSW":6},"flaeche_m2":462,"neigung_grad":8.3,"ausrichtung_grad":172,"weg_abstand_m":137,"wald_hinweis":false}},{"type":"Feature","geometry":{"type":"Point","coordinates":[11.463068,46.607451]},"properties":{"id":705,"hoehe_m":2108,"sektoren_frei":["SO"],"sektoren_blockiert":[],"erste_kollision_m":{},"flaeche_m2":34694,"neigung_grad":15.5,"ausrichtung_grad":165,"weg_abstand_m":222,"wald_hinweis":false}},{"type":"Feature","geometry":{"type":"Point","coordinates":[11.455927,46.608369]},"properties":{"id":706,"hoehe_m":2108,"sektoren_frei":[],"sektoren_blockiert":["SW"],"erste_kollision_m":{"SW":4},"flaeche_m2":512,"neigung_grad":8.4,"ausrichtung_grad":185,"weg_abstand_m":260,"wald_hinweis":false}},{"type":"Feature","geometry":{"type":"Point","coordinates":[11.435594,46.641991]},"properties":{"id":707,"hoehe_m":2107,"sektoren_frei":["S"],"sektoren_blockiert":[],"erste_kollision_m":{},"flaeche_m2":131,"neigung_grad":24.5,"ausrichtung_grad":220,"weg_abstand_m":34,"wald_hinweis":false}},{"type":"Feature","geometry":{"type":"Point","coordinates":[11.467762,46.632436]},"properties":{"id":708,"hoehe_m":2107,"sektoren_frei":["NO"],"sektoren_blockiert":["OSO"],"erste_kollision_m":{"OSO":30},"flaeche_m2":136762,"neigung_grad":12.4,"ausrichtung_grad":60,"weg_abstand_m":23,"wald_hinweis":false}},{"type":"Feature","geometry":{"type":"Point","coordinates":[11.447901,46.614279]},"properties":{"id":709,"hoehe_m":2107,"sektoren_frei":[],"sektoren_blockiert":["W","WNW","NNW"],"erste_kollision_m":{"W":2,"WNW":6,"NNW":6},"flaeche_m2":1412,"neigung_grad":8.5,"ausrichtung_grad":297,"weg_abstand_m":204,"wald_hinweis":false}},{"type":"Feature","geometry":{"type":"Point","coordinates":[11.446355,46.642279]},"properties":{"id":710,"hoehe_m":2107,"sektoren_frei":[],"sektoren_blockiert":["WSW"],"erste_kollision_m":{"WSW":8},"flaeche_m2":269,"neigung_grad":10.6,"ausrichtung_grad":211,"weg_abstand_m":230,"wald_hinweis":false}},{"type":"Feature","geometry":{"type":"Point","coordinates":[11.463709,46.627349]},"properties":{"id":711,"hoehe_m":2107,"sektoren_frei":[],"sektoren_blockiert":["NO"],"erste_kollision_m":{"NO":6},"flaeche_m2":125,"neigung_grad":10.4,"ausrichtung_grad":69,"weg_abstand_m":19,"wald_hinweis":false}},{"type":"Feature","geometry":{"type":"Point","coordinates":[11.462385,46.62551]},"properties":{"id":712,"hoehe_m":2107,"sektoren_frei":[],"sektoren_blockiert":["SW"],"erste_kollision_m":{"SW":4},"flaeche_m2":112,"neigung_grad":8.8,"ausrichtung_grad":188,"weg_abstand_m":116,"wald_hinweis":false}},{"type":"Feature","geometry":{"type":"Point","coordinates":[11.437521,46.613623]},"properties":{"id":713,"hoehe_m":2107,"sektoren_frei":[],"sektoren_blockiert":["N","WNW","NW","NNW"],"erste_kollision_m":{"N":2,"WNW":9,"NW":15,"NNW":22},"flaeche_m2":5138,"neigung_grad":10.9,"ausrichtung_grad":323,"weg_abstand_m":127,"wald_hinweis":false}},{"type":"Feature","geometry":{"type":"Point","coordinates":[11.448447,46.642324]},"properties":{"id":714,"hoehe_m":2107,"sektoren_frei":[],"sektoren_blockiert":["SSW","SSW"],"erste_kollision_m":{"SSW":9},"flaeche_m2":1581,"neigung_grad":10.8,"ausrichtung_grad":161,"weg_abstand_m":118,"wald_hinweis":false}},{"type":"Feature","geometry":{"type":"Point","coordinates":[11.4574,46.632255]},"properties":{"id":715,"hoehe_m":2107,"sektoren_frei":[],"sektoren_blockiert":["W"],"erste_kollision_m":{"W":8},"flaeche_m2":4025,"neigung_grad":10.9,"ausrichtung_grad":303,"weg_abstand_m":13,"wald_hinweis":false}},{"type":"Feature","geometry":{"type":"Point","coordinates":[11.466853,46.633289]},"properties":{"id":716,"hoehe_m":2107,"sektoren_frei":["NO"],"sektoren_blockiert":[],"erste_kollision_m":{},"flaeche_m2":136762,"neigung_grad":11.5,"ausrichtung_grad":41,"weg_abstand_m":20,"wald_hinweis":false}},{"type":"Feature","geometry":{"type":"Point","coordinates":[11.437837,46.612671]},"properties":{"id":717,"hoehe_m":2107,"sektoren_frei":[],"sektoren_blockiert":["W"],"erste_kollision_m":{"W":2},"flaeche_m2":2256,"neigung_grad":11.1,"ausrichtung_grad":248,"weg_abstand_m":60,"wald_hinweis":false}},{"type":"Feature","geometry":{"type":"Point","coordinates":[11.437136,46.640676]},"properties":{"id":718,"hoehe_m":2107,"sektoren_frei":["SW","WSW"],"sektoren_blockiert":[],"erste_kollision_m":{},"flaeche_m2":198788,"neigung_grad":23.3,"ausrichtung_grad":209,"weg_abstand_m":54,"wald_hinweis":false}},{"type":"Feature","geometry":{"type":"Point","coordinates":[11.444527,46.611134]},"properties":{"id":719,"hoehe_m":2107,"sektoren_frei":[],"sektoren_blockiert":["WSW"],"erste_kollision_m":{"WSW":10},"flaeche_m2":925,"neigung_grad":8.5,"ausrichtung_grad":212,"weg_abstand_m":115,"wald_hinweis":false}},{"type":"Feature","geometry":{"type":"Point","coordinates":[11.454205,46.630951]},"properties":{"id":720,"hoehe_m":2107,"sektoren_frei":["NW","NW"],"sektoren_blockiert":[],"erste_kollision_m":{},"flaeche_m2":358069,"neigung_grad":12.2,"ausrichtung_grad":312,"weg_abstand_m":187,"wald_hinweis":false}},{"type":"Feature","geometry":{"type":"Point","coordinates":[11.460107,46.623534]},"properties":{"id":721,"hoehe_m":2107,"sektoren_frei":[],"sektoren_blockiert":["NNO","SO"],"erste_kollision_m":{"NNO":20,"SO":22},"flaeche_m2":181,"neigung_grad":9.2,"ausrichtung_grad":108,"weg_abstand_m":170,"wald_hinweis":false}},{"type":"Feature","geometry":{"type":"Point","coordinates":[11.460652,46.624737]},"properties":{"id":722,"hoehe_m":2106,"sektoren_frei":[],"sektoren_blockiert":["O","S"],"erste_kollision_m":{"O":2,"S":2},"flaeche_m2":819,"neigung_grad":8.6,"ausrichtung_grad":145,"weg_abstand_m":238,"wald_hinweis":false}},{"type":"Feature","geometry":{"type":"Point","coordinates":[11.438922,46.612828]},"properties":{"id":723,"hoehe_m":2106,"sektoren_frei":[],"sektoren_blockiert":["OSO","SO"],"erste_kollision_m":{"OSO":8,"SO":4},"flaeche_m2":86438,"neigung_grad":9.0,"ausrichtung_grad":130,"weg_abstand_m":6,"wald_hinweis":false}},{"type":"Feature","geometry":{"type":"Point","coordinates":[11.467237,46.6331]},"properties":{"id":724,"hoehe_m":2106,"sektoren_frei":["NO"],"sektoren_blockiert":[],"erste_kollision_m":{},"flaeche_m2":136762,"neigung_grad":11.2,"ausrichtung_grad":50,"weg_abstand_m":15,"wald_hinweis":false}},{"type":"Feature","geometry":{"type":"Point","coordinates":[11.439637,46.641815]},"properties":{"id":725,"hoehe_m":2106,"sektoren_frei":[],"sektoren_blockiert":["SSW"],"erste_kollision_m":{"SSW":16},"flaeche_m2":406,"neigung_grad":18.2,"ausrichtung_grad":166,"weg_abstand_m":188,"wald_hinweis":false}},{"type":"Feature","geometry":{"type":"Point","coordinates":[11.448969,46.627823]},"properties":{"id":726,"hoehe_m":2106,"sektoren_frei":["WNW"],"sektoren_blockiert":[],"erste_kollision_m":{},"flaeche_m2":13238,"neigung_grad":13.3,"ausrichtung_grad":293,"weg_abstand_m":338,"wald_hinweis":false}},{"type":"Feature","geometry":{"type":"Point","coordinates":[11.452379,46.62235]},"properties":{"id":727,"hoehe_m":2106,"sektoren_frei":[],"sektoren_blockiert":["WNW","NNW"],"erste_kollision_m":{"WNW":62,"NNW":6},"flaeche_m2":319,"neigung_grad":15.3,"ausrichtung_grad":319,"weg_abstand_m":161,"wald_hinweis":false}},{"type":"Feature","geometry":{"type":"Point","coordinates":[11.445575,46.642385]},"properties":{"id":728,"hoehe_m":2106,"sektoren_frei":[],"sektoren_blockiert":["SO","SO","SSO","SW"],"erste_kollision_m":{"SO":4,"SSO":23,"SW":4},"flaeche_m2":2581,"neigung_grad":9.6,"ausrichtung_grad":181,"weg_abstand_m":259,"wald_hinweis":false}},{"type":"Feature","geometry":{"type":"Point","coordinates":[11.463108,46.625607]},"properties":{"id":729,"hoehe_m":2106,"sektoren_frei":[],"sektoren_blockiert":["SSW"],"erste_kollision_m":{"SSW":6},"flaeche_m2":1212,"neigung_grad":11.0,"ausrichtung_grad":173,"weg_abstand_m":62,"wald_hinweis":false}},{"type":"Feature","geometry":{"type":"Point","coordinates":[11.449769,46.623126]},"properties":{"id":730,"hoehe_m":2106,"sektoren_frei":[],"sektoren_blockiert":["O","OSO","S"],"erste_kollision_m":{"O":24,"OSO":116,"S":15},"flaeche_m2":2231,"neigung_grad":17.5,"ausrichtung_grad":163,"weg_abstand_m":365,"wald_hinweis":false}},{"type":"Feature","geometry":{"type":"Point","coordinates":[11.452125,46.623233]},"properties":{"id":731,"hoehe_m":2106,"sektoren_frei":[],"sektoren_blockiert":["SSW","SW","SW","WSW","WSW","WNW"],"erste_kollision_m":{"SSW":6,"SW":6,"WSW":83,"WNW":9},"flaeche_m2":3375,"neigung_grad":14.8,"ausrichtung_grad":264,"weg_abstand_m":237,"wald_hinweis":false}},{"type":"Feature","geometry":{"type":"Point","coordinates":[11.471378,46.610714]},"properties":{"id":732,"hoehe_m":2106,"sektoren_frei":[],"sektoren_blockiert":["SO"],"erste_kollision_m":{"SO":18},"flaeche_m2":131,"neigung_grad":12.5,"ausrichtung_grad":132,"weg_abstand_m":98,"wald_hinweis":true}},{"type":"Feature","geometry":{"type":"Point","coordinates":[11.457774,46.632584]},"properties":{"id":733,"hoehe_m":2105,"sektoren_frei":[],"sektoren_blockiert":["N"],"erste_kollision_m":{"N":2},"flaeche_m2":34775,"neigung_grad":10.2,"ausrichtung_grad":334,"weg_abstand_m":3,"wald_hinweis":false}},{"type":"Feature","geometry":{"type":"Point","coordinates":[11.437464,46.640714]},"properties":{"id":734,"hoehe_m":2105,"sektoren_frei":[],"sektoren_blockiert":["O"],"erste_kollision_m":{"O":8},"flaeche_m2":2612,"neigung_grad":20.4,"ausrichtung_grad":129,"weg_abstand_m":69,"wald_hinweis":false}},{"type":"Feature","geometry":{"type":"Point","coordinates":[11.463724,46.607527]},"properties":{"id":735,"hoehe_m":2105,"sektoren_frei":["S"],"sektoren_blockiert":[],"erste_kollision_m":{},"flaeche_m2":896231,"neigung_grad":15.5,"ausrichtung_grad":154,"weg_abstand_m":185,"wald_hinweis":false}},{"type":"Feature","geometry":{"type":"Point","coordinates":[11.459402,46.633202]},"properties":{"id":736,"hoehe_m":2105,"sektoren_frei":[],"sektoren_blockiert":["W"],"erste_kollision_m":{"W":8},"flaeche_m2":269,"neigung_grad":12.0,"ausrichtung_grad":285,"weg_abstand_m":71,"wald_hinweis":false}},{"type":"Feature","geometry":{"type":"Point","coordinates":[11.462219,46.607446]},"properties":{"id":737,"hoehe_m":2105,"sektoren_frei":[],"sektoren_blockiert":["WSW"],"erste_kollision_m":{"WSW":15},"flaeche_m2":450,"neigung_grad":10.4,"ausrichtung_grad":215,"weg_abstand_m":215,"wald_hinweis":false}},{"type":"Feature","geometry":{"type":"Point","coordinates":[11.466094,46.609388]},"properties":{"id":738,"hoehe_m":2105,"sektoren_frei":[],"sektoren_blockiert":["SSW"],"erste_kollision_m":{"SSW":34},"flaeche_m2":188,"neigung_grad":17.1,"ausrichtung_grad":165,"weg_abstand_m":98,"wald_hinweis":false}},{"type":"Feature","geometry":{"type":"Point","coordinates":[11.442955,46.613935]},"properties":{"id":739,"hoehe_m":2105,"sektoren_frei":[],"sektoren_blockiert":["WSW","W","WNW"],"erste_kollision_m":{"WSW":6,"W":5,"WNW":6},"flaeche_m2":1825,"neigung_grad":13.2,"ausrichtung_grad":280,"weg_abstand_m":50,"wald_hinweis":false}},{"type":"Feature","geometry":{"type":"Point","coordinates":[11.448277,46.64217]},"properties":{"id":740,"hoehe_m":2105,"sektoren_frei":[],"sektoren_blockiert":["OSO"],"erste_kollision_m":{"OSO":6},"flaeche_m2":3694,"neigung_grad":11.9,"ausrichtung_grad":149,"weg_abstand_m":139,"wald_hinweis":false}},{"type":"Feature","geometry":{"type":"Point","coordinates":[11.449873,46.620356]},"properties":{"id":741,"hoehe_m":2105,"sektoren_frei":[],"sektoren_blockiert":["WSW"],"erste_kollision_m":{"WSW":57},"flaeche_m2":1531,"neigung_grad":14.7,"ausrichtung_grad":278,"weg_abstand_m":136,"wald_hinweis":false}},{"type":"Feature","geometry":{"type":"Point","coordinates":[11.465544,46.627467]},"properties":{"id":742,"hoehe_m":2105,"sektoren_frei":[],"sektoren_blockiert":["WSW","W"],"erste_kollision_m":{"WSW":6,"W":8},"flaeche_m2":1125,"neigung_grad":9.6,"ausrichtung_grad":228,"weg_abstand_m":39,"wald_hinweis":false}},{"type":"Feature","geometry":{"type":"Point","coordinates":[11.438513,46.612454]},"properties":{"id":743,"hoehe_m":2105,"sektoren_frei":[],"sektoren_blockiert":["S","SSW","SSW"],"erste_kollision_m":{"S":2,"SSW":6},"flaeche_m2":14838,"neigung_grad":10.2,"ausrichtung_grad":158,"weg_abstand_m":4,"wald_hinweis":false}},{"type":"Feature","geometry":{"type":"Point","coordinates":[11.44883,46.627646]},"properties":{"id":744,"hoehe_m":2105,"sektoren_frei":["NW"],"sektoren_blockiert":[],"erste_kollision_m":{},"flaeche_m2":16950,"neigung_grad":12.6,"ausrichtung_grad":317,"weg_abstand_m":353,"wald_hinweis":false}},{"type":"Feature","geometry":{"type":"Point","coordinates":[11.461448,46.625013]},"properties":{"id":745,"hoehe_m":2105,"sektoren_frei":[],"sektoren_blockiert":["OSO","SO","SSO","S","S"],"erste_kollision_m":{"OSO":18,"SO":16,"SSO":6,"S":29},"flaeche_m2":10381,"neigung_grad":10.0,"ausrichtung_grad":143,"weg_abstand_m":205,"wald_hinweis":false}},{"type":"Feature","geometry":{"type":"Point","coordinates":[11.458649,46.607928]},"properties":{"id":746,"hoehe_m":2105,"sektoren_frei":[],"sektoren_blockiert":["SO","SSO","SW"],"erste_kollision_m":{"SO":4,"SSO":6,"SW":4},"flaeche_m2":34525,"neigung_grad":7.8,"ausrichtung_grad":203,"weg_abstand_m":60,"wald_hinweis":false}},{"type":"Feature","geometry":{"type":"Point","coordinates":[11.447816,46.614573]},"properties":{"id":747,"hoehe_m":2105,"sektoren_frei":[],"sektoren_blockiert":["NNW"],"erste_kollision_m":{"NNW":28},"flaeche_m2":350,"neigung_grad":11.4,"ausrichtung_grad":326,"weg_abstand_m":235,"wald_hinweis":false}},{"type":"Feature","geometry":{"type":"Point","coordinates":[11.443013,46.614496]},"properties":{"id":748,"hoehe_m":2105,"sektoren_frei":["NNW"],"sektoren_blockiert":["W","NW"],"erste_kollision_m":{"W":58,"NW":94},"flaeche_m2":2869,"neigung_grad":15.0,"ausrichtung_grad":296,"weg_abstand_m":106,"wald_hinweis":false}},{"type":"Feature","geometry":{"type":"Point","coordinates":[11.468156,46.631775]},"properties":{"id":749,"hoehe_m":2105,"sektoren_frei":[],"sektoren_blockiert":["NO"],"erste_kollision_m":{"NO":6},"flaeche_m2":350,"neigung_grad":11.2,"ausrichtung_grad":74,"weg_abstand_m":22,"wald_hinweis":false}},{"type":"Feature","geometry":{"type":"Point","coordinates":[11.437333,46.613807]},"properties":{"id":750,"hoehe_m":2105,"sektoren_frei":[],"sektoren_blockiert":["NNW"],"erste_kollision_m":{"NNW":40},"flaeche_m2":338,"neigung_grad":13.0,"ausrichtung_grad":322,"weg_abstand_m":149,"wald_hinweis":false}},{"type":"Feature","geometry":{"type":"Point","coordinates":[11.470827,46.610096]},"properties":{"id":751,"hoehe_m":2104,"sektoren_frei":["S"],"sektoren_blockiert":["SSO","SSW"],"erste_kollision_m":{"SSO":9,"SSW":363},"flaeche_m2":656,"neigung_grad":14.8,"ausrichtung_grad":181,"weg_abstand_m":20,"wald_hinweis":true}},{"type":"Feature","geometry":{"type":"Point","coordinates":[11.44897,46.642313]},"properties":{"id":752,"hoehe_m":2104,"sektoren_frei":[],"sektoren_blockiert":["SSW"],"erste_kollision_m":{"SSW":16},"flaeche_m2":12175,"neigung_grad":10.1,"ausrichtung_grad":169,"weg_abstand_m":89,"wald_hinweis":false}},{"type":"Feature","geometry":{"type":"Point","coordinates":[11.426734,46.636712]},"properties":{"id":753,"hoehe_m":2104,"sektoren_frei":[],"sektoren_blockiert":["S"],"erste_kollision_m":{"S":29},"flaeche_m2":394,"neigung_grad":15.7,"ausrichtung_grad":154,"weg_abstand_m":528,"wald_hinweis":false}},{"type":"Feature","geometry":{"type":"Point","coordinates":[11.459942,46.633572]},"properties":{"id":754,"hoehe_m":2104,"sektoren_frei":[],"sektoren_blockiert":["NNO"],"erste_kollision_m":{"NNO":9},"flaeche_m2":275,"neigung_grad":12.4,"ausrichtung_grad":350,"weg_abstand_m":93,"wald_hinweis":false}},{"type":"Feature","geometry":{"type":"Point","coordinates":[11.450796,46.623442]},"properties":{"id":755,"hoehe_m":2104,"sektoren_frei":[],"sektoren_blockiert":["OSO","OSO","SSW"],"erste_kollision_m":{"OSO":10,"SSW":50},"flaeche_m2":238,"neigung_grad":14.4,"ausrichtung_grad":105,"weg_abstand_m":332,"wald_hinweis":false}},{"type":"Feature","geometry":{"type":"Point","coordinates":[11.442779,46.613646]},"properties":{"id":756,"hoehe_m":2104,"sektoren_frei":[],"sektoren_blockiert":["SW","WSW","W"],"erste_kollision_m":{"SW":17,"WSW":35,"W":28},"flaeche_m2":394,"neigung_grad":10.2,"ausrichtung_grad":247,"weg_abstand_m":20,"wald_hinweis":false}},{"type":"Feature","geometry":{"type":"Point","coordinates":[11.437188,46.613473]},"properties":{"id":757,"hoehe_m":2104,"sektoren_frei":[],"sektoren_blockiert":["WSW"],"erste_kollision_m":{"WSW":8},"flaeche_m2":150,"neigung_grad":8.2,"ausrichtung_grad":270,"weg_abstand_m":144,"wald_hinweis":false}},{"type":"Feature","geometry":{"type":"Point","coordinates":[11.439045,46.612668]},"properties":{"id":758,"hoehe_m":2104,"sektoren_frei":[],"sektoren_blockiert":["S"],"erste_kollision_m":{"S":2},"flaeche_m2":156,"neigung_grad":8.6,"ausrichtung_grad":141,"weg_abstand_m":22,"wald_hinweis":false}},{"type":"Feature","geometry":{"type":"Point","coordinates":[11.446408,46.626078]},"properties":{"id":759,"hoehe_m":2104,"sektoren_frei":["W"],"sektoren_blockiert":[],"erste_kollision_m":{},"flaeche_m2":1881,"neigung_grad":22.6,"ausrichtung_grad":301,"weg_abstand_m":512,"wald_hinweis":false}},{"type":"Feature","geometry":{"type":"Point","coordinates":[11.465399,46.618538]},"properties":{"id":760,"hoehe_m":2104,"sektoren_frei":[],"sektoren_blockiert":["N"],"erste_kollision_m":{"N":5},"flaeche_m2":119,"neigung_grad":13.7,"ausrichtung_grad":16,"weg_abstand_m":42,"wald_hinweis":true}},{"type":"Feature","geometry":{"type":"Point","coordinates":[11.443295,46.61278]},"properties":{"id":761,"hoehe_m":2104,"sektoren_frei":[],"sektoren_blockiert":["SSW","WNW"],"erste_kollision_m":{"SSW":6,"WNW":6},"flaeche_m2":1425,"neigung_grad":11.4,"ausrichtung_grad":233,"weg_abstand_m":4,"wald_hinweis":false}},{"type":"Feature","geometry":{"type":"Point","coordinates":[11.446967,46.610226]},"properties":{"id":762,"hoehe_m":2104,"sektoren_frei":[],"sektoren_blockiert":["S","SSW","SW","WSW","W","WNW","NW"],"erste_kollision_m":{"S":5,"SSW":8,"SW":6,"WSW":6,"W":5,"WNW":6,"NW":4},"flaeche_m2":9394,"neigung_grad":8.4,"ausrichtung_grad":235,"weg_abstand_m":229,"wald_hinweis":false}},{"type":"Feature","geometry":{"type":"Point","coordinates":[11.459643,46.633466]},"properties":{"id":763,"hoehe_m":2104,"sektoren_frei":[],"sektoren_blockiert":["W"],"erste_kollision_m":{"W":16},"flaeche_m2":281,"neigung_grad":9.6,"ausrichtung_grad":292,"weg_abstand_m":78,"wald_hinweis":false}},{"type":"Feature","geometry":{"type":"Point","coordinates":[11.42758,46.637369]},"properties":{"id":764,"hoehe_m":2103,"sektoren_frei":["SSO"],"sektoren_blockiert":[],"erste_kollision_m":{},"flaeche_m2":361119,"neigung_grad":19.9,"ausrichtung_grad":130,"weg_abstand_m":594,"wald_hinweis":false}},{"type":"Feature","geometry":{"type":"Point","coordinates":[11.463093,46.63391]},"properties":{"id":765,"hoehe_m":2103,"sektoren_frei":[],"sektoren_blockiert":["NO"],"erste_kollision_m":{"NO":6},"flaeche_m2":3344,"neigung_grad":13.3,"ausrichtung_grad":18,"weg_abstand_m":143,"wald_hinweis":false}},{"type":"Feature","geometry":{"type":"Point","coordinates":[11.460668,46.633737]},"properties":{"id":766,"hoehe_m":2103,"sektoren_frei":[],"sektoren_blockiert":["NO"],"erste_kollision_m":{"NO":6},"flaeche_m2":494,"neigung_grad":12.9,"ausrichtung_grad":12,"weg_abstand_m":139,"wald_hinweis":false}},{"type":"Feature","geometry":{"type":"Point","coordinates":[11.444328,46.642255]},"properties":{"id":767,"hoehe_m":2103,"sektoren_frei":[],"sektoren_blockiert":["SO","SW","SW"],"erste_kollision_m":{"SO":6,"SW":4},"flaeche_m2":2212,"neigung_grad":10.3,"ausrichtung_grad":153,"weg_abstand_m":278,"wald_hinweis":false}},{"type":"Feature","geometry":{"type":"Point","coordinates":[11.446079,46.61443]},"properties":{"id":768,"hoehe_m":2103,"sektoren_frei":[],"sektoren_blockiert":["N","NNW"],"erste_kollision_m":{"N":8,"NNW":30},"flaeche_m2":269,"neigung_grad":11.4,"ausrichtung_grad":322,"weg_abstand_m":225,"wald_hinweis":false}},{"type":"Feature","geometry":{"type":"Point","coordinates":[11.440377,46.613247]},"properties":{"id":769,"hoehe_m":2103,"sektoren_frei":[],"sektoren_blockiert":["S"],"erste_kollision_m":{"S":2},"flaeche_m2":256,"neigung_grad":9.5,"ausrichtung_grad":149,"weg_abstand_m":43,"wald_hinweis":false}},{"type":"Feature","geometry":{"type":"Point","coordinates":[11.464154,46.626349]},"properties":{"id":770,"hoehe_m":2103,"sektoren_frei":[],"sektoren_blockiert":["SSO"],"erste_kollision_m":{"SSO":28},"flaeche_m2":1569,"neigung_grad":10.7,"ausrichtung_grad":149,"weg_abstand_m":21,"wald_hinweis":false}},{"type":"Feature","geometry":{"type":"Point","coordinates":[11.462431,46.621482]},"properties":{"id":771,"hoehe_m":2103,"sektoren_frei":[],"sektoren_blockiert":["N"],"erste_kollision_m":{"N":2},"flaeche_m2":888,"neigung_grad":16.2,"ausrichtung_grad":19,"weg_abstand_m":128,"wald_hinweis":false}},{"type":"Feature","geometry":{"type":"Point","coordinates":[11.462929,46.607274]},"properties":{"id":772,"hoehe_m":2103,"sektoren_frei":["SO"],"sektoren_blockiert":[],"erste_kollision_m":{},"flaeche_m2":34694,"neigung_grad":17.5,"ausrichtung_grad":169,"weg_abstand_m":205,"wald_hinweis":false}},{"type":"Feature","geometry":{"type":"Point","coordinates":[11.468361,46.630534]},"properties":{"id":773,"hoehe_m":2103,"sektoren_frei":[],"sektoren_blockiert":["OSO"],"erste_kollision_m":{"OSO":12},"flaeche_m2":306,"neigung_grad":9.5,"ausrichtung_grad":86,"weg_abstand_m":9,"wald_hinweis":false}},{"type":"Feature","geometry":{"type":"Point","coordinates":[11.439977,46.613053]},"properties":{"id":774,"hoehe_m":2103,"sektoren_frei":[],"sektoren_blockiert":["S"],"erste_kollision_m":{"S":5},"flaeche_m2":5656,"neigung_grad":9.8,"ausrichtung_grad":160,"weg_abstand_m":64,"wald_hinweis":false}},{"type":"Feature","geometry":{"type":"Point","coordinates":[11.442739,46.614209]},"properties":{"id":775,"hoehe_m":2103,"sektoren_frei":[],"sektoren_blockiert":["NNW"],"erste_kollision_m":{"NNW":35},"flaeche_m2":319,"neigung_grad":11.2,"ausrichtung_grad":307,"weg_abstand_m":68,"wald_hinweis":false}},{"type":"Feature","geometry":{"type":"Point","coordinates":[11.449534,46.622974]},"properties":{"id":776,"hoehe_m":2103,"sektoren_frei":[],"sektoren_blockiert":["SW","W"],"erste_kollision_m":{"SW":342,"W":50},"flaeche_m2":20956,"neigung_grad":21.4,"ausrichtung_grad":216,"weg_abstand_m":365,"wald_hinweis":false}},{"type":"Feature","geometry":{"type":"Point","coordinates":[11.464069,46.626644]},"properties":{"id":777,"hoehe_m":2102,"sektoren_frei":[],"sektoren_blockiert":["N","NNO","NO"],"erste_kollision_m":{"N":23,"NNO":6,"NO":4},"flaeche_m2":1800,"neigung_grad":10.4,"ausrichtung_grad":29,"weg_abstand_m":16,"wald_hinweis":false}},{"type":"Feature","geometry":{"type":"Point","coordinates":[11.467746,46.629219]},"properties":{"id":778,"hoehe_m":2102,"sektoren_frei":[],"sektoren_blockiert":["O","OSO","SO","SSO"],"erste_kollision_m":{"O":2,"OSO":6,"SO":4,"SSO":6},"flaeche_m2":206,"neigung_grad":7.6,"ausrichtung_grad":125,"weg_abstand_m":56,"wald_hinweis":false}},{"type":"Feature","geometry":{"type":"Point","coordinates":[11.441046,46.613593]},"properties":{"id":779,"hoehe_m":2102,"sektoren_frei":[],"sektoren_blockiert":["OSO"],"erste_kollision_m":{"OSO":6},"flaeche_m2":2506,"neigung_grad":9.4,"ausrichtung_grad":132,"weg_abstand_m":26,"wald_hinweis":false}},{"type":"Feature","geometry":{"type":"Point","coordinates":[11.433826,46.642636]},"properties":{"id":780,"hoehe_m":2102,"sektoren_frei":[],"sektoren_blockiert":["SO","SO","SSO"],"erste_kollision_m":{"SO":6,"SSO":179},"flaeche_m2":20775,"neigung_grad":15.5,"ausrichtung_grad":178,"weg_abstand_m":28,"wald_hinweis":false}},{"type":"Feature","geometry":{"type":"Point","coordinates":[11.454246,46.63113]},"properties":{"id":781,"hoehe_m":2102,"sektoren_frei":[],"sektoren_blockiert":["NO"],"erste_kollision_m":{"NO":4},"flaeche_m2":1031,"neigung_grad":14.8,"ausrichtung_grad":20,"weg_abstand_m":187,"wald_hinweis":false}},{"type":"Feature","geometry":{"type":"Point","coordinates":[11.445205,46.610962]},"properties":{"id":782,"hoehe_m":2102,"sektoren_frei":[],"sektoren_blockiert":["O"],"erste_kollision_m":{"O":5},"flaeche_m2":206,"neigung_grad":13.9,"ausrichtung_grad":117,"weg_abstand_m":134,"wald_hinweis":false}},{"type":"Feature","geometry":{"type":"Point","coordinates":[11.466917,46.627505]},"properties":{"id":783,"hoehe_m":2102,"sektoren_frei":[],"sektoren_blockiert":["SO"],"erste_kollision_m":{"SO":9},"flaeche_m2":1181,"neigung_grad":10.6,"ausrichtung_grad":147,"weg_abstand_m":68,"wald_hinweis":false}},{"type":"Feature","geometry":{"type":"Point","coordinates":[11.447251,46.61436]},"properties":{"id":784,"hoehe_m":2102,"sektoren_frei":[],"sektoren_blockiert":["NNW"],"erste_kollision_m":{"NNW":6},"flaeche_m2":144,"neigung_grad":8.8,"ausrichtung_grad":327,"weg_abstand_m":210,"wald_hinweis":false}},{"type":"Feature","geometry":{"type":"Point","coordinates":[11.465949,46.627053]},"properties":{"id":785,"hoehe_m":2102,"sektoren_frei":[],"sektoren_blockiert":["SSO","S"],"erste_kollision_m":{"SSO":20,"S":29},"flaeche_m2":1494,"neigung_grad":9.7,"ausrichtung_grad":187,"weg_abstand_m":24,"wald_hinweis":false}},{"type":"Feature","geometry":{"type":"Point","coordinates":[11.443934,46.642196]},"properties":{"id":786,"hoehe_m":2102,"sektoren_frei":[],"sektoren_blockiert":["SW"],"erste_kollision_m":{"SW":4},"flaeche_m2":16925,"neigung_grad":10.9,"ausrichtung_grad":194,"weg_abstand_m":266,"wald_hinweis":false}},{"type":"Feature","geometry":{"type":"Point","coordinates":[11.458283,46.607779]},"properties":{"id":787,"hoehe_m":2102,"sektoren_frei":[],"sektoren_blockiert":["WSW"],"erste_kollision_m":{"WSW":6},"flaeche_m2":125,"neigung_grad":7.8,"ausrichtung_grad":208,"weg_abstand_m":83,"wald_hinweis":false}},{"type":"Feature","geometry":{"type":"Point","coordinates":[11.462654,46.621364]},"properties":{"id":788,"hoehe_m":2101,"sektoren_frei":[],"sektoren_blockiert":["N","O","NNW"],"erste_kollision_m":{"N":2,"O":10,"NNW":16},"flaeche_m2":1044,"neigung_grad":15.3,"ausrichtung_grad":65,"weg_abstand_m":109,"wald_hinweis":false}},{"type":"Feature","geometry":{"type":"Point","coordinates":[11.463616,46.633921]},"properties":{"id":789,"hoehe_m":2101,"sektoren_frei":[],"sektoren_blockiert":["NO","NNW"],"erste_kollision_m":{"NO":4,"NNW":20},"flaeche_m2":2506,"neigung_grad":17.7,"ausrichtung_grad":359,"weg_abstand_m":129,"wald_hinweis":false}},{"type":"Feature","geometry":{"type":"Point","coordinates":[11.427374,46.637148]},"properties":{"id":790,"hoehe_m":2101,"sektoren_frei":[],"sektoren_blockiert":["SSO","SSO"],"erste_kollision_m":{"SSO":6},"flaeche_m2":194,"neigung_grad":13.6,"ausrichtung_grad":129,"weg_abstand_m":583,"wald_hinweis":false}},{"type":"Feature","geometry":{"type":"Point","coordinates":[11.455389,46.608021]},"properties":{"id":791,"hoehe_m":2101,"sektoren_frei":[],"sektoren_blockiert":["SW"],"erste_kollision_m":{"SW":4},"flaeche_m2":312,"neigung_grad":8.3,"ausrichtung_grad":189,"weg_abstand_m":207,"wald_hinweis":false}},{"type":"Feature","geometry":{"type":"Point","coordinates":[11.467755,46.632999]},"properties":{"id":792,"hoehe_m":2101,"sektoren_frei":["NO"],"sektoren_blockiert":["OSO"],"erste_kollision_m":{"OSO":16},"flaeche_m2":136762,"neigung_grad":12.3,"ausrichtung_grad":57,"weg_abstand_m":11,"wald_hinweis":false}},{"type":"Feature","geometry":{"type":"Point","coordinates":[11.425035,46.635983]},"properties":{"id":793,"hoehe_m":2101,"sektoren_frei":["S","SSW"],"sektoren_blockiert":[],"erste_kollision_m":{},"flaeche_m2":334506,"neigung_grad":11.1,"ausrichtung_grad":183,"weg_abstand_m":375,"wald_hinweis":false}},{"type":"Feature","geometry":{"type":"Point","coordinates":[11.425822,46.636056]},"properties":{"id":794,"hoehe_m":2101,"sektoren_frei":["SO","SO","S","S"],"sektoren_blockiert":[],"erste_kollision_m":{},"flaeche_m2":344044,"neigung_grad":14.4,"ausrichtung_grad":149,"weg_abstand_m":432,"wald_hinweis":false}},{"type":"Feature","geometry":{"type":"Point","coordinates":[11.427131,46.636839]},"properties":{"id":795,"hoehe_m":2101,"sektoren_frei":[],"sektoren_blockiert":["ONO"],"erste_kollision_m":{"ONO":6},"flaeche_m2":350,"neigung_grad":15.3,"ausrichtung_grad":105,"weg_abstand_m":562,"wald_hinweis":false}},{"type":"Feature","geometry":{"type":"Point","coordinates":[11.463249,46.620812]},"properties":{"id":796,"hoehe_m":2101,"sektoren_frei":[],"sektoren_blockiert":["NO","O"],"erste_kollision_m":{"NO":9,"O":2},"flaeche_m2":1431,"neigung_grad":16.4,"ausrichtung_grad":59,"weg_abstand_m":65,"wald_hinweis":false}},{"type":"Feature","geometry":{"type":"Point","coordinates":[11.449622,46.642299]},"properties":{"id":797,"hoehe_m":2101,"sektoren_frei":[],"sektoren_blockiert":["OSO"],"erste_kollision_m":{"OSO":6},"flaeche_m2":138,"neigung_grad":10.5,"ausrichtung_grad":150,"weg_abstand_m":59,"wald_hinweis":false}},{"type":"Feature","geometry":{"type":"Point","coordinates":[11.442822,46.61315]},"properties":{"id":798,"hoehe_m":2101,"sektoren_frei":[],"sektoren_blockiert":["SSW"],"erste_kollision_m":{"SSW":30},"flaeche_m2":131,"neigung_grad":12.9,"ausrichtung_grad":219,"weg_abstand_m":6,"wald_hinweis":false}},{"type":"Feature","geometry":{"type":"Point","coordinates":[11.448792,46.61957]},"properties":{"id":799,"hoehe_m":2101,"sektoren_frei":[],"sektoren_blockiert":["N","W"],"erste_kollision_m":{"N":16,"W":16},"flaeche_m2":450,"neigung_grad":19.6,"ausrichtung_grad":327,"weg_abstand_m":156,"wald_hinweis":false}},{"type":"Feature","geometry":{"type":"Point","coordinates":[11.467219,46.633438]},"properties":{"id":800,"hoehe_m":2100,"sektoren_frei":[],"sektoren_blockiert":["N"],"erste_kollision_m":{"N":2},"flaeche_m2":162,"neigung_grad":9.6,"ausrichtung_grad":27,"weg_abstand_m":11,"wald_hinweis":false}},{"type":"Feature","geometry":{"type":"Point","coordinates":[11.440835,46.61326]},"properties":{"id":801,"hoehe_m":2100,"sektoren_frei":[],"sektoren_blockiert":["O"],"erste_kollision_m":{"O":2},"flaeche_m2":150,"neigung_grad":10.1,"ausrichtung_grad":125,"weg_abstand_m":52,"wald_hinweis":false}},{"type":"Feature","geometry":{"type":"Point","coordinates":[11.464062,46.625766]},"properties":{"id":802,"hoehe_m":2100,"sektoren_frei":[],"sektoren_blockiert":["ONO"],"erste_kollision_m":{"ONO":6},"flaeche_m2":14875,"neigung_grad":9.9,"ausrichtung_grad":83,"weg_abstand_m":28,"wald_hinweis":false}},{"type":"Feature","geometry":{"type":"Point","coordinates":[11.464496,46.626702]},"properties":{"id":803,"hoehe_m":2100,"sektoren_frei":[],"sektoren_blockiert":["ONO","O"],"erste_kollision_m":{"ONO":52,"O":2},"flaeche_m2":6325,"neigung_grad":10.1,"ausrichtung_grad":59,"weg_abstand_m":49,"wald_hinweis":false}},{"type":"Feature","geometry":{"type":"Point","coordinates":[11.464498,46.627444]},"properties":{"id":804,"hoehe_m":2100,"sektoren_frei":[],"sektoren_blockiert":["SSO"],"erste_kollision_m":{"SSO":20},"flaeche_m2":262,"neigung_grad":10.8,"ausrichtung_grad":179,"weg_abstand_m":2,"wald_hinweis":false}},{"type":"Feature","geometry":{"type":"Point","coordinates":[11.468126,46.632541]},"properties":{"id":805,"hoehe_m":2100,"sektoren_frei":["NO"],"sektoren_blockiert":[],"erste_kollision_m":{},"flaeche_m2":136762,"neigung_grad":12.0,"ausrichtung_grad":63,"weg_abstand_m":7,"wald_hinweis":false}},{"type":"Feature","geometry":{"type":"Point","coordinates":[11.43679,46.613346]},"properties":{"id":806,"hoehe_m":2100,"sektoren_frei":[],"sektoren_blockiert":["NNW"],"erste_kollision_m":{"NNW":13},"flaeche_m2":619,"neigung_grad":12.9,"ausrichtung_grad":302,"weg_abstand_m":166,"wald_hinweis":false}},{"type":"Feature","geometry":{"type":"Point","coordinates":[11.466336,46.626932]},"properties":{"id":807,"hoehe_m":2100,"sektoren_frei":[],"sektoren_blockiert":["SO","SO","SW"],"erste_kollision_m":{"SO":28,"SW":6},"flaeche_m2":36962,"neigung_grad":13.7,"ausrichtung_grad":161,"weg_abstand_m":17,"wald_hinweis":false}},{"type":"Feature","geometry":{"type":"Point","coordinates":[11.4463,46.641785]},"properties":{"id":808,"hoehe_m":2100,"sektoren_frei":[],"sektoren_blockiert":["WSW"],"erste_kollision_m":{"WSW":10},"flaeche_m2":538,"neigung_grad":8.5,"ausrichtung_grad":218,"weg_abstand_m":278,"wald_hinweis":false}},{"type":"Feature","geometry":{"type":"Point","coordinates":[11.451816,46.62288]},"properties":{"id":809,"hoehe_m":2100,"sektoren_frei":[],"sektoren_blockiert":["SW"],"erste_kollision_m":{"SW":9},"flaeche_m2":500,"neigung_grad":13.0,"ausrichtung_grad":241,"weg_abstand_m":232,"wald_hinweis":false}},{"type":"Feature","geometry":{"type":"Point","coordinates":[11.43713,46.614374]},"properties":{"id":810,"hoehe_m":2100,"sektoren_frei":[],"sektoren_blockiert":["SSW","SW","WSW","WSW"],"erste_kollision_m":{"SSW":15,"SW":34,"WSW":50},"flaeche_m2":731,"neigung_grad":13.1,"ausrichtung_grad":223,"weg_abstand_m":193,"wald_hinweis":false}},{"type":"Feature","geometry":{"type":"Point","coordinates":[11.460323,46.607397]},"properties":{"id":811,"hoehe_m":2100,"sektoren_frei":[],"sektoren_blockiert":["OSO"],"erste_kollision_m":{"OSO":10},"flaeche_m2":225,"neigung_grad":12.3,"ausrichtung_grad":147,"weg_abstand_m":79,"wald_hinweis":false}},{"type":"Feature","geometry":{"type":"Point","coordinates":[11.445923,46.614591]},"properties":{"id":812,"hoehe_m":2100,"sektoren_frei":[],"sektoren_blockiert":["NNO"],"erste_kollision_m":{"NNO":9},"flaeche_m2":181,"neigung_grad":9.4,"ausrichtung_grad":14,"weg_abstand_m":244,"wald_hinweis":false}},{"type":"Feature","geometry":{"type":"Point","coordinates":[11.463002,46.621109]},"properties":{"id":813,"hoehe_m":2100,"sektoren_frei":[],"sektoren_blockiert":["NO"],"erste_kollision_m":{"NO":9},"flaeche_m2":125,"neigung_grad":9.5,"ausrichtung_grad":61,"weg_abstand_m":77,"wald_hinweis":false}},{"type":"Feature","geometry":{"type":"Point","coordinates":[11.462196,46.624952]},"properties":{"id":814,"hoehe_m":2099,"sektoren_frei":[],"sektoren_blockiert":["SSW"],"erste_kollision_m":{"SSW":6},"flaeche_m2":1938,"neigung_grad":12.3,"ausrichtung_grad":178,"weg_abstand_m":162,"wald_hinweis":false}},{"type":"Feature","geometry":{"type":"Point","coordinates":[11.46863,46.630708]},"properties":{"id":815,"hoehe_m":2099,"sektoren_frei":[],"sektoren_blockiert":["NNO"],"erste_kollision_m":{"NNO":6},"flaeche_m2":131,"neigung_grad":8.6,"ausrichtung_grad":65,"weg_abstand_m":4,"wald_hinweis":false}},{"type":"Feature","geometry":{"type":"Point","coordinates":[11.437042,46.613858]},"properties":{"id":816,"hoehe_m":2099,"sektoren_frei":[],"sektoren_blockiert":["WSW"],"erste_kollision_m":{"WSW":16},"flaeche_m2":875,"neigung_grad":14.2,"ausrichtung_grad":278,"weg_abstand_m":171,"wald_hinweis":false}},{"type":"Feature","geometry":{"type":"Point","coordinates":[11.456273,46.631896]},"properties":{"id":817,"hoehe_m":2099,"sektoren_frei":[],"sektoren_blockiert":["W"],"erste_kollision_m":{"W":16},"flaeche_m2":2544,"neigung_grad":12.3,"ausrichtung_grad":274,"weg_abstand_m":78,"wald_hinweis":false}},{"type":"Feature","geometry":{"type":"Point","coordinates":[11.467207,46.627409]},"properties":{"id":818,"hoehe_m":2099,"sektoren_frei":[],"sektoren_blockiert":["OSO"],"erste_kollision_m":{"OSO":10},"flaeche_m2":1206,"neigung_grad":10.2,"ausrichtung_grad":121,"weg_abstand_m":57,"wald_hinweis":false}},{"type":"Feature","geometry":{"type":"Point","coordinates":[11.466229,46.633932]},"properties":{"id":819,"hoehe_m":2099,"sektoren_frei":["NO"],"sektoren_blockiert":[],"erste_kollision_m":{},"flaeche_m2":136762,"neigung_grad":12.9,"ausrichtung_grad":28,"weg_abstand_m":11,"wald_hinweis":false}},{"type":"Feature","geometry":{"type":"Point","coordinates":[11.464273,46.633997]},"properties":{"id":820,"hoehe_m":2099,"sektoren_frei":[],"sektoren_blockiert":["NNO","NW"],"erste_kollision_m":{"NNO":53,"NW":6},"flaeche_m2":1919,"neigung_grad":13.5,"ausrichtung_grad":342,"weg_abstand_m":104,"wald_hinweis":false}},{"type":"Feature","geometry":{"type":"Point","coordinates":[11.447995,46.617089]},"properties":{"id":821,"hoehe_m":2099,"sektoren_frei":[],"sektoren_blockiert":["SW"],"erste_kollision_m":{"SW":130},"flaeche_m2":2581,"neigung_grad":20.5,"ausrichtung_grad":257,"weg_abstand_m":164,"wald_hinweis":false}},{"type":"Feature","geometry":{"type":"Point","coordinates":[11.465393,46.62702]},"properties":{"id":822,"hoehe_m":2099,"sektoren_frei":[],"sektoren_blockiert":["S","SW","WSW"],"erste_kollision_m":{"S":5,"SW":39,"WSW":39},"flaeche_m2":173719,"neigung_grad":13.0,"ausrichtung_grad":206,"weg_abstand_m":4,"wald_hinweis":false}},{"type":"Feature","geometry":{"type":"Point","coordinates":[11.461232,46.623127]},"properties":{"id":823,"hoehe_m":2098,"sektoren_frei":[],"sektoren_blockiert":["NNO"],"erste_kollision_m":{"NNO":12},"flaeche_m2":125,"neigung_grad":8.6,"ausrichtung_grad":51,"weg_abstand_m":183,"wald_hinweis":false}},{"type":"Feature","geometry":{"type":"Point","coordinates":[11.450406,46.642282]},"properties":{"id":824,"hoehe_m":2098,"sektoren_frei":[],"sektoren_blockiert":["O","OSO"],"erste_kollision_m":{"O":2,"OSO":38},"flaeche_m2":132262,"neigung_grad":9.7,"ausrichtung_grad":139,"weg_abstand_m":30,"wald_hinweis":false}},{"type":"Feature","geometry":{"type":"Point","coordinates":[11.453756,46.63114]},"properties":{"id":825,"hoehe_m":2098,"sektoren_frei":["W"],"sektoren_blockiert":["N","WSW"],"erste_kollision_m":{"N":8,"WSW":20},"flaeche_m2":33119,"neigung_grad":15.4,"ausrichtung_grad":289,"weg_abstand_m":224,"wald_hinweis":false}},{"type":"Feature","geometry":{"type":"Point","coordinates":[11.447839,46.609285]},"properties":{"id":826,"hoehe_m":2098,"sektoren_frei":[],"sektoren_blockiert":["S","SSW","SW","WSW"],"erste_kollision_m":{"S":2,"SSW":6,"SW":4,"WSW":6},"flaeche_m2":2138,"neigung_grad":8.3,"ausrichtung_grad":219,"weg_abstand_m":173,"wald_hinweis":false}},{"type":"Feature","geometry":{"type":"Point","coordinates":[11.451794,46.622408]},"properties":{"id":827,"hoehe_m":2098,"sektoren_frei":[],"sektoren_blockiert":["W","NW"],"erste_kollision_m":{"W":8,"NW":27},"flaeche_m2":1475,"neigung_grad":15.7,"ausrichtung_grad":301,"weg_abstand_m":198,"wald_hinweis":false}},{"type":"Feature","geometry":{"type":"Point","coordinates":[11.464307,46.626121]},"properties":{"id":828,"hoehe_m":2098,"sektoren_frei":[],"sektoren_blockiert":["O"],"erste_kollision_m":{"O":2},"flaeche_m2":356,"neigung_grad":8.3,"ausrichtung_grad":115,"weg_abstand_m":37,"wald_hinweis":false}},{"type":"Feature","geometry":{"type":"Point","coordinates":[11.461626,46.622466]},"properties":{"id":829,"hoehe_m":2098,"sektoren_frei":[],"sektoren_blockiert":["OSO"],"erste_kollision_m":{"OSO":6},"flaeche_m2":781,"neigung_grad":9.4,"ausrichtung_grad":91,"weg_abstand_m":135,"wald_hinweis":false}},{"type":"Feature","geometry":{"type":"Point","coordinates":[11.462384,46.634127]},"properties":{"id":830,"hoehe_m":2098,"sektoren_frei":[],"sektoren_blockiert":["WNW","WNW"],"erste_kollision_m":{"WNW":19},"flaeche_m2":188,"neigung_grad":14.3,"ausrichtung_grad":315,"weg_abstand_m":146,"wald_hinweis":false}},{"type":"Feature","geometry":{"type":"Point","coordinates":[11.467438,46.628191]},"properties":{"id":831,"hoehe_m":2098,"sektoren_frei":[],"sektoren_blockiert":["ONO","O","OSO"],"erste_kollision_m":{"ONO":6,"O":8,"OSO":9},"flaeche_m2":1000,"neigung_grad":7.9,"ausrichtung_grad":100,"weg_abstand_m":138,"wald_hinweis":false}},{"type":"Feature","geometry":{"type":"Point","coordinates":[11.44428,46.641918]},"properties":{"id":832,"hoehe_m":2098,"sektoren_frei":[],"sektoren_blockiert":["SO","WSW"],"erste_kollision_m":{"SO":6,"WSW":6},"flaeche_m2":6150,"neigung_grad":10.4,"ausrichtung_grad":215,"weg_abstand_m":241,"wald_hinweis":false}},{"type":"Feature","geometry":{"type":"Point","coordinates":[11.445746,46.641819]},"properties":{"id":833,"hoehe_m":2098,"sektoren_frei":[],"sektoren_blockiert":["WSW","WSW"],"erste_kollision_m":{"WSW":6},"flaeche_m2":13431,"neigung_grad":9.4,"ausrichtung_grad":218,"weg_abstand_m":280,"wald_hinweis":false}},{"type":"Feature","geometry":{"type":"Point","coordinates":[11.442558,46.613088]},"properties":{"id":834,"hoehe_m":2098,"sektoren_frei":[],"sektoren_blockiert":["S"],"erste_kollision_m":{"S":8},"flaeche_m2":519,"neigung_grad":9.1,"ausrichtung_grad":175,"weg_abstand_m":27,"wald_hinweis":false}},{"type":"Feature","geometry":{"type":"Point","coordinates":[11.465808,46.626809]},"properties":{"id":835,"hoehe_m":2098,"sektoren_frei":[],"sektoren_blockiert":["SSO"],"erste_kollision_m":{"SSO":12},"flaeche_m2":54819,"neigung_grad":15.9,"ausrichtung_grad":189,"weg_abstand_m":5,"wald_hinweis":false}},{"type":"Feature","geometry":{"type":"Point","coordinates":[11.467101,46.627231]},"properties":{"id":836,"hoehe_m":2098,"sektoren_frei":[],"sektoren_blockiert":["ONO","O","OSO","SO","SSO"],"erste_kollision_m":{"ONO":6,"O":2,"OSO":6,"SO":6,"SSO":268},"flaeche_m2":612,"neigung_grad":9.0,"ausrichtung_grad":94,"weg_abstand_m":38,"wald_hinweis":false}},{"type":"Feature","geometry":{"type":"Point","coordinates":[11.436821,46.614763]},"properties":{"id":837,"hoehe_m":2098,"sektoren_frei":[],"sektoren_blockiert":["WSW","NW"],"erste_kollision_m":{"WSW":6,"NW":4},"flaeche_m2":40581,"neigung_grad":10.6,"ausrichtung_grad":275,"weg_abstand_m":186,"wald_hinweis":false}},{"type":"Feature","geometry":{"type":"Point","coordinates":[11.461391,46.624474]},"properties":{"id":838,"hoehe_m":2097,"sektoren_frei":[],"sektoren_blockiert":["O"],"erste_kollision_m":{"O":2},"flaeche_m2":612,"neigung_grad":9.2,"ausrichtung_grad":115,"weg_abstand_m":244,"wald_hinweis":false}},{"type":"Feature","geometry":{"type":"Point","coordinates":[11.464049,46.625474]},"properties":{"id":839,"hoehe_m":2097,"sektoren_frei":[],"sektoren_blockiert":["SSW"],"erste_kollision_m":{"SSW":6},"flaeche_m2":6100,"neigung_grad":9.6,"ausrichtung_grad":167,"weg_abstand_m":54,"wald_hinweis":false}},{"type":"Feature","geometry":{"type":"Point","coordinates":[11.439727,46.612586]},"properties":{"id":840,"hoehe_m":2097,"sektoren_frei":[],"sektoren_blockiert":["O"],"erste_kollision_m":{"O":2},"flaeche_m2":744,"neigung_grad":11.0,"ausrichtung_grad":118,"weg_abstand_m":74,"wald_hinweis":false}},{"type":"Feature","geometry":{"type":"Point","coordinates":[11.436618,46.613147]},"properties":{"id":841,"hoehe_m":2097,"sektoren_frei":[],"sektoren_blockiert":["SSW"],"erste_kollision_m":{"SSW":6},"flaeche_m2":931,"neigung_grad":10.6,"ausrichtung_grad":235,"weg_abstand_m":167,"wald_hinweis":false}},{"type":"Feature","geometry":{"type":"Point","coordinates":[11.441093,46.613187]},"properties":{"id":842,"hoehe_m":2097,"sektoren_frei":[],"sektoren_blockiert":["O"],"erste_kollision_m":{"O":8},"flaeche_m2":119,"neigung_grad":9.0,"ausrichtung_grad":126,"weg_abstand_m":69,"wald_hinweis":false}},{"type":"Feature","geometry":{"type":"Point","coordinates":[11.455117,46.607779]},"properties":{"id":843,"hoehe_m":2097,"sektoren_frei":[],"sektoren_blockiert":["SO"],"erste_kollision_m":{"SO":4},"flaeche_m2":212,"neigung_grad":9.1,"ausrichtung_grad":173,"weg_abstand_m":174,"wald_hinweis":false}},{"type":"Feature","geometry":{"type":"Point","coordinates":[11.444638,46.641888]},"properties":{"id":844,"hoehe_m":2097,"sektoren_frei":[],"sektoren_blockiert":["OSO","SW"],"erste_kollision_m":{"OSO":35,"SW":6},"flaeche_m2":250,"neigung_grad":11.7,"ausrichtung_grad":139,"weg_abstand_m":246,"wald_hinweis":false}},{"type":"Feature","geometry":{"type":"Point","coordinates":[11.456422,46.632298]},"properties":{"id":845,"hoehe_m":2097,"sektoren_frei":[],"sektoren_blockiert":["N"],"erste_kollision_m":{"N":5},"flaeche_m2":6062,"neigung_grad":14.3,"ausrichtung_grad":326,"weg_abstand_m":83,"wald_hinweis":false}},{"type":"Feature","geometry":{"type":"Point","coordinates":[11.461551,46.622963]},"properties":{"id":846,"hoehe_m":2097,"sektoren_frei":[],"sektoren_blockiert":["NO","OSO"],"erste_kollision_m":{"NO":6,"OSO":6},"flaeche_m2":4106,"neigung_grad":9.2,"ausrichtung_grad":63,"weg_abstand_m":179,"wald_hinweis":false}},{"type":"Feature","geometry":{"type":"Point","coordinates":[11.438492,46.611982]},"properties":{"id":847,"hoehe_m":2097,"sektoren_frei":[],"sektoren_blockiert":["OSO"],"erste_kollision_m":{"OSO":8},"flaeche_m2":125,"neigung_grad":9.6,"ausrichtung_grad":148,"weg_abstand_m":24,"wald_hinweis":false}},{"type":"Feature","geometry":{"type":"Point","coordinates":[11.465031,46.63416]},"properties":{"id":848,"hoehe_m":2096,"sektoren_frei":[],"sektoren_blockiert":["WNW"],"erste_kollision_m":{"WNW":10},"flaeche_m2":438,"neigung_grad":10.1,"ausrichtung_grad":331,"weg_abstand_m":58,"wald_hinweis":false}},{"type":"Feature","geometry":{"type":"Point","coordinates":[11.467643,46.628389]},"properties":{"id":849,"hoehe_m":2096,"sektoren_frei":[],"sektoren_blockiert":["SO"],"erste_kollision_m":{"SO":4},"flaeche_m2":450,"neigung_grad":8.3,"ausrichtung_grad":104,"weg_abstand_m":126,"wald_hinweis":false}},{"type":"Feature","geometry":{"type":"Point","coordinates":[11.44782,46.619005]},"properties":{"id":850,"hoehe_m":2096,"sektoren_frei":[],"sektoren_blockiert":["N"],"erste_kollision_m":{"N":59},"flaeche_m2":4075,"neigung_grad":21.0,"ausrichtung_grad":330,"weg_abstand_m":140,"wald_hinweis":false}},{"type":"Feature","geometry":{"type":"Point","coordinates":[11.468864,46.630815]},"properties":{"id":851,"hoehe_m":2096,"sektoren_frei":[],"sektoren_blockiert":["NNO"],"erste_kollision_m":{"NNO":6},"flaeche_m2":119,"neigung_grad":9.6,"ausrichtung_grad":61,"weg_abstand_m":21,"wald_hinweis":false}},{"type":"Feature","geometry":{"type":"Point","coordinates":[11.468219,46.610175]},"properties":{"id":852,"hoehe_m":2096,"sektoren_frei":[],"sektoren_blockiert":["SSW"],"erste_kollision_m":{"SSW":37},"flaeche_m2":875,"neigung_grad":15.7,"ausrichtung_grad":190,"weg_abstand_m":118,"wald_hinweis":true}},{"type":"Feature","geometry":{"type":"Point","coordinates":[11.441914,46.613304]},"properties":{"id":853,"hoehe_m":2096,"sektoren_frei":[],"sektoren_blockiert":["SSW","SW"],"erste_kollision_m":{"SSW":8,"SW":4},"flaeche_m2":1669,"neigung_grad":10.3,"ausrichtung_grad":229,"weg_abstand_m":50,"wald_hinweis":false}},{"type":"Feature","geometry":{"type":"Point","coordinates":[11.463802,46.620755]},"properties":{"id":854,"hoehe_m":2096,"sektoren_frei":[],"sektoren_blockiert":["O"],"erste_kollision_m":{"O":8},"flaeche_m2":244,"neigung_grad":18.1,"ausrichtung_grad":54,"weg_abstand_m":31,"wald_hinweis":false}},{"type":"Feature","geometry":{"type":"Point","coordinates":[11.444397,46.610439]},"properties":{"id":855,"hoehe_m":2096,"sektoren_frei":[],"sektoren_blockiert":["S"],"erste_kollision_m":{"S":8},"flaeche_m2":1594,"neigung_grad":9.6,"ausrichtung_grad":193,"weg_abstand_m":192,"wald_hinweis":false}},{"type":"Feature","geometry":{"type":"Point","coordinates":[11.447492,46.641422]},"properties":{"id":856,"hoehe_m":2096,"sektoren_frei":[],"sektoren_blockiert":["OSO"],"erste_kollision_m":{"OSO":6},"flaeche_m2":138,"neigung_grad":8.8,"ausrichtung_grad":141,"weg_abstand_m":239,"wald_hinweis":false}},{"type":"Feature","geometry":{"type":"Point","coordinates":[11.444818,46.610362]},"properties":{"id":857,"hoehe_m":2096,"sektoren_frei":[],"sektoren_blockiert":["O","SW"],"erste_kollision_m":{"O":2,"SW":6},"flaeche_m2":394,"neigung_grad":14.0,"ausrichtung_grad":122,"weg_abstand_m":199,"wald_hinweis":false}},{"type":"Feature","geometry":{"type":"Point","coordinates":[11.462917,46.625004]},"properties":{"id":858,"hoehe_m":2096,"sektoren_frei":[],"sektoren_blockiert":["ONO","O","O","OSO"],"erste_kollision_m":{"ONO":27,"O":2,"OSO":6},"flaeche_m2":3281,"neigung_grad":9.6,"ausrichtung_grad":132,"weg_abstand_m":121,"wald_hinweis":false}},{"type":"Feature","geometry":{"type":"Point","coordinates":[11.442229,46.613028]},"properties":{"id":859,"hoehe_m":2096,"sektoren_frei":[],"sektoren_blockiert":["WSW"],"erste_kollision_m":{"WSW":6},"flaeche_m2":262,"neigung_grad":8.9,"ausrichtung_grad":226,"weg_abstand_m":52,"wald_hinweis":false}},{"type":"Feature","geometry":{"type":"Point","coordinates":[11.469113,46.63054]},"properties":{"id":860,"hoehe_m":2096,"sektoren_frei":[],"sektoren_blockiert":["NNO","ONO","O"],"erste_kollision_m":{"NNO":6,"ONO":6,"O":5},"flaeche_m2":2144,"neigung_grad":8.5,"ausrichtung_grad":55,"weg_abstand_m":43,"wald_hinweis":false}},{"type":"Feature","geometry":{"type":"Point","coordinates":[11.44818,46.608895]},"properties":{"id":861,"hoehe_m":2096,"sektoren_frei":[],"sektoren_blockiert":["WSW"],"erste_kollision_m":{"WSW":6},"flaeche_m2":144,"neigung_grad":7.8,"ausrichtung_grad":226,"weg_abstand_m":156,"wald_hinweis":false}},{"type":"Feature","geometry":{"type":"Point","coordinates":[11.442798,46.614793]},"properties":{"id":862,"hoehe_m":2096,"sektoren_frei":[],"sektoren_blockiert":["N"],"erste_kollision_m":{"N":8},"flaeche_m2":1950,"neigung_grad":10.4,"ausrichtung_grad":343,"weg_abstand_m":129,"wald_hinweis":false}},{"type":"Feature","geometry":{"type":"Point","coordinates":[11.461327,46.607218]},"properties":{"id":863,"hoehe_m":2096,"sektoren_frei":[],"sektoren_blockiert":["WSW"],"erste_kollision_m":{"WSW":20},"flaeche_m2":125,"neigung_grad":12.3,"ausrichtung_grad":211,"weg_abstand_m":158,"wald_hinweis":false}},{"type":"Feature","geometry":{"type":"Point","coordinates":[11.457942,46.607448]},"properties":{"id":864,"hoehe_m":2096,"sektoren_frei":[],"sektoren_blockiert":["WSW"],"erste_kollision_m":{"WSW":6},"flaeche_m2":494,"neigung_grad":8.4,"ausrichtung_grad":212,"weg_abstand_m":94,"wald_hinweis":false}},{"type":"Feature","geometry":{"type":"Point","coordinates":[11.468933,46.629464]},"properties":{"id":865,"hoehe_m":2095,"sektoren_frei":[],"sektoren_blockiert":["OSO","SO","SSO"],"erste_kollision_m":{"OSO":8,"SO":11,"SSO":13},"flaeche_m2":2088,"neigung_grad":8.3,"ausrichtung_grad":124,"weg_abstand_m":107,"wald_hinweis":false}},{"type":"Feature","geometry":{"type":"Point","coordinates":[11.449869,46.641979]},"properties":{"id":866,"hoehe_m":2095,"sektoren_frei":[],"sektoren_blockiert":["SSW"],"erste_kollision_m":{"SSW":6},"flaeche_m2":1288,"neigung_grad":10.7,"ausrichtung_grad":177,"weg_abstand_m":76,"wald_hinweis":false}},{"type":"Feature","geometry":{"type":"Point","coordinates":[11.46692,46.626852]},"properties":{"id":867,"hoehe_m":2095,"sektoren_frei":[],"sektoren_blockiert":["OSO"],"erste_kollision_m":{"OSO":8},"flaeche_m2":212,"neigung_grad":9.9,"ausrichtung_grad":136,"weg_abstand_m":4,"wald_hinweis":false}},{"type":"Feature","geometry":{"type":"Point","coordinates":[11.427351,46.636631]},"properties":{"id":868,"hoehe_m":2095,"sektoren_frei":[],"sektoren_blockiert":["S"],"erste_kollision_m":{"S":16},"flaeche_m2":612,"neigung_grad":17.7,"ausrichtung_grad":145,"weg_abstand_m":540,"wald_hinweis":false}},{"type":"Feature","geometry":{"type":"Point","coordinates":[11.468795,46.629309]},"properties":{"id":869,"hoehe_m":2095,"sektoren_frei":[],"sektoren_blockiert":["O"],"erste_kollision_m":{"O":2},"flaeche_m2":1031,"neigung_grad":8.0,"ausrichtung_grad":103,"weg_abstand_m":116,"wald_hinweis":false}},{"type":"Feature","geometry":{"type":"Point","coordinates":[11.469033,46.610134]},"properties":{"id":870,"hoehe_m":2095,"sektoren_frei":["S"],"sektoren_blockiert":["SSW"],"erste_kollision_m":{"SSW":6},"flaeche_m2":79350,"neigung_grad":11.9,"ausrichtung_grad":164,"weg_abstand_m":69,"wald_hinweis":true}},{"type":"Feature","geometry":{"type":"Point","coordinates":[11.467731,46.627442]},"properties":{"id":871,"hoehe_m":2095,"sektoren_frei":[],"sektoren_blockiert":["OSO","SSO"],"erste_kollision_m":{"OSO":6,"SSO":30},"flaeche_m2":281,"neigung_grad":9.4,"ausrichtung_grad":134,"weg_abstand_m":52,"wald_hinweis":false}},{"type":"Feature","geometry":{"type":"Point","coordinates":[11.467074,46.633824]},"properties":{"id":872,"hoehe_m":2095,"sektoren_frei":[],"sektoren_blockiert":["NNW"],"erste_kollision_m":{"NNW":16},"flaeche_m2":2775,"neigung_grad":12.2,"ausrichtung_grad":2,"weg_abstand_m":0,"wald_hinweis":false}},{"type":"Feature","geometry":{"type":"Point","coordinates":[11.447031,46.60946]},"properties":{"id":873,"hoehe_m":2095,"sektoren_frei":[],"sektoren_blockiert":["S","SSW"],"erste_kollision_m":{"S":2,"SSW":9},"flaeche_m2":1606,"neigung_grad":9.1,"ausrichtung_grad":213,"weg_abstand_m":233,"wald_hinweis":false}},{"type":"Feature","geometry":{"type":"Point","coordinates":[11.441018,46.612963]},"properties":{"id":874,"hoehe_m":2095,"sektoren_frei":[],"sektoren_blockiert":["OSO"],"erste_kollision_m":{"OSO":15},"flaeche_m2":256,"neigung_grad":10.9,"ausrichtung_grad":136,"weg_abstand_m":87,"wald_hinweis":false}},{"type":"Feature","geometry":{"type":"Point","coordinates":[11.442944,46.612247]},"properties":{"id":875,"hoehe_m":2095,"sektoren_frei":[],"sektoren_blockiert":["SSW"],"erste_kollision_m":{"SSW":23},"flaeche_m2":519,"neigung_grad":11.6,"ausrichtung_grad":235,"weg_abstand_m":64,"wald_hinweis":false}},{"type":"Feature","geometry":{"type":"Point","coordinates":[11.436899,46.640501]},"properties":{"id":876,"hoehe_m":2094,"sektoren_frei":[],"sektoren_blockiert":["W"],"erste_kollision_m":{"W":258},"flaeche_m2":11075,"neigung_grad":24.5,"ausrichtung_grad":236,"weg_abstand_m":29,"wald_hinweis":false}},{"type":"Feature","geometry":{"type":"Point","coordinates":[11.468279,46.628735]},"properties":{"id":877,"hoehe_m":2094,"sektoren_frei":[],"sektoren_blockiert":["SO","SSO"],"erste_kollision_m":{"SO":6,"SSO":6},"flaeche_m2":200,"neigung_grad":8.5,"ausrichtung_grad":126,"weg_abstand_m":123,"wald_hinweis":false}},{"type":"Feature","geometry":{"type":"Point","coordinates":[11.460313,46.607172]},"properties":{"id":878,"hoehe_m":2094,"sektoren_frei":[],"sektoren_blockiert":["SW"],"erste_kollision_m":{"SW":6},"flaeche_m2":644,"neigung_grad":13.2,"ausrichtung_grad":189,"weg_abstand_m":86,"wald_hinweis":false}},{"type":"Feature","geometry":{"type":"Point","coordinates":[11.468784,46.629062]},"properties":{"id":879,"hoehe_m":2094,"sektoren_frei":[],"sektoren_blockiert":["ONO","SSO"],"erste_kollision_m":{"ONO":6,"SSO":6},"flaeche_m2":262,"neigung_grad":8.1,"ausrichtung_grad":106,"weg_abstand_m":131,"wald_hinweis":false}},{"type":"Feature","geometry":{"type":"Point","coordinates":[11.451431,46.622325]},"properties":{"id":880,"hoehe_m":2094,"sektoren_frei":[],"sektoren_blockiert":["NNW"],"erste_kollision_m":{"NNW":23},"flaeche_m2":331,"neigung_grad":11.2,"ausrichtung_grad":301,"weg_abstand_m":213,"wald_hinweis":false}},{"type":"Feature","geometry":{"type":"Point","coordinates":[11.455282,46.631648]},"properties":{"id":881,"hoehe_m":2094,"sektoren_frei":[],"sektoren_blockiert":["W"],"erste_kollision_m":{"W":8},"flaeche_m2":456,"neigung_grad":14.5,"ausrichtung_grad":278,"weg_abstand_m":128,"wald_hinweis":false}},{"type":"Feature","geometry":{"type":"Point","coordinates":[11.426949,46.636415]},"properties":{"id":882,"hoehe_m":2094,"sektoren_frei":["O"],"sektoren_blockiert":["S"],"erste_kollision_m":{"S":2},"flaeche_m2":36281,"neigung_grad":17.1,"ausrichtung_grad":112,"weg_abstand_m":523,"wald_hinweis":false}},{"type":"Feature","geometry":{"type":"Point","coordinates":[11.444162,46.610286]},"properties":{"id":883,"hoehe_m":2094,"sektoren_frei":[],"sektoren_blockiert":["SSO"],"erste_kollision_m":{"SSO":12},"flaeche_m2":206,"neigung_grad":11.6,"ausrichtung_grad":150,"weg_abstand_m":212,"wald_hinweis":false}},{"type":"Feature","geometry":{"type":"Point","coordinates":[11.467953,46.628022]},"properties":{"id":884,"hoehe_m":2094,"sektoren_frei":[],"sektoren_blockiert":["NO","O"],"erste_kollision_m":{"NO":4,"O":2},"flaeche_m2":150,"neigung_grad":8.0,"ausrichtung_grad":56,"weg_abstand_m":110,"wald_hinweis":false}},{"type":"Feature","geometry":{"type":"Point","coordinates":[11.442905,46.614993]},"properties":{"id":885,"hoehe_m":2094,"sektoren_frei":["NNW"],"sektoren_blockiert":[],"erste_kollision_m":{},"flaeche_m2":2244,"neigung_grad":13.6,"ausrichtung_grad":324,"weg_abstand_m":152,"wald_hinweis":false}},{"type":"Feature","geometry":{"type":"Point","coordinates":[11.42515,46.635621]},"properties":{"id":886,"hoehe_m":2093,"sektoren_frei":["SSW"],"sektoren_blockiert":[],"erste_kollision_m":{},"flaeche_m2":334506,"neigung_grad":12.6,"ausrichtung_grad":181,"weg_abstand_m":364,"wald_hinweis":false}},{"type":"Feature","geometry":{"type":"Point","coordinates":[11.465795,46.634436]},"properties":{"id":887,"hoehe_m":2093,"sektoren_frei":[],"sektoren_blockiert":["O"],"erste_kollision_m":{"O":5},"flaeche_m2":6906,"neigung_grad":9.4,"ausrichtung_grad":64,"weg_abstand_m":3,"wald_hinweis":false}},{"type":"Feature","geometry":{"type":"Point","coordinates":[11.444106,46.641674]},"properties":{"id":888,"hoehe_m":2093,"sektoren_frei":[],"sektoren_blockiert":["SO"],"erste_kollision_m":{"SO":4},"flaeche_m2":731,"neigung_grad":13.9,"ausrichtung_grad":167,"weg_abstand_m":212,"wald_hinweis":false}},{"type":"Feature","geometry":{"type":"Point","coordinates":[11.445318,46.610577]},"properties":{"id":889,"hoehe_m":2093,"sektoren_frei":[],"sektoren_blockiert":["S"],"erste_kollision_m":{"S":16},"flaeche_m2":306,"neigung_grad":12.8,"ausrichtung_grad":144,"weg_abstand_m":177,"wald_hinweis":false}},{"type":"Feature","geometry":{"type":"Point","coordinates":[11.444422,46.610258]},"properties":{"id":890,"hoehe_m":2093,"sektoren_frei":[],"sektoren_blockiert":["SSO"],"erste_kollision_m":{"SSO":6},"flaeche_m2":131,"neigung_grad":9.6,"ausrichtung_grad":184,"weg_abstand_m":212,"wald_hinweis":false}},{"type":"Feature","geometry":{"type":"Point","coordinates":[11.436356,46.614593]},"properties":{"id":891,"hoehe_m":2093,"sektoren_frei":["W"],"sektoren_blockiert":[],"erste_kollision_m":{},"flaeche_m2":89475,"neigung_grad":11.9,"ausrichtung_grad":281,"weg_abstand_m":179,"wald_hinweis":false}},{"type":"Feature","geometry":{"type":"Point","coordinates":[11.461403,46.624024]},"properties":{"id":892,"hoehe_m":2093,"sektoren_frei":[],"sektoren_blockiert":["OSO","OSO"],"erste_kollision_m":{"OSO":31},"flaeche_m2":138,"neigung_grad":11.7,"ausrichtung_grad":106,"weg_abstand_m":276,"wald_hinweis":false}},{"type":"Feature","geometry":{"type":"Point","coordinates":[11.445955,46.641387]},"properties":{"id":893,"hoehe_m":2093,"sektoren_frei":[],"sektoren_blockiert":["W"],"erste_kollision_m":{"W":2},"flaeche_m2":5512,"neigung_grad":9.4,"ausrichtung_grad":238,"weg_abstand_m":247,"wald_hinweis":false}},{"type":"Feature","geometry":{"type":"Point","coordinates":[11.44757,46.618538]},"properties":{"id":894,"hoehe_m":2093,"sektoren_frei":[],"sektoren_blockiert":["NW"],"erste_kollision_m":{"NW":6},"flaeche_m2":2375,"neigung_grad":16.4,"ausrichtung_grad":278,"weg_abstand_m":139,"wald_hinweis":false}},{"type":"Feature","geometry":{"type":"Point","coordinates":[11.426105,46.635803]},"properties":{"id":895,"hoehe_m":2093,"sektoren_frei":["OSO"],"sektoren_blockiert":[],"erste_kollision_m":{},"flaeche_m2":125,"neigung_grad":13.8,"ausrichtung_grad":141,"weg_abstand_m":429,"wald_hinweis":false}},{"type":"Feature","geometry":{"type":"Point","coordinates":[11.453292,46.63097]},"properties":{"id":896,"hoehe_m":2093,"sektoren_frei":["W","W"],"sektoren_blockiert":["NNW"],"erste_kollision_m":{"NNW":118},"flaeche_m2":83300,"neigung_grad":17.6,"ausrichtung_grad":301,"weg_abstand_m":257,"wald_hinweis":false}},{"type":"Feature","geometry":{"type":"Point","coordinates":[11.451058,46.642268]},"properties":{"id":897,"hoehe_m":2093,"sektoren_frei":[],"sektoren_blockiert":["OSO"],"erste_kollision_m":{"OSO":6},"flaeche_m2":250,"neigung_grad":8.2,"ausrichtung_grad":144,"weg_abstand_m":19,"wald_hinweis":false}},{"type":"Feature","geometry":{"type":"Point","coordinates":[11.449605,46.607897]},"properties":{"id":898,"hoehe_m":2093,"sektoren_frei":[],"sektoren_blockiert":["SSO"],"erste_kollision_m":{"SSO":6},"flaeche_m2":806,"neigung_grad":9.1,"ausrichtung_grad":192,"weg_abstand_m":80,"wald_hinweis":false}},{"type":"Feature","geometry":{"type":"Point","coordinates":[11.451278,46.607367]},"properties":{"id":899,"hoehe_m":2093,"sektoren_frei":[],"sektoren_blockiert":["SO"],"erste_kollision_m":{"SO":6},"flaeche_m2":150,"neigung_grad":10.0,"ausrichtung_grad":175,"weg_abstand_m":6,"wald_hinweis":false}},{"type":"Feature","geometry":{"type":"Point","coordinates":[11.462628,46.63446]},"properties":{"id":900,"hoehe_m":2093,"sektoren_frei":[],"sektoren_blockiert":["WNW"],"erste_kollision_m":{"WNW":6},"flaeche_m2":206,"neigung_grad":12.2,"ausrichtung_grad":323,"weg_abstand_m":105,"wald_hinweis":false}},{"type":"Feature","geometry":{"type":"Point","coordinates":[11.449651,46.622679]},"properties":{"id":901,"hoehe_m":2092,"sektoren_frei":[],"sektoren_blockiert":["OSO","S","SSW"],"erste_kollision_m":{"OSO":10,"S":79,"SSW":90},"flaeche_m2":956,"neigung_grad":15.5,"ausrichtung_grad":180,"weg_abstand_m":335,"wald_hinweis":false}},{"type":"Feature","geometry":{"type":"Point","coordinates":[11.455519,46.631845]},"properties":{"id":902,"hoehe_m":2092,"sektoren_frei":[],"sektoren_blockiert":["N"],"erste_kollision_m":{"N":8},"flaeche_m2":288,"neigung_grad":12.6,"ausrichtung_grad":340,"weg_abstand_m":125,"wald_hinweis":false}},{"type":"Feature","geometry":{"type":"Point","coordinates":[11.461916,46.62309]},"properties":{"id":903,"hoehe_m":2092,"sektoren_frei":[],"sektoren_blockiert":["NNO"],"erste_kollision_m":{"NNO":18},"flaeche_m2":200,"neigung_grad":10.7,"ausrichtung_grad":31,"weg_abstand_m":205,"wald_hinweis":false}},{"type":"Feature","geometry":{"type":"Point","coordinates":[11.442442,46.614868]},"properties":{"id":904,"hoehe_m":2092,"sektoren_frei":[],"sektoren_blockiert":["NNO"],"erste_kollision_m":{"NNO":9},"flaeche_m2":969,"neigung_grad":10.3,"ausrichtung_grad":6,"weg_abstand_m":125,"wald_hinweis":false}},{"type":"Feature","geometry":{"type":"Point","coordinates":[11.42681,46.636238]},"properties":{"id":905,"hoehe_m":2092,"sektoren_frei":[],"sektoren_blockiert":["O","S"],"erste_kollision_m":{"O":15,"S":8},"flaeche_m2":894,"neigung_grad":15.1,"ausrichtung_grad":151,"weg_abstand_m":502,"wald_hinweis":false}},{"type":"Feature","geometry":{"type":"Point","coordinates":[11.459235,46.607173]},"properties":{"id":906,"hoehe_m":2092,"sektoren_frei":[],"sektoren_blockiert":["SO"],"erste_kollision_m":{"SO":4},"flaeche_m2":62856,"neigung_grad":11.1,"ausrichtung_grad":165,"weg_abstand_m":9,"wald_hinweis":false}},{"type":"Feature","geometry":{"type":"Point","coordinates":[11.440477,46.641617]},"properties":{"id":907,"hoehe_m":2092,"sektoren_frei":[],"sektoren_blockiert":["SSW","SSW"],"erste_kollision_m":{"SSW":9},"flaeche_m2":344,"neigung_grad":13.2,"ausrichtung_grad":166,"weg_abstand_m":166,"wald_hinweis":false}},{"type":"Feature","geometry":{"type":"Point","coordinates":[11.436494,46.615467]},"properties":{"id":908,"hoehe_m":2092,"sektoren_frei":[],"sektoren_blockiert":["NW","NNW"],"erste_kollision_m":{"NW":273,"NNW":193},"flaeche_m2":9600,"neigung_grad":14.7,"ausrichtung_grad":297,"weg_abstand_m":115,"wald_hinweis":false}},{"type":"Feature","geometry":{"type":"Point","coordinates":[11.454491,46.631485]},"properties":{"id":909,"hoehe_m":2092,"sektoren_frei":["NNW"],"sektoren_blockiert":[],"erste_kollision_m":{},"flaeche_m2":194812,"neigung_grad":15.3,"ausrichtung_grad":352,"weg_abstand_m":179,"wald_hinweis":false}},{"type":"Feature","geometry":{"type":"Point","coordinates":[11.464787,46.625908]},"properties":{"id":910,"hoehe_m":2092,"sektoren_frei":[],"sektoren_blockiert":["SSO","S"],"erste_kollision_m":{"SSO":6,"S":8},"flaeche_m2":6706,"neigung_grad":10.0,"ausrichtung_grad":146,"weg_abstand_m":77,"wald_hinweis":false}},{"type":"Feature","geometry":{"type":"Point","coordinates":[11.469589,46.629517]},"properties":{"id":911,"hoehe_m":2092,"sektoren_frei":[],"sektoren_blockiert":["SSO","S"],"erste_kollision_m":{"SSO":6,"S":2},"flaeche_m2":300,"neigung_grad":8.5,"ausrichtung_grad":141,"weg_abstand_m":134,"wald_hinweis":false}},{"type":"Feature","geometry":{"type":"Point","coordinates":[11.462265,46.634377]},"properties":{"id":912,"hoehe_m":2092,"sektoren_frei":[],"sektoren_blockiert":["N"],"erste_kollision_m":{"N":23},"flaeche_m2":138,"neigung_grad":16.2,"ausrichtung_grad":346,"weg_abstand_m":130,"wald_hinweis":false}},{"type":"Feature","geometry":{"type":"Point","coordinates":[11.468809,46.632481]},"properties":{"id":913,"hoehe_m":2092,"sektoren_frei":["NO"],"sektoren_blockiert":["N"],"erste_kollision_m":{"N":2},"flaeche_m2":136762,"neigung_grad":13.3,"ausrichtung_grad":53,"weg_abstand_m":50,"wald_hinweis":false}},{"type":"Feature","geometry":{"type":"Point","coordinates":[11.447581,46.618043]},"properties":{"id":914,"hoehe_m":2092,"sektoren_frei":[],"sektoren_blockiert":["NW"],"erste_kollision_m":{"NW":6},"flaeche_m2":256,"neigung_grad":12.4,"ausrichtung_grad":277,"weg_abstand_m":151,"wald_hinweis":false}},{"type":"Feature","geometry":{"type":"Point","coordinates":[11.459805,46.64208]},"properties":{"id":915,"hoehe_m":2092,"sektoren_frei":["O"],"sektoren_blockiert":["OSO","SO","SSO","SSO","SSO","S","S","SSW","SW"],"erste_kollision_m":{"OSO":6,"SO":4,"SSO":59,"S":40,"SSW":6,"SW":6},"flaeche_m2":675,"neigung_grad":11.8,"ausrichtung_grad":177,"weg_abstand_m":247,"wald_hinweis":false}},{"type":"Feature","geometry":{"type":"Point","coordinates":[11.458502,46.633513]},"properties":{"id":916,"hoehe_m":2092,"sektoren_frei":[],"sektoren_blockiert":["N","WNW"],"erste_kollision_m":{"N":8,"WNW":18},"flaeche_m2":15169,"neigung_grad":14.1,"ausrichtung_grad":315,"weg_abstand_m":5,"wald_hinweis":false}},{"type":"Feature","geometry":{"type":"Point","coordinates":[11.441242,46.612869]},"properties":{"id":917,"hoehe_m":2092,"sektoren_frei":[],"sektoren_blockiert":["SSW"],"erste_kollision_m":{"SSW":6},"flaeche_m2":469,"neigung_grad":10.5,"ausrichtung_grad":173,"weg_abstand_m":105,"wald_hinweis":false}},{"type":"Feature","geometry":{"type":"Point","coordinates":[11.469873,46.630028]},"properties":{"id":918,"hoehe_m":2092,"sektoren_frei":[],"sektoren_blockiert":["O"],"erste_kollision_m":{"O":2},"flaeche_m2":269,"neigung_grad":10.3,"ausrichtung_grad":101,"weg_abstand_m":119,"wald_hinweis":false}},{"type":"Feature","geometry":{"type":"Point","coordinates":[11.463622,46.621118]},"properties":{"id":919,"hoehe_m":2091,"sektoren_frei":[],"sektoren_blockiert":["N"],"erste_kollision_m":{"N":42},"flaeche_m2":238,"neigung_grad":20.1,"ausrichtung_grad":38,"weg_abstand_m":30,"wald_hinweis":false}},{"type":"Feature","geometry":{"type":"Point","coordinates":[11.469027,46.632252]},"properties":{"id":920,"hoehe_m":2091,"sektoren_frei":["NO"],"sektoren_blockiert":[],"erste_kollision_m":{},"flaeche_m2":136762,"neigung_grad":11.1,"ausrichtung_grad":62,"weg_abstand_m":56,"wald_hinweis":false}},{"type":"Feature","geometry":{"type":"Point","coordinates":[11.438605,46.611597]},"properties":{"id":921,"hoehe_m":2091,"sektoren_frei":[],"sektoren_blockiert":["S"],"erste_kollision_m":{"S":5},"flaeche_m2":125,"neigung_grad":8.4,"ausrichtung_grad":146,"weg_abstand_m":56,"wald_hinweis":false}},{"type":"Feature","geometry":{"type":"Point","coordinates":[11.46214,46.622995]},"properties":{"id":922,"hoehe_m":2091,"sektoren_frei":[],"sektoren_blockiert":["NNO","OSO"],"erste_kollision_m":{"NNO":10,"OSO":6},"flaeche_m2":469,"neigung_grad":11.3,"ausrichtung_grad":35,"weg_abstand_m":206,"wald_hinweis":false}},{"type":"Feature","geometry":{"type":"Point","coordinates":[11.445976,46.641117]},"properties":{"id":923,"hoehe_m":2091,"sektoren_frei":[],"sektoren_blockiert":["W"],"erste_kollision_m":{"W":2},"flaeche_m2":119,"neigung_grad":8.3,"ausrichtung_grad":235,"weg_abstand_m":224,"wald_hinweis":false}},{"type":"Feature","geometry":{"type":"Point","coordinates":[11.465904,46.634681]},"properties":{"id":924,"hoehe_m":2091,"sektoren_frei":[],"sektoren_blockiert":["OSO"],"erste_kollision_m":{"OSO":6},"flaeche_m2":4194,"neigung_grad":10.5,"ausrichtung_grad":91,"weg_abstand_m":28,"wald_hinweis":false}},{"type":"Feature","geometry":{"type":"Point","coordinates":[11.464866,46.625502]},"properties":{"id":925,"hoehe_m":2091,"sektoren_frei":[],"sektoren_blockiert":["NO","SO"],"erste_kollision_m":{"NO":4,"SO":4},"flaeche_m2":20375,"neigung_grad":9.6,"ausrichtung_grad":120,"weg_abstand_m":95,"wald_hinweis":false}},{"type":"Feature","geometry":{"type":"Point","coordinates":[11.461834,46.623452]},"properties":{"id":926,"hoehe_m":2091,"sektoren_frei":[],"sektoren_blockiert":["NNO","NO","ONO","O","O","OSO","SO"],"erste_kollision_m":{"NNO":8,"NO":6,"ONO":6,"O":43,"OSO":12,"SO":6},"flaeche_m2":1525,"neigung_grad":10.0,"ausrichtung_grad":119,"weg_abstand_m":237,"wald_hinweis":false}},{"type":"Feature","geometry":{"type":"Point","coordinates":[11.425407,46.635525]},"properties":{"id":927,"hoehe_m":2091,"sektoren_frei":["SO"],"sektoren_blockiert":[],"erste_kollision_m":{},"flaeche_m2":344044,"neigung_grad":14.1,"ausrichtung_grad":163,"weg_abstand_m":370,"wald_hinweis":false}},{"type":"Feature","geometry":{"type":"Point","coordinates":[11.462317,46.622564]},"properties":{"id":928,"hoehe_m":2091,"sektoren_frei":[],"sektoren_blockiert":["NO","NO","OSO","SO"],"erste_kollision_m":{"NO":4,"OSO":6,"SO":6},"flaeche_m2":4650,"neigung_grad":11.7,"ausrichtung_grad":90,"weg_abstand_m":180,"wald_hinweis":false}},{"type":"Feature","geometry":{"type":"Point","coordinates":[11.440275,46.641486]},"properties":{"id":929,"hoehe_m":2091,"sektoren_frei":[],"sektoren_blockiert":["OSO","SSW"],"erste_kollision_m":{"OSO":15,"SSW":34},"flaeche_m2":681,"neigung_grad":14.2,"ausrichtung_grad":168,"weg_abstand_m":149,"wald_hinweis":false}},{"type":"Feature","geometry":{"type":"Point","coordinates":[11.450207,46.622689]},"properties":{"id":930,"hoehe_m":2090,"sektoren_frei":[],"sektoren_blockiert":["SSW"],"erste_kollision_m":{"SSW":30},"flaeche_m2":275,"neigung_grad":14.5,"ausrichtung_grad":197,"weg_abstand_m":307,"wald_hinweis":false}},{"type":"Feature","geometry":{"type":"Point","coordinates":[11.450052,46.641682]},"properties":{"id":931,"hoehe_m":2090,"sektoren_frei":[],"sektoren_blockiert":["SW"],"erste_kollision_m":{"SW":4},"flaeche_m2":256,"neigung_grad":8.8,"ausrichtung_grad":212,"weg_abstand_m":101,"wald_hinweis":false}},{"type":"Feature","geometry":{"type":"Point","coordinates":[11.442401,46.612506]},"properties":{"id":932,"hoehe_m":2090,"sektoren_frei":[],"sektoren_blockiert":["SW","WSW","W"],"erste_kollision_m":{"SW":4,"WSW":6,"W":2},"flaeche_m2":2438,"neigung_grad":9.3,"ausrichtung_grad":249,"weg_abstand_m":74,"wald_hinweis":false}},{"type":"Feature","geometry":{"type":"Point","coordinates":[11.46138,46.634306]},"properties":{"id":933,"hoehe_m":2090,"sektoren_frei":[],"sektoren_blockiert":["N","NNO","NNO","NW","NNW"],"erste_kollision_m":{"N":2,"NNO":15,"NW":4,"NNW":16},"flaeche_m2":500,"neigung_grad":11.4,"ausrichtung_grad":29,"weg_abstand_m":169,"wald_hinweis":false}},{"type":"Feature","geometry":{"type":"Point","coordinates":[11.460594,46.634278]},"properties":{"id":934,"hoehe_m":2090,"sektoren_frei":[],"sektoren_blockiert":["WNW"],"erste_kollision_m":{"WNW":8},"flaeche_m2":200,"neigung_grad":10.7,"ausrichtung_grad":331,"weg_abstand_m":119,"wald_hinweis":false}},{"type":"Feature","geometry":{"type":"Point","coordinates":[11.455029,46.631833]},"properties":{"id":935,"hoehe_m":2090,"sektoren_frei":["NNW"],"sektoren_blockiert":[],"erste_kollision_m":{},"flaeche_m2":194812,"neigung_grad":14.4,"ausrichtung_grad":334,"weg_abstand_m":155,"wald_hinweis":false}},{"type":"Feature","geometry":{"type":"Point","coordinates":[11.438068,46.611271]},"properties":{"id":936,"hoehe_m":2090,"sektoren_frei":[],"sektoren_blockiert":["S"],"erste_kollision_m":{"S":2},"flaeche_m2":1288,"neigung_grad":8.7,"ausrichtung_grad":147,"weg_abstand_m":42,"wald_hinweis":false}},{"type":"Feature","geometry":{"type":"Point","coordinates":[11.456796,46.607383]},"properties":{"id":937,"hoehe_m":2090,"sektoren_frei":[],"sektoren_blockiert":["WSW"],"erste_kollision_m":{"WSW":6},"flaeche_m2":394,"neigung_grad":8.5,"ausrichtung_grad":211,"weg_abstand_m":173,"wald_hinweis":false}},{"type":"Feature","geometry":{"type":"Point","coordinates":[11.447473,46.61566]},"properties":{"id":938,"hoehe_m":2090,"sektoren_frei":[],"sektoren_blockiert":["NNW"],"erste_kollision_m":{"NNW":18},"flaeche_m2":1488,"neigung_grad":13.6,"ausrichtung_grad":314,"weg_abstand_m":217,"wald_hinweis":false}},{"type":"Feature","geometry":{"type":"Point","coordinates":[11.436076,46.641081]},"properties":{"id":939,"hoehe_m":2090,"sektoren_frei":["SSW"],"sektoren_blockiert":[],"erste_kollision_m":{},"flaeche_m2":238,"neigung_grad":24.9,"ausrichtung_grad":230,"weg_abstand_m":2,"wald_hinweis":false}},{"type":"Feature","geometry":{"type":"Point","coordinates":[11.436777,46.612334]},"properties":{"id":940,"hoehe_m":2090,"sektoren_frei":[],"sektoren_blockiert":["SSW"],"erste_kollision_m":{"SSW":6},"flaeche_m2":356,"neigung_grad":8.9,"ausrichtung_grad":220,"weg_abstand_m":94,"wald_hinweis":false}},{"type":"Feature","geometry":{"type":"Point","coordinates":[11.461604,46.606852]},"properties":{"id":941,"hoehe_m":2090,"sektoren_frei":[],"sektoren_blockiert":["WSW"],"erste_kollision_m":{"WSW":33},"flaeche_m2":525,"neigung_grad":16.3,"ausrichtung_grad":209,"weg_abstand_m":181,"wald_hinweis":false}},{"type":"Feature","geometry":{"type":"Point","coordinates":[11.441823,46.612721]},"properties":{"id":942,"hoehe_m":2090,"sektoren_frei":[],"sektoren_blockiert":["WSW"],"erste_kollision_m":{"WSW":25},"flaeche_m2":162,"neigung_grad":10.2,"ausrichtung_grad":235,"weg_abstand_m":96,"wald_hinweis":false}},{"type":"Feature","geometry":{"type":"Point","coordinates":[11.450611,46.64176]},"properties":{"id":943,"hoehe_m":2090,"sektoren_frei":[],"sektoren_blockiert":["OSO"],"erste_kollision_m":{"OSO":8},"flaeche_m2":200,"neigung_grad":9.3,"ausrichtung_grad":139,"weg_abstand_m":83,"wald_hinweis":false}},{"type":"Feature","geometry":{"type":"Point","coordinates":[11.436329,46.613986]},"properties":{"id":944,"hoehe_m":2089,"sektoren_frei":[],"sektoren_blockiert":["SW"],"erste_kollision_m":{"SW":6},"flaeche_m2":1188,"neigung_grad":10.8,"ausrichtung_grad":236,"weg_abstand_m":190,"wald_hinweis":false}},{"type":"Feature","geometry":{"type":"Point","coordinates":[11.457119,46.607309]},"properties":{"id":945,"hoehe_m":2089,"sektoren_frei":[],"sektoren_blockiert":["SSW"],"erste_kollision_m":{"SSW":6},"flaeche_m2":231,"neigung_grad":9.7,"ausrichtung_grad":187,"weg_abstand_m":148,"wald_hinweis":false}},{"type":"Feature","geometry":{"type":"Point","coordinates":[11.462434,46.622269]},"properties":{"id":946,"hoehe_m":2089,"sektoren_frei":[],"sektoren_blockiert":["OSO"],"erste_kollision_m":{"OSO":8},"flaeche_m2":225,"neigung_grad":9.0,"ausrichtung_grad":98,"weg_abstand_m":169,"wald_hinweis":false}},{"type":"Feature","geometry":{"type":"Point","coordinates":[11.464483,46.62497]},"properties":{"id":947,"hoehe_m":2089,"sektoren_frei":[],"sektoren_blockiert":["SSO","SW","WSW"],"erste_kollision_m":{"SSO":6,"SW":4,"WSW":6},"flaeche_m2":19756,"neigung_grad":8.6,"ausrichtung_grad":142,"weg_abstand_m":119,"wald_hinweis":false}},{"type":"Feature","geometry":{"type":"Point","coordinates":[11.467543,46.634084]},"properties":{"id":948,"hoehe_m":2089,"sektoren_frei":["NNO","NO"],"sektoren_blockiert":[],"erste_kollision_m":{},"flaeche_m2":136762,"neigung_grad":19.9,"ausrichtung_grad":15,"weg_abstand_m":20,"wald_hinweis":false}},{"type":"Feature","geometry":{"type":"Point","coordinates":[11.449514,46.621084]},"properties":{"id":949,"hoehe_m":2089,"sektoren_frei":[],"sektoren_blockiert":["W","WNW","NW"],"erste_kollision_m":{"W":2,"WNW":200,"NW":15},"flaeche_m2":1262,"neigung_grad":12.3,"ausrichtung_grad":286,"weg_abstand_m":213,"wald_hinweis":false}},{"type":"Feature","geometry":{"type":"Point","coordinates":[11.450429,46.622549]},"properties":{"id":950,"hoehe_m":2089,"sektoren_frei":[],"sektoren_blockiert":["SSO"],"erste_kollision_m":{"SSO":32},"flaeche_m2":119,"neigung_grad":11.3,"ausrichtung_grad":179,"weg_abstand_m":284,"wald_hinweis":false}},{"type":"Feature","geometry":{"type":"Point","coordinates":[11.457944,46.633458]},"properties":{"id":951,"hoehe_m":2089,"sektoren_frei":[],"sektoren_blockiert":["NNO"],"erste_kollision_m":{"NNO":9},"flaeche_m2":244,"neigung_grad":14.9,"ausrichtung_grad":347,"weg_abstand_m":32,"wald_hinweis":false}},{"type":"Feature","geometry":{"type":"Point","coordinates":[11.452233,46.642243]},"properties":{"id":952,"hoehe_m":2088,"sektoren_frei":[],"sektoren_blockiert":["O","SO","SSO","S","SSW","SW"],"erste_kollision_m":{"O":2,"SO":4,"SSO":6,"S":24,"SSW":36,"SW":30},"flaeche_m2":22144,"neigung_grad":8.6,"ausrichtung_grad":139,"weg_abstand_m":38,"wald_hinweis":false}},{"type":"Feature","geometry":{"type":"Point","coordinates":[11.446816,46.640919]},"properties":{"id":953,"hoehe_m":2088,"sektoren_frei":[],"sektoren_blockiert":["SO","SW"],"erste_kollision_m":{"SO":4,"SW":6},"flaeche_m2":256,"neigung_grad":8.9,"ausrichtung_grad":189,"weg_abstand_m":254,"wald_hinweis":false}},{"type":"Feature","geometry":{"type":"Point","coordinates":[11.453609,46.631481]},"properties":{"id":954,"hoehe_m":2088,"sektoren_frei":["W"],"sektoren_blockiert":[],"erste_kollision_m":{},"flaeche_m2":212,"neigung_grad":16.9,"ausrichtung_grad":302,"weg_abstand_m":243,"wald_hinweis":false}},{"type":"Feature","geometry":{"type":"Point","coordinates":[11.457579,46.633331]},"properties":{"id":955,"hoehe_m":2088,"sektoren_frei":[],"sektoren_blockiert":["NNO"],"erste_kollision_m":{"NNO":12},"flaeche_m2":8481,"neigung_grad":14.3,"ausrichtung_grad":346,"weg_abstand_m":46,"wald_hinweis":false}},{"type":"Feature","geometry":{"type":"Point","coordinates":[11.435953,46.614331]},"properties":{"id":956,"hoehe_m":2088,"sektoren_frei":["W"],"sektoren_blockiert":[],"erste_kollision_m":{},"flaeche_m2":89475,"neigung_grad":15.7,"ausrichtung_grad":270,"weg_abstand_m":151,"wald_hinweis":false}},{"type":"Feature","geometry":{"type":"Point","coordinates":[11.452362,46.63063]},"properties":{"id":957,"hoehe_m":2088,"sektoren_frei":["NW","NNW"],"sektoren_blockiert":[],"erste_kollision_m":{},"flaeche_m2":358069,"neigung_grad":23.9,"ausrichtung_grad":314,"weg_abstand_m":255,"wald_hinweis":false}},{"type":"Feature","geometry":{"type":"Point","coordinates":[11.468453,46.626819]},"properties":{"id":958,"hoehe_m":2088,"sektoren_frei":[],"sektoren_blockiert":["OSO"],"erste_kollision_m":{"OSO":10},"flaeche_m2":4769,"neigung_grad":9.9,"ausrichtung_grad":144,"weg_abstand_m":29,"wald_hinweis":false}},{"type":"Feature","geometry":{"type":"Point","coordinates":[11.446236,46.622977]},"properties":{"id":959,"hoehe_m":2088,"sektoren_frei":[],"sektoren_blockiert":["OSO"],"erste_kollision_m":{"OSO":15},"flaeche_m2":931,"neigung_grad":15.4,"ausrichtung_grad":144,"weg_abstand_m":423,"wald_hinweis":false}},{"type":"Feature","geometry":{"type":"Point","coordinates":[11.438361,46.611243]},"properties":{"id":960,"hoehe_m":2088,"sektoren_frei":[],"sektoren_blockiert":["O"],"erste_kollision_m":{"O":2},"flaeche_m2":6775,"neigung_grad":10.5,"ausrichtung_grad":126,"weg_abstand_m":63,"wald_hinweis":false}},{"type":"Feature","geometry":{"type":"Point","coordinates":[11.441068,46.612625]},"properties":{"id":961,"hoehe_m":2088,"sektoren_frei":[],"sektoren_blockiert":["OSO"],"erste_kollision_m":{"OSO":10},"flaeche_m2":112,"neigung_grad":12.9,"ausrichtung_grad":142,"weg_abstand_m":122,"wald_hinweis":false}},{"type":"Feature","geometry":{"type":"Point","coordinates":[11.436828,46.611995]},"properties":{"id":962,"hoehe_m":2088,"sektoren_frei":[],"sektoren_blockiert":["W"],"erste_kollision_m":{"W":2},"flaeche_m2":112,"neigung_grad":8.6,"ausrichtung_grad":257,"weg_abstand_m":58,"wald_hinweis":false}},{"type":"Feature","geometry":{"type":"Point","coordinates":[11.437889,46.61528]},"properties":{"id":963,"hoehe_m":2088,"sektoren_frei":[],"sektoren_blockiert":["N","NO","ONO"],"erste_kollision_m":{"N":282,"NO":263,"ONO":105},"flaeche_m2":17975,"neigung_grad":19.3,"ausrichtung_grad":38,"weg_abstand_m":116,"wald_hinweis":false}},{"type":"Feature","geometry":{"type":"Point","coordinates":[11.440199,46.612193]},"properties":{"id":964,"hoehe_m":2088,"sektoren_frei":[],"sektoren_blockiert":["O"],"erste_kollision_m":{"O":24},"flaeche_m2":562,"neigung_grad":15.8,"ausrichtung_grad":111,"weg_abstand_m":124,"wald_hinweis":false}},{"type":"Feature","geometry":{"type":"Point","coordinates":[11.46126,46.634557]},"properties":{"id":965,"hoehe_m":2088,"sektoren_frei":[],"sektoren_blockiert":["N","WNW","WNW"],"erste_kollision_m":{"N":36,"WNW":15},"flaeche_m2":2500,"neigung_grad":11.7,"ausrichtung_grad":2,"weg_abstand_m":151,"wald_hinweis":false}},{"type":"Feature","geometry":{"type":"Point","coordinates":[11.427918,46.636912]},"properties":{"id":966,"hoehe_m":2087,"sektoren_frei":[],"sektoren_blockiert":["SSO"],"erste_kollision_m":{"SSO":50},"flaeche_m2":238,"neigung_grad":21.0,"ausrichtung_grad":127,"weg_abstand_m":537,"wald_hinweis":false}},{"type":"Feature","geometry":{"type":"Point","coordinates":[11.459025,46.606863]},"properties":{"id":967,"hoehe_m":2087,"sektoren_frei":[],"sektoren_blockiert":["OSO"],"erste_kollision_m":{"OSO":6},"flaeche_m2":2025,"neigung_grad":8.8,"ausrichtung_grad":147,"weg_abstand_m":5,"wald_hinweis":false}},{"type":"Feature","geometry":{"type":"Point","coordinates":[11.450733,46.622048]},"properties":{"id":968,"hoehe_m":2087,"sektoren_frei":[],"sektoren_blockiert":["NW"],"erste_kollision_m":{"NW":4},"flaeche_m2":131,"neigung_grad":10.7,"ausrichtung_grad":319,"weg_abstand_m":227,"wald_hinweis":false}},{"type":"Feature","geometry":{"type":"Point","coordinates":[11.448863,46.641393]},"properties":{"id":969,"hoehe_m":2087,"sektoren_frei":[],"sektoren_blockiert":["SSW"],"erste_kollision_m":{"SSW":6},"flaeche_m2":312,"neigung_grad":10.5,"ausrichtung_grad":175,"weg_abstand_m":173,"wald_hinweis":false}},{"type":"Feature","geometry":{"type":"Point","coordinates":[11.447427,46.617529]},"properties":{"id":970,"hoehe_m":2087,"sektoren_frei":[],"sektoren_blockiert":["SSW"],"erste_kollision_m":{"SSW":10},"flaeche_m2":156,"neigung_grad":17.0,"ausrichtung_grad":242,"weg_abstand_m":145,"wald_hinweis":false}},{"type":"Feature","geometry":{"type":"Point","coordinates":[11.46327,46.606884]},"properties":{"id":971,"hoehe_m":2087,"sektoren_frei":[],"sektoren_blockiert":["SW"],"erste_kollision_m":{"SW":11},"flaeche_m2":3200,"neigung_grad":13.4,"ausrichtung_grad":209,"weg_abstand_m":157,"wald_hinweis":false}},{"type":"Feature","geometry":{"type":"Point","coordinates":[11.462967,46.634745]},"properties":{"id":972,"hoehe_m":2087,"sektoren_frei":[],"sektoren_blockiert":["NO","NW"],"erste_kollision_m":{"NO":9,"NW":11},"flaeche_m2":162,"neigung_grad":12.0,"ausrichtung_grad":34,"weg_abstand_m":64,"wald_hinweis":false}},{"type":"Feature","geometry":{"type":"Point","coordinates":[11.442457,46.615205]},"properties":{"id":973,"hoehe_m":2087,"sektoren_frei":[],"sektoren_blockiert":["NO"],"erste_kollision_m":{"NO":4},"flaeche_m2":338,"neigung_grad":10.3,"ausrichtung_grad":23,"weg_abstand_m":158,"wald_hinweis":false}},{"type":"Feature","geometry":{"type":"Point","coordinates":[11.46053,46.60692]},"properties":{"id":974,"hoehe_m":2087,"sektoren_frei":[],"sektoren_blockiert":["SW"],"erste_kollision_m":{"SW":6},"flaeche_m2":1119,"neigung_grad":9.6,"ausrichtung_grad":202,"weg_abstand_m":112,"wald_hinweis":false}},{"type":"Feature","geometry":{"type":"Point","coordinates":[11.466575,46.634352]},"properties":{"id":975,"hoehe_m":2087,"sektoren_frei":[],"sektoren_blockiert":["O"],"erste_kollision_m":{"O":2},"flaeche_m2":412,"neigung_grad":11.9,"ausrichtung_grad":58,"weg_abstand_m":41,"wald_hinweis":false}},{"type":"Feature","geometry":{"type":"Point","coordinates":[11.455256,46.607259]},"properties":{"id":976,"hoehe_m":2087,"sektoren_frei":[],"sektoren_blockiert":["SW"],"erste_kollision_m":{"SW":6},"flaeche_m2":2931,"neigung_grad":9.5,"ausrichtung_grad":187,"weg_abstand_m":126,"wald_hinweis":false}},{"type":"Feature","geometry":{"type":"Point","coordinates":[11.470481,46.629745]},"properties":{"id":977,"hoehe_m":2087,"sektoren_frei":[],"sektoren_blockiert":["ONO","O","OSO","SO"],"erste_kollision_m":{"ONO":6,"O":2,"OSO":6,"SO":4},"flaeche_m2":938,"neigung_grad":9.2,"ausrichtung_grad":100,"weg_abstand_m":166,"wald_hinweis":false}},{"type":"Feature","geometry":{"type":"Point","coordinates":[11.468052,46.63378]},"properties":{"id":978,"hoehe_m":2087,"sektoren_frei":[],"sektoren_blockiert":["NNO"],"erste_kollision_m":{"NNO":6},"flaeche_m2":138,"neigung_grad":8.6,"ausrichtung_grad":57,"weg_abstand_m":41,"wald_hinweis":false}},{"type":"Feature","geometry":{"type":"Point","coordinates":[11.452142,46.606966]},"properties":{"id":979,"hoehe_m":2086,"sektoren_frei":[],"sektoren_blockiert":["SO"],"erste_kollision_m":{"SO":6},"flaeche_m2":4831,"neigung_grad":11.5,"ausrichtung_grad":172,"weg_abstand_m":4,"wald_hinweis":false}},{"type":"Feature","geometry":{"type":"Point","coordinates":[11.442125,46.612175]},"properties":{"id":980,"hoehe_m":2086,"sektoren_frei":[],"sektoren_blockiert":["SSW"],"erste_kollision_m":{"SSW":6},"flaeche_m2":469,"neigung_grad":8.6,"ausrichtung_grad":227,"weg_abstand_m":115,"wald_hinweis":false}},{"type":"Feature","geometry":{"type":"Point","coordinates":[11.450105,46.641411]},"properties":{"id":981,"hoehe_m":2086,"sektoren_frei":[],"sektoren_blockiert":["SO","SSW"],"erste_kollision_m":{"SO":4,"SSW":6},"flaeche_m2":425,"neigung_grad":10.0,"ausrichtung_grad":155,"weg_abstand_m":129,"wald_hinweis":false}},{"type":"Feature","geometry":{"type":"Point","coordinates":[11.462761,46.622284]},"properties":{"id":982,"hoehe_m":2086,"sektoren_frei":[],"sektoren_blockiert":["OSO","SO"],"erste_kollision_m":{"OSO":8,"SO":4},"flaeche_m2":11556,"neigung_grad":8.4,"ausrichtung_grad":104,"weg_abstand_m":164,"wald_hinweis":false}},{"type":"Feature","geometry":{"type":"Point","coordinates":[11.44561,46.640967]},"properties":{"id":983,"hoehe_m":2086,"sektoren_frei":[],"sektoren_blockiert":["WNW"],"erste_kollision_m":{"WNW":6},"flaeche_m2":181,"neigung_grad":9.1,"ausrichtung_grad":251,"weg_abstand_m":194,"wald_hinweis":false}},{"type":"Feature","geometry":{"type":"Point","coordinates":[11.426455,46.635593]},"properties":{"id":984,"hoehe_m":2086,"sektoren_frei":["S"],"sektoren_blockiert":[],"erste_kollision_m":{},"flaeche_m2":255181,"neigung_grad":17.1,"ausrichtung_grad":155,"weg_abstand_m":434,"wald_hinweis":false}},{"type":"Feature","geometry":{"type":"Point","coordinates":[11.436059,46.615252]},"properties":{"id":985,"hoehe_m":2085,"sektoren_frei":[],"sektoren_blockiert":["SW"],"erste_kollision_m":{"SW":6},"flaeche_m2":562,"neigung_grad":13.3,"ausrichtung_grad":258,"weg_abstand_m":116,"wald_hinweis":false}},{"type":"Feature","geometry":{"type":"Point","coordinates":[11.426059,46.635511]},"properties":{"id":986,"hoehe_m":2085,"sektoren_frei":["OSO"],"sektoren_blockiert":[],"erste_kollision_m":{},"flaeche_m2":241525,"neigung_grad":15.1,"ausrichtung_grad":138,"weg_abstand_m":405,"wald_hinweis":false}},{"type":"Feature","geometry":{"type":"Point","coordinates":[11.450463,46.641381]},"properties":{"id":987,"hoehe_m":2085,"sektoren_frei":[],"sektoren_blockiert":["SO","SSW"],"erste_kollision_m":{"SO":6,"SSW":6},"flaeche_m2":138,"neigung_grad":8.3,"ausrichtung_grad":163,"weg_abstand_m":122,"wald_hinweis":false}},{"type":"Feature","geometry":{"type":"Point","coordinates":[11.449331,46.62138]},"properties":{"id":988,"hoehe_m":2085,"sektoren_frei":[],"sektoren_blockiert":["WSW","W","NW","NNW"],"erste_kollision_m":{"WSW":204,"W":5,"NW":108,"NNW":68},"flaeche_m2":512,"neigung_grad":15.9,"ausrichtung_grad":300,"weg_abstand_m":247,"wald_hinweis":false}},{"type":"Feature","geometry":{"type":"Point","coordinates":[11.46634,46.63492]},"properties":{"id":989,"hoehe_m":2085,"sektoren_frei":[],"sektoren_blockiert":["SO"],"erste_kollision_m":{"SO":6},"flaeche_m2":1206,"neigung_grad":9.9,"ausrichtung_grad":112,"weg_abstand_m":70,"wald_hinweis":false}},{"type":"Feature","geometry":{"type":"Point","coordinates":[11.470442,46.630331]},"properties":{"id":990,"hoehe_m":2085,"sektoren_frei":[],"sektoren_blockiert":["NO","ONO","ONO","O"],"erste_kollision_m":{"NO":4,"ONO":6,"O":2},"flaeche_m2":4612,"neigung_grad":8.2,"ausrichtung_grad":73,"weg_abstand_m":147,"wald_hinweis":false}},{"type":"Feature","geometry":{"type":"Point","coordinates":[11.466801,46.626382]},"properties":{"id":991,"hoehe_m":2085,"sektoren_frei":[],"sektoren_blockiert":["SW"],"erste_kollision_m":{"SW":6},"flaeche_m2":1000,"neigung_grad":11.8,"ausrichtung_grad":188,"weg_abstand_m":53,"wald_hinweis":false}},{"type":"Feature","geometry":{"type":"Point","coordinates":[11.465003,46.624914]},"properties":{"id":992,"hoehe_m":2085,"sektoren_frei":[],"sektoren_blockiert":["S"],"erste_kollision_m":{"S":2},"flaeche_m2":125,"neigung_grad":8.6,"ausrichtung_grad":143,"weg_abstand_m":146,"wald_hinweis":false}},{"type":"Feature","geometry":{"type":"Point","coordinates":[11.464685,46.607123]},"properties":{"id":993,"hoehe_m":2085,"sektoren_frei":[],"sektoren_blockiert":["SSO"],"erste_kollision_m":{"SSO":43},"flaeche_m2":450,"neigung_grad":20.1,"ausrichtung_grad":120,"weg_abstand_m":99,"wald_hinweis":false}},{"type":"Feature","geometry":{"type":"Point","coordinates":[11.470323,46.629141]},"properties":{"id":994,"hoehe_m":2084,"sektoren_frei":[],"sektoren_blockiert":["OSO","SO","SSO","S"],"erste_kollision_m":{"OSO":23,"SO":29,"SSO":18,"S":2},"flaeche_m2":506,"neigung_grad":8.7,"ausrichtung_grad":137,"weg_abstand_m":116,"wald_hinweis":false}},{"type":"Feature","geometry":{"type":"Point","coordinates":[11.425003,46.635264]},"properties":{"id":995,"hoehe_m":2084,"sektoren_frei":["SO"],"sektoren_blockiert":[],"erste_kollision_m":{},"flaeche_m2":344044,"neigung_grad":15.0,"ausrichtung_grad":165,"weg_abstand_m":327,"wald_hinweis":false}},{"type":"Feature","geometry":{"type":"Point","coordinates":[11.456651,46.607049]},"properties":{"id":996,"hoehe_m":2084,"sektoren_frei":[],"sektoren_blockiert":["WSW"],"erste_kollision_m":{"WSW":6},"flaeche_m2":250,"neigung_grad":8.2,"ausrichtung_grad":211,"weg_abstand_m":166,"wald_hinweis":false}},{"type":"Feature","geometry":{"type":"Point","coordinates":[11.453883,46.631768]},"properties":{"id":997,"hoehe_m":2084,"sektoren_frei":[],"sektoren_blockiert":["W"],"erste_kollision_m":{"W":8},"flaeche_m2":188,"neigung_grad":14.3,"ausrichtung_grad":302,"weg_abstand_m":233,"wald_hinweis":false}},{"type":"Feature","geometry":{"type":"Point","coordinates":[11.463259,46.606637]},"properties":{"id":998,"hoehe_m":2084,"sektoren_frei":[],"sektoren_blockiert":["WSW"],"erste_kollision_m":{"WSW":8},"flaeche_m2":138,"neigung_grad":14.3,"ausrichtung_grad":255,"weg_abstand_m":130,"wald_hinweis":false}},{"type":"Feature","geometry":{"type":"Point","coordinates":[11.462056,46.634809]},"properties":{"id":999,"hoehe_m":2084,"sektoren_frei":[],"sektoren_blockiert":["NO"],"erste_kollision_m":{"NO":4},"flaeche_m2":1056,"neigung_grad":9.5,"ausrichtung_grad":15,"weg_abstand_m":96,"wald_hinweis":false}},{"type":"Feature","geometry":{"type":"Point","coordinates":[11.427835,46.636509]},"properties":{"id":1000,"hoehe_m":2084,"sektoren_frei":[],"sektoren_blockiert":["ONO"],"erste_kollision_m":{"ONO":512},"flaeche_m2":2525,"neigung_grad":21.7,"ausrichtung_grad":83,"weg_abstand_m":506,"wald_hinweis":false}},{"type":"Feature","geometry":{"type":"Point","coordinates":[11.467322,46.626349]},"properties":{"id":1001,"hoehe_m":2084,"sektoren_frei":[],"sektoren_blockiert":["OSO"],"erste_kollision_m":{"OSO":6},"flaeche_m2":112,"neigung_grad":9.3,"ausrichtung_grad":147,"weg_abstand_m":60,"wald_hinweis":false}},{"type":"Feature","geometry":{"type":"Point","coordinates":[11.468406,46.633683]},"properties":{"id":1002,"hoehe_m":2084,"sektoren_frei":[],"sektoren_blockiert":["OSO"],"erste_kollision_m":{"OSO":12},"flaeche_m2":262,"neigung_grad":10.1,"ausrichtung_grad":97,"weg_abstand_m":70,"wald_hinweis":false}},{"type":"Feature","geometry":{"type":"Point","coordinates":[11.469521,46.632331]},"properties":{"id":1003,"hoehe_m":2084,"sektoren_frei":[],"sektoren_blockiert":["N"],"erste_kollision_m":{"N":5},"flaeche_m2":119,"neigung_grad":10.7,"ausrichtung_grad":37,"weg_abstand_m":95,"wald_hinweis":false}},{"type":"Feature","geometry":{"type":"Point","coordinates":[11.437117,46.610437]},"properties":{"id":1004,"hoehe_m":2084,"sektoren_frei":[],"sektoren_blockiert":["OSO"],"erste_kollision_m":{"OSO":20},"flaeche_m2":819,"neigung_grad":12.0,"ausrichtung_grad":147,"weg_abstand_m":39,"wald_hinweis":false}},{"type":"Feature","geometry":{"type":"Point","coordinates":[11.448337,46.628287]},"properties":{"id":1005,"hoehe_m":2084,"sektoren_frei":["W","NNW"],"sektoren_blockiert":[],"erste_kollision_m":{},"flaeche_m2":53619,"neigung_grad":24.5,"ausrichtung_grad":312,"weg_abstand_m":273,"wald_hinweis":false}},{"type":"Feature","geometry":{"type":"Point","coordinates":[11.436428,46.610361]},"properties":{"id":1006,"hoehe_m":2084,"sektoren_frei":["S"],"sektoren_blockiert":[],"erste_kollision_m":{},"flaeche_m2":131619,"neigung_grad":11.6,"ausrichtung_grad":177,"weg_abstand_m":7,"wald_hinweis":false}},{"type":"Feature","geometry":{"type":"Point","coordinates":[11.468191,46.63398]},"properties":{"id":1007,"hoehe_m":2084,"sektoren_frei":["NNO"],"sektoren_blockiert":[],"erste_kollision_m":{},"flaeche_m2":54362,"neigung_grad":14.9,"ausrichtung_grad":29,"weg_abstand_m":52,"wald_hinweis":false}},{"type":"Feature","geometry":{"type":"Point","coordinates":[11.453147,46.642223]},"properties":{"id":1008,"hoehe_m":2084,"sektoren_frei":[],"sektoren_blockiert":["O"],"erste_kollision_m":{"O":2},"flaeche_m2":3669,"neigung_grad":10.2,"ausrichtung_grad":112,"weg_abstand_m":70,"wald_hinweis":false}},{"type":"Feature","geometry":{"type":"Point","coordinates":[11.436226,46.640785]},"properties":{"id":1009,"hoehe_m":2083,"sektoren_frei":["SW"],"sektoren_blockiert":[],"erste_kollision_m":{},"flaeche_m2":198788,"neigung_grad":25.2,"ausrichtung_grad":234,"weg_abstand_m":0,"wald_hinweis":false}},{"type":"Feature","geometry":{"type":"Point","coordinates":[11.457035,46.606883]},"properties":{"id":1010,"hoehe_m":2083,"sektoren_frei":[],"sektoren_blockiert":["SSO"],"erste_kollision_m":{"SSO":6},"flaeche_m2":169,"neigung_grad":8.4,"ausrichtung_grad":171,"weg_abstand_m":131,"wald_hinweis":false}},{"type":"Feature","geometry":{"type":"Point","coordinates":[11.449862,46.641101]},"properties":{"id":1011,"hoehe_m":2083,"sektoren_frei":[],"sektoren_blockiert":["SO","S","SSW","SSW","SW"],"erste_kollision_m":{"SO":11,"S":2,"SSW":6,"SW":4},"flaeche_m2":919,"neigung_grad":11.6,"ausrichtung_grad":163,"weg_abstand_m":167,"wald_hinweis":false}},{"type":"Feature","geometry":{"type":"Point","coordinates":[11.43552,46.610516]},"properties":{"id":1012,"hoehe_m":2083,"sektoren_frei":[],"sektoren_blockiert":["S","SSW"],"erste_kollision_m":{"S":2,"SSW":12},"flaeche_m2":281,"neigung_grad":9.0,"ausrichtung_grad":191,"weg_abstand_m":28,"wald_hinweis":false}},{"type":"Feature","geometry":{"type":"Point","coordinates":[11.465899,46.625952]},"properties":{"id":1013,"hoehe_m":2083,"sektoren_frei":[],"sektoren_blockiert":["ONO"],"erste_kollision_m":{"ONO":6},"flaeche_m2":350,"neigung_grad":9.9,"ausrichtung_grad":104,"weg_abstand_m":93,"wald_hinweis":false}},{"type":"Feature","geometry":{"type":"Point","coordinates":[11.469303,46.626823]},"properties":{"id":1014,"hoehe_m":2083,"sektoren_frei":[],"sektoren_blockiert":["OSO","SSW"],"erste_kollision_m":{"OSO":11,"SSW":9},"flaeche_m2":2962,"neigung_grad":10.9,"ausrichtung_grad":131,"weg_abstand_m":37,"wald_hinweis":false}},{"type":"Feature","geometry":{"type":"Point","coordinates":[11.46729,46.634269]},"properties":{"id":1015,"hoehe_m":2083,"sektoren_frei":["NO"],"sektoren_blockiert":[],"erste_kollision_m":{},"flaeche_m2":136762,"neigung_grad":18.3,"ausrichtung_grad":22,"weg_abstand_m":44,"wald_hinweis":false}},{"type":"Feature","geometry":{"type":"Point","coordinates":[11.455176,46.63219]},"properties":{"id":1016,"hoehe_m":2083,"sektoren_frei":["NW"],"sektoren_blockiert":[],"erste_kollision_m":{},"flaeche_m2":358069,"neigung_grad":13.9,"ausrichtung_grad":319,"weg_abstand_m":167,"wald_hinweis":false}},{"type":"Feature","geometry":{"type":"Point","coordinates":[11.460161,46.606703]},"properties":{"id":1017,"hoehe_m":2083,"sektoren_frei":["SSO"],"sektoren_blockiert":[],"erste_kollision_m":{},"flaeche_m2":795925,"neigung_grad":12.7,"ausrichtung_grad":178,"weg_abstand_m":93,"wald_hinweis":false}},{"type":"Feature","geometry":{"type":"Point","coordinates":[11.435772,46.61249]},"properties":{"id":1018,"hoehe_m":2083,"sektoren_frei":[],"sektoren_blockiert":["SSW"],"erste_kollision_m":{"SSW":6},"flaeche_m2":538,"neigung_grad":10.6,"ausrichtung_grad":237,"weg_abstand_m":151,"wald_hinweis":false}},{"type":"Feature","geometry":{"type":"Point","coordinates":[11.445375,46.640837]},"properties":{"id":1019,"hoehe_m":2083,"sektoren_frei":[],"sektoren_blockiert":["WNW"],"erste_kollision_m":{"WNW":6},"flaeche_m2":181,"neigung_grad":8.6,"ausrichtung_grad":251,"weg_abstand_m":172,"wald_hinweis":false}},{"type":"Feature","geometry":{"type":"Point","coordinates":[11.434857,46.611002]},"properties":{"id":1020,"hoehe_m":2083,"sektoren_frei":[],"sektoren_blockiert":["NW","NNW"],"erste_kollision_m":{"NW":4,"NNW":6},"flaeche_m2":594,"neigung_grad":8.2,"ausrichtung_grad":328,"weg_abstand_m":3,"wald_hinweis":false}},{"type":"Feature","geometry":{"type":"Point","coordinates":[11.461732,46.634884]},"properties":{"id":1021,"hoehe_m":2082,"sektoren_frei":[],"sektoren_blockiert":["NNO"],"erste_kollision_m":{"NNO":12},"flaeche_m2":550,"neigung_grad":9.1,"ausrichtung_grad":359,"weg_abstand_m":100,"wald_hinweis":false}},{"type":"Feature","geometry":{"type":"Point","coordinates":[11.44157,46.612187]},"properties":{"id":1022,"hoehe_m":2082,"sektoren_frei":[],"sektoren_blockiert":["SW"],"erste_kollision_m":{"SW":11},"flaeche_m2":150,"neigung_grad":13.4,"ausrichtung_grad":211,"weg_abstand_m":145,"wald_hinweis":false}},{"type":"Feature","geometry":{"type":"Point","coordinates":[11.439734,46.64107]},"properties":{"id":1023,"hoehe_m":2082,"sektoren_frei":[],"sektoren_blockiert":["SSW"],"erste_kollision_m":{"SSW":6},"flaeche_m2":150,"neigung_grad":11.2,"ausrichtung_grad":165,"weg_abstand_m":105,"wald_hinweis":false}},{"type":"Feature","geometry":{"type":"Point","coordinates":[11.435091,46.611132]},"properties":{"id":1024,"hoehe_m":2082,"sektoren_frei":[],"sektoren_blockiert":["N","WNW"],"erste_kollision_m":{"N":2,"WNW":6},"flaeche_m2":194,"neigung_grad":7.6,"ausrichtung_grad":324,"weg_abstand_m":23,"wald_hinweis":false}},{"type":"Feature","geometry":{"type":"Point","coordinates":[11.470169,46.631507]},"properties":{"id":1025,"hoehe_m":2082,"sektoren_frei":[],"sektoren_blockiert":["NNO"],"erste_kollision_m":{"NNO":10},"flaeche_m2":3769,"neigung_grad":9.8,"ausrichtung_grad":44,"weg_abstand_m":122,"wald_hinweis":false}},{"type":"Feature","geometry":{"type":"Point","coordinates":[11.468738,46.633788]},"properties":{"id":1026,"hoehe_m":2082,"sektoren_frei":["ONO"],"sektoren_blockiert":["OSO"],"erste_kollision_m":{"OSO":50},"flaeche_m2":121006,"neigung_grad":13.9,"ausrichtung_grad":72,"weg_abstand_m":93,"wald_hinweis":false}},{"type":"Feature","geometry":{"type":"Point","coordinates":[11.437842,46.610601]},"properties":{"id":1027,"hoehe_m":2082,"sektoren_frei":[],"sektoren_blockiert":["SSW"],"erste_kollision_m":{"SSW":6},"flaeche_m2":225,"neigung_grad":9.4,"ausrichtung_grad":167,"weg_abstand_m":71,"wald_hinweis":false}},{"type":"Feature","geometry":{"type":"Point","coordinates":[11.435065,46.610548]},"properties":{"id":1028,"hoehe_m":2082,"sektoren_frei":[],"sektoren_blockiert":["SW"],"erste_kollision_m":{"SW":6},"flaeche_m2":762,"neigung_grad":8.5,"ausrichtung_grad":216,"weg_abstand_m":34,"wald_hinweis":false}},{"type":"Feature","geometry":{"type":"Point","coordinates":[11.450782,46.641216]},"properties":{"id":1029,"hoehe_m":2082,"sektoren_frei":[],"sektoren_blockiert":["OSO","S"],"erste_kollision_m":{"OSO":6,"S":2},"flaeche_m2":24488,"neigung_grad":9.4,"ausrichtung_grad":150,"weg_abstand_m":112,"wald_hinweis":false}},{"type":"Feature","geometry":{"type":"Point","coordinates":[11.469002,46.63313]},"properties":{"id":1030,"hoehe_m":2082,"sektoren_frei":[],"sektoren_blockiert":["OSO"],"erste_kollision_m":{"OSO":6},"flaeche_m2":300,"neigung_grad":8.0,"ausrichtung_grad":74,"weg_abstand_m":98,"wald_hinweis":false}},{"type":"Feature","geometry":{"type":"Point","coordinates":[11.436111,46.615678]},"properties":{"id":1031,"hoehe_m":2082,"sektoren_frei":[],"sektoren_blockiert":["WSW"],"erste_kollision_m":{"WSW":6},"flaeche_m2":119,"neigung_grad":12.9,"ausrichtung_grad":289,"weg_abstand_m":82,"wald_hinweis":false}},{"type":"Feature","geometry":{"type":"Point","coordinates":[11.467943,46.634255]},"properties":{"id":1032,"hoehe_m":2082,"sektoren_frei":["NO"],"sektoren_blockiert":[],"erste_kollision_m":{},"flaeche_m2":136762,"neigung_grad":19.7,"ausrichtung_grad":26,"weg_abstand_m":51,"wald_hinweis":false}},{"type":"Feature","geometry":{"type":"Point","coordinates":[11.463443,46.624362]},"properties":{"id":1033,"hoehe_m":2081,"sektoren_frei":[],"sektoren_blockiert":["O"],"erste_kollision_m":{"O":2},"flaeche_m2":119,"neigung_grad":10.1,"ausrichtung_grad":130,"weg_abstand_m":175,"wald_hinweis":false}},{"type":"Feature","geometry":{"type":"Point","coordinates":[11.469569,46.609695]},"properties":{"id":1034,"hoehe_m":2081,"sektoren_frei":[],"sektoren_blockiert":["SSW"],"erste_kollision_m":{"SSW":16},"flaeche_m2":112,"neigung_grad":14.6,"ausrichtung_grad":187,"weg_abstand_m":6,"wald_hinweis":true}},{"type":"Feature","geometry":{"type":"Point","coordinates":[11.451416,46.606801]},"properties":{"id":1035,"hoehe_m":2081,"sektoren_frei":[],"sektoren_blockiert":["SO"],"erste_kollision_m":{"SO":4},"flaeche_m2":650,"neigung_grad":8.8,"ausrichtung_grad":174,"weg_abstand_m":54,"wald_hinweis":false}},{"type":"Feature","geometry":{"type":"Point","coordinates":[11.436946,46.61026]},"properties":{"id":1036,"hoehe_m":2081,"sektoren_frei":["SSW"],"sektoren_blockiert":["SW"],"erste_kollision_m":{"SW":6},"flaeche_m2":145556,"neigung_grad":11.0,"ausrichtung_grad":175,"weg_abstand_m":41,"wald_hinweis":false}},{"type":"Feature","geometry":{"type":"Point","coordinates":[11.426917,46.635696]},"properties":{"id":1037,"hoehe_m":2081,"sektoren_frei":["S"],"sektoren_blockiert":[],"erste_kollision_m":{},"flaeche_m2":206,"neigung_grad":20.6,"ausrichtung_grad":150,"weg_abstand_m":468,"wald_hinweis":false}},{"type":"Feature","geometry":{"type":"Point","coordinates":[11.436971,46.61593]},"properties":{"id":1038,"hoehe_m":2081,"sektoren_frei":["NNO"],"sektoren_blockiert":["NNW"],"erste_kollision_m":{"NNW":11},"flaeche_m2":17431,"neigung_grad":20.1,"ausrichtung_grad":23,"weg_abstand_m":57,"wald_hinweis":false}},{"type":"Feature","geometry":{"type":"Point","coordinates":[11.456415,46.606896]},"properties":{"id":1039,"hoehe_m":2081,"sektoren_frei":[],"sektoren_blockiert":["SSO"],"erste_kollision_m":{"SSO":6},"flaeche_m2":112,"neigung_grad":8.6,"ausrichtung_grad":197,"weg_abstand_m":149,"wald_hinweis":false}},{"type":"Feature","geometry":{"type":"Point","coordinates":[11.470266,46.627905]},"properties":{"id":1040,"hoehe_m":2081,"sektoren_frei":[],"sektoren_blockiert":["O","OSO","SO"],"erste_kollision_m":{"O":8,"OSO":6,"SO":4},"flaeche_m2":800,"neigung_grad":7.9,"ausrichtung_grad":101,"weg_abstand_m":70,"wald_hinweis":false}},{"type":"Feature","geometry":{"type":"Point","coordinates":[11.446995,46.618078]},"properties":{"id":1041,"hoehe_m":2081,"sektoren_frei":[],"sektoren_blockiert":["NW"],"erste_kollision_m":{"NW":6},"flaeche_m2":1788,"neigung_grad":19.2,"ausrichtung_grad":278,"weg_abstand_m":107,"wald_hinweis":false}},{"type":"Feature","geometry":{"type":"Point","coordinates":[11.462754,46.635087]},"properties":{"id":1042,"hoehe_m":2081,"sektoren_frei":[],"sektoren_blockiert":["NO","WNW","NW"],"erste_kollision_m":{"NO":20,"WNW":6,"NW":4},"flaeche_m2":238,"neigung_grad":12.4,"ausrichtung_grad":35,"weg_abstand_m":45,"wald_hinweis":false}},{"type":"Feature","geometry":{"type":"Point","coordinates":[11.47016,46.627007]},"properties":{"id":1043,"hoehe_m":2081,"sektoren_frei":[],"sektoren_blockiert":["OSO","SSW"],"erste_kollision_m":{"OSO":23,"SSW":6},"flaeche_m2":2988,"neigung_grad":11.9,"ausrichtung_grad":130,"weg_abstand_m":10,"wald_hinweis":false}},{"type":"Feature","geometry":{"type":"Point","coordinates":[11.446525,46.608391]},"properties":{"id":1044,"hoehe_m":2081,"sektoren_frei":[],"sektoren_blockiert":["SSW","SW","WSW"],"erste_kollision_m":{"SSW":8,"SW":9,"WSW":13},"flaeche_m2":11106,"neigung_grad":9.5,"ausrichtung_grad":223,"weg_abstand_m":293,"wald_hinweis":false}},{"type":"Feature","geometry":{"type":"Point","coordinates":[11.461311,46.63496]},"properties":{"id":1045,"hoehe_m":2081,"sektoren_frei":[],"sektoren_blockiert":["WNW"],"erste_kollision_m":{"WNW":18},"flaeche_m2":3862,"neigung_grad":11.1,"ausrichtung_grad":306,"weg_abstand_m":112,"wald_hinweis":false}},{"type":"Feature","geometry":{"type":"Point","coordinates":[11.440789,46.612226]},"properties":{"id":1046,"hoehe_m":2081,"sektoren_frei":[],"sektoren_blockiert":["SO"],"erste_kollision_m":{"SO":4},"flaeche_m2":306,"neigung_grad":11.7,"ausrichtung_grad":127,"weg_abstand_m":159,"wald_hinweis":false}},{"type":"Feature","geometry":{"type":"Point","coordinates":[11.463057,46.622323]},"properties":{"id":1047,"hoehe_m":2081,"sektoren_frei":[],"sektoren_blockiert":["OSO"],"erste_kollision_m":{"OSO":12},"flaeche_m2":538,"neigung_grad":10.3,"ausrichtung_grad":79,"weg_abstand_m":155,"wald_hinweis":false}},{"type":"Feature","geometry":{"type":"Point","coordinates":[11.443615,46.622785]},"properties":{"id":1048,"hoehe_m":2081,"sektoren_frei":["SW","WSW"],"sektoren_blockiert":["SSO","W","W"],"erste_kollision_m":{"SSO":332,"W":16},"flaeche_m2":100162,"neigung_grad":21.4,"ausrichtung_grad":208,"weg_abstand_m":442,"wald_hinweis":false}},{"type":"Feature","geometry":{"type":"Point","coordinates":[11.462904,46.623271]},"properties":{"id":1049,"hoehe_m":2081,"sektoren_frei":[],"sektoren_blockiert":["OSO","SO"],"erste_kollision_m":{"OSO":6,"SO":4},"flaeche_m2":531,"neigung_grad":9.5,"ausrichtung_grad":120,"weg_abstand_m":241,"wald_hinweis":false}},{"type":"Feature","geometry":{"type":"Point","coordinates":[11.440414,46.611874]},"properties":{"id":1050,"hoehe_m":2080,"sektoren_frei":[],"sektoren_blockiert":["O"],"erste_kollision_m":{"O":29},"flaeche_m2":281,"neigung_grad":11.0,"ausrichtung_grad":124,"weg_abstand_m":154,"wald_hinweis":false}},{"type":"Feature","geometry":{"type":"Point","coordinates":[11.467993,46.609504]},"properties":{"id":1051,"hoehe_m":2080,"sektoren_frei":["SSO"],"sektoren_blockiert":[],"erste_kollision_m":{},"flaeche_m2":163675,"neigung_grad":15.4,"ausrichtung_grad":139,"weg_abstand_m":66,"wald_hinweis":false}},{"type":"Feature","geometry":{"type":"Point","coordinates":[11.445669,46.608949]},"properties":{"id":1052,"hoehe_m":2080,"sektoren_frei":[],"sektoren_blockiert":["SSW","W","WNW"],"erste_kollision_m":{"SSW":10,"W":60,"WNW":20},"flaeche_m2":1350,"neigung_grad":17.9,"ausrichtung_grad":256,"weg_abstand_m":344,"wald_hinweis":false}},{"type":"Feature","geometry":{"type":"Point","coordinates":[11.435453,46.612655]},"properties":{"id":1053,"hoehe_m":2080,"sektoren_frei":[],"sektoren_blockiert":["NW"],"erste_kollision_m":{"NW":6},"flaeche_m2":394,"neigung_grad":10.5,"ausrichtung_grad":284,"weg_abstand_m":161,"wald_hinweis":false}},{"type":"Feature","geometry":{"type":"Point","coordinates":[11.452529,46.641562]},"properties":{"id":1054,"hoehe_m":2080,"sektoren_frei":[],"sektoren_blockiert":["S","SSW"],"erste_kollision_m":{"S":2,"SSW":6},"flaeche_m2":250,"neigung_grad":7.9,"ausrichtung_grad":201,"weg_abstand_m":16,"wald_hinweis":false}},{"type":"Feature","geometry":{"type":"Point","coordinates":[11.453165,46.641885]},"properties":{"id":1055,"hoehe_m":2080,"sektoren_frei":[],"sektoren_blockiert":["ONO"],"erste_kollision_m":{"ONO":6},"flaeche_m2":906,"neigung_grad":7.9,"ausrichtung_grad":91,"weg_abstand_m":34,"wald_hinweis":false}},{"type":"Feature","geometry":{"type":"Point","coordinates":[11.441812,46.611754]},"properties":{"id":1056,"hoehe_m":2080,"sektoren_frei":[],"sektoren_blockiert":["SSW","WNW"],"erste_kollision_m":{"SSW":6,"WNW":6},"flaeche_m2":194,"neigung_grad":11.0,"ausrichtung_grad":257,"weg_abstand_m":165,"wald_hinweis":false}},{"type":"Feature","geometry":{"type":"Point","coordinates":[11.457994,46.606435]},"properties":{"id":1057,"hoehe_m":2080,"sektoren_frei":[],"sektoren_blockiert":["SO","SW"],"erste_kollision_m":{"SO":4,"SW":4},"flaeche_m2":1656,"neigung_grad":9.5,"ausrichtung_grad":173,"weg_abstand_m":45,"wald_hinweis":false}},{"type":"Feature","geometry":{"type":"Point","coordinates":[11.427287,46.635935]},"properties":{"id":1058,"hoehe_m":2080,"sektoren_frei":[],"sektoren_blockiert":["O"],"erste_kollision_m":{"O":8},"flaeche_m2":256,"neigung_grad":15.7,"ausrichtung_grad":104,"weg_abstand_m":486,"wald_hinweis":false}},{"type":"Feature","geometry":{"type":"Point","coordinates":[11.457539,46.60649]},"properties":{"id":1059,"hoehe_m":2080,"sektoren_frei":[],"sektoren_blockiert":["WSW"],"erste_kollision_m":{"WSW":6},"flaeche_m2":3088,"neigung_grad":8.3,"ausrichtung_grad":223,"weg_abstand_m":80,"wald_hinweis":false}},{"type":"Feature","geometry":{"type":"Point","coordinates":[11.468393,46.63411]},"properties":{"id":1060,"hoehe_m":2080,"sektoren_frei":["NO","ONO"],"sektoren_blockiert":["ONO","NNW"],"erste_kollision_m":{"ONO":12,"NNW":12},"flaeche_m2":136762,"neigung_grad":16.5,"ausrichtung_grad":38,"weg_abstand_m":71,"wald_hinweis":false}},{"type":"Feature","geometry":{"type":"Point","coordinates":[11.471092,46.63025]},"properties":{"id":1061,"hoehe_m":2080,"sektoren_frei":[],"sektoren_blockiert":["NO"],"erste_kollision_m":{"NO":11},"flaeche_m2":375,"neigung_grad":9.1,"ausrichtung_grad":64,"weg_abstand_m":198,"wald_hinweis":false}},{"type":"Feature","geometry":{"type":"Point","coordinates":[11.435865,46.610193]},"properties":{"id":1062,"hoehe_m":2080,"sektoren_frei":[],"sektoren_blockiert":["SO"],"erste_kollision_m":{"SO":6},"flaeche_m2":17225,"neigung_grad":11.6,"ausrichtung_grad":165,"weg_abstand_m":5,"wald_hinweis":false}},{"type":"Feature","geometry":{"type":"Point","coordinates":[11.466726,46.618262]},"properties":{"id":1063,"hoehe_m":2080,"sektoren_frei":[],"sektoren_blockiert":["NO"],"erste_kollision_m":{"NO":404},"flaeche_m2":350,"neigung_grad":26.3,"ausrichtung_grad":70,"weg_abstand_m":116,"wald_hinweis":false}},{"type":"Feature","geometry":{"type":"Point","coordinates":[11.454919,46.632285]},"properties":{"id":1064,"hoehe_m":2079,"sektoren_frei":["NW"],"sektoren_blockiert":[],"erste_kollision_m":{},"flaeche_m2":358069,"neigung_grad":12.9,"ausrichtung_grad":313,"weg_abstand_m":190,"wald_hinweis":false}},{"type":"Feature","geometry":{"type":"Point","coordinates":[11.469076,46.633331]},"properties":{"id":1065,"hoehe_m":2079,"sektoren_frei":["NO"],"sektoren_blockiert":[],"erste_kollision_m":{},"flaeche_m2":136762,"neigung_grad":10.5,"ausrichtung_grad":57,"weg_abstand_m":115,"wald_hinweis":false}},{"type":"Feature","geometry":{"type":"Point","coordinates":[11.451998,46.64137]},"properties":{"id":1066,"hoehe_m":2079,"sektoren_frei":[],"sektoren_blockiert":["SO","SSW","SSW"],"erste_kollision_m":{"SO":4,"SSW":6},"flaeche_m2":1088,"neigung_grad":9.4,"ausrichtung_grad":177,"weg_abstand_m":50,"wald_hinweis":false}},{"type":"Feature","geometry":{"type":"Point","coordinates":[11.426279,46.635304]},"properties":{"id":1067,"hoehe_m":2079,"sektoren_frei":[],"sektoren_blockiert":["O"],"erste_kollision_m":{"O":45},"flaeche_m2":231,"neigung_grad":17.0,"ausrichtung_grad":125,"weg_abstand_m":403,"wald_hinweis":false}},{"type":"Feature","geometry":{"type":"Point","coordinates":[11.465848,46.608291]},"properties":{"id":1068,"hoehe_m":2079,"sektoren_frei":[],"sektoren_blockiert":["S"],"erste_kollision_m":{"S":10},"flaeche_m2":2294,"neigung_grad":13.7,"ausrichtung_grad":147,"weg_abstand_m":108,"wald_hinweis":false}},{"type":"Feature","geometry":{"type":"Point","coordinates":[11.43486,46.61035]},"properties":{"id":1069,"hoehe_m":2079,"sektoren_frei":[],"sektoren_blockiert":["SSO"],"erste_kollision_m":{"SSO":6},"flaeche_m2":125,"neigung_grad":9.1,"ausrichtung_grad":197,"weg_abstand_m":44,"wald_hinweis":false}},{"type":"Feature","geometry":{"type":"Point","coordinates":[11.465661,46.625012]},"properties":{"id":1070,"hoehe_m":2079,"sektoren_frei":[],"sektoren_blockiert":["NNO"],"erste_kollision_m":{"NNO":10},"flaeche_m2":869,"neigung_grad":10.2,"ausrichtung_grad":55,"weg_abstand_m":176,"wald_hinweis":false}},{"type":"Feature","geometry":{"type":"Point","coordinates":[11.434896,46.641713]},"properties":{"id":1071,"hoehe_m":2079,"sektoren_frei":[],"sektoren_blockiert":["WSW"],"erste_kollision_m":{"WSW":40},"flaeche_m2":256,"neigung_grad":21.9,"ausrichtung_grad":211,"weg_abstand_m":24,"wald_hinweis":false}},{"type":"Feature","geometry":{"type":"Point","coordinates":[11.435309,46.613085]},"properties":{"id":1072,"hoehe_m":2079,"sektoren_frei":[],"sektoren_blockiert":["SSW","SW"],"erste_kollision_m":{"SSW":35,"SW":15},"flaeche_m2":2769,"neigung_grad":12.1,"ausrichtung_grad":224,"weg_abstand_m":146,"wald_hinweis":false}},{"type":"Feature","geometry":{"type":"Point","coordinates":[11.47035,46.627588]},"properties":{"id":1073,"hoehe_m":2079,"sektoren_frei":[],"sektoren_blockiert":["ONO"],"erste_kollision_m":{"ONO":6},"flaeche_m2":119,"neigung_grad":7.7,"ausrichtung_grad":94,"weg_abstand_m":46,"wald_hinweis":false}},{"type":"Feature","geometry":{"type":"Point","coordinates":[11.465581,46.624699]},"properties":{"id":1074,"hoehe_m":2079,"sektoren_frei":[],"sektoren_blockiert":["S"],"erste_kollision_m":{"S":16},"flaeche_m2":1094,"neigung_grad":11.1,"ausrichtung_grad":155,"weg_abstand_m":194,"wald_hinweis":false}},{"type":"Feature","geometry":{"type":"Point","coordinates":[11.47128,46.630088]},"properties":{"id":1075,"hoehe_m":2079,"sektoren_frei":[],"sektoren_blockiert":["OSO"],"erste_kollision_m":{"OSO":6},"flaeche_m2":800,"neigung_grad":8.4,"ausrichtung_grad":92,"weg_abstand_m":190,"wald_hinweis":false}},{"type":"Feature","geometry":{"type":"Point","coordinates":[11.435171,46.611468]},"properties":{"id":1076,"hoehe_m":2079,"sektoren_frei":[],"sektoren_blockiert":["WNW","NW","NNW"],"erste_kollision_m":{"WNW":13,"NW":9,"NNW":8},"flaeche_m2":244,"neigung_grad":8.0,"ausrichtung_grad":313,"weg_abstand_m":60,"wald_hinweis":false}},{"type":"Feature","geometry":{"type":"Point","coordinates":[11.428208,46.636816]},"properties":{"id":1077,"hoehe_m":2079,"sektoren_frei":["O"],"sektoren_blockiert":[],"erste_kollision_m":{},"flaeche_m2":36281,"neigung_grad":21.4,"ausrichtung_grad":105,"weg_abstand_m":516,"wald_hinweis":false}},{"type":"Feature","geometry":{"type":"Point","coordinates":[11.453534,46.606711]},"properties":{"id":1078,"hoehe_m":2079,"sektoren_frei":[],"sektoren_blockiert":["SW"],"erste_kollision_m":{"SW":4},"flaeche_m2":150,"neigung_grad":9.9,"ausrichtung_grad":192,"weg_abstand_m":14,"wald_hinweis":false}},{"type":"Feature","geometry":{"type":"Point","coordinates":[11.463201,46.622635]},"properties":{"id":1079,"hoehe_m":2079,"sektoren_frei":[],"sektoren_blockiert":["NO"],"erste_kollision_m":{"NO":4},"flaeche_m2":144,"neigung_grad":9.6,"ausrichtung_grad":73,"weg_abstand_m":180,"wald_hinweis":false}},{"type":"Feature","geometry":{"type":"Point","coordinates":[11.468759,46.626363]},"properties":{"id":1080,"hoehe_m":2079,"sektoren_frei":[],"sektoren_blockiert":["O"],"erste_kollision_m":{"O":2},"flaeche_m2":600,"neigung_grad":10.7,"ausrichtung_grad":127,"weg_abstand_m":83,"wald_hinweis":false}},{"type":"Feature","geometry":{"type":"Point","coordinates":[11.468362,46.626236]},"properties":{"id":1081,"hoehe_m":2078,"sektoren_frei":[],"sektoren_blockiert":["SW"],"erste_kollision_m":{"SW":4},"flaeche_m2":1519,"neigung_grad":10.8,"ausrichtung_grad":193,"weg_abstand_m":90,"wald_hinweis":false}},{"type":"Feature","geometry":{"type":"Point","coordinates":[11.453669,46.642212]},"properties":{"id":1082,"hoehe_m":2078,"sektoren_frei":[],"sektoren_blockiert":["ONO"],"erste_kollision_m":{"ONO":9},"flaeche_m2":312,"neigung_grad":13.2,"ausrichtung_grad":98,"weg_abstand_m":63,"wald_hinweis":false}},{"type":"Feature","geometry":{"type":"Point","coordinates":[11.44604,46.608491]},"properties":{"id":1083,"hoehe_m":2078,"sektoren_frei":[],"sektoren_blockiert":["W"],"erste_kollision_m":{"W":2},"flaeche_m2":3644,"neigung_grad":10.2,"ausrichtung_grad":237,"weg_abstand_m":326,"wald_hinweis":false}},{"type":"Feature","geometry":{"type":"Point","coordinates":[11.451304,46.629641]},"properties":{"id":1084,"hoehe_m":2078,"sektoren_frei":[],"sektoren_blockiert":["N"],"erste_kollision_m":{"N":8},"flaeche_m2":16538,"neigung_grad":25.1,"ausrichtung_grad":328,"weg_abstand_m":316,"wald_hinweis":false}},{"type":"Feature","geometry":{"type":"Point","coordinates":[11.424991,46.634994]},"properties":{"id":1085,"hoehe_m":2078,"sektoren_frei":["S"],"sektoren_blockiert":[],"erste_kollision_m":{},"flaeche_m2":255181,"neigung_grad":12.2,"ausrichtung_grad":179,"weg_abstand_m":305,"wald_hinweis":false}},{"type":"Feature","geometry":{"type":"Point","coordinates":[11.453354,46.641746]},"properties":{"id":1086,"hoehe_m":2078,"sektoren_frei":[],"sektoren_blockiert":["NO"],"erste_kollision_m":{"NO":4},"flaeche_m2":144,"neigung_grad":7.4,"ausrichtung_grad":84,"weg_abstand_m":24,"wald_hinweis":false}},{"type":"Feature","geometry":{"type":"Point","coordinates":[11.450471,46.640841]},"properties":{"id":1087,"hoehe_m":2078,"sektoren_frei":[],"sektoren_blockiert":["OSO"],"erste_kollision_m":{"OSO":13},"flaeche_m2":2381,"neigung_grad":10.8,"ausrichtung_grad":141,"weg_abstand_m":158,"wald_hinweis":false}},{"type":"Feature","geometry":{"type":"Point","coordinates":[11.458931,46.634337]},"properties":{"id":1088,"hoehe_m":2078,"sektoren_frei":[],"sektoren_blockiert":["N","W"],"erste_kollision_m":{"N":8,"W":8},"flaeche_m2":3950,"neigung_grad":13.6,"ausrichtung_grad":324,"weg_abstand_m":6,"wald_hinweis":false}},{"type":"Feature","geometry":{"type":"Point","coordinates":[11.444567,46.641035]},"properties":{"id":1089,"hoehe_m":2078,"sektoren_frei":[],"sektoren_blockiert":["S"],"erste_kollision_m":{"S":2},"flaeche_m2":156,"neigung_grad":8.6,"ausrichtung_grad":171,"weg_abstand_m":159,"wald_hinweis":false}},{"type":"Feature","geometry":{"type":"Point","coordinates":[11.437667,46.610335]},"properties":{"id":1090,"hoehe_m":2078,"sektoren_frei":[],"sektoren_blockiert":["SSW"],"erste_kollision_m":{"SSW":6},"flaeche_m2":212,"neigung_grad":8.9,"ausrichtung_grad":164,"weg_abstand_m":79,"wald_hinweis":false}},{"type":"Feature","geometry":{"type":"Point","coordinates":[11.43519,46.613335]},"properties":{"id":1091,"hoehe_m":2078,"sektoren_frei":[],"sektoren_blockiert":["NNW"],"erste_kollision_m":{"NNW":6},"flaeche_m2":562,"neigung_grad":10.6,"ausrichtung_grad":312,"weg_abstand_m":135,"wald_hinweis":false}},{"type":"Feature","geometry":{"type":"Point","coordinates":[11.434175,46.611084]},"properties":{"id":1092,"hoehe_m":2078,"sektoren_frei":[],"sektoren_blockiert":["N","NW","NNW"],"erste_kollision_m":{"N":2,"NW":11,"NNW":6},"flaeche_m2":10406,"neigung_grad":8.2,"ausrichtung_grad":324,"weg_abstand_m":14,"wald_hinweis":false}},{"type":"Feature","geometry":{"type":"Point","coordinates":[11.461355,46.635207]},"properties":{"id":1093,"hoehe_m":2078,"sektoren_frei":[],"sektoren_blockiert":["NNO"],"erste_kollision_m":{"NNO":8},"flaeche_m2":375,"neigung_grad":10.1,"ausrichtung_grad":358,"weg_abstand_m":87,"wald_hinweis":false}},{"type":"Feature","geometry":{"type":"Point","coordinates":[11.469568,46.632645]},"properties":{"id":1094,"hoehe_m":2078,"sektoren_frei":[],"sektoren_blockiert":["O"],"erste_kollision_m":{"O":2},"flaeche_m2":162,"neigung_grad":8.6,"ausrichtung_grad":62,"weg_abstand_m":110,"wald_hinweis":false}},{"type":"Feature","geometry":{"type":"Point","coordinates":[11.437891,46.64003]},"properties":{"id":1095,"hoehe_m":2078,"sektoren_frei":["SSW"],"sektoren_blockiert":[],"erste_kollision_m":{},"flaeche_m2":119,"neigung_grad":20.5,"ausrichtung_grad":164,"weg_abstand_m":4,"wald_hinweis":false}},{"type":"Feature","geometry":{"type":"Point","coordinates":[11.44298,46.623204]},"properties":{"id":1096,"hoehe_m":2077,"sektoren_frei":["WSW","W","WNW"],"sektoren_blockiert":[],"erste_kollision_m":{},"flaeche_m2":22125,"neigung_grad":16.5,"ausrichtung_grad":238,"weg_abstand_m":505,"wald_hinweis":false}},{"type":"Feature","geometry":{"type":"Point","coordinates":[11.466701,46.618442]},"properties":{"id":1097,"hoehe_m":2077,"sektoren_frei":["ONO","O"],"sektoren_blockiert":["NO","ONO","O"],"erste_kollision_m":{"NO":353,"ONO":470,"O":109},"flaeche_m2":575,"neigung_grad":26.4,"ausrichtung_grad":71,"weg_abstand_m":126,"wald_hinweis":false}},{"type":"Feature","geometry":{"type":"Point","coordinates":[11.470504,46.63168]},"properties":{"id":1098,"hoehe_m":2077,"sektoren_frei":[],"sektoren_blockiert":["N"],"erste_kollision_m":{"N":2},"flaeche_m2":819,"neigung_grad":11.4,"ausrichtung_grad":10,"weg_abstand_m":148,"wald_hinweis":false}},{"type":"Feature","geometry":{"type":"Point","coordinates":[11.469721,46.609467]},"properties":{"id":1099,"hoehe_m":2077,"sektoren_frei":[],"sektoren_blockiert":["SSW"],"erste_kollision_m":{"SSW":22},"flaeche_m2":619,"neigung_grad":11.4,"ausrichtung_grad":175,"weg_abstand_m":21,"wald_hinweis":true}},{"type":"Feature","geometry":{"type":"Point","coordinates":[11.469518,46.632984]},"properties":{"id":1100,"hoehe_m":2077,"sektoren_frei":[],"sektoren_blockiert":["OSO"],"erste_kollision_m":{"OSO":6},"flaeche_m2":1862,"neigung_grad":8.4,"ausrichtung_grad":78,"weg_abstand_m":123,"wald_hinweis":false}},{"type":"Feature","geometry":{"type":"Point","coordinates":[11.471448,46.629477]},"properties":{"id":1101,"hoehe_m":2077,"sektoren_frei":[],"sektoren_blockiert":["ONO","OSO","SO"],"erste_kollision_m":{"ONO":6,"OSO":6,"SO":4},"flaeche_m2":1912,"neigung_grad":8.5,"ausrichtung_grad":90,"weg_abstand_m":122,"wald_hinweis":false}},{"type":"Feature","geometry":{"type":"Point","coordinates":[11.453439,46.641452]},"properties":{"id":1102,"hoehe_m":2077,"sektoren_frei":[],"sektoren_blockiert":["O"],"erste_kollision_m":{"O":2},"flaeche_m2":4719,"neigung_grad":8.9,"ausrichtung_grad":113,"weg_abstand_m":7,"wald_hinweis":false}},{"type":"Feature","geometry":{"type":"Point","coordinates":[11.451433,46.641158]},"properties":{"id":1103,"hoehe_m":2077,"sektoren_frei":[],"sektoren_blockiert":["OSO","OSO"],"erste_kollision_m":{"OSO":6},"flaeche_m2":675,"neigung_grad":9.7,"ausrichtung_grad":146,"weg_abstand_m":87,"wald_hinweis":false}},{"type":"Feature","geometry":{"type":"Point","coordinates":[11.445093,46.640371]},"properties":{"id":1104,"hoehe_m":2077,"sektoren_frei":[],"sektoren_blockiert":["S","S","SW","SW","WNW"],"erste_kollision_m":{"S":8,"SW":4,"WNW":27},"flaeche_m2":9206,"neigung_grad":11.1,"ausrichtung_grad":244,"weg_abstand_m":117,"wald_hinweis":false}},{"type":"Feature","geometry":{"type":"Point","coordinates":[11.447414,46.619419]},"properties":{"id":1105,"hoehe_m":2077,"sektoren_frei":[],"sektoren_blockiert":["NNO"],"erste_kollision_m":{"NNO":12},"flaeche_m2":762,"neigung_grad":11.2,"ausrichtung_grad":349,"weg_abstand_m":111,"wald_hinweis":false}},{"type":"Feature","geometry":{"type":"Point","coordinates":[11.466217,46.625765]},"properties":{"id":1106,"hoehe_m":2077,"sektoren_frei":[],"sektoren_blockiert":["S"],"erste_kollision_m":{"S":8},"flaeche_m2":438,"neigung_grad":10.5,"ausrichtung_grad":142,"weg_abstand_m":112,"wald_hinweis":false}},{"type":"Feature","geometry":{"type":"Point","coordinates":[11.466942,46.617987]},"properties":{"id":1107,"hoehe_m":2077,"sektoren_frei":["ONO"],"sektoren_blockiert":["NO"],"erste_kollision_m":{"NO":87},"flaeche_m2":575,"neigung_grad":23.3,"ausrichtung_grad":69,"weg_abstand_m":104,"wald_hinweis":false}},{"type":"Feature","geometry":{"type":"Point","coordinates":[11.465432,46.60776]},"properties":{"id":1108,"hoehe_m":2076,"sektoren_frei":["SO"],"sektoren_blockiert":[],"erste_kollision_m":{},"flaeche_m2":199594,"neigung_grad":21.0,"ausrichtung_grad":124,"weg_abstand_m":106,"wald_hinweis":false}},{"type":"Feature","geometry":{"type":"Point","coordinates":[11.453198,46.631782]},"properties":{"id":1109,"hoehe_m":2076,"sektoren_frei":["W","NW"],"sektoren_blockiert":["WSW"],"erste_kollision_m":{"WSW":20},"flaeche_m2":358069,"neigung_grad":15.9,"ausrichtung_grad":310,"weg_abstand_m":211,"wald_hinweis":false}},{"type":"Feature","geometry":{"type":"Point","coordinates":[11.434383,46.61135]},"properties":{"id":1110,"hoehe_m":2076,"sektoren_frei":[],"sektoren_blockiert":["N"],"erste_kollision_m":{"N":8},"flaeche_m2":5094,"neigung_grad":8.4,"ausrichtung_grad":325,"weg_abstand_m":19,"wald_hinweis":false}},{"type":"Feature","geometry":{"type":"Point","coordinates":[11.469464,46.633232]},"properties":{"id":1111,"hoehe_m":2076,"sektoren_frei":["NO"],"sektoren_blockiert":[],"erste_kollision_m":{},"flaeche_m2":136762,"neigung_grad":10.7,"ausrichtung_grad":58,"weg_abstand_m":134,"wald_hinweis":false}},{"type":"Feature","geometry":{"type":"Point","coordinates":[11.424633,46.635024]},"properties":{"id":1112,"hoehe_m":2076,"sektoren_frei":[],"sektoren_blockiert":["W"],"erste_kollision_m":{"W":2},"flaeche_m2":944,"neigung_grad":13.7,"ausrichtung_grad":236,"weg_abstand_m":288,"wald_hinweis":false}},{"type":"Feature","geometry":{"type":"Point","coordinates":[11.446526,46.607671]},"properties":{"id":1113,"hoehe_m":2076,"sektoren_frei":[],"sektoren_blockiert":["SW"],"erste_kollision_m":{"SW":6},"flaeche_m2":400,"neigung_grad":8.3,"ausrichtung_grad":255,"weg_abstand_m":314,"wald_hinweis":false}},{"type":"Feature","geometry":{"type":"Point","coordinates":[11.459524,46.606334]},"properties":{"id":1114,"hoehe_m":2076,"sektoren_frei":[],"sektoren_blockiert":["SSW"],"erste_kollision_m":{"SSW":6},"flaeche_m2":175,"neigung_grad":9.6,"ausrichtung_grad":161,"weg_abstand_m":66,"wald_hinweis":false}},{"type":"Feature","geometry":{"type":"Point","coordinates":[11.451175,46.606514]},"properties":{"id":1115,"hoehe_m":2076,"sektoren_frei":[],"sektoren_blockiert":["SO"],"erste_kollision_m":{"SO":4},"flaeche_m2":112,"neigung_grad":8.9,"ausrichtung_grad":177,"weg_abstand_m":91,"wald_hinweis":false}},{"type":"Feature","geometry":{"type":"Point","coordinates":[11.42765,46.636018]},"properties":{"id":1116,"hoehe_m":2076,"sektoren_frei":["O"],"sektoren_blockiert":[],"erste_kollision_m":{},"flaeche_m2":36281,"neigung_grad":17.3,"ausrichtung_grad":106,"weg_abstand_m":474,"wald_hinweis":false}},{"type":"Feature","geometry":{"type":"Point","coordinates":[11.470747,46.626972]},"properties":{"id":1117,"hoehe_m":2076,"sektoren_frei":[],"sektoren_blockiert":["O"],"erste_kollision_m":{"O":10},"flaeche_m2":225,"neigung_grad":11.0,"ausrichtung_grad":97,"weg_abstand_m":29,"wald_hinweis":false}},{"type":"Feature","geometry":{"type":"Point","coordinates":[11.452105,46.630726]},"properties":{"id":1118,"hoehe_m":2076,"sektoren_frei":["NW"],"sektoren_blockiert":[],"erste_kollision_m":{},"flaeche_m2":358069,"neigung_grad":23.2,"ausrichtung_grad":304,"weg_abstand_m":235,"wald_hinweis":false}},{"type":"Feature","geometry":{"type":"Point","coordinates":[11.458332,46.63408]},"properties":{"id":1119,"hoehe_m":2076,"sektoren_frei":[],"sektoren_blockiert":["W"],"erste_kollision_m":{"W":18},"flaeche_m2":500,"neigung_grad":17.9,"ausrichtung_grad":283,"weg_abstand_m":43,"wald_hinweis":false}},{"type":"Feature","geometry":{"type":"Point","coordinates":[11.459898,46.634766]},"properties":{"id":1120,"hoehe_m":2076,"sektoren_frei":[],"sektoren_blockiert":["WNW"],"erste_kollision_m":{"WNW":10},"flaeche_m2":281,"neigung_grad":10.5,"ausrichtung_grad":319,"weg_abstand_m":49,"wald_hinweis":false}},{"type":"Feature","geometry":{"type":"Point","coordinates":[11.463427,46.623283]},"properties":{"id":1121,"hoehe_m":2076,"sektoren_frei":[],"sektoren_blockiert":["OSO"],"erste_kollision_m":{"OSO":6},"flaeche_m2":200,"neigung_grad":10.0,"ausrichtung_grad":127,"weg_abstand_m":207,"wald_hinweis":false}},{"type":"Feature","geometry":{"type":"Point","coordinates":[11.443206,46.610082]},"properties":{"id":1122,"hoehe_m":2076,"sektoren_frei":[],"sektoren_blockiert":["SW","SW","WSW","W","WNW"],"erste_kollision_m":{"SW":6,"WSW":178,"W":138,"WNW":52},"flaeche_m2":8656,"neigung_grad":24.7,"ausrichtung_grad":252,"weg_abstand_m":256,"wald_hinweis":false}},{"type":"Feature","geometry":{"type":"Point","coordinates":[11.427511,46.635841]},"properties":{"id":1123,"hoehe_m":2076,"sektoren_frei":["OSO"],"sektoren_blockiert":[],"erste_kollision_m":{},"flaeche_m2":241525,"neigung_grad":16.8,"ausrichtung_grad":126,"weg_abstand_m":467,"wald_hinweis":false}},{"type":"Feature","geometry":{"type":"Point","coordinates":[11.446404,46.607876]},"properties":{"id":1124,"hoehe_m":2076,"sektoren_frei":[],"sektoren_blockiert":["WNW"],"erste_kollision_m":{"WNW":6},"flaeche_m2":70431,"neigung_grad":9.6,"ausrichtung_grad":261,"weg_abstand_m":317,"wald_hinweis":false}},{"type":"Feature","geometry":{"type":"Point","coordinates":[11.467241,46.63463]},"properties":{"id":1125,"hoehe_m":2076,"sektoren_frei":["NO"],"sektoren_blockiert":["NNO"],"erste_kollision_m":{"NNO":6},"flaeche_m2":1506,"neigung_grad":14.7,"ausrichtung_grad":43,"weg_abstand_m":84,"wald_hinweis":false}},{"type":"Feature","geometry":{"type":"Point","coordinates":[11.46013,46.634851]},"properties":{"id":1126,"hoehe_m":2075,"sektoren_frei":[],"sektoren_blockiert":["NNO"],"erste_kollision_m":{"NNO":6},"flaeche_m2":306,"neigung_grad":11.2,"ausrichtung_grad":352,"weg_abstand_m":62,"wald_hinweis":false}},{"type":"Feature","geometry":{"type":"Point","coordinates":[11.435494,46.609931]},"properties":{"id":1127,"hoehe_m":2075,"sektoren_frei":["SSO"],"sektoren_blockiert":[],"erste_kollision_m":{},"flaeche_m2":143344,"neigung_grad":13.6,"ausrichtung_grad":171,"weg_abstand_m":19,"wald_hinweis":false}},{"type":"Feature","geometry":{"type":"Point","coordinates":[11.471565,46.629879]},"properties":{"id":1128,"hoehe_m":2075,"sektoren_frei":[],"sektoren_blockiert":["NO"],"erste_kollision_m":{"NO":4},"flaeche_m2":131,"neigung_grad":9.1,"ausrichtung_grad":72,"weg_abstand_m":167,"wald_hinweis":false}},{"type":"Feature","geometry":{"type":"Point","coordinates":[11.455554,46.606622]},"properties":{"id":1129,"hoehe_m":2075,"sektoren_frei":[],"sektoren_blockiert":["SO"],"erste_kollision_m":{"SO":6},"flaeche_m2":3156,"neigung_grad":8.5,"ausrichtung_grad":150,"weg_abstand_m":83,"wald_hinweis":false}},{"type":"Feature","geometry":{"type":"Point","coordinates":[11.453492,46.606509]},"properties":{"id":1130,"hoehe_m":2075,"sektoren_frei":[],"sektoren_blockiert":["SO"],"erste_kollision_m":{"SO":4},"flaeche_m2":4812,"neigung_grad":11.2,"ausrichtung_grad":166,"weg_abstand_m":7,"wald_hinweis":false}},{"type":"Feature","geometry":{"type":"Point","coordinates":[11.469341,46.633415]},"properties":{"id":1131,"hoehe_m":2075,"sektoren_frei":["NO"],"sektoren_blockiert":[],"erste_kollision_m":{},"flaeche_m2":136762,"neigung_grad":11.2,"ausrichtung_grad":53,"weg_abstand_m":137,"wald_hinweis":false}},{"type":"Feature","geometry":{"type":"Point","coordinates":[11.468595,46.634241]},"properties":{"id":1132,"hoehe_m":2075,"sektoren_frei":["N"],"sektoren_blockiert":["ONO"],"erste_kollision_m":{"ONO":23},"flaeche_m2":150738,"neigung_grad":18.3,"ausrichtung_grad":22,"weg_abstand_m":90,"wald_hinweis":false}},{"type":"Feature","geometry":{"type":"Point","coordinates":[11.440668,46.611733]},"properties":{"id":1133,"hoehe_m":2075,"sektoren_frei":[],"sektoren_blockiert":["S"],"erste_kollision_m":{"S":2},"flaeche_m2":125,"neigung_grad":9.6,"ausrichtung_grad":144,"weg_abstand_m":178,"wald_hinweis":false}},{"type":"Feature","geometry":{"type":"Point","coordinates":[11.443552,46.640989]},"properties":{"id":1134,"hoehe_m":2075,"sektoren_frei":[],"sektoren_blockiert":["W"],"erste_kollision_m":{"W":8},"flaeche_m2":1625,"neigung_grad":11.9,"ausrichtung_grad":237,"weg_abstand_m":129,"wald_hinweis":false}},{"type":"Feature","geometry":{"type":"Point","coordinates":[11.453702,46.641491]},"properties":{"id":1135,"hoehe_m":2075,"sektoren_frei":[],"sektoren_blockiert":["ONO","OSO","SO"],"erste_kollision_m":{"ONO":6,"OSO":23,"SO":11},"flaeche_m2":4856,"neigung_grad":8.2,"ausrichtung_grad":101,"weg_abstand_m":6,"wald_hinweis":false}},{"type":"Feature","geometry":{"type":"Point","coordinates":[11.46202,46.635463]},"properties":{"id":1136,"hoehe_m":2075,"sektoren_frei":[],"sektoren_blockiert":["N"],"erste_kollision_m":{"N":8},"flaeche_m2":1462,"neigung_grad":10.9,"ausrichtung_grad":10,"weg_abstand_m":36,"wald_hinweis":false}},{"type":"Feature","geometry":{"type":"Point","coordinates":[11.453416,46.640935]},"properties":{"id":1137,"hoehe_m":2075,"sektoren_frei":[],"sektoren_blockiert":["SO","SSO"],"erste_kollision_m":{"SO":4,"SSO":6},"flaeche_m2":1956,"neigung_grad":7.7,"ausrichtung_grad":132,"weg_abstand_m":64,"wald_hinweis":false}},{"type":"Feature","geometry":{"type":"Point","coordinates":[11.464528,46.620919]},"properties":{"id":1138,"hoehe_m":2075,"sektoren_frei":[],"sektoren_blockiert":["NO","ONO","O"],"erste_kollision_m":{"NO":122,"ONO":179,"O":36},"flaeche_m2":22294,"neigung_grad":17.4,"ausrichtung_grad":64,"weg_abstand_m":0,"wald_hinweis":true}},{"type":"Feature","geometry":{"type":"Point","coordinates":[11.46677,46.608451]},"properties":{"id":1139,"hoehe_m":2075,"sektoren_frei":["SSO"],"sektoren_blockiert":[],"erste_kollision_m":{},"flaeche_m2":163675,"neigung_grad":13.9,"ausrichtung_grad":151,"weg_abstand_m":45,"wald_hinweis":false}},{"type":"Feature","geometry":{"type":"Point","coordinates":[11.463659,46.623368]},"properties":{"id":1140,"hoehe_m":2074,"sektoren_frei":[],"sektoren_blockiert":["SSO"],"erste_kollision_m":{"SSO":30},"flaeche_m2":194,"neigung_grad":15.8,"ausrichtung_grad":123,"weg_abstand_m":198,"wald_hinweis":false}},{"type":"Feature","geometry":{"type":"Point","coordinates":[11.434861,46.613275]},"properties":{"id":1141,"hoehe_m":2074,"sektoren_frei":["WNW"],"sektoren_blockiert":[],"erste_kollision_m":{},"flaeche_m2":52112,"neigung_grad":12.2,"ausrichtung_grad":285,"weg_abstand_m":110,"wald_hinweis":false}},{"type":"Feature","geometry":{"type":"Point","coordinates":[11.452278,46.641072]},"properties":{"id":1142,"hoehe_m":2074,"sektoren_frei":[],"sektoren_blockiert":["SW"],"erste_kollision_m":{"SW":6},"flaeche_m2":1125,"neigung_grad":9.7,"ausrichtung_grad":211,"weg_abstand_m":74,"wald_hinweis":false}},{"type":"Feature","geometry":{"type":"Point","coordinates":[11.452794,46.631521]},"properties":{"id":1143,"hoehe_m":2074,"sektoren_frei":["W","NW"],"sektoren_blockiert":[],"erste_kollision_m":{},"flaeche_m2":358069,"neigung_grad":16.5,"ausrichtung_grad":306,"weg_abstand_m":212,"wald_hinweis":false}},{"type":"Feature","geometry":{"type":"Point","coordinates":[11.467326,46.635056]},"properties":{"id":1144,"hoehe_m":2074,"sektoren_frei":["NO","ONO"],"sektoren_blockiert":[],"erste_kollision_m":{},"flaeche_m2":1850,"neigung_grad":19.6,"ausrichtung_grad":78,"weg_abstand_m":129,"wald_hinweis":false}},{"type":"Feature","geometry":{"type":"Point","coordinates":[11.444678,46.62247]},"properties":{"id":1145,"hoehe_m":2074,"sektoren_frei":[],"sektoren_blockiert":["SO"],"erste_kollision_m":{"SO":81},"flaeche_m2":5306,"neigung_grad":16.3,"ausrichtung_grad":164,"weg_abstand_m":381,"wald_hinweis":false}},{"type":"Feature","geometry":{"type":"Point","coordinates":[11.434455,46.610043]},"properties":{"id":1146,"hoehe_m":2074,"sektoren_frei":["SSW"],"sektoren_blockiert":[],"erste_kollision_m":{},"flaeche_m2":145556,"neigung_grad":9.7,"ausrichtung_grad":189,"weg_abstand_m":27,"wald_hinweis":false}},{"type":"Feature","geometry":{"type":"Point","coordinates":[11.467153,46.634857]},"properties":{"id":1147,"hoehe_m":2074,"sektoren_frei":[],"sektoren_blockiert":["ONO"],"erste_kollision_m":{"ONO":20},"flaeche_m2":300,"neigung_grad":13.1,"ausrichtung_grad":92,"weg_abstand_m":110,"wald_hinweis":false}},{"type":"Feature","geometry":{"type":"Point","coordinates":[11.454664,46.632426]},"properties":{"id":1148,"hoehe_m":2074,"sektoren_frei":[],"sektoren_blockiert":["NNW"],"erste_kollision_m":{"NNW":40},"flaeche_m2":144,"neigung_grad":12.5,"ausrichtung_grad":340,"weg_abstand_m":214,"wald_hinweis":false}},{"type":"Feature","geometry":{"type":"Point","coordinates":[11.446046,46.606444]},"properties":{"id":1149,"hoehe_m":2074,"sektoren_frei":[],"sektoren_blockiert":["NW"],"erste_kollision_m":{"NW":15},"flaeche_m2":38438,"neigung_grad":8.9,"ausrichtung_grad":295,"weg_abstand_m":230,"wald_hinweis":false}},{"type":"Feature","geometry":{"type":"Point","coordinates":[11.433443,46.610785]},"properties":{"id":1150,"hoehe_m":2074,"sektoren_frei":["WSW","W"],"sektoren_blockiert":[],"erste_kollision_m":{},"flaeche_m2":71144,"neigung_grad":12.2,"ausrichtung_grad":270,"weg_abstand_m":71,"wald_hinweis":false}},{"type":"Feature","geometry":{"type":"Point","coordinates":[11.469721,46.633137]},"properties":{"id":1151,"hoehe_m":2074,"sektoren_frei":["NO"],"sektoren_blockiert":[],"erste_kollision_m":{},"flaeche_m2":136762,"neigung_grad":11.4,"ausrichtung_grad":62,"weg_abstand_m":145,"wald_hinweis":false}},{"type":"Feature","geometry":{"type":"Point","coordinates":[11.424948,46.63477]},"properties":{"id":1152,"hoehe_m":2074,"sektoren_frei":["S"],"sektoren_blockiert":["WSW"],"erste_kollision_m":{"WSW":6},"flaeche_m2":255181,"neigung_grad":12.1,"ausrichtung_grad":181,"weg_abstand_m":286,"wald_hinweis":false}},{"type":"Feature","geometry":{"type":"Point","coordinates":[11.43381,46.610237]},"properties":{"id":1153,"hoehe_m":2074,"sektoren_frei":["SW"],"sektoren_blockiert":[],"erste_kollision_m":{},"flaeche_m2":99250,"neigung_grad":9.9,"ausrichtung_grad":225,"weg_abstand_m":74,"wald_hinweis":false}},{"type":"Feature","geometry":{"type":"Point","coordinates":[11.46627,46.619014]},"properties":{"id":1154,"hoehe_m":2074,"sektoren_frei":["O"],"sektoren_blockiert":["NO","ONO"],"erste_kollision_m":{"NO":293,"ONO":447},"flaeche_m2":462,"neigung_grad":24.3,"ausrichtung_grad":69,"weg_abstand_m":77,"wald_hinweis":false}},{"type":"Feature","geometry":{"type":"Point","coordinates":[11.45617,46.641888]},"properties":{"id":1155,"hoehe_m":2074,"sektoren_frei":[],"sektoren_blockiert":["SSW","SW","WSW","W"],"erste_kollision_m":{"SSW":6,"SW":4,"WSW":6,"W":2},"flaeche_m2":1475,"neigung_grad":8.1,"ausrichtung_grad":232,"weg_abstand_m":15,"wald_hinweis":false}},{"type":"Feature","geometry":{"type":"Point","coordinates":[11.464142,46.62392]},"properties":{"id":1156,"hoehe_m":2074,"sektoren_frei":[],"sektoren_blockiert":["NO"],"erste_kollision_m":{"NO":6},"flaeche_m2":744,"neigung_grad":9.0,"ausrichtung_grad":40,"weg_abstand_m":214,"wald_hinweis":false}},{"type":"Feature","geometry":{"type":"Point","coordinates":[11.449832,46.640427]},"properties":{"id":1157,"hoehe_m":2074,"sektoren_frei":[],"sektoren_blockiert":["SSW","SSW"],"erste_kollision_m":{"SSW":6},"flaeche_m2":7775,"neigung_grad":10.6,"ausrichtung_grad":173,"weg_abstand_m":162,"wald_hinweis":false}},{"type":"Feature","geometry":{"type":"Point","coordinates":[11.455879,46.6333]},"properties":{"id":1158,"hoehe_m":2074,"sektoren_frei":[],"sektoren_blockiert":["W","W"],"erste_kollision_m":{"W":2},"flaeche_m2":2606,"neigung_grad":11.0,"ausrichtung_grad":300,"weg_abstand_m":154,"wald_hinweis":false}},{"type":"Feature","geometry":{"type":"Point","coordinates":[11.463597,46.622716]},"properties":{"id":1159,"hoehe_m":2074,"sektoren_frei":[],"sektoren_blockiert":["NO"],"erste_kollision_m":{"NO":4},"flaeche_m2":119,"neigung_grad":8.4,"ausrichtung_grad":75,"weg_abstand_m":168,"wald_hinweis":false}},{"type":"Feature","geometry":{"type":"Point","coordinates":[11.452566,46.640931]},"properties":{"id":1160,"hoehe_m":2074,"sektoren_frei":[],"sektoren_blockiert":["WSW","WSW","W"],"erste_kollision_m":{"WSW":6,"W":2},"flaeche_m2":419,"neigung_grad":7.9,"ausrichtung_grad":247,"weg_abstand_m":81,"wald_hinweis":false}},{"type":"Feature","geometry":{"type":"Point","coordinates":[11.427773,46.635857]},"properties":{"id":1161,"hoehe_m":2073,"sektoren_frei":[],"sektoren_blockiert":["S"],"erste_kollision_m":{"S":16},"flaeche_m2":2106,"neigung_grad":20.0,"ausrichtung_grad":152,"weg_abstand_m":454,"wald_hinweis":false}},{"type":"Feature","geometry":{"type":"Point","coordinates":[11.464054,46.623427]},"properties":{"id":1162,"hoehe_m":2073,"sektoren_frei":[],"sektoren_blockiert":["SO","SSO","S"],"erste_kollision_m":{"SO":11,"SSO":8,"S":8},"flaeche_m2":1562,"neigung_grad":10.7,"ausrichtung_grad":151,"weg_abstand_m":179,"wald_hinweis":false}},{"type":"Feature","geometry":{"type":"Point","coordinates":[11.444121,46.640549]},"properties":{"id":1163,"hoehe_m":2073,"sektoren_frei":[],"sektoren_blockiert":["SO","SSO","S","SSW"],"erste_kollision_m":{"SO":22,"SSO":6,"S":5,"SSW":6},"flaeche_m2":4019,"neigung_grad":9.1,"ausrichtung_grad":181,"weg_abstand_m":95,"wald_hinweis":false}},{"type":"Feature","geometry":{"type":"Point","coordinates":[11.434063,46.610052]},"properties":{"id":1164,"hoehe_m":2073,"sektoren_frei":["SSW"],"sektoren_blockiert":[],"erste_kollision_m":{},"flaeche_m2":145556,"neigung_grad":9.8,"ausrichtung_grad":204,"weg_abstand_m":45,"wald_hinweis":false}},{"type":"Feature","geometry":{"type":"Point","coordinates":[11.471885,46.629737]},"properties":{"id":1165,"hoehe_m":2073,"sektoren_frei":[],"sektoren_blockiert":["NO"],"erste_kollision_m":{"NO":11},"flaeche_m2":169,"neigung_grad":9.0,"ausrichtung_grad":73,"weg_abstand_m":156,"wald_hinweis":false}},{"type":"Feature","geometry":{"type":"Point","coordinates":[11.446282,46.607339]},"properties":{"id":1166,"hoehe_m":2073,"sektoren_frei":[],"sektoren_blockiert":["WSW","NW"],"erste_kollision_m":{"WSW":6,"NW":11},"flaeche_m2":2169,"neigung_grad":13.2,"ausrichtung_grad":302,"weg_abstand_m":303,"wald_hinweis":false}},{"type":"Feature","geometry":{"type":"Point","coordinates":[11.425639,46.63489]},"properties":{"id":1167,"hoehe_m":2073,"sektoren_frei":["S"],"sektoren_blockiert":[],"erste_kollision_m":{},"flaeche_m2":255181,"neigung_grad":14.8,"ausrichtung_grad":157,"weg_abstand_m":336,"wald_hinweis":false}},{"type":"Feature","geometry":{"type":"Point","coordinates":[11.462605,46.635405]},"properties":{"id":1168,"hoehe_m":2073,"sektoren_frei":[],"sektoren_blockiert":["NO"],"erste_kollision_m":{"NO":6},"flaeche_m2":212,"neigung_grad":10.0,"ausrichtung_grad":27,"weg_abstand_m":20,"wald_hinweis":false}},{"type":"Feature","geometry":{"type":"Point","coordinates":[11.457019,46.64187]},"properties":{"id":1169,"hoehe_m":2073,"sektoren_frei":[],"sektoren_blockiert":["SSO","S"],"erste_kollision_m":{"SSO":8,"S":8},"flaeche_m2":144,"neigung_grad":10.4,"ausrichtung_grad":162,"weg_abstand_m":47,"wald_hinweis":false}},{"type":"Feature","geometry":{"type":"Point","coordinates":[11.446174,46.607116]},"properties":{"id":1170,"hoehe_m":2073,"sektoren_frei":[],"sektoren_blockiert":["WSW"],"erste_kollision_m":{"WSW":6},"flaeche_m2":5425,"neigung_grad":9.1,"ausrichtung_grad":271,"weg_abstand_m":287,"wald_hinweis":false}},{"type":"Feature","geometry":{"type":"Point","coordinates":[11.446186,46.605923]},"properties":{"id":1171,"hoehe_m":2073,"sektoren_frei":[],"sektoren_blockiert":["OSO"],"erste_kollision_m":{"OSO":6},"flaeche_m2":68644,"neigung_grad":8.6,"ausrichtung_grad":126,"weg_abstand_m":177,"wald_hinweis":false}},{"type":"Feature","geometry":{"type":"Point","coordinates":[11.436427,46.616166]},"properties":{"id":1172,"hoehe_m":2073,"sektoren_frei":[],"sektoren_blockiert":["NNO","NNO"],"erste_kollision_m":{"NNO":29},"flaeche_m2":219,"neigung_grad":15.3,"ausrichtung_grad":349,"weg_abstand_m":37,"wald_hinweis":false}},{"type":"Feature","geometry":{"type":"Point","coordinates":[11.44275,46.641298]},"properties":{"id":1173,"hoehe_m":2073,"sektoren_frei":[],"sektoren_blockiert":["WSW"],"erste_kollision_m":{"WSW":20},"flaeche_m2":144,"neigung_grad":14.1,"ausrichtung_grad":208,"weg_abstand_m":162,"wald_hinweis":false}},{"type":"Feature","geometry":{"type":"Point","coordinates":[11.445777,46.606269]},"properties":{"id":1174,"hoehe_m":2073,"sektoren_frei":[],"sektoren_blockiert":["NNW"],"erste_kollision_m":{"NNW":6},"flaeche_m2":575,"neigung_grad":8.7,"ausrichtung_grad":301,"weg_abstand_m":226,"wald_hinweis":false}},{"type":"Feature","geometry":{"type":"Point","coordinates":[11.443701,46.640671]},"properties":{"id":1175,"hoehe_m":2073,"sektoren_frei":[],"sektoren_blockiert":["SSW"],"erste_kollision_m":{"SSW":6},"flaeche_m2":212,"neigung_grad":8.7,"ausrichtung_grad":230,"weg_abstand_m":96,"wald_hinweis":false}},{"type":"Feature","geometry":{"type":"Point","coordinates":[11.437981,46.610058]},"properties":{"id":1176,"hoehe_m":2073,"sektoren_frei":["S"],"sektoren_blockiert":[],"erste_kollision_m":{},"flaeche_m2":131619,"neigung_grad":11.4,"ausrichtung_grad":160,"weg_abstand_m":117,"wald_hinweis":false}},{"type":"Feature","geometry":{"type":"Point","coordinates":[11.445571,46.606049]},"properties":{"id":1177,"hoehe_m":2072,"sektoren_frei":[],"sektoren_blockiert":["NNW"],"erste_kollision_m":{"NNW":6},"flaeche_m2":10662,"neigung_grad":9.8,"ausrichtung_grad":304,"weg_abstand_m":215,"wald_hinweis":false}},{"type":"Feature","geometry":{"type":"Point","coordinates":[11.453337,46.640644]},"properties":{"id":1178,"hoehe_m":2072,"sektoren_frei":[],"sektoren_blockiert":["S"],"erste_kollision_m":{"S":2},"flaeche_m2":2481,"neigung_grad":11.0,"ausrichtung_grad":152,"weg_abstand_m":97,"wald_hinweis":false}},{"type":"Feature","geometry":{"type":"Point","coordinates":[11.469642,46.626388]},"properties":{"id":1179,"hoehe_m":2072,"sektoren_frei":[],"sektoren_blockiert":["SSW"],"erste_kollision_m":{"SSW":6},"flaeche_m2":150,"neigung_grad":10.9,"ausrichtung_grad":171,"weg_abstand_m":81,"wald_hinweis":false}},{"type":"Feature","geometry":{"type":"Point","coordinates":[11.464433,46.623868]},"properties":{"id":1180,"hoehe_m":2072,"sektoren_frei":[],"sektoren_blockiert":["NNO"],"erste_kollision_m":{"NNO":23},"flaeche_m2":125,"neigung_grad":8.8,"ausrichtung_grad":31,"weg_abstand_m":195,"wald_hinweis":false}},{"type":"Feature","geometry":{"type":"Point","coordinates":[11.469057,46.609211]},"properties":{"id":1181,"hoehe_m":2072,"sektoren_frei":[],"sektoren_blockiert":["SSW"],"erste_kollision_m":{"SSW":94},"flaeche_m2":22044,"neigung_grad":13.4,"ausrichtung_grad":193,"weg_abstand_m":4,"wald_hinweis":true}},{"type":"Feature","geometry":{"type":"Point","coordinates":[11.472267,46.629527]},"properties":{"id":1182,"hoehe_m":2072,"sektoren_frei":[],"sektoren_blockiert":["NNO","NO","O","OSO"],"erste_kollision_m":{"NNO":20,"NO":45,"O":29,"OSO":6},"flaeche_m2":3638,"neigung_grad":9.9,"ausrichtung_grad":72,"weg_abstand_m":145,"wald_hinweis":false}},{"type":"Feature","geometry":{"type":"Point","coordinates":[11.460267,46.606161]},"properties":{"id":1183,"hoehe_m":2072,"sektoren_frei":["SSO"],"sektoren_blockiert":["SW"],"erste_kollision_m":{"SW":4},"flaeche_m2":795925,"neigung_grad":10.8,"ausrichtung_grad":170,"weg_abstand_m":125,"wald_hinweis":false}},{"type":"Feature","geometry":{"type":"Point","coordinates":[11.44769,46.619751]},"properties":{"id":1184,"hoehe_m":2072,"sektoren_frei":[],"sektoren_blockiert":["N"],"erste_kollision_m":{"N":8},"flaeche_m2":494,"neigung_grad":13.7,"ausrichtung_grad":329,"weg_abstand_m":144,"wald_hinweis":false}},{"type":"Feature","geometry":{"type":"Point","coordinates":[11.457115,46.633903]},"properties":{"id":1185,"hoehe_m":2072,"sektoren_frei":[],"sektoren_blockiert":["NO","WNW"],"erste_kollision_m":{"NO":9,"WNW":15},"flaeche_m2":869,"neigung_grad":14.8,"ausrichtung_grad":15,"weg_abstand_m":105,"wald_hinweis":false}},{"type":"Feature","geometry":{"type":"Point","coordinates":[11.459053,46.60603]},"properties":{"id":1186,"hoehe_m":2072,"sektoren_frei":[],"sektoren_blockiert":["SW"],"erste_kollision_m":{"SW":4},"flaeche_m2":231,"neigung_grad":10.6,"ausrichtung_grad":189,"weg_abstand_m":47,"wald_hinweis":false}},{"type":"Feature","geometry":{"type":"Point","coordinates":[11.45092,46.640651]},"properties":{"id":1187,"hoehe_m":2072,"sektoren_frei":[],"sektoren_blockiert":["SSW"],"erste_kollision_m":{"SSW":6},"flaeche_m2":1025,"neigung_grad":9.6,"ausrichtung_grad":164,"weg_abstand_m":155,"wald_hinweis":false}},{"type":"Feature","geometry":{"type":"Point","coordinates":[11.465429,46.624229]},"properties":{"id":1188,"hoehe_m":2072,"sektoren_frei":[],"sektoren_blockiert":["SW"],"erste_kollision_m":{"SW":34},"flaeche_m2":156,"neigung_grad":13.2,"ausrichtung_grad":194,"weg_abstand_m":197,"wald_hinweis":false}},{"type":"Feature","geometry":{"type":"Point","coordinates":[11.470537,46.626684]},"properties":{"id":1189,"hoehe_m":2072,"sektoren_frei":[],"sektoren_blockiert":["O"],"erste_kollision_m":{"O":5},"flaeche_m2":450,"neigung_grad":12.1,"ausrichtung_grad":105,"weg_abstand_m":44,"wald_hinweis":false}},{"type":"Feature","geometry":{"type":"Point","coordinates":[11.466464,46.624725]},"properties":{"id":1190,"hoehe_m":2071,"sektoren_frei":[],"sektoren_blockiert":["NNO"],"erste_kollision_m":{"NNO":10},"flaeche_m2":444,"neigung_grad":14.5,"ausrichtung_grad":63,"weg_abstand_m":149,"wald_hinweis":false}},{"type":"Feature","geometry":{"type":"Point","coordinates":[11.43831,46.610119]},"properties":{"id":1191,"hoehe_m":2071,"sektoren_frei":[],"sektoren_blockiert":["SSW"],"erste_kollision_m":{"SSW":6},"flaeche_m2":144,"neigung_grad":11.4,"ausrichtung_grad":160,"weg_abstand_m":132,"wald_hinweis":false}},{"type":"Feature","geometry":{"type":"Point","coordinates":[11.464622,46.623707]},"properties":{"id":1192,"hoehe_m":2071,"sektoren_frei":[],"sektoren_blockiert":["OSO","SSO"],"erste_kollision_m":{"OSO":6,"SSO":6},"flaeche_m2":3594,"neigung_grad":9.5,"ausrichtung_grad":136,"weg_abstand_m":172,"wald_hinweis":false}},{"type":"Feature","geometry":{"type":"Point","coordinates":[11.432741,46.641737]},"properties":{"id":1193,"hoehe_m":2071,"sektoren_frei":["S"],"sektoren_blockiert":["SSO","SSW","SW"],"erste_kollision_m":{"SSO":315,"SSW":398,"SW":32},"flaeche_m2":4281,"neigung_grad":17.3,"ausrichtung_grad":183,"weg_abstand_m":84,"wald_hinweis":false}},{"type":"Feature","geometry":{"type":"Point","coordinates":[11.446835,46.619611]},"properties":{"id":1194,"hoehe_m":2071,"sektoren_frei":[],"sektoren_blockiert":["NW"],"erste_kollision_m":{"NW":6},"flaeche_m2":144,"neigung_grad":9.0,"ausrichtung_grad":315,"weg_abstand_m":80,"wald_hinweis":false}},{"type":"Feature","geometry":{"type":"Point","coordinates":[11.459818,46.638772]},"properties":{"id":1195,"hoehe_m":2071,"sektoren_frei":[],"sektoren_blockiert":["O","OSO","SO","SSO","S"],"erste_kollision_m":{"O":330,"OSO":223,"SO":6,"SSO":90,"S":65},"flaeche_m2":186075,"neigung_grad":15.9,"ausrichtung_grad":99,"weg_abstand_m":106,"wald_hinweis":false}},{"type":"Feature","geometry":{"type":"Point","coordinates":[11.443759,46.640489]},"properties":{"id":1196,"hoehe_m":2071,"sektoren_frei":[],"sektoren_blockiert":["SSW"],"erste_kollision_m":{"SSW":10},"flaeche_m2":131,"neigung_grad":8.6,"ausrichtung_grad":232,"weg_abstand_m":77,"wald_hinweis":false}},{"type":"Feature","geometry":{"type":"Point","coordinates":[11.445676,46.605484]},"properties":{"id":1197,"hoehe_m":2071,"sektoren_frei":[],"sektoren_blockiert":["SSW"],"erste_kollision_m":{"SSW":6},"flaeche_m2":225,"neigung_grad":7.6,"ausrichtung_grad":169,"weg_abstand_m":158,"wald_hinweis":false}},{"type":"Feature","geometry":{"type":"Point","coordinates":[11.446781,46.639412]},"properties":{"id":1198,"hoehe_m":2071,"sektoren_frei":["S"],"sektoren_blockiert":["SO"],"erste_kollision_m":{"SO":6},"flaeche_m2":4025,"neigung_grad":13.6,"ausrichtung_grad":167,"weg_abstand_m":162,"wald_hinweis":false}},{"type":"Feature","geometry":{"type":"Point","coordinates":[11.456423,46.633761]},"properties":{"id":1199,"hoehe_m":2071,"sektoren_frei":[],"sektoren_blockiert":["NNO"],"erste_kollision_m":{"NNO":12},"flaeche_m2":950,"neigung_grad":12.8,"ausrichtung_grad":345,"weg_abstand_m":116,"wald_hinweis":false}},{"type":"Feature","geometry":{"type":"Point","coordinates":[11.453902,46.640857]},"properties":{"id":1200,"hoehe_m":2071,"sektoren_frei":[],"sektoren_blockiert":["O"],"erste_kollision_m":{"O":2},"flaeche_m2":119,"neigung_grad":7.7,"ausrichtung_grad":89,"weg_abstand_m":77,"wald_hinweis":false}},{"type":"Feature","geometry":{"type":"Point","coordinates":[11.444412,46.622363]},"properties":{"id":1201,"hoehe_m":2071,"sektoren_frei":[],"sektoren_blockiert":["WSW"],"erste_kollision_m":{"WSW":15},"flaeche_m2":40212,"neigung_grad":19.3,"ausrichtung_grad":214,"weg_abstand_m":375,"wald_hinweis":false}},{"type":"Feature","geometry":{"type":"Point","coordinates":[11.463953,46.622641]},"properties":{"id":1202,"hoehe_m":2071,"sektoren_frei":[],"sektoren_blockiert":["NO"],"erste_kollision_m":{"NO":4},"flaeche_m2":519,"neigung_grad":8.1,"ausrichtung_grad":65,"weg_abstand_m":139,"wald_hinweis":false}},{"type":"Feature","geometry":{"type":"Point","coordinates":[11.458797,46.639312]},"properties":{"id":1203,"hoehe_m":2071,"sektoren_frei":[],"sektoren_blockiert":["SW","WSW","WSW","W"],"erste_kollision_m":{"SW":22,"WSW":53,"W":53},"flaeche_m2":300,"neigung_grad":12.8,"ausrichtung_grad":272,"weg_abstand_m":112,"wald_hinweis":false}},{"type":"Feature","geometry":{"type":"Point","coordinates":[11.446696,46.619434]},"properties":{"id":1204,"hoehe_m":2071,"sektoren_frei":[],"sektoren_blockiert":["SSW"],"erste_kollision_m":{"SSW":6},"flaeche_m2":375,"neigung_grad":11.2,"ausrichtung_grad":217,"weg_abstand_m":60,"wald_hinweis":false}},{"type":"Feature","geometry":{"type":"Point","coordinates":[11.473291,46.631215]},"properties":{"id":1205,"hoehe_m":2071,"sektoren_frei":[],"sektoren_blockiert":["OSO"],"erste_kollision_m":{"OSO":29},"flaeche_m2":188,"neigung_grad":12.3,"ausrichtung_grad":118,"weg_abstand_m":235,"wald_hinweis":false}},{"type":"Feature","geometry":{"type":"Point","coordinates":[11.447142,46.639449]},"properties":{"id":1206,"hoehe_m":2071,"sektoren_frei":[],"sektoren_blockiert":["SSW","SW"],"erste_kollision_m":{"SSW":30,"SW":9},"flaeche_m2":1606,"neigung_grad":10.4,"ausrichtung_grad":193,"weg_abstand_m":166,"wald_hinweis":false}},{"type":"Feature","geometry":{"type":"Point","coordinates":[11.435192,46.614843]},"properties":{"id":1207,"hoehe_m":2071,"sektoren_frei":[],"sektoren_blockiert":["WSW","WNW","NW"],"erste_kollision_m":{"WSW":10,"WNW":6,"NW":6},"flaeche_m2":288,"neigung_grad":13.5,"ausrichtung_grad":291,"weg_abstand_m":86,"wald_hinweis":false}},{"type":"Feature","geometry":{"type":"Point","coordinates":[11.464888,46.623814]},"properties":{"id":1208,"hoehe_m":2071,"sektoren_frei":[],"sektoren_blockiert":["ONO","O"],"erste_kollision_m":{"ONO":8,"O":5},"flaeche_m2":1744,"neigung_grad":12.7,"ausrichtung_grad":87,"weg_abstand_m":170,"wald_hinweis":false}},{"type":"Feature","geometry":{"type":"Point","coordinates":[11.440038,46.640569]},"properties":{"id":1209,"hoehe_m":2070,"sektoren_frei":[],"sektoren_blockiert":["SW"],"erste_kollision_m":{"SW":6},"flaeche_m2":575,"neigung_grad":9.0,"ausrichtung_grad":206,"weg_abstand_m":47,"wald_hinweis":false}},{"type":"Feature","geometry":{"type":"Point","coordinates":[11.464343,46.62333]},"properties":{"id":1210,"hoehe_m":2070,"sektoren_frei":[],"sektoren_blockiert":["SSW"],"erste_kollision_m":{"SSW":9},"flaeche_m2":119,"neigung_grad":9.6,"ausrichtung_grad":168,"weg_abstand_m":156,"wald_hinweis":false}},{"type":"Feature","geometry":{"type":"Point","coordinates":[11.470595,46.626503]},"properties":{"id":1211,"hoehe_m":2070,"sektoren_frei":[],"sektoren_blockiert":["SO","SO","SSO","SSW"],"erste_kollision_m":{"SO":6,"SSO":13,"SSW":9},"flaeche_m2":4075,"neigung_grad":11.6,"ausrichtung_grad":136,"weg_abstand_m":41,"wald_hinweis":false}},{"type":"Feature","geometry":{"type":"Point","coordinates":[11.432413,46.641721]},"properties":{"id":1212,"hoehe_m":2070,"sektoren_frei":[],"sektoren_blockiert":["SW"],"erste_kollision_m":{"SW":296},"flaeche_m2":3044,"neigung_grad":17.7,"ausrichtung_grad":191,"weg_abstand_m":94,"wald_hinweis":false}},{"type":"Feature","geometry":{"type":"Point","coordinates":[11.442624,46.623279]},"properties":{"id":1213,"hoehe_m":2070,"sektoren_frei":["SW","WSW","W","W","WNW","NW","NW"],"sektoren_blockiert":["WSW","NNW"],"erste_kollision_m":{"WSW":9,"NNW":6},"flaeche_m2":100162,"neigung_grad":12.6,"ausrichtung_grad":227,"weg_abstand_m":525,"wald_hinweis":false}},{"type":"Feature","geometry":{"type":"Point","coordinates":[11.428314,46.636273]},"properties":{"id":1214,"hoehe_m":2070,"sektoren_frei":["O"],"sektoren_blockiert":["NO"],"erste_kollision_m":{"NO":47},"flaeche_m2":36281,"neigung_grad":20.5,"ausrichtung_grad":99,"weg_abstand_m":462,"wald_hinweis":false}},{"type":"Feature","geometry":{"type":"Point","coordinates":[11.439011,46.610441]},"properties":{"id":1215,"hoehe_m":2070,"sektoren_frei":[],"sektoren_blockiert":["ONO"],"erste_kollision_m":{"ONO":16},"flaeche_m2":125,"neigung_grad":11.0,"ausrichtung_grad":104,"weg_abstand_m":150,"wald_hinweis":false}},{"type":"Feature","geometry":{"type":"Point","coordinates":[11.451909,46.606161]},"properties":{"id":1216,"hoehe_m":2070,"sektoren_frei":["SSW"],"sektoren_blockiert":[],"erste_kollision_m":{},"flaeche_m2":703719,"neigung_grad":11.0,"ausrichtung_grad":177,"weg_abstand_m":89,"wald_hinweis":false}},{"type":"Feature","geometry":{"type":"Point","coordinates":[11.449551,46.629138]},"properties":{"id":1217,"hoehe_m":2070,"sektoren_frei":["WNW","NNW"],"sektoren_blockiert":[],"erste_kollision_m":{},"flaeche_m2":53619,"neigung_grad":20.1,"ausrichtung_grad":322,"weg_abstand_m":240,"wald_hinweis":false}},{"type":"Feature","geometry":{"type":"Point","coordinates":[11.45417,46.606337]},"properties":{"id":1218,"hoehe_m":2070,"sektoren_frei":[],"sektoren_blockiert":["SW"],"erste_kollision_m":{"SW":4},"flaeche_m2":281,"neigung_grad":9.1,"ausrichtung_grad":188,"weg_abstand_m":2,"wald_hinweis":false}},{"type":"Feature","geometry":{"type":"Point","coordinates":[11.459527,46.638824]},"properties":{"id":1219,"hoehe_m":2070,"sektoren_frei":[],"sektoren_blockiert":["S","SSW","SSW","SW"],"erste_kollision_m":{"S":2,"SSW":10,"SW":43},"flaeche_m2":881,"neigung_grad":16.4,"ausrichtung_grad":193,"weg_abstand_m":113,"wald_hinweis":false}},{"type":"Feature","geometry":{"type":"Point","coordinates":[11.460011,46.635101]},"properties":{"id":1220,"hoehe_m":2070,"sektoren_frei":[],"sektoren_blockiert":["WNW"],"erste_kollision_m":{"WNW":13},"flaeche_m2":694,"neigung_grad":11.3,"ausrichtung_grad":326,"weg_abstand_m":44,"wald_hinweis":false}},{"type":"Feature","geometry":{"type":"Point","coordinates":[11.445813,46.607079]},"properties":{"id":1221,"hoehe_m":2070,"sektoren_frei":[],"sektoren_blockiert":["SW","NW","NNW","NNW"],"erste_kollision_m":{"SW":4,"NW":15,"NNW":10},"flaeche_m2":438,"neigung_grad":10.9,"ausrichtung_grad":267,"weg_abstand_m":298,"wald_hinweis":false}},{"type":"Feature","geometry":{"type":"Point","coordinates":[11.465857,46.62431]},"properties":{"id":1222,"hoehe_m":2070,"sektoren_frei":[],"sektoren_blockiert":["S"],"erste_kollision_m":{"S":2},"flaeche_m2":181,"neigung_grad":8.7,"ausrichtung_grad":155,"weg_abstand_m":201,"wald_hinweis":false}},{"type":"Feature","geometry":{"type":"Point","coordinates":[11.464579,46.623483]},"properties":{"id":1223,"hoehe_m":2070,"sektoren_frei":[],"sektoren_blockiert":["OSO"],"erste_kollision_m":{"OSO":12},"flaeche_m2":356,"neigung_grad":10.6,"ausrichtung_grad":113,"weg_abstand_m":155,"wald_hinweis":false}},{"type":"Feature","geometry":{"type":"Point","coordinates":[11.448668,46.639979]},"properties":{"id":1224,"hoehe_m":2070,"sektoren_frei":[],"sektoren_blockiert":["SO"],"erste_kollision_m":{"SO":6},"flaeche_m2":150,"neigung_grad":11.0,"ausrichtung_grad":148,"weg_abstand_m":181,"wald_hinweis":false}},{"type":"Feature","geometry":{"type":"Point","coordinates":[11.448199,46.639719]},"properties":{"id":1225,"hoehe_m":2070,"sektoren_frei":[],"sektoren_blockiert":["OSO"],"erste_kollision_m":{"OSO":13},"flaeche_m2":14881,"neigung_grad":10.3,"ausrichtung_grad":136,"weg_abstand_m":166,"wald_hinweis":false}},{"type":"Feature","geometry":{"type":"Point","coordinates":[11.452224,46.631196]},"properties":{"id":1226,"hoehe_m":2069,"sektoren_frei":["NW"],"sektoren_blockiert":["N"],"erste_kollision_m":{"N":10},"flaeche_m2":358069,"neigung_grad":17.1,"ausrichtung_grad":307,"weg_abstand_m":202,"wald_hinweis":false}},{"type":"Feature","geometry":{"type":"Point","coordinates":[11.456562,46.64116]},"properties":{"id":1227,"hoehe_m":2069,"sektoren_frei":[],"sektoren_blockiert":["SSW"],"erste_kollision_m":{"SSW":6},"flaeche_m2":144,"neigung_grad":9.7,"ausrichtung_grad":183,"weg_abstand_m":18,"wald_hinweis":false}},{"type":"Feature","geometry":{"type":"Point","coordinates":[11.446321,46.639355]},"properties":{"id":1228,"hoehe_m":2069,"sektoren_frei":[],"sektoren_blockiert":["SSW"],"erste_kollision_m":{"SSW":6},"flaeche_m2":2212,"neigung_grad":9.8,"ausrichtung_grad":186,"weg_abstand_m":138,"wald_hinweis":false}},{"type":"Feature","geometry":{"type":"Point","coordinates":[11.445867,46.639432]},"properties":{"id":1229,"hoehe_m":2069,"sektoren_frei":[],"sektoren_blockiert":["WSW"],"erste_kollision_m":{"WSW":6},"flaeche_m2":700,"neigung_grad":9.4,"ausrichtung_grad":237,"weg_abstand_m":121,"wald_hinweis":false}},{"type":"Feature","geometry":{"type":"Point","coordinates":[11.445376,46.605333]},"properties":{"id":1230,"hoehe_m":2069,"sektoren_frei":["SSO"],"sektoren_blockiert":["SSW"],"erste_kollision_m":{"SSW":6},"flaeche_m2":795925,"neigung_grad":9.4,"ausrichtung_grad":160,"weg_abstand_m":155,"wald_hinweis":false}},{"type":"Feature","geometry":{"type":"Point","coordinates":[11.451578,46.640749]},"properties":{"id":1231,"hoehe_m":2069,"sektoren_frei":[],"sektoren_blockiert":["SSO","SSW","SW"],"erste_kollision_m":{"SSO":18,"SSW":6,"SW":6},"flaeche_m2":350,"neigung_grad":10.1,"ausrichtung_grad":198,"weg_abstand_m":126,"wald_hinweis":false}},{"type":"Feature","geometry":{"type":"Point","coordinates":[11.452543,46.640414]},"properties":{"id":1232,"hoehe_m":2069,"sektoren_frei":[],"sektoren_blockiert":["SSW","SW","WSW","W"],"erste_kollision_m":{"SSW":6,"SW":4,"WSW":38,"W":5},"flaeche_m2":2275,"neigung_grad":8.5,"ausrichtung_grad":230,"weg_abstand_m":136,"wald_hinweis":false}},{"type":"Feature","geometry":{"type":"Point","coordinates":[11.457681,46.639898]},"properties":{"id":1233,"hoehe_m":2069,"sektoren_frei":[],"sektoren_blockiert":["SSW","SW","WSW","W"],"erste_kollision_m":{"SSW":20,"SW":57,"WSW":35,"W":8},"flaeche_m2":962,"neigung_grad":12.4,"ausrichtung_grad":235,"weg_abstand_m":56,"wald_hinweis":false}},{"type":"Feature","geometry":{"type":"Point","coordinates":[11.443685,46.640311]},"properties":{"id":1234,"hoehe_m":2069,"sektoren_frei":[],"sektoren_blockiert":["WSW"],"erste_kollision_m":{"WSW":6},"flaeche_m2":581,"neigung_grad":8.2,"ausrichtung_grad":214,"weg_abstand_m":57,"wald_hinweis":false}},{"type":"Feature","geometry":{"type":"Point","coordinates":[11.443429,46.640429]},"properties":{"id":1235,"hoehe_m":2069,"sektoren_frei":[],"sektoren_blockiert":["SSW"],"erste_kollision_m":{"SSW":18},"flaeche_m2":125,"neigung_grad":10.7,"ausrichtung_grad":227,"weg_abstand_m":66,"wald_hinweis":false}},{"type":"Feature","geometry":{"type":"Point","coordinates":[11.459186,46.634916]},"properties":{"id":1236,"hoehe_m":2069,"sektoren_frei":[],"sektoren_blockiert":["W"],"erste_kollision_m":{"W":23},"flaeche_m2":131,"neigung_grad":11.5,"ausrichtung_grad":310,"weg_abstand_m":7,"wald_hinweis":false}},{"type":"Feature","geometry":{"type":"Point","coordinates":[11.47016,46.626287]},"properties":{"id":1237,"hoehe_m":2069,"sektoren_frei":[],"sektoren_blockiert":["SO"],"erste_kollision_m":{"SO":11},"flaeche_m2":119,"neigung_grad":11.2,"ausrichtung_grad":135,"weg_abstand_m":81,"wald_hinweis":false}},{"type":"Feature","geometry":{"type":"Point","coordinates":[11.455732,46.606236]},"properties":{"id":1238,"hoehe_m":2069,"sektoren_frei":[],"sektoren_blockiert":["SSW"],"erste_kollision_m":{"SSW":6},"flaeche_m2":181,"neigung_grad":8.3,"ausrichtung_grad":169,"weg_abstand_m":59,"wald_hinweis":false}},{"type":"Feature","geometry":{"type":"Point","coordinates":[11.452863,46.640272]},"properties":{"id":1239,"hoehe_m":2068,"sektoren_frei":[],"sektoren_blockiert":["OSO"],"erste_kollision_m":{"OSO":6},"flaeche_m2":200,"neigung_grad":9.3,"ausrichtung_grad":154,"weg_abstand_m":144,"wald_hinweis":false}},{"type":"Feature","geometry":{"type":"Point","coordinates":[11.471335,46.626982]},"properties":{"id":1240,"hoehe_m":2068,"sektoren_frei":[],"sektoren_blockiert":["S"],"erste_kollision_m":{"S":5},"flaeche_m2":212,"neigung_grad":8.3,"ausrichtung_grad":145,"weg_abstand_m":8,"wald_hinweis":false}},{"type":"Feature","geometry":{"type":"Point","coordinates":[11.457592,46.640103]},"properties":{"id":1241,"hoehe_m":2068,"sektoren_frei":[],"sektoren_blockiert":["WSW","W","WNW"],"erste_kollision_m":{"WSW":8,"W":8,"WNW":11},"flaeche_m2":162,"neigung_grad":8.7,"ausrichtung_grad":280,"weg_abstand_m":47,"wald_hinweis":false}},{"type":"Feature","geometry":{"type":"Point","coordinates":[11.45699,46.605894]},"properties":{"id":1242,"hoehe_m":2068,"sektoren_frei":[],"sektoren_blockiert":["W"],"erste_kollision_m":{"W":5},"flaeche_m2":119,"neigung_grad":8.0,"ausrichtung_grad":234,"weg_abstand_m":104,"wald_hinweis":false}},{"type":"Feature","geometry":{"type":"Point","coordinates":[11.444138,46.640211]},"properties":{"id":1243,"hoehe_m":2068,"sektoren_frei":[],"sektoren_blockiert":["SW","SW"],"erste_kollision_m":{"SW":4},"flaeche_m2":156,"neigung_grad":9.5,"ausrichtung_grad":196,"weg_abstand_m":63,"wald_hinweis":false}},{"type":"Feature","geometry":{"type":"Point","coordinates":[11.456716,46.640954]},"properties":{"id":1244,"hoehe_m":2068,"sektoren_frei":[],"sektoren_blockiert":["SW"],"erste_kollision_m":{"SW":4},"flaeche_m2":156,"neigung_grad":8.9,"ausrichtung_grad":237,"weg_abstand_m":10,"wald_hinweis":false}},{"type":"Feature","geometry":{"type":"Point","coordinates":[11.472622,46.630149]},"properties":{"id":1245,"hoehe_m":2068,"sektoren_frei":[],"sektoren_blockiert":["SO"],"erste_kollision_m":{"SO":4},"flaeche_m2":10144,"neigung_grad":8.7,"ausrichtung_grad":159,"weg_abstand_m":219,"wald_hinweis":false}},{"type":"Feature","geometry":{"type":"Point","coordinates":[11.458149,46.634376]},"properties":{"id":1246,"hoehe_m":2068,"sektoren_frei":[],"sektoren_blockiert":["N"],"erste_kollision_m":{"N":16},"flaeche_m2":181,"neigung_grad":15.1,"ausrichtung_grad":329,"weg_abstand_m":65,"wald_hinweis":false}},{"type":"Feature","geometry":{"type":"Point","coordinates":[11.434919,46.614578]},"properties":{"id":1247,"hoehe_m":2068,"sektoren_frei":["W"],"sektoren_blockiert":["NW"],"erste_kollision_m":{"NW":6},"flaeche_m2":89475,"neigung_grad":13.0,"ausrichtung_grad":277,"weg_abstand_m":69,"wald_hinweis":false}},{"type":"Feature","geometry":{"type":"Point","coordinates":[11.459102,46.638833]},"properties":{"id":1248,"hoehe_m":2068,"sektoren_frei":[],"sektoren_blockiert":["S","SW","WSW","W"],"erste_kollision_m":{"S":24,"SW":11,"WSW":30,"W":10},"flaeche_m2":2231,"neigung_grad":13.1,"ausrichtung_grad":218,"weg_abstand_m":99,"wald_hinweis":false}},{"type":"Feature","geometry":{"type":"Point","coordinates":[11.445689,46.607936]},"properties":{"id":1249,"hoehe_m":2068,"sektoren_frei":[],"sektoren_blockiert":["S","WNW"],"erste_kollision_m":{"S":8,"WNW":6},"flaeche_m2":831,"neigung_grad":19.2,"ausrichtung_grad":260,"weg_abstand_m":353,"wald_hinweis":false}},{"type":"Feature","geometry":{"type":"Point","coordinates":[11.469679,46.633655]},"properties":{"id":1250,"hoehe_m":2068,"sektoren_frei":[],"sektoren_blockiert":["N"],"erste_kollision_m":{"N":16},"flaeche_m2":4312,"neigung_grad":15.5,"ausrichtung_grad":30,"weg_abstand_m":166,"wald_hinweis":false}},{"type":"Feature","geometry":{"type":"Point","coordinates":[11.454223,46.640738]},"properties":{"id":1251,"hoehe_m":2068,"sektoren_frei":[],"sektoren_blockiert":["NO","NO","SO"],"erste_kollision_m":{"NO":6,"SO":4},"flaeche_m2":344,"neigung_grad":10.4,"ausrichtung_grad":79,"weg_abstand_m":98,"wald_hinweis":false}},{"type":"Feature","geometry":{"type":"Point","coordinates":[11.452814,46.631971]},"properties":{"id":1252,"hoehe_m":2068,"sektoren_frei":["W"],"sektoren_blockiert":[],"erste_kollision_m":{},"flaeche_m2":33119,"neigung_grad":13.4,"ausrichtung_grad":288,"weg_abstand_m":177,"wald_hinweis":false}},{"type":"Feature","geometry":{"type":"Point","coordinates":[11.434801,46.614131]},"properties":{"id":1253,"hoehe_m":2068,"sektoren_frei":[],"sektoren_blockiert":["NW"],"erste_kollision_m":{"NW":4},"flaeche_m2":131,"neigung_grad":7.8,"ausrichtung_grad":284,"weg_abstand_m":75,"wald_hinweis":false}},{"type":"Feature","geometry":{"type":"Point","coordinates":[11.426828,46.63518]},"properties":{"id":1254,"hoehe_m":2068,"sektoren_frei":["S"],"sektoren_blockiert":["O"],"erste_kollision_m":{"O":8},"flaeche_m2":255181,"neigung_grad":17.3,"ausrichtung_grad":151,"weg_abstand_m":429,"wald_hinweis":false}},{"type":"Feature","geometry":{"type":"Point","coordinates":[11.458723,46.639111]},"properties":{"id":1255,"hoehe_m":2068,"sektoren_frei":[],"sektoren_blockiert":["SSW","W"],"erste_kollision_m":{"SSW":30,"W":16},"flaeche_m2":800,"neigung_grad":14.2,"ausrichtung_grad":218,"weg_abstand_m":97,"wald_hinweis":false}},{"type":"Feature","geometry":{"type":"Point","coordinates":[11.469274,46.608959]},"properties":{"id":1256,"hoehe_m":2067,"sektoren_frei":[],"sektoren_blockiert":["SW"],"erste_kollision_m":{"SW":4},"flaeche_m2":3406,"neigung_grad":13.8,"ausrichtung_grad":200,"weg_abstand_m":29,"wald_hinweis":true}},{"type":"Feature","geometry":{"type":"Point","coordinates":[11.472608,46.629114]},"properties":{"id":1257,"hoehe_m":2067,"sektoren_frei":[],"sektoren_blockiert":["ONO","SO"],"erste_kollision_m":{"ONO":30,"SO":9},"flaeche_m2":869,"neigung_grad":9.3,"ausrichtung_grad":93,"weg_abstand_m":126,"wald_hinweis":false}},{"type":"Feature","geometry":{"type":"Point","coordinates":[11.440354,46.611268]},"properties":{"id":1258,"hoehe_m":2067,"sektoren_frei":[],"sektoren_blockiert":["OSO"],"erste_kollision_m":{"OSO":13},"flaeche_m2":212,"neigung_grad":11.5,"ausrichtung_grad":122,"weg_abstand_m":187,"wald_hinweis":false}},{"type":"Feature","geometry":{"type":"Point","coordinates":[11.437905,46.609812]},"properties":{"id":1259,"hoehe_m":2067,"sektoren_frei":[],"sektoren_blockiert":["OSO"],"erste_kollision_m":{"OSO":23},"flaeche_m2":138,"neigung_grad":14.6,"ausrichtung_grad":146,"weg_abstand_m":130,"wald_hinweis":false}},{"type":"Feature","geometry":{"type":"Point","coordinates":[11.444835,46.60566]},"properties":{"id":1260,"hoehe_m":2067,"sektoren_frei":[],"sektoren_blockiert":["WSW","NNW"],"erste_kollision_m":{"WSW":6,"NNW":8},"flaeche_m2":744,"neigung_grad":8.8,"ausrichtung_grad":281,"weg_abstand_m":207,"wald_hinweis":false}},{"type":"Feature","geometry":{"type":"Point","coordinates":[11.461216,46.63575]},"properties":{"id":1261,"hoehe_m":2067,"sektoren_frei":[],"sektoren_blockiert":["NNO"],"erste_kollision_m":{"NNO":6},"flaeche_m2":275,"neigung_grad":10.2,"ausrichtung_grad":355,"weg_abstand_m":37,"wald_hinweis":false}},{"type":"Feature","geometry":{"type":"Point","coordinates":[11.433415,46.611618]},"properties":{"id":1262,"hoehe_m":2067,"sektoren_frei":[],"sektoren_blockiert":["NNO"],"erste_kollision_m":{"NNO":12},"flaeche_m2":125,"neigung_grad":11.9,"ausrichtung_grad":353,"weg_abstand_m":6,"wald_hinweis":false}},{"type":"Feature","geometry":{"type":"Point","coordinates":[11.444555,46.640045]},"properties":{"id":1263,"hoehe_m":2067,"sektoren_frei":[],"sektoren_blockiert":["SSW"],"erste_kollision_m":{"SSW":13},"flaeche_m2":169,"neigung_grad":10.1,"ausrichtung_grad":222,"weg_abstand_m":64,"wald_hinweis":false}},{"type":"Feature","geometry":{"type":"Point","coordinates":[11.464595,46.623122]},"properties":{"id":1264,"hoehe_m":2067,"sektoren_frei":[],"sektoren_blockiert":["OSO","S"],"erste_kollision_m":{"OSO":8,"S":8},"flaeche_m2":206,"neigung_grad":8.9,"ausrichtung_grad":164,"weg_abstand_m":126,"wald_hinweis":false}},{"type":"Feature","geometry":{"type":"Point","coordinates":[11.45142,46.630021]},"properties":{"id":1265,"hoehe_m":2067,"sektoren_frei":["WNW","WNW"],"sektoren_blockiert":[],"erste_kollision_m":{},"flaeche_m2":186381,"neigung_grad":21.6,"ausrichtung_grad":315,"weg_abstand_m":279,"wald_hinweis":false}},{"type":"Feature","geometry":{"type":"Point","coordinates":[11.453904,46.640182]},"properties":{"id":1266,"hoehe_m":2067,"sektoren_frei":[],"sektoren_blockiert":["SO","SSO","S"],"erste_kollision_m":{"SO":114,"SSO":6,"S":8},"flaeche_m2":788,"neigung_grad":11.0,"ausrichtung_grad":155,"weg_abstand_m":149,"wald_hinweis":false}},{"type":"Feature","geometry":{"type":"Point","coordinates":[11.446311,46.63913]},"properties":{"id":1267,"hoehe_m":2067,"sektoren_frei":[],"sektoren_blockiert":["SO"],"erste_kollision_m":{"SO":41},"flaeche_m2":112,"neigung_grad":13.8,"ausrichtung_grad":158,"weg_abstand_m":116,"wald_hinweis":false}},{"type":"Feature","geometry":{"type":"Point","coordinates":[11.445293,46.606392]},"properties":{"id":1268,"hoehe_m":2067,"sektoren_frei":[],"sektoren_blockiert":["NNW"],"erste_kollision_m":{"NNW":25},"flaeche_m2":281,"neigung_grad":11.9,"ausrichtung_grad":302,"weg_abstand_m":259,"wald_hinweis":false}},{"type":"Feature","geometry":{"type":"Point","coordinates":[11.444862,46.639611]},"properties":{"id":1269,"hoehe_m":2067,"sektoren_frei":[],"sektoren_blockiert":["W"],"erste_kollision_m":{"W":21},"flaeche_m2":1125,"neigung_grad":11.6,"ausrichtung_grad":239,"weg_abstand_m":52,"wald_hinweis":false}},{"type":"Feature","geometry":{"type":"Point","coordinates":[11.443104,46.640458]},"properties":{"id":1270,"hoehe_m":2066,"sektoren_frei":[],"sektoren_blockiert":["WSW","W"],"erste_kollision_m":{"WSW":18,"W":29},"flaeche_m2":131,"neigung_grad":10.7,"ausrichtung_grad":260,"weg_abstand_m":66,"wald_hinweis":false}},{"type":"Feature","geometry":{"type":"Point","coordinates":[11.445183,46.639469]},"properties":{"id":1271,"hoehe_m":2066,"sektoren_frei":[],"sektoren_blockiert":["SSO"],"erste_kollision_m":{"SSO":6},"flaeche_m2":506,"neigung_grad":9.4,"ausrichtung_grad":193,"weg_abstand_m":70,"wald_hinweis":false}},{"type":"Feature","geometry":{"type":"Point","coordinates":[11.434489,46.613733]},"properties":{"id":1272,"hoehe_m":2066,"sektoren_frei":["WNW"],"sektoren_blockiert":[],"erste_kollision_m":{},"flaeche_m2":52112,"neigung_grad":12.1,"ausrichtung_grad":287,"weg_abstand_m":73,"wald_hinweis":false}},{"type":"Feature","geometry":{"type":"Point","coordinates":[11.45254,46.631684]},"properties":{"id":1273,"hoehe_m":2066,"sektoren_frei":["W"],"sektoren_blockiert":["WSW"],"erste_kollision_m":{"WSW":9},"flaeche_m2":33119,"neigung_grad":14.4,"ausrichtung_grad":284,"weg_abstand_m":185,"wald_hinweis":false}},{"type":"Feature","geometry":{"type":"Point","coordinates":[11.464403,46.621777]},"properties":{"id":1274,"hoehe_m":2066,"sektoren_frei":[],"sektoren_blockiert":["SSO"],"erste_kollision_m":{"SSO":15},"flaeche_m2":162,"neigung_grad":10.7,"ausrichtung_grad":134,"weg_abstand_m":75,"wald_hinweis":false}},{"type":"Feature","geometry":{"type":"Point","coordinates":[11.457477,46.597176]},"properties":{"id":1275,"hoehe_m":2066,"sektoren_frei":[],"sektoren_blockiert":["ONO","SSO"],"erste_kollision_m":{"ONO":9,"SSO":6},"flaeche_m2":54919,"neigung_grad":11.8,"ausrichtung_grad":139,"weg_abstand_m":67,"wald_hinweis":false}},{"type":"Feature","geometry":{"type":"Point","coordinates":[11.469764,46.608971]},"properties":{"id":1276,"hoehe_m":2066,"sektoren_frei":[],"sektoren_blockiert":["SSW"],"erste_kollision_m":{"SSW":16},"flaeche_m2":212,"neigung_grad":13.9,"ausrichtung_grad":186,"weg_abstand_m":51,"wald_hinweis":true}},{"type":"Feature","geometry":{"type":"Point","coordinates":[11.464538,46.622584]},"properties":{"id":1277,"hoehe_m":2066,"sektoren_frei":[],"sektoren_blockiert":["NO","ONO","ONO","O","SO"],"erste_kollision_m":{"NO":4,"ONO":6,"O":8,"SO":6},"flaeche_m2":469,"neigung_grad":8.3,"ausrichtung_grad":139,"weg_abstand_m":96,"wald_hinweis":false}},{"type":"Feature","geometry":{"type":"Point","coordinates":[11.46937,46.634044]},"properties":{"id":1278,"hoehe_m":2066,"sektoren_frei":["NO"],"sektoren_blockiert":[],"erste_kollision_m":{},"flaeche_m2":136762,"neigung_grad":18.4,"ausrichtung_grad":54,"weg_abstand_m":142,"wald_hinweis":false}},{"type":"Feature","geometry":{"type":"Point","coordinates":[11.472945,46.630075]},"properties":{"id":1279,"hoehe_m":2066,"sektoren_frei":[],"sektoren_blockiert":["OSO","SSO"],"erste_kollision_m":{"OSO":6,"SSO":9},"flaeche_m2":1012,"neigung_grad":8.5,"ausrichtung_grad":131,"weg_abstand_m":220,"wald_hinweis":false}},{"type":"Feature","geometry":{"type":"Point","coordinates":[11.472761,46.629606]},"properties":{"id":1280,"hoehe_m":2066,"sektoren_frei":[],"sektoren_blockiert":["SO"],"erste_kollision_m":{"SO":6},"flaeche_m2":162,"neigung_grad":8.7,"ausrichtung_grad":102,"weg_abstand_m":173,"wald_hinweis":false}},{"type":"Feature","geometry":{"type":"Point","coordinates":[11.454777,46.606054]},"properties":{"id":1281,"hoehe_m":2066,"sektoren_frei":[],"sektoren_blockiert":["SW"],"erste_kollision_m":{"SW":20},"flaeche_m2":2656,"neigung_grad":11.4,"ausrichtung_grad":193,"weg_abstand_m":4,"wald_hinweis":false}},{"type":"Feature","geometry":{"type":"Point","coordinates":[11.457208,46.605664]},"properties":{"id":1282,"hoehe_m":2066,"sektoren_frei":[],"sektoren_blockiert":["SW"],"erste_kollision_m":{"SW":17},"flaeche_m2":112,"neigung_grad":10.6,"ausrichtung_grad":202,"weg_abstand_m":87,"wald_hinweis":false}},{"type":"Feature","geometry":{"type":"Point","coordinates":[11.468468,46.625694]},"properties":{"id":1283,"hoehe_m":2066,"sektoren_frei":[],"sektoren_blockiert":["SO"],"erste_kollision_m":{"SO":11},"flaeche_m2":238,"neigung_grad":16.0,"ausrichtung_grad":175,"weg_abstand_m":47,"wald_hinweis":false}},{"type":"Feature","geometry":{"type":"Point","coordinates":[11.454663,46.633123]},"properties":{"id":1284,"hoehe_m":2065,"sektoren_frei":[],"sektoren_blockiert":["W"],"erste_kollision_m":{"W":8},"flaeche_m2":3275,"neigung_grad":11.8,"ausrichtung_grad":295,"weg_abstand_m":144,"wald_hinweis":false}},{"type":"Feature","geometry":{"type":"Point","coordinates":[11.451921,46.631]},"properties":{"id":1285,"hoehe_m":2065,"sektoren_frei":[],"sektoren_blockiert":["SW"],"erste_kollision_m":{"SW":22},"flaeche_m2":4138,"neigung_grad":19.5,"ausrichtung_grad":250,"weg_abstand_m":202,"wald_hinweis":false}},{"type":"Feature","geometry":{"type":"Point","coordinates":[11.466945,46.624534]},"properties":{"id":1286,"hoehe_m":2065,"sektoren_frei":[],"sektoren_blockiert":["NNO","OSO","SO","S"],"erste_kollision_m":{"NNO":13,"OSO":36,"SO":17,"S":8},"flaeche_m2":3725,"neigung_grad":12.9,"ausrichtung_grad":93,"weg_abstand_m":130,"wald_hinweis":false}},{"type":"Feature","geometry":{"type":"Point","coordinates":[11.443353,46.608999]},"properties":{"id":1287,"hoehe_m":2065,"sektoren_frei":[],"sektoren_blockiert":["WSW","W"],"erste_kollision_m":{"WSW":270,"W":29},"flaeche_m2":431,"neigung_grad":20.3,"ausrichtung_grad":237,"weg_abstand_m":278,"wald_hinweis":false}},{"type":"Feature","geometry":{"type":"Point","coordinates":[11.443114,46.622548]},"properties":{"id":1288,"hoehe_m":2065,"sektoren_frei":["WSW"],"sektoren_blockiert":[],"erste_kollision_m":{},"flaeche_m2":22125,"neigung_grad":17.3,"ausrichtung_grad":226,"weg_abstand_m":436,"wald_hinweis":false}},{"type":"Feature","geometry":{"type":"Point","coordinates":[11.461073,46.605941]},"properties":{"id":1289,"hoehe_m":2065,"sektoren_frei":["SSO"],"sektoren_blockiert":["OSO","SW"],"erste_kollision_m":{"OSO":23,"SW":17},"flaeche_m2":795925,"neigung_grad":13.0,"ausrichtung_grad":161,"weg_abstand_m":90,"wald_hinweis":false}},{"type":"Feature","geometry":{"type":"Point","coordinates":[11.464742,46.621319]},"properties":{"id":1290,"hoehe_m":2065,"sektoren_frei":[],"sektoren_blockiert":["NO","OSO"],"erste_kollision_m":{"NO":4,"OSO":27},"flaeche_m2":18044,"neigung_grad":10.0,"ausrichtung_grad":91,"weg_abstand_m":47,"wald_hinweis":false}},{"type":"Feature","geometry":{"type":"Point","coordinates":[11.436523,46.609572]},"properties":{"id":1291,"hoehe_m":2065,"sektoren_frei":[],"sektoren_blockiert":["SO"],"erste_kollision_m":{"SO":11},"flaeche_m2":1612,"neigung_grad":13.7,"ausrichtung_grad":170,"weg_abstand_m":89,"wald_hinweis":false}},{"type":"Feature","geometry":{"type":"Point","coordinates":[11.443231,46.609181]},"properties":{"id":1292,"hoehe_m":2065,"sektoren_frei":[],"sektoren_blockiert":["SSW","WNW"],"erste_kollision_m":{"SSW":93,"WNW":78},"flaeche_m2":269,"neigung_grad":18.9,"ausrichtung_grad":227,"weg_abstand_m":278,"wald_hinweis":false}},{"type":"Feature","geometry":{"type":"Point","coordinates":[11.447385,46.639039]},"properties":{"id":1293,"hoehe_m":2065,"sektoren_frei":[],"sektoren_blockiert":["SSW","SW"],"erste_kollision_m":{"SSW":9,"SW":4},"flaeche_m2":2825,"neigung_grad":10.6,"ausrichtung_grad":190,"weg_abstand_m":117,"wald_hinweis":false}},{"type":"Feature","geometry":{"type":"Point","coordinates":[11.455587,46.641271]},"properties":{"id":1294,"hoehe_m":2065,"sektoren_frei":[],"sektoren_blockiert":["WSW","W"],"erste_kollision_m":{"WSW":6,"W":5},"flaeche_m2":169,"neigung_grad":7.8,"ausrichtung_grad":246,"weg_abstand_m":8,"wald_hinweis":false}},{"type":"Feature","geometry":{"type":"Point","coordinates":[11.440477,46.611108]},"properties":{"id":1295,"hoehe_m":2065,"sektoren_frei":[],"sektoren_blockiert":["OSO","SO"],"erste_kollision_m":{"OSO":28,"SO":4},"flaeche_m2":1750,"neigung_grad":8.7,"ausrichtung_grad":118,"weg_abstand_m":205,"wald_hinweis":false}},{"type":"Feature","geometry":{"type":"Point","coordinates":[11.445725,46.605123]},"properties":{"id":1296,"hoehe_m":2065,"sektoren_frei":["SO","SO","SO"],"sektoren_blockiert":["SSW","SSW"],"erste_kollision_m":{"SSW":6},"flaeche_m2":148512,"neigung_grad":10.4,"ausrichtung_grad":156,"weg_abstand_m":122,"wald_hinweis":false}},{"type":"Feature","geometry":{"type":"Point","coordinates":[11.473411,46.630267]},"properties":{"id":1297,"hoehe_m":2065,"sektoren_frei":[],"sektoren_blockiert":["SSO"],"erste_kollision_m":{"SSO":6},"flaeche_m2":5031,"neigung_grad":10.4,"ausrichtung_grad":151,"weg_abstand_m":187,"wald_hinweis":false}},{"type":"Feature","geometry":{"type":"Point","coordinates":[11.458493,46.634751]},"properties":{"id":1298,"hoehe_m":2065,"sektoren_frei":[],"sektoren_blockiert":["W"],"erste_kollision_m":{"W":24},"flaeche_m2":2250,"neigung_grad":12.4,"ausrichtung_grad":301,"weg_abstand_m":50,"wald_hinweis":false}},{"type":"Feature","geometry":{"type":"Point","coordinates":[11.446078,46.639045]},"properties":{"id":1299,"hoehe_m":2065,"sektoren_frei":["SSO"],"sektoren_blockiert":[],"erste_kollision_m":{},"flaeche_m2":2231,"neigung_grad":15.1,"ausrichtung_grad":177,"weg_abstand_m":99,"wald_hinweis":false}},{"type":"Feature","geometry":{"type":"Point","coordinates":[11.44546,46.605039]},"properties":{"id":1300,"hoehe_m":2065,"sektoren_frei":[],"sektoren_blockiert":["OSO"],"erste_kollision_m":{"OSO":6},"flaeche_m2":181,"neigung_grad":11.5,"ausrichtung_grad":149,"weg_abstand_m":123,"wald_hinweis":false}},{"type":"Feature","geometry":{"type":"Point","coordinates":[11.434434,46.609594]},"properties":{"id":1301,"hoehe_m":2064,"sektoren_frei":[],"sektoren_blockiert":["SW"],"erste_kollision_m":{"SW":4},"flaeche_m2":288,"neigung_grad":8.6,"ausrichtung_grad":192,"weg_abstand_m":12,"wald_hinweis":false}},{"type":"Feature","geometry":{"type":"Point","coordinates":[11.437345,46.616259]},"properties":{"id":1302,"hoehe_m":2064,"sektoren_frei":[],"sektoren_blockiert":["NNO"],"erste_kollision_m":{"NNO":6},"flaeche_m2":138,"neigung_grad":11.7,"ausrichtung_grad":33,"weg_abstand_m":16,"wald_hinweis":false}},{"type":"Feature","geometry":{"type":"Point","coordinates":[11.434785,46.615234]},"properties":{"id":1303,"hoehe_m":2064,"sektoren_frei":[],"sektoren_blockiert":["SW"],"erste_kollision_m":{"SW":6},"flaeche_m2":17319,"neigung_grad":9.9,"ausrichtung_grad":253,"weg_abstand_m":48,"wald_hinweis":false}},{"type":"Feature","geometry":{"type":"Point","coordinates":[11.442344,46.622857]},"properties":{"id":1304,"hoehe_m":2064,"sektoren_frei":[],"sektoren_blockiert":["SSO"],"erste_kollision_m":{"SSO":23},"flaeche_m2":2031,"neigung_grad":19.0,"ausrichtung_grad":194,"weg_abstand_m":497,"wald_hinweis":false}},{"type":"Feature","geometry":{"type":"Point","coordinates":[11.437208,46.609557]},"properties":{"id":1305,"hoehe_m":2064,"sektoren_frei":[],"sektoren_blockiert":["SW"],"erste_kollision_m":{"SW":11},"flaeche_m2":212,"neigung_grad":11.2,"ausrichtung_grad":191,"weg_abstand_m":114,"wald_hinweis":false}},{"type":"Feature","geometry":{"type":"Point","coordinates":[11.456137,46.596417]},"properties":{"id":1306,"hoehe_m":2064,"sektoren_frei":["OSO","SO"],"sektoren_blockiert":["S","SSW"],"erste_kollision_m":{"S":198,"SSW":85},"flaeche_m2":99556,"neigung_grad":19.0,"ausrichtung_grad":152,"weg_abstand_m":39,"wald_hinweis":false}},{"type":"Feature","geometry":{"type":"Point","coordinates":[11.447645,46.639011]},"properties":{"id":1307,"hoehe_m":2064,"sektoren_frei":["S"],"sektoren_blockiert":[],"erste_kollision_m":{},"flaeche_m2":90531,"neigung_grad":15.4,"ausrichtung_grad":151,"weg_abstand_m":108,"wald_hinweis":false}},{"type":"Feature","geometry":{"type":"Point","coordinates":[11.4396,46.640263]},"properties":{"id":1308,"hoehe_m":2064,"sektoren_frei":["S"],"sektoren_blockiert":[],"erste_kollision_m":{},"flaeche_m2":340575,"neigung_grad":12.1,"ausrichtung_grad":176,"weg_abstand_m":17,"wald_hinweis":false}},{"type":"Feature","geometry":{"type":"Point","coordinates":[11.432866,46.611742]},"properties":{"id":1309,"hoehe_m":2064,"sektoren_frei":[],"sektoren_blockiert":["N","NNO","NNW"],"erste_kollision_m":{"N":5,"NNO":9,"NNW":9},"flaeche_m2":338,"neigung_grad":11.0,"ausrichtung_grad":359,"weg_abstand_m":16,"wald_hinweis":false}},{"type":"Feature","geometry":{"type":"Point","coordinates":[11.448448,46.639444]},"properties":{"id":1310,"hoehe_m":2064,"sektoren_frei":["S"],"sektoren_blockiert":[],"erste_kollision_m":{},"flaeche_m2":90531,"neigung_grad":14.8,"ausrichtung_grad":145,"weg_abstand_m":130,"wald_hinweis":false}},{"type":"Feature","geometry":{"type":"Point","coordinates":[11.457753,46.639334]},"properties":{"id":1311,"hoehe_m":2064,"sektoren_frei":[],"sektoren_blockiert":["SSW"],"erste_kollision_m":{"SSW":33},"flaeche_m2":119,"neigung_grad":13.0,"ausrichtung_grad":231,"weg_abstand_m":44,"wald_hinweis":false}},{"type":"Feature","geometry":{"type":"Point","coordinates":[11.470707,46.626096]},"properties":{"id":1312,"hoehe_m":2063,"sektoren_frei":[],"sektoren_blockiert":["OSO"],"erste_kollision_m":{"OSO":20},"flaeche_m2":2338,"neigung_grad":9.2,"ausrichtung_grad":130,"weg_abstand_m":41,"wald_hinweis":false}},{"type":"Feature","geometry":{"type":"Point","coordinates":[11.433211,46.60998]},"properties":{"id":1313,"hoehe_m":2063,"sektoren_frei":["SSW"],"sektoren_blockiert":["S"],"erste_kollision_m":{"S":21},"flaeche_m2":145556,"neigung_grad":11.5,"ausrichtung_grad":223,"weg_abstand_m":80,"wald_hinweis":false}},{"type":"Feature","geometry":{"type":"Point","coordinates":[11.47327,46.630023]},"properties":{"id":1314,"hoehe_m":2063,"sektoren_frei":[],"sektoren_blockiert":["O"],"erste_kollision_m":{"O":2},"flaeche_m2":162,"neigung_grad":8.7,"ausrichtung_grad":118,"weg_abstand_m":195,"wald_hinweis":false}},{"type":"Feature","geometry":{"type":"Point","coordinates":[11.444826,46.622129]},"properties":{"id":1315,"hoehe_m":2063,"sektoren_frei":[],"sektoren_blockiert":["SW"],"erste_kollision_m":{"SW":11},"flaeche_m2":331,"neigung_grad":15.0,"ausrichtung_grad":190,"weg_abstand_m":341,"wald_hinweis":false}},{"type":"Feature","geometry":{"type":"Point","coordinates":[11.433938,46.641486]},"properties":{"id":1316,"hoehe_m":2063,"sektoren_frei":[],"sektoren_blockiert":["SO"],"erste_kollision_m":{"SO":47},"flaeche_m2":119,"neigung_grad":20.6,"ausrichtung_grad":167,"weg_abstand_m":90,"wald_hinweis":false}},{"type":"Feature","geometry":{"type":"Point","coordinates":[11.470777,46.632664]},"properties":{"id":1317,"hoehe_m":2063,"sektoren_frei":[],"sektoren_blockiert":["NNO"],"erste_kollision_m":{"NNO":8},"flaeche_m2":462,"neigung_grad":8.5,"ausrichtung_grad":50,"weg_abstand_m":198,"wald_hinweis":false}},{"type":"Feature","geometry":{"type":"Point","coordinates":[11.444636,46.604854]},"properties":{"id":1318,"hoehe_m":2063,"sektoren_frei":[],"sektoren_blockiert":["SO"],"erste_kollision_m":{"SO":11},"flaeche_m2":131,"neigung_grad":9.2,"ausrichtung_grad":156,"weg_abstand_m":139,"wald_hinweis":false}},{"type":"Feature","geometry":{"type":"Point","coordinates":[11.450723,46.605916]},"properties":{"id":1319,"hoehe_m":2063,"sektoren_frei":[],"sektoren_blockiert":["SO"],"erste_kollision_m":{"SO":4},"flaeche_m2":1888,"neigung_grad":11.8,"ausrichtung_grad":172,"weg_abstand_m":68,"wald_hinweis":false}},{"type":"Feature","geometry":{"type":"Point","coordinates":[11.45541,46.640982]},"properties":{"id":1320,"hoehe_m":2063,"sektoren_frei":[],"sektoren_blockiert":["SSW","SW","WSW","W"],"erste_kollision_m":{"SSW":6,"SW":6,"WSW":38,"W":29},"flaeche_m2":2944,"neigung_grad":10.5,"ausrichtung_grad":249,"weg_abstand_m":12,"wald_hinweis":false}},{"type":"Feature","geometry":{"type":"Point","coordinates":[11.43964,46.615738]},"properties":{"id":1321,"hoehe_m":2063,"sektoren_frei":[],"sektoren_blockiert":["N","NNO","NW","NNW"],"erste_kollision_m":{"N":433,"NNO":67,"NW":4,"NNW":20},"flaeche_m2":1144,"neigung_grad":11.7,"ausrichtung_grad":349,"weg_abstand_m":49,"wald_hinweis":false}},{"type":"Feature","geometry":{"type":"Point","coordinates":[11.428592,46.636628]},"properties":{"id":1322,"hoehe_m":2063,"sektoren_frei":["O"],"sektoren_blockiert":[],"erste_kollision_m":{},"flaeche_m2":36281,"neigung_grad":20.8,"ausrichtung_grad":96,"weg_abstand_m":482,"wald_hinweis":false}},{"type":"Feature","geometry":{"type":"Point","coordinates":[11.457745,46.597328]},"properties":{"id":1323,"hoehe_m":2063,"sektoren_frei":[],"sektoren_blockiert":["NO"],"erste_kollision_m":{"NO":6},"flaeche_m2":944,"neigung_grad":10.3,"ausrichtung_grad":61,"weg_abstand_m":81,"wald_hinweis":false}},{"type":"Feature","geometry":{"type":"Point","coordinates":[11.465435,46.623644]},"properties":{"id":1324,"hoehe_m":2063,"sektoren_frei":[],"sektoren_blockiert":["ONO","O"],"erste_kollision_m":{"ONO":27,"O":24},"flaeche_m2":156,"neigung_grad":9.8,"ausrichtung_grad":85,"weg_abstand_m":135,"wald_hinweis":false}},{"type":"Feature","geometry":{"type":"Point","coordinates":[11.461525,46.636081]},"properties":{"id":1325,"hoehe_m":2063,"sektoren_frei":[],"sektoren_blockiert":["NW","NNW"],"erste_kollision_m":{"NW":6,"NNW":10},"flaeche_m2":725,"neigung_grad":11.5,"ausrichtung_grad":339,"weg_abstand_m":5,"wald_hinweis":false}},{"type":"Feature","geometry":{"type":"Point","coordinates":[11.448044,46.639183]},"properties":{"id":1326,"hoehe_m":2063,"sektoren_frei":["S"],"sektoren_blockiert":[],"erste_kollision_m":{},"flaeche_m2":90531,"neigung_grad":15.0,"ausrichtung_grad":143,"weg_abstand_m":118,"wald_hinweis":false}},{"type":"Feature","geometry":{"type":"Point","coordinates":[11.437061,46.616468]},"properties":{"id":1327,"hoehe_m":2063,"sektoren_frei":[],"sektoren_blockiert":["N","ONO"],"erste_kollision_m":{"N":2,"ONO":10},"flaeche_m2":5744,"neigung_grad":8.2,"ausrichtung_grad":21,"weg_abstand_m":3,"wald_hinweis":false}},{"type":"Feature","geometry":{"type":"Point","coordinates":[11.461066,46.636046]},"properties":{"id":1328,"hoehe_m":2062,"sektoren_frei":[],"sektoren_blockiert":["NNO"],"erste_kollision_m":{"NNO":25},"flaeche_m2":425,"neigung_grad":9.9,"ausrichtung_grad":2,"weg_abstand_m":9,"wald_hinweis":false}},{"type":"Feature","geometry":{"type":"Point","coordinates":[11.444238,46.605447]},"properties":{"id":1329,"hoehe_m":2062,"sektoren_frei":[],"sektoren_blockiert":["WSW"],"erste_kollision_m":{"WSW":12},"flaeche_m2":519,"neigung_grad":8.9,"ausrichtung_grad":280,"weg_abstand_m":211,"wald_hinweis":false}},{"type":"Feature","geometry":{"type":"Point","coordinates":[11.473047,46.628722]},"properties":{"id":1330,"hoehe_m":2062,"sektoren_frei":[],"sektoren_blockiert":["NO"],"erste_kollision_m":{"NO":4},"flaeche_m2":175,"neigung_grad":8.6,"ausrichtung_grad":62,"weg_abstand_m":103,"wald_hinweis":false}},{"type":"Feature","geometry":{"type":"Point","coordinates":[11.452344,46.595531]},"properties":{"id":1331,"hoehe_m":2062,"sektoren_frei":["SW"],"sektoren_blockiert":[],"erste_kollision_m":{},"flaeche_m2":4269,"neigung_grad":14.7,"ausrichtung_grad":222,"weg_abstand_m":27,"wald_hinweis":false}},{"type":"Feature","geometry":{"type":"Point","coordinates":[11.457496,46.596861]},"properties":{"id":1332,"hoehe_m":2062,"sektoren_frei":["SO"],"sektoren_blockiert":[],"erste_kollision_m":{},"flaeche_m2":99556,"neigung_grad":12.6,"ausrichtung_grad":139,"weg_abstand_m":85,"wald_hinweis":false}},{"type":"Feature","geometry":{"type":"Point","coordinates":[11.459623,46.638079]},"properties":{"id":1333,"hoehe_m":2062,"sektoren_frei":[],"sektoren_blockiert":["SO"],"erste_kollision_m":{"SO":11},"flaeche_m2":831,"neigung_grad":10.6,"ausrichtung_grad":113,"weg_abstand_m":30,"wald_hinweis":false}},{"type":"Feature","geometry":{"type":"Point","coordinates":[11.453067,46.605776]},"properties":{"id":1334,"hoehe_m":2062,"sektoren_frei":["SSW"],"sektoren_blockiert":[],"erste_kollision_m":{},"flaeche_m2":703719,"neigung_grad":9.9,"ausrichtung_grad":187,"weg_abstand_m":88,"wald_hinweis":false}},{"type":"Feature","geometry":{"type":"Point","coordinates":[11.42857,46.636133]},"properties":{"id":1335,"hoehe_m":2062,"sektoren_frei":["SSO"],"sektoren_blockiert":[],"erste_kollision_m":{},"flaeche_m2":844,"neigung_grad":18.5,"ausrichtung_grad":121,"weg_abstand_m":438,"wald_hinweis":false}},{"type":"Feature","geometry":{"type":"Point","coordinates":[11.473731,46.630103]},"properties":{"id":1336,"hoehe_m":2062,"sektoren_frei":[],"sektoren_blockiert":["S"],"erste_kollision_m":{"S":10},"flaeche_m2":1775,"neigung_grad":13.8,"ausrichtung_grad":164,"weg_abstand_m":160,"wald_hinweis":false}},{"type":"Feature","geometry":{"type":"Point","coordinates":[11.440526,46.610746]},"properties":{"id":1337,"hoehe_m":2062,"sektoren_frei":[],"sektoren_blockiert":["O","SSO"],"erste_kollision_m":{"O":10,"SSO":8},"flaeche_m2":1275,"neigung_grad":11.7,"ausrichtung_grad":137,"weg_abstand_m":231,"wald_hinweis":false}},{"type":"Feature","geometry":{"type":"Point","coordinates":[11.432528,46.611502]},"properties":{"id":1338,"hoehe_m":2061,"sektoren_frei":["WSW","W"],"sektoren_blockiert":["SSW","SW"],"erste_kollision_m":{"SSW":6,"SW":4},"flaeche_m2":1194,"neigung_grad":10.5,"ausrichtung_grad":245,"weg_abstand_m":10,"wald_hinweis":false}},{"type":"Feature","geometry":{"type":"Point","coordinates":[11.457895,46.597032]},"properties":{"id":1339,"hoehe_m":2061,"sektoren_frei":["O","OSO","OSO","SO","SO"],"sektoren_blockiert":["NNO"],"erste_kollision_m":{"NNO":30},"flaeche_m2":99556,"neigung_grad":11.1,"ausrichtung_grad":133,"weg_abstand_m":103,"wald_hinweis":false}},{"type":"Feature","geometry":{"type":"Point","coordinates":[11.458317,46.637365]},"properties":{"id":1340,"hoehe_m":2061,"sektoren_frei":[],"sektoren_blockiert":["SW","WSW","W"],"erste_kollision_m":{"SW":4,"WSW":15,"W":2},"flaeche_m2":9106,"neigung_grad":9.1,"ausrichtung_grad":256,"weg_abstand_m":44,"wald_hinweis":false}},{"type":"Feature","geometry":{"type":"Point","coordinates":[11.458293,46.637545]},"properties":{"id":1341,"hoehe_m":2061,"sektoren_frei":[],"sektoren_blockiert":["WNW","NW"],"erste_kollision_m":{"WNW":12,"NW":6},"flaeche_m2":2275,"neigung_grad":10.6,"ausrichtung_grad":288,"weg_abstand_m":36,"wald_hinweis":false}},{"type":"Feature","geometry":{"type":"Point","coordinates":[11.459648,46.605477]},"properties":{"id":1342,"hoehe_m":2061,"sektoren_frei":[],"sektoren_blockiert":["OSO"],"erste_kollision_m":{"OSO":38},"flaeche_m2":188,"neigung_grad":12.7,"ausrichtung_grad":139,"weg_abstand_m":63,"wald_hinweis":false}},{"type":"Feature","geometry":{"type":"Point","coordinates":[11.459736,46.638392]},"properties":{"id":1343,"hoehe_m":2061,"sektoren_frei":[],"sektoren_blockiert":["SO"],"erste_kollision_m":{"SO":11},"flaeche_m2":194,"neigung_grad":9.6,"ausrichtung_grad":119,"weg_abstand_m":63,"wald_hinweis":false}},{"type":"Feature","geometry":{"type":"Point","coordinates":[11.457919,46.597572]},"properties":{"id":1344,"hoehe_m":2061,"sektoren_frei":["O"],"sektoren_blockiert":[],"erste_kollision_m":{},"flaeche_m2":63169,"neigung_grad":11.8,"ausrichtung_grad":83,"weg_abstand_m":92,"wald_hinweis":false}},{"type":"Feature","geometry":{"type":"Point","coordinates":[11.441964,46.623113]},"properties":{"id":1345,"hoehe_m":2061,"sektoren_frei":["WNW","NW"],"sektoren_blockiert":[],"erste_kollision_m":{},"flaeche_m2":13900,"neigung_grad":13.2,"ausrichtung_grad":276,"weg_abstand_m":537,"wald_hinweis":false}},{"type":"Feature","geometry":{"type":"Point","coordinates":[11.443919,46.639698]},"properties":{"id":1346,"hoehe_m":2061,"sektoren_frei":[],"sektoren_blockiert":["SSO","SSW"],"erste_kollision_m":{"SSO":6,"SSW":6},"flaeche_m2":14931,"neigung_grad":9.2,"ausrichtung_grad":193,"weg_abstand_m":6,"wald_hinweis":false}},{"type":"Feature","geometry":{"type":"Point","coordinates":[11.467089,46.624104]},"properties":{"id":1347,"hoehe_m":2061,"sektoren_frei":[],"sektoren_blockiert":["SSO"],"erste_kollision_m":{"SSO":6},"flaeche_m2":138,"neigung_grad":9.8,"ausrichtung_grad":167,"weg_abstand_m":127,"wald_hinweis":false}},{"type":"Feature","geometry":{"type":"Point","coordinates":[11.471334,46.626239]},"properties":{"id":1348,"hoehe_m":2060,"sektoren_frei":[],"sektoren_blockiert":["SSO"],"erste_kollision_m":{"SSO":6},"flaeche_m2":119,"neigung_grad":11.8,"ausrichtung_grad":143,"weg_abstand_m":1,"wald_hinweis":false}},{"type":"Feature","geometry":{"type":"Point","coordinates":[11.458692,46.638437]},"properties":{"id":1349,"hoehe_m":2060,"sektoren_frei":[],"sektoren_blockiert":["WNW"],"erste_kollision_m":{"WNW":37},"flaeche_m2":244,"neigung_grad":11.8,"ausrichtung_grad":290,"weg_abstand_m":47,"wald_hinweis":false}},{"type":"Feature","geometry":{"type":"Point","coordinates":[11.446773,46.605191]},"properties":{"id":1350,"hoehe_m":2060,"sektoren_frei":["S"],"sektoren_blockiert":[],"erste_kollision_m":{},"flaeche_m2":896231,"neigung_grad":12.7,"ausrichtung_grad":149,"weg_abstand_m":87,"wald_hinweis":false}},{"type":"Feature","geometry":{"type":"Point","coordinates":[11.443527,46.639707]},"properties":{"id":1351,"hoehe_m":2060,"sektoren_frei":[],"sektoren_blockiert":["SW","WSW"],"erste_kollision_m":{"SW":15,"WSW":13},"flaeche_m2":6938,"neigung_grad":9.7,"ausrichtung_grad":214,"weg_abstand_m":9,"wald_hinweis":false}},{"type":"Feature","geometry":{"type":"Point","coordinates":[11.447042,46.605365]},"properties":{"id":1352,"hoehe_m":2060,"sektoren_frei":["S"],"sektoren_blockiert":[],"erste_kollision_m":{},"flaeche_m2":896231,"neigung_grad":14.1,"ausrichtung_grad":144,"weg_abstand_m":88,"wald_hinweis":false}},{"type":"Feature","geometry":{"type":"Point","coordinates":[11.445448,46.604769]},"properties":{"id":1353,"hoehe_m":2060,"sektoren_frei":["SO","SO"],"sektoren_blockiert":["SSW","SSW"],"erste_kollision_m":{"SSW":20},"flaeche_m2":148512,"neigung_grad":11.5,"ausrichtung_grad":158,"weg_abstand_m":99,"wald_hinweis":false}},{"type":"Feature","geometry":{"type":"Point","coordinates":[11.474756,46.631093]},"properties":{"id":1354,"hoehe_m":2060,"sektoren_frei":[],"sektoren_blockiert":["OSO","SO"],"erste_kollision_m":{"OSO":12,"SO":9},"flaeche_m2":319,"neigung_grad":10.0,"ausrichtung_grad":113,"weg_abstand_m":145,"wald_hinweis":false}},{"type":"Feature","geometry":{"type":"Point","coordinates":[11.435628,46.617286]},"properties":{"id":1355,"hoehe_m":2060,"sektoren_frei":[],"sektoren_blockiert":["WSW","W","WNW","NW"],"erste_kollision_m":{"WSW":6,"W":24,"WNW":27,"NW":7},"flaeche_m2":744,"neigung_grad":11.5,"ausrichtung_grad":276,"weg_abstand_m":81,"wald_hinweis":false}},{"type":"Feature","geometry":{"type":"Point","coordinates":[11.465721,46.623458]},"properties":{"id":1356,"hoehe_m":2060,"sektoren_frei":[],"sektoren_blockiert":["ONO","O"],"erste_kollision_m":{"ONO":6,"O":42},"flaeche_m2":744,"neigung_grad":10.9,"ausrichtung_grad":108,"weg_abstand_m":109,"wald_hinweis":false}},{"type":"Feature","geometry":{"type":"Point","coordinates":[11.44032,46.610526]},"properties":{"id":1357,"hoehe_m":2060,"sektoren_frei":[],"sektoren_blockiert":["O","S","SSW"],"erste_kollision_m":{"O":2,"S":2,"SSW":6},"flaeche_m2":350,"neigung_grad":12.5,"ausrichtung_grad":120,"weg_abstand_m":232,"wald_hinweis":false}},{"type":"Feature","geometry":{"type":"Point","coordinates":[11.440114,46.640072]},"properties":{"id":1358,"hoehe_m":2060,"sektoren_frei":[],"sektoren_blockiert":["SW"],"erste_kollision_m":{"SW":4},"flaeche_m2":41394,"neigung_grad":9.6,"ausrichtung_grad":188,"weg_abstand_m":8,"wald_hinweis":false}},{"type":"Feature","geometry":{"type":"Point","coordinates":[11.453832,46.639306]},"properties":{"id":1359,"hoehe_m":2060,"sektoren_frei":[],"sektoren_blockiert":["ONO","O","O","OSO","SO","SSO","S"],"erste_kollision_m":{"ONO":6,"O":2,"OSO":13,"SO":11,"SSO":8,"S":2},"flaeche_m2":82106,"neigung_grad":11.2,"ausrichtung_grad":151,"weg_abstand_m":97,"wald_hinweis":false}},{"type":"Feature","geometry":{"type":"Point","coordinates":[11.457669,46.638931]},"properties":{"id":1360,"hoehe_m":2060,"sektoren_frei":[],"sektoren_blockiert":["WSW","W"],"erste_kollision_m":{"WSW":25,"W":24},"flaeche_m2":281,"neigung_grad":11.3,"ausrichtung_grad":242,"weg_abstand_m":16,"wald_hinweis":false}},{"type":"Feature","geometry":{"type":"Point","coordinates":[11.432579,46.611186]},"properties":{"id":1361,"hoehe_m":2060,"sektoren_frei":[],"sektoren_blockiert":["W","WNW"],"erste_kollision_m":{"W":21,"WNW":20},"flaeche_m2":506,"neigung_grad":12.0,"ausrichtung_grad":268,"weg_abstand_m":14,"wald_hinweis":false}},{"type":"Feature","geometry":{"type":"Point","coordinates":[11.437953,46.609429]},"properties":{"id":1362,"hoehe_m":2060,"sektoren_frei":["SSW"],"sektoren_blockiert":[],"erste_kollision_m":{},"flaeche_m2":145556,"neigung_grad":15.0,"ausrichtung_grad":175,"weg_abstand_m":160,"wald_hinweis":false}},{"type":"Feature","geometry":{"type":"Point","coordinates":[11.449027,46.605952]},"properties":{"id":1363,"hoehe_m":2060,"sektoren_frei":["SSO"],"sektoren_blockiert":["SO"],"erste_kollision_m":{"SO":11},"flaeche_m2":795925,"neigung_grad":12.2,"ausrichtung_grad":185,"weg_abstand_m":81,"wald_hinweis":false}},{"type":"Feature","geometry":{"type":"Point","coordinates":[11.45046,46.629749]},"properties":{"id":1364,"hoehe_m":2060,"sektoren_frei":[],"sektoren_blockiert":["NNO"],"erste_kollision_m":{"NNO":12},"flaeche_m2":919,"neigung_grad":12.8,"ausrichtung_grad":346,"weg_abstand_m":261,"wald_hinweis":false}},{"type":"Feature","geometry":{"type":"Point","coordinates":[11.467576,46.625488]},"properties":{"id":1365,"hoehe_m":2059,"sektoren_frei":[],"sektoren_blockiert":["SW"],"erste_kollision_m":{"SW":28},"flaeche_m2":156,"neigung_grad":13.6,"ausrichtung_grad":191,"weg_abstand_m":54,"wald_hinweis":false}},{"type":"Feature","geometry":{"type":"Point","coordinates":[11.446302,46.617193]},"properties":{"id":1366,"hoehe_m":2059,"sektoren_frei":[],"sektoren_blockiert":["NW"],"erste_kollision_m":{"NW":4},"flaeche_m2":1975,"neigung_grad":11.2,"ausrichtung_grad":299,"weg_abstand_m":63,"wald_hinweis":false}},{"type":"Feature","geometry":{"type":"Point","coordinates":[11.461405,46.636308]},"properties":{"id":1367,"hoehe_m":2059,"sektoren_frei":[],"sektoren_blockiert":["NNO"],"erste_kollision_m":{"NNO":28},"flaeche_m2":17844,"neigung_grad":12.1,"ausrichtung_grad":1,"weg_abstand_m":26,"wald_hinweis":false}},{"type":"Feature","geometry":{"type":"Point","coordinates":[11.433008,46.612009]},"properties":{"id":1368,"hoehe_m":2059,"sektoren_frei":[],"sektoren_blockiert":["N","NNW"],"erste_kollision_m":{"N":2,"NNW":6},"flaeche_m2":1050,"neigung_grad":9.0,"ausrichtung_grad":342,"weg_abstand_m":10,"wald_hinweis":false}},{"type":"Feature","geometry":{"type":"Point","coordinates":[11.472374,46.608937]},"properties":{"id":1369,"hoehe_m":2059,"sektoren_frei":[],"sektoren_blockiert":["S","SSW","SW"],"erste_kollision_m":{"S":8,"SSW":42,"SW":25},"flaeche_m2":2200,"neigung_grad":15.3,"ausrichtung_grad":199,"weg_abstand_m":141,"wald_hinweis":false}},{"type":"Feature","geometry":{"type":"Point","coordinates":[11.472118,46.609033]},"properties":{"id":1370,"hoehe_m":2059,"sektoren_frei":[],"sektoren_blockiert":["SSO"],"erste_kollision_m":{"SSO":27},"flaeche_m2":688,"neigung_grad":12.8,"ausrichtung_grad":173,"weg_abstand_m":125,"wald_hinweis":true}},{"type":"Feature","geometry":{"type":"Point","coordinates":[11.43414,46.613943]},"properties":{"id":1371,"hoehe_m":2059,"sektoren_frei":[],"sektoren_blockiert":["NNW"],"erste_kollision_m":{"NNW":10},"flaeche_m2":181,"neigung_grad":12.9,"ausrichtung_grad":304,"weg_abstand_m":39,"wald_hinweis":false}},{"type":"Feature","geometry":{"type":"Point","coordinates":[11.447576,46.605623]},"properties":{"id":1372,"hoehe_m":2059,"sektoren_frei":["S"],"sektoren_blockiert":[],"erste_kollision_m":{},"flaeche_m2":896231,"neigung_grad":15.6,"ausrichtung_grad":144,"weg_abstand_m":91,"wald_hinweis":false}},{"type":"Feature","geometry":{"type":"Point","coordinates":[11.45779,46.638704]},"properties":{"id":1373,"hoehe_m":2059,"sektoren_frei":[],"sektoren_blockiert":["SO"],"erste_kollision_m":{"SO":11},"flaeche_m2":150,"neigung_grad":11.2,"ausrichtung_grad":152,"weg_abstand_m":15,"wald_hinweis":false}},{"type":"Feature","geometry":{"type":"Point","coordinates":[11.444709,46.639097]},"properties":{"id":1374,"hoehe_m":2059,"sektoren_frei":[],"sektoren_blockiert":["S"],"erste_kollision_m":{"S":8},"flaeche_m2":119,"neigung_grad":9.4,"ausrichtung_grad":216,"weg_abstand_m":31,"wald_hinweis":false}},{"type":"Feature","geometry":{"type":"Point","coordinates":[11.470958,46.625888]},"properties":{"id":1375,"hoehe_m":2059,"sektoren_frei":[],"sektoren_blockiert":["O"],"erste_kollision_m":{"O":5},"flaeche_m2":344,"neigung_grad":11.9,"ausrichtung_grad":99,"weg_abstand_m":19,"wald_hinweis":false}},{"type":"Feature","geometry":{"type":"Point","coordinates":[11.46512,46.621739]},"properties":{"id":1376,"hoehe_m":2059,"sektoren_frei":[],"sektoren_blockiert":["SO"],"erste_kollision_m":{"SO":6},"flaeche_m2":194,"neigung_grad":8.1,"ausrichtung_grad":101,"weg_abstand_m":29,"wald_hinweis":false}},{"type":"Feature","geometry":{"type":"Point","coordinates":[11.457388,46.596638]},"properties":{"id":1377,"hoehe_m":2059,"sektoren_frei":[],"sektoren_blockiert":["SSW"],"erste_kollision_m":{"SSW":83},"flaeche_m2":1112,"neigung_grad":18.3,"ausrichtung_grad":174,"weg_abstand_m":95,"wald_hinweis":false}},{"type":"Feature","geometry":{"type":"Point","coordinates":[11.457512,46.605163]},"properties":{"id":1378,"hoehe_m":2059,"sektoren_frei":[],"sektoren_blockiert":["S","SSW"],"erste_kollision_m":{"S":5,"SSW":6},"flaeche_m2":906,"neigung_grad":8.2,"ausrichtung_grad":205,"weg_abstand_m":58,"wald_hinweis":false}},{"type":"Feature","geometry":{"type":"Point","coordinates":[11.446154,46.618996]},"properties":{"id":1379,"hoehe_m":2059,"sektoren_frei":[],"sektoren_blockiert":["NW"],"erste_kollision_m":{"NW":26},"flaeche_m2":20781,"neigung_grad":12.8,"ausrichtung_grad":279,"weg_abstand_m":20,"wald_hinweis":false}},{"type":"Feature","geometry":{"type":"Point","coordinates":[11.443944,46.605431]},"properties":{"id":1380,"hoehe_m":2059,"sektoren_frei":[],"sektoren_blockiert":["NNW","NNW"],"erste_kollision_m":{"NNW":8},"flaeche_m2":150,"neigung_grad":11.5,"ausrichtung_grad":302,"weg_abstand_m":209,"wald_hinweis":false}},{"type":"Feature","geometry":{"type":"Point","coordinates":[11.457056,46.596533]},"properties":{"id":1381,"hoehe_m":2059,"sektoren_frei":[],"sektoren_blockiert":["SSW"],"erste_kollision_m":{"SSW":16},"flaeche_m2":169,"neigung_grad":21.5,"ausrichtung_grad":163,"weg_abstand_m":82,"wald_hinweis":false}},{"type":"Feature","geometry":{"type":"Point","coordinates":[11.467144,46.623877]},"properties":{"id":1382,"hoehe_m":2059,"sektoren_frei":[],"sektoren_blockiert":["SO","SSW"],"erste_kollision_m":{"SO":15,"SSW":16},"flaeche_m2":1856,"neigung_grad":10.9,"ausrichtung_grad":180,"weg_abstand_m":121,"wald_hinweis":false}},{"type":"Feature","geometry":{"type":"Point","coordinates":[11.456998,46.639261]},"properties":{"id":1383,"hoehe_m":2058,"sektoren_frei":[],"sektoren_blockiert":["S","SSW","SW","WSW"],"erste_kollision_m":{"S":8,"SSW":64,"SW":50,"WSW":48},"flaeche_m2":1512,"neigung_grad":11.6,"ausrichtung_grad":215,"weg_abstand_m":4,"wald_hinweis":false}},{"type":"Feature","geometry":{"type":"Point","coordinates":[11.444919,46.604623]},"properties":{"id":1384,"hoehe_m":2058,"sektoren_frei":[],"sektoren_blockiert":["OSO"],"erste_kollision_m":{"OSO":8},"flaeche_m2":1094,"neigung_grad":12.3,"ausrichtung_grad":149,"weg_abstand_m":107,"wald_hinweis":false}},{"type":"Feature","geometry":{"type":"Point","coordinates":[11.434346,46.614906]},"properties":{"id":1385,"hoehe_m":2058,"sektoren_frei":[],"sektoren_blockiert":["NW"],"erste_kollision_m":{"NW":9},"flaeche_m2":388,"neigung_grad":16.0,"ausrichtung_grad":287,"weg_abstand_m":21,"wald_hinweis":false}},{"type":"Feature","geometry":{"type":"Point","coordinates":[11.457462,46.638688]},"properties":{"id":1386,"hoehe_m":2058,"sektoren_frei":[],"sektoren_blockiert":["SW","WSW","W","WNW"],"erste_kollision_m":{"SW":6,"WSW":69,"W":66,"WNW":43},"flaeche_m2":900,"neigung_grad":14.8,"ausrichtung_grad":254,"weg_abstand_m":9,"wald_hinweis":false}},{"type":"Feature","geometry":{"type":"Point","coordinates":[11.474627,46.630421]},"properties":{"id":1387,"hoehe_m":2058,"sektoren_frei":[],"sektoren_blockiert":["O","OSO"],"erste_kollision_m":{"O":2,"OSO":98},"flaeche_m2":6969,"neigung_grad":9.5,"ausrichtung_grad":118,"weg_abstand_m":102,"wald_hinweis":false}},{"type":"Feature","geometry":{"type":"Point","coordinates":[11.465335,46.622882]},"properties":{"id":1388,"hoehe_m":2058,"sektoren_frei":[],"sektoren_blockiert":["OSO"],"erste_kollision_m":{"OSO":6},"flaeche_m2":150,"neigung_grad":8.1,"ausrichtung_grad":147,"weg_abstand_m":67,"wald_hinweis":false}},{"type":"Feature","geometry":{"type":"Point","coordinates":[11.469571,46.625535]},"properties":{"id":1389,"hoehe_m":2058,"sektoren_frei":[],"sektoren_blockiert":["SW"],"erste_kollision_m":{"SW":4},"flaeche_m2":6675,"neigung_grad":10.9,"ausrichtung_grad":192,"weg_abstand_m":52,"wald_hinweis":false}},{"type":"Feature","geometry":{"type":"Point","coordinates":[11.452362,46.639315]},"properties":{"id":1390,"hoehe_m":2058,"sektoren_frei":[],"sektoren_blockiert":["WSW"],"erste_kollision_m":{"WSW":6},"flaeche_m2":112,"neigung_grad":8.0,"ausrichtung_grad":263,"weg_abstand_m":131,"wald_hinweis":false}},{"type":"Feature","geometry":{"type":"Point","coordinates":[11.459924,46.63751]},"properties":{"id":1391,"hoehe_m":2058,"sektoren_frei":[],"sektoren_blockiert":["OSO"],"erste_kollision_m":{"OSO":15},"flaeche_m2":375,"neigung_grad":8.2,"ausrichtung_grad":93,"weg_abstand_m":28,"wald_hinweis":false}},{"type":"Feature","geometry":{"type":"Point","coordinates":[11.453452,46.60561]},"properties":{"id":1392,"hoehe_m":2058,"sektoren_frei":[],"sektoren_blockiert":["SO"],"erste_kollision_m":{"SO":4},"flaeche_m2":688,"neigung_grad":9.9,"ausrichtung_grad":164,"weg_abstand_m":84,"wald_hinweis":false}},{"type":"Feature","geometry":{"type":"Point","coordinates":[11.465664,46.620782]},"properties":{"id":1393,"hoehe_m":2058,"sektoren_frei":[],"sektoren_blockiert":["NO"],"erste_kollision_m":{"NO":4},"flaeche_m2":156,"neigung_grad":11.9,"ausrichtung_grad":47,"weg_abstand_m":23,"wald_hinweis":true}},{"type":"Feature","geometry":{"type":"Point","coordinates":[11.453197,46.638982]},"properties":{"id":1394,"hoehe_m":2058,"sektoren_frei":[],"sektoren_blockiert":["SSW","SW"],"erste_kollision_m":{"SSW":6,"SW":4},"flaeche_m2":68006,"neigung_grad":8.8,"ausrichtung_grad":178,"weg_abstand_m":77,"wald_hinweis":false}},{"type":"Feature","geometry":{"type":"Point","coordinates":[11.457858,46.604863]},"properties":{"id":1395,"hoehe_m":2058,"sektoren_frei":[],"sektoren_blockiert":["WSW"],"erste_kollision_m":{"WSW":10},"flaeche_m2":381,"neigung_grad":9.0,"ausrichtung_grad":221,"weg_abstand_m":28,"wald_hinweis":false}},{"type":"Feature","geometry":{"type":"Point","coordinates":[11.469748,46.608612]},"properties":{"id":1396,"hoehe_m":2058,"sektoren_frei":[],"sektoren_blockiert":["OSO"],"erste_kollision_m":{"OSO":8},"flaeche_m2":181,"neigung_grad":12.6,"ausrichtung_grad":144,"weg_abstand_m":80,"wald_hinweis":false}},{"type":"Feature","geometry":{"type":"Point","coordinates":[11.457372,46.634528]},"properties":{"id":1397,"hoehe_m":2058,"sektoren_frei":[],"sektoren_blockiert":["NO"],"erste_kollision_m":{"NO":28},"flaeche_m2":175,"neigung_grad":17.1,"ausrichtung_grad":18,"weg_abstand_m":34,"wald_hinweis":false}},{"type":"Feature","geometry":{"type":"Point","coordinates":[11.450353,46.605676]},"properties":{"id":1398,"hoehe_m":2058,"sektoren_frei":[],"sektoren_blockiert":["WSW"],"erste_kollision_m":{"WSW":8},"flaeche_m2":294,"neigung_grad":11.4,"ausrichtung_grad":211,"weg_abstand_m":38,"wald_hinweis":false}},{"type":"Feature","geometry":{"type":"Point","coordinates":[11.440532,46.639928]},"properties":{"id":1399,"hoehe_m":2058,"sektoren_frei":[],"sektoren_blockiert":["SO"],"erste_kollision_m":{"SO":4},"flaeche_m2":1688,"neigung_grad":9.1,"ausrichtung_grad":166,"weg_abstand_m":17,"wald_hinweis":false}},{"type":"Feature","geometry":{"type":"Point","coordinates":[11.439987,46.610375]},"properties":{"id":1400,"hoehe_m":2058,"sektoren_frei":[],"sektoren_blockiert":["SO","SSO","S","S","SSW"],"erste_kollision_m":{"SO":4,"SSO":6,"S":2,"SSW":12},"flaeche_m2":1844,"neigung_grad":9.0,"ausrichtung_grad":199,"weg_abstand_m":216,"wald_hinweis":false}},{"type":"Feature","geometry":{"type":"Point","coordinates":[11.445179,46.604595]},"properties":{"id":1401,"hoehe_m":2058,"sektoren_frei":["SO","S"],"sektoren_blockiert":[],"erste_kollision_m":{},"flaeche_m2":896231,"neigung_grad":11.4,"ausrichtung_grad":160,"weg_abstand_m":92,"wald_hinweis":false}},{"type":"Feature","geometry":{"type":"Point","coordinates":[11.451755,46.605624]},"properties":{"id":1402,"hoehe_m":2058,"sektoren_frei":["SSW"],"sektoren_blockiert":[],"erste_kollision_m":{},"flaeche_m2":703719,"neigung_grad":13.0,"ausrichtung_grad":181,"weg_abstand_m":40,"wald_hinweis":false}},{"type":"Feature","geometry":{"type":"Point","coordinates":[11.458292,46.636803]},"properties":{"id":1403,"hoehe_m":2058,"sektoren_frei":[],"sektoren_blockiert":["SW"],"erste_kollision_m":{"SW":4},"flaeche_m2":375,"neigung_grad":8.7,"ausrichtung_grad":206,"weg_abstand_m":2,"wald_hinweis":false}},{"type":"Feature","geometry":{"type":"Point","coordinates":[11.432434,46.610851]},"properties":{"id":1404,"hoehe_m":2057,"sektoren_frei":[],"sektoren_blockiert":["SSW"],"erste_kollision_m":{"SSW":8},"flaeche_m2":931,"neigung_grad":10.3,"ausrichtung_grad":219,"weg_abstand_m":37,"wald_hinweis":false}},{"type":"Feature","geometry":{"type":"Point","coordinates":[11.460294,46.63847]},"properties":{"id":1405,"hoehe_m":2057,"sektoren_frei":["ONO"],"sektoren_blockiert":[],"erste_kollision_m":{},"flaeche_m2":171600,"neigung_grad":13.3,"ausrichtung_grad":80,"weg_abstand_m":66,"wald_hinweis":false}},{"type":"Feature","geometry":{"type":"Point","coordinates":[11.469826,46.634012]},"properties":{"id":1406,"hoehe_m":2057,"sektoren_frei":[],"sektoren_blockiert":["N"],"erste_kollision_m":{"N":8},"flaeche_m2":138,"neigung_grad":15.8,"ausrichtung_grad":38,"weg_abstand_m":177,"wald_hinweis":false}},{"type":"Feature","geometry":{"type":"Point","coordinates":[11.465299,46.621352]},"properties":{"id":1407,"hoehe_m":2057,"sektoren_frei":[],"sektoren_blockiert":["NO"],"erste_kollision_m":{"NO":6},"flaeche_m2":3731,"neigung_grad":8.1,"ausrichtung_grad":78,"weg_abstand_m":14,"wald_hinweis":false}},{"type":"Feature","geometry":{"type":"Point","coordinates":[11.437496,46.616706]},"properties":{"id":1408,"hoehe_m":2057,"sektoren_frei":[],"sektoren_blockiert":["O"],"erste_kollision_m":{"O":18},"flaeche_m2":119,"neigung_grad":11.1,"ausrichtung_grad":55,"weg_abstand_m":34,"wald_hinweis":false}},{"type":"Feature","geometry":{"type":"Point","coordinates":[11.473854,46.629942]},"properties":{"id":1409,"hoehe_m":2057,"sektoren_frei":[],"sektoren_blockiert":["OSO","OSO"],"erste_kollision_m":{"OSO":10},"flaeche_m2":1294,"neigung_grad":9.7,"ausrichtung_grad":139,"weg_abstand_m":151,"wald_hinweis":false}},{"type":"Feature","geometry":{"type":"Point","coordinates":[11.458071,46.636988]},"properties":{"id":1410,"hoehe_m":2057,"sektoren_frei":[],"sektoren_blockiert":["SW"],"erste_kollision_m":{"SW":4},"flaeche_m2":606,"neigung_grad":8.2,"ausrichtung_grad":237,"weg_abstand_m":3,"wald_hinweis":false}},{"type":"Feature","geometry":{"type":"Point","coordinates":[11.461735,46.636391]},"properties":{"id":1411,"hoehe_m":2057,"sektoren_frei":[],"sektoren_blockiert":["NNW"],"erste_kollision_m":{"NNW":20},"flaeche_m2":131,"neigung_grad":12.9,"ausrichtung_grad":357,"weg_abstand_m":43,"wald_hinweis":false}},{"type":"Feature","geometry":{"type":"Point","coordinates":[11.465912,46.620484]},"properties":{"id":1412,"hoehe_m":2057,"sektoren_frei":[],"sektoren_blockiert":["O","OSO"],"erste_kollision_m":{"O":59,"OSO":27},"flaeche_m2":444,"neigung_grad":15.3,"ausrichtung_grad":96,"weg_abstand_m":61,"wald_hinweis":true}},{"type":"Feature","geometry":{"type":"Point","coordinates":[11.456282,46.605392]},"properties":{"id":1413,"hoehe_m":2057,"sektoren_frei":[],"sektoren_blockiert":["SSO"],"erste_kollision_m":{"SSO":6},"flaeche_m2":219,"neigung_grad":9.8,"ausrichtung_grad":186,"weg_abstand_m":30,"wald_hinweis":false}},{"type":"Feature","geometry":{"type":"Point","coordinates":[11.43619,46.639976]},"properties":{"id":1414,"hoehe_m":2057,"sektoren_frei":["S"],"sektoren_blockiert":["W"],"erste_kollision_m":{"W":194},"flaeche_m2":340575,"neigung_grad":24.8,"ausrichtung_grad":215,"weg_abstand_m":50,"wald_hinweis":false}},{"type":"Feature","geometry":{"type":"Point","coordinates":[11.441474,46.639818]},"properties":{"id":1415,"hoehe_m":2057,"sektoren_frei":[],"sektoren_blockiert":["WSW"],"erste_kollision_m":{"WSW":23},"flaeche_m2":281,"neigung_grad":9.2,"ausrichtung_grad":221,"weg_abstand_m":7,"wald_hinweis":false}},{"type":"Feature","geometry":{"type":"Point","coordinates":[11.441699,46.639723]},"properties":{"id":1416,"hoehe_m":2057,"sektoren_frei":[],"sektoren_blockiert":["SSO","S"],"erste_kollision_m":{"SSO":6,"S":8},"flaeche_m2":438,"neigung_grad":8.9,"ausrichtung_grad":187,"weg_abstand_m":14,"wald_hinweis":false}},{"type":"Feature","geometry":{"type":"Point","coordinates":[11.46613,46.620254]},"properties":{"id":1417,"hoehe_m":2057,"sektoren_frei":[],"sektoren_blockiert":["ONO"],"erste_kollision_m":{"ONO":189},"flaeche_m2":219,"neigung_grad":19.2,"ausrichtung_grad":68,"weg_abstand_m":31,"wald_hinweis":true}},{"type":"Feature","geometry":{"type":"Point","coordinates":[11.45417,46.639569]},"properties":{"id":1418,"hoehe_m":2057,"sektoren_frei":[],"sektoren_blockiert":["SO"],"erste_kollision_m":{"SO":6},"flaeche_m2":262,"neigung_grad":11.0,"ausrichtung_grad":142,"weg_abstand_m":102,"wald_hinweis":false}},{"type":"Feature","geometry":{"type":"Point","coordinates":[11.442727,46.609597]},"properties":{"id":1419,"hoehe_m":2057,"sektoren_frei":[],"sektoren_blockiert":["SSW"],"erste_kollision_m":{"SSW":45},"flaeche_m2":200,"neigung_grad":16.0,"ausrichtung_grad":237,"weg_abstand_m":273,"wald_hinweis":false}},{"type":"Feature","geometry":{"type":"Point","coordinates":[11.45901,46.605086]},"properties":{"id":1420,"hoehe_m":2057,"sektoren_frei":[],"sektoren_blockiert":["ONO","O"],"erste_kollision_m":{"ONO":6,"O":24},"flaeche_m2":1594,"neigung_grad":11.8,"ausrichtung_grad":95,"weg_abstand_m":55,"wald_hinweis":false}},{"type":"Feature","geometry":{"type":"Point","coordinates":[11.44522,46.638838]},"properties":{"id":1421,"hoehe_m":2057,"sektoren_frei":[],"sektoren_blockiert":["SSW"],"erste_kollision_m":{"SSW":20},"flaeche_m2":169,"neigung_grad":10.1,"ausrichtung_grad":188,"weg_abstand_m":45,"wald_hinweis":false}},{"type":"Feature","geometry":{"type":"Point","coordinates":[11.44133,46.610482]},"properties":{"id":1422,"hoehe_m":2057,"sektoren_frei":[],"sektoren_blockiert":["SO","SSO","S","SSW"],"erste_kollision_m":{"SO":6,"SSO":38,"S":29,"SSW":11},"flaeche_m2":1019,"neigung_grad":12.8,"ausrichtung_grad":169,"weg_abstand_m":289,"wald_hinweis":false}},{"type":"Feature","geometry":{"type":"Point","coordinates":[11.460105,46.637889]},"properties":{"id":1423,"hoehe_m":2057,"sektoren_frei":[],"sektoren_blockiert":["NO","NO","OSO"],"erste_kollision_m":{"NO":11,"OSO":6},"flaeche_m2":125,"neigung_grad":8.2,"ausrichtung_grad":50,"weg_abstand_m":6,"wald_hinweis":false}},{"type":"Feature","geometry":{"type":"Point","coordinates":[11.454461,46.605543]},"properties":{"id":1424,"hoehe_m":2057,"sektoren_frei":[],"sektoren_blockiert":["SO"],"erste_kollision_m":{"SO":4},"flaeche_m2":188,"neigung_grad":9.2,"ausrichtung_grad":172,"weg_abstand_m":63,"wald_hinweis":false}},{"type":"Feature","geometry":{"type":"Point","coordinates":[11.47054,46.625312]},"properties":{"id":1425,"hoehe_m":2057,"sektoren_frei":[],"sektoren_blockiert":["SSO"],"erste_kollision_m":{"SSO":40},"flaeche_m2":556,"neigung_grad":12.6,"ausrichtung_grad":156,"weg_abstand_m":54,"wald_hinweis":false}},{"type":"Feature","geometry":{"type":"Point","coordinates":[11.468126,46.625364]},"properties":{"id":1426,"hoehe_m":2056,"sektoren_frei":[],"sektoren_blockiert":["SW"],"erste_kollision_m":{"SW":4},"flaeche_m2":506,"neigung_grad":13.7,"ausrichtung_grad":187,"weg_abstand_m":10,"wald_hinweis":false}},{"type":"Feature","geometry":{"type":"Point","coordinates":[11.443654,46.604807]},"properties":{"id":1427,"hoehe_m":2056,"sektoren_frei":[],"sektoren_blockiert":["SSW","SW","WSW","W"],"erste_kollision_m":{"SSW":13,"SW":22,"WSW":13,"W":23},"flaeche_m2":2681,"neigung_grad":9.5,"ausrichtung_grad":232,"weg_abstand_m":153,"wald_hinweis":false}},{"type":"Feature","geometry":{"type":"Point","coordinates":[11.450943,46.639706]},"properties":{"id":1428,"hoehe_m":2056,"sektoren_frei":[],"sektoren_blockiert":["SSW"],"erste_kollision_m":{"SSW":6},"flaeche_m2":112,"neigung_grad":9.4,"ausrichtung_grad":183,"weg_abstand_m":74,"wald_hinweis":false}},{"type":"Feature","geometry":{"type":"Point","coordinates":[11.470237,46.608601]},"properties":{"id":1429,"hoehe_m":2056,"sektoren_frei":[],"sektoren_blockiert":["SSW"],"erste_kollision_m":{"SSW":6},"flaeche_m2":3706,"neigung_grad":16.4,"ausrichtung_grad":193,"weg_abstand_m":99,"wald_hinweis":true}},{"type":"Feature","geometry":{"type":"Point","coordinates":[11.438622,46.639586]},"properties":{"id":1430,"hoehe_m":2056,"sektoren_frei":[],"sektoren_blockiert":["OSO","SSW"],"erste_kollision_m":{"OSO":33,"SSW":16},"flaeche_m2":625,"neigung_grad":17.0,"ausrichtung_grad":153,"weg_abstand_m":58,"wald_hinweis":false}},{"type":"Feature","geometry":{"type":"Point","coordinates":[11.434139,46.615383]},"properties":{"id":1431,"hoehe_m":2056,"sektoren_frei":[],"sektoren_blockiert":["SSW"],"erste_kollision_m":{"SSW":15},"flaeche_m2":1925,"neigung_grad":10.5,"ausrichtung_grad":230,"weg_abstand_m":3,"wald_hinweis":false}},{"type":"Feature","geometry":{"type":"Point","coordinates":[11.45588,46.639802]},"properties":{"id":1432,"hoehe_m":2056,"sektoren_frei":[],"sektoren_blockiert":["S","SSW","SW"],"erste_kollision_m":{"S":24,"SSW":12,"SW":4},"flaeche_m2":625,"neigung_grad":11.7,"ausrichtung_grad":191,"weg_abstand_m":49,"wald_hinweis":false}},{"type":"Feature","geometry":{"type":"Point","coordinates":[11.473746,46.62972]},"properties":{"id":1433,"hoehe_m":2056,"sektoren_frei":[],"sektoren_blockiert":["O"],"erste_kollision_m":{"O":2},"flaeche_m2":138,"neigung_grad":8.4,"ausrichtung_grad":103,"weg_abstand_m":162,"wald_hinweis":false}},{"type":"Feature","geometry":{"type":"Point","coordinates":[11.470937,46.633313]},"properties":{"id":1434,"hoehe_m":2056,"sektoren_frei":[],"sektoren_blockiert":["N"],"erste_kollision_m":{"N":2},"flaeche_m2":119,"neigung_grad":8.4,"ausrichtung_grad":37,"weg_abstand_m":237,"wald_hinweis":false}},{"type":"Feature","geometry":{"type":"Point","coordinates":[11.467857,46.635247]},"properties":{"id":1435,"hoehe_m":2056,"sektoren_frei":["NO"],"sektoren_blockiert":[],"erste_kollision_m":{},"flaeche_m2":1506,"neigung_grad":22.5,"ausrichtung_grad":70,"weg_abstand_m":152,"wald_hinweis":false}},{"type":"Feature","geometry":{"type":"Point","coordinates":[11.470866,46.625282]},"properties":{"id":1436,"hoehe_m":2056,"sektoren_frei":[],"sektoren_blockiert":["SSO","SW"],"erste_kollision_m":{"SSO":6,"SW":34},"flaeche_m2":20581,"neigung_grad":13.2,"ausrichtung_grad":160,"weg_abstand_m":37,"wald_hinweis":false}},{"type":"Feature","geometry":{"type":"Point","coordinates":[11.458044,46.634941]},"properties":{"id":1437,"hoehe_m":2056,"sektoren_frei":[],"sektoren_blockiert":["WSW"],"erste_kollision_m":{"WSW":6},"flaeche_m2":150,"neigung_grad":11.2,"ausrichtung_grad":276,"weg_abstand_m":38,"wald_hinweis":false}},{"type":"Feature","geometry":{"type":"Point","coordinates":[11.444831,46.638914]},"properties":{"id":1438,"hoehe_m":2056,"sektoren_frei":[],"sektoren_blockiert":["S","SSW"],"erste_kollision_m":{"S":16,"SSW":16},"flaeche_m2":288,"neigung_grad":9.4,"ausrichtung_grad":196,"weg_abstand_m":37,"wald_hinweis":false}},{"type":"Feature","geometry":{"type":"Point","coordinates":[11.468308,46.60853]},"properties":{"id":1439,"hoehe_m":2056,"sektoren_frei":[],"sektoren_blockiert":["OSO"],"erste_kollision_m":{"OSO":12},"flaeche_m2":3400,"neigung_grad":16.0,"ausrichtung_grad":128,"weg_abstand_m":12,"wald_hinweis":false}},{"type":"Feature","geometry":{"type":"Point","coordinates":[11.444712,46.60438]},"properties":{"id":1440,"hoehe_m":2056,"sektoren_frei":[],"sektoren_blockiert":["SSW"],"erste_kollision_m":{"SSW":16},"flaeche_m2":181,"neigung_grad":11.3,"ausrichtung_grad":176,"weg_abstand_m":89,"wald_hinweis":false}},{"type":"Feature","geometry":{"type":"Point","coordinates":[11.447233,46.63857]},"properties":{"id":1441,"hoehe_m":2056,"sektoren_frei":["S"],"sektoren_blockiert":[],"erste_kollision_m":{},"flaeche_m2":90531,"neigung_grad":17.2,"ausrichtung_grad":169,"weg_abstand_m":71,"wald_hinweis":false}},{"type":"Feature","geometry":{"type":"Point","coordinates":[11.465705,46.620961]},"properties":{"id":1442,"hoehe_m":2056,"sektoren_frei":[],"sektoren_blockiert":["NO"],"erste_kollision_m":{"NO":31},"flaeche_m2":225,"neigung_grad":18.3,"ausrichtung_grad":47,"weg_abstand_m":18,"wald_hinweis":true}},{"type":"Feature","geometry":{"type":"Point","coordinates":[11.474015,46.629174]},"properties":{"id":1443,"hoehe_m":2056,"sektoren_frei":[],"sektoren_blockiert":["NO","ONO","O","OSO"],"erste_kollision_m":{"NO":26,"ONO":64,"O":82,"OSO":6},"flaeche_m2":2306,"neigung_grad":13.5,"ausrichtung_grad":79,"weg_abstand_m":126,"wald_hinweis":false}},{"type":"Feature","geometry":{"type":"Point","coordinates":[11.447888,46.621951]},"properties":{"id":1444,"hoehe_m":2055,"sektoren_frei":[],"sektoren_blockiert":["SSO"],"erste_kollision_m":{"SSO":12},"flaeche_m2":431,"neigung_grad":12.5,"ausrichtung_grad":188,"weg_abstand_m":341,"wald_hinweis":false}},{"type":"Feature","geometry":{"type":"Point","coordinates":[11.45061,46.605581]},"properties":{"id":1445,"hoehe_m":2055,"sektoren_frei":[],"sektoren_blockiert":["SW"],"erste_kollision_m":{"SW":4},"flaeche_m2":588,"neigung_grad":13.7,"ausrichtung_grad":185,"weg_abstand_m":31,"wald_hinweis":false}},{"type":"Feature","geometry":{"type":"Point","coordinates":[11.44645,46.638587]},"properties":{"id":1446,"hoehe_m":2055,"sektoren_frei":["S"],"sektoren_blockiert":[],"erste_kollision_m":{},"flaeche_m2":90531,"neigung_grad":12.7,"ausrichtung_grad":174,"weg_abstand_m":81,"wald_hinweis":false}},{"type":"Feature","geometry":{"type":"Point","coordinates":[11.446631,46.604946]},"properties":{"id":1447,"hoehe_m":2055,"sektoren_frei":[],"sektoren_blockiert":["O"],"erste_kollision_m":{"O":8},"flaeche_m2":225,"neigung_grad":18.9,"ausrichtung_grad":130,"weg_abstand_m":68,"wald_hinweis":false}},{"type":"Feature","geometry":{"type":"Point","coordinates":[11.452031,46.631987]},"properties":{"id":1448,"hoehe_m":2055,"sektoren_frei":["W"],"sektoren_blockiert":[],"erste_kollision_m":{},"flaeche_m2":33119,"neigung_grad":13.4,"ausrichtung_grad":284,"weg_abstand_m":134,"wald_hinweis":false}},{"type":"Feature","geometry":{"type":"Point","coordinates":[11.428841,46.636352]},"properties":{"id":1449,"hoehe_m":2055,"sektoren_frei":["O"],"sektoren_blockiert":[],"erste_kollision_m":{},"flaeche_m2":36281,"neigung_grad":19.3,"ausrichtung_grad":96,"weg_abstand_m":446,"wald_hinweis":false}},{"type":"Feature","geometry":{"type":"Point","coordinates":[11.444169,46.606079]},"properties":{"id":1450,"hoehe_m":2055,"sektoren_frei":[],"sektoren_blockiert":["N"],"erste_kollision_m":{"N":2},"flaeche_m2":2538,"neigung_grad":17.2,"ausrichtung_grad":326,"weg_abstand_m":209,"wald_hinweis":false}},{"type":"Feature","geometry":{"type":"Point","coordinates":[11.452075,46.595357]},"properties":{"id":1451,"hoehe_m":2055,"sektoren_frei":["SSW","WSW"],"sektoren_blockiert":["S","W"],"erste_kollision_m":{"S":53,"W":44},"flaeche_m2":3862,"neigung_grad":18.6,"ausrichtung_grad":227,"weg_abstand_m":43,"wald_hinweis":false}},{"type":"Feature","geometry":{"type":"Point","coordinates":[11.462077,46.605762]},"properties":{"id":1452,"hoehe_m":2055,"sektoren_frei":[],"sektoren_blockiert":["SW"],"erste_kollision_m":{"SW":4},"flaeche_m2":306,"neigung_grad":8.7,"ausrichtung_grad":193,"weg_abstand_m":54,"wald_hinweis":false}},{"type":"Feature","geometry":{"type":"Point","coordinates":[11.457726,46.637288]},"properties":{"id":1453,"hoehe_m":2055,"sektoren_frei":[],"sektoren_blockiert":["SW","NNW"],"erste_kollision_m":{"SW":4,"NNW":23},"flaeche_m2":1181,"neigung_grad":9.1,"ausrichtung_grad":232,"weg_abstand_m":7,"wald_hinweis":false}},{"type":"Feature","geometry":{"type":"Point","coordinates":[11.469423,46.634493]},"properties":{"id":1454,"hoehe_m":2055,"sektoren_frei":[],"sektoren_blockiert":["O"],"erste_kollision_m":{"O":64},"flaeche_m2":1300,"neigung_grad":15.0,"ausrichtung_grad":69,"weg_abstand_m":160,"wald_hinweis":false}},{"type":"Feature","geometry":{"type":"Point","coordinates":[11.45872,46.604439]},"properties":{"id":1455,"hoehe_m":2055,"sektoren_frei":[],"sektoren_blockiert":["SSO","S","SSW","SW"],"erste_kollision_m":{"SSO":16,"S":95,"SSW":23,"SW":6},"flaeche_m2":1612,"neigung_grad":10.0,"ausrichtung_grad":178,"weg_abstand_m":24,"wald_hinweis":false}},{"type":"Feature","geometry":{"type":"Point","coordinates":[11.426638,46.634577]},"properties":{"id":1456,"hoehe_m":2055,"sektoren_frei":[],"sektoren_blockiert":["O"],"erste_kollision_m":{"O":8},"flaeche_m2":131,"neigung_grad":16.0,"ausrichtung_grad":129,"weg_abstand_m":378,"wald_hinweis":false}},{"type":"Feature","geometry":{"type":"Point","coordinates":[11.443408,46.605128]},"properties":{"id":1457,"hoehe_m":2055,"sektoren_frei":[],"sektoren_blockiert":["WSW"],"erste_kollision_m":{"WSW":6},"flaeche_m2":112,"neigung_grad":7.7,"ausrichtung_grad":287,"weg_abstand_m":185,"wald_hinweis":false}},{"type":"Feature","geometry":{"type":"Point","coordinates":[11.460429,46.605415]},"properties":{"id":1458,"hoehe_m":2055,"sektoren_frei":[],"sektoren_blockiert":["SW"],"erste_kollision_m":{"SW":4},"flaeche_m2":1338,"neigung_grad":9.8,"ausrichtung_grad":191,"weg_abstand_m":42,"wald_hinweis":false}},{"type":"Feature","geometry":{"type":"Point","coordinates":[11.445978,46.617267]},"properties":{"id":1459,"hoehe_m":2055,"sektoren_frei":[],"sektoren_blockiert":["NNW"],"erste_kollision_m":{"NNW":18},"flaeche_m2":244,"neigung_grad":10.0,"ausrichtung_grad":309,"weg_abstand_m":39,"wald_hinweis":false}},{"type":"Feature","geometry":{"type":"Point","coordinates":[11.454598,46.639627]},"properties":{"id":1460,"hoehe_m":2055,"sektoren_frei":[],"sektoren_blockiert":["SSO"],"erste_kollision_m":{"SSO":6},"flaeche_m2":138,"neigung_grad":9.9,"ausrichtung_grad":152,"weg_abstand_m":88,"wald_hinweis":false}},{"type":"Feature","geometry":{"type":"Point","coordinates":[11.470248,46.62534]},"properties":{"id":1461,"hoehe_m":2054,"sektoren_frei":[],"sektoren_blockiert":["SSO"],"erste_kollision_m":{"SSO":9},"flaeche_m2":294,"neigung_grad":8.8,"ausrichtung_grad":161,"weg_abstand_m":49,"wald_hinweis":false}},{"type":"Feature","geometry":{"type":"Point","coordinates":[11.442573,46.639547]},"properties":{"id":1462,"hoehe_m":2054,"sektoren_frei":[],"sektoren_blockiert":["SSO"],"erste_kollision_m":{"SSO":23},"flaeche_m2":41300,"neigung_grad":10.4,"ausrichtung_grad":153,"weg_abstand_m":31,"wald_hinweis":false}},{"type":"Feature","geometry":{"type":"Point","coordinates":[11.453984,46.633273]},"properties":{"id":1463,"hoehe_m":2054,"sektoren_frei":[],"sektoren_blockiert":["WSW","WSW"],"erste_kollision_m":{"WSW":6},"flaeche_m2":438,"neigung_grad":19.2,"ausrichtung_grad":252,"weg_abstand_m":118,"wald_hinweis":false}},{"type":"Feature","geometry":{"type":"Point","coordinates":[11.471992,46.62564]},"properties":{"id":1464,"hoehe_m":2054,"sektoren_frei":[],"sektoren_blockiert":["SO","SSO","S","SW"],"erste_kollision_m":{"SO":4,"SSO":12,"S":5,"SW":4},"flaeche_m2":7488,"neigung_grad":9.1,"ausrichtung_grad":182,"weg_abstand_m":57,"wald_hinweis":false}},{"type":"Feature","geometry":{"type":"Point","coordinates":[11.438715,46.616208]},"properties":{"id":1465,"hoehe_m":2054,"sektoren_frei":[],"sektoren_blockiert":["N","NNO"],"erste_kollision_m":{"N":8,"NNO":12},"flaeche_m2":162,"neigung_grad":11.4,"ausrichtung_grad":27,"weg_abstand_m":4,"wald_hinweis":false}},{"type":"Feature","geometry":{"type":"Point","coordinates":[11.474948,46.630301]},"properties":{"id":1466,"hoehe_m":2054,"sektoren_frei":[],"sektoren_blockiert":["ONO"],"erste_kollision_m":{"ONO":9},"flaeche_m2":262,"neigung_grad":9.2,"ausrichtung_grad":104,"weg_abstand_m":74,"wald_hinweis":false}},{"type":"Feature","geometry":{"type":"Point","coordinates":[11.445146,46.63866]},"properties":{"id":1467,"hoehe_m":2054,"sektoren_frei":[],"sektoren_blockiert":["S","SSW","SW"],"erste_kollision_m":{"S":8,"SSW":28,"SW":4},"flaeche_m2":38531,"neigung_grad":8.5,"ausrichtung_grad":197,"weg_abstand_m":25,"wald_hinweis":false}},{"type":"Feature","geometry":{"type":"Point","coordinates":[11.471237,46.633441]},"properties":{"id":1468,"hoehe_m":2054,"sektoren_frei":[],"sektoren_blockiert":["N","O"],"erste_kollision_m":{"N":8,"O":2},"flaeche_m2":862,"neigung_grad":18.1,"ausrichtung_grad":57,"weg_abstand_m":264,"wald_hinweis":false}},{"type":"Feature","geometry":{"type":"Point","coordinates":[11.443927,46.639158]},"properties":{"id":1469,"hoehe_m":2054,"sektoren_frei":[],"sektoren_blockiert":["SSO"],"erste_kollision_m":{"SSO":6},"flaeche_m2":450,"neigung_grad":17.4,"ausrichtung_grad":148,"weg_abstand_m":29,"wald_hinweis":false}},{"type":"Feature","geometry":{"type":"Point","coordinates":[11.466768,46.607708]},"properties":{"id":1470,"hoehe_m":2054,"sektoren_frei":[],"sektoren_blockiert":["S"],"erste_kollision_m":{"S":8},"flaeche_m2":600,"neigung_grad":19.4,"ausrichtung_grad":165,"weg_abstand_m":55,"wald_hinweis":false}},{"type":"Feature","geometry":{"type":"Point","coordinates":[11.458433,46.597381]},"properties":{"id":1471,"hoehe_m":2054,"sektoren_frei":[],"sektoren_blockiert":["NO","NO","OSO"],"erste_kollision_m":{"NO":6,"OSO":9},"flaeche_m2":250,"neigung_grad":12.0,"ausrichtung_grad":73,"weg_abstand_m":133,"wald_hinweis":false}},{"type":"Feature","geometry":{"type":"Point","coordinates":[11.455854,46.605311]},"properties":{"id":1472,"hoehe_m":2054,"sektoren_frei":[],"sektoren_blockiert":["SW"],"erste_kollision_m":{"SW":4},"flaeche_m2":18881,"neigung_grad":9.6,"ausrichtung_grad":210,"weg_abstand_m":3,"wald_hinweis":false}},{"type":"Feature","geometry":{"type":"Point","coordinates":[11.448449,46.621377]},"properties":{"id":1473,"hoehe_m":2054,"sektoren_frei":[],"sektoren_blockiert":["SW"],"erste_kollision_m":{"SW":22},"flaeche_m2":125,"neigung_grad":15.3,"ausrichtung_grad":246,"weg_abstand_m":293,"wald_hinweis":false}},{"type":"Feature","geometry":{"type":"Point","coordinates":[11.457705,46.636838]},"properties":{"id":1474,"hoehe_m":2053,"sektoren_frei":[],"sektoren_blockiert":["WNW"],"erste_kollision_m":{"WNW":6},"flaeche_m2":238,"neigung_grad":9.5,"ausrichtung_grad":262,"weg_abstand_m":20,"wald_hinweis":false}},{"type":"Feature","geometry":{"type":"Point","coordinates":[11.469346,46.608395]},"properties":{"id":1475,"hoehe_m":2053,"sektoren_frei":["SSO"],"sektoren_blockiert":["OSO","SO"],"erste_kollision_m":{"OSO":13,"SO":11},"flaeche_m2":163675,"neigung_grad":14.3,"ausrichtung_grad":165,"weg_abstand_m":86,"wald_hinweis":true}},{"type":"Feature","geometry":{"type":"Point","coordinates":[11.428829,46.636083]},"properties":{"id":1476,"hoehe_m":2053,"sektoren_frei":["SSO"],"sektoren_blockiert":[],"erste_kollision_m":{},"flaeche_m2":844,"neigung_grad":17.5,"ausrichtung_grad":120,"weg_abstand_m":422,"wald_hinweis":false}},{"type":"Feature","geometry":{"type":"Point","coordinates":[11.432375,46.610268]},"properties":{"id":1477,"hoehe_m":2053,"sektoren_frei":["SW"],"sektoren_blockiert":[],"erste_kollision_m":{},"flaeche_m2":99250,"neigung_grad":13.2,"ausrichtung_grad":255,"weg_abstand_m":85,"wald_hinweis":false}},{"type":"Feature","geometry":{"type":"Point","coordinates":[11.455005,46.605307]},"properties":{"id":1478,"hoehe_m":2053,"sektoren_frei":[],"sektoren_blockiert":["SO"],"erste_kollision_m":{"SO":4},"flaeche_m2":131,"neigung_grad":9.1,"ausrichtung_grad":168,"weg_abstand_m":54,"wald_hinweis":false}},{"type":"Feature","geometry":{"type":"Point","coordinates":[11.465788,46.622062]},"properties":{"id":1479,"hoehe_m":2053,"sektoren_frei":[],"sektoren_blockiert":["SO"],"erste_kollision_m":{"SO":4},"flaeche_m2":39456,"neigung_grad":8.3,"ausrichtung_grad":139,"weg_abstand_m":15,"wald_hinweis":false}},{"type":"Feature","geometry":{"type":"Point","coordinates":[11.436632,46.609097]},"properties":{"id":1480,"hoehe_m":2053,"sektoren_frei":["SSW"],"sektoren_blockiert":[],"erste_kollision_m":{},"flaeche_m2":145556,"neigung_grad":12.2,"ausrichtung_grad":182,"weg_abstand_m":140,"wald_hinweis":false}},{"type":"Feature","geometry":{"type":"Point","coordinates":[11.45915,46.604565]},"properties":{"id":1481,"hoehe_m":2053,"sektoren_frei":["OSO"],"sektoren_blockiert":[],"erste_kollision_m":{},"flaeche_m2":2125,"neigung_grad":13.3,"ausrichtung_grad":99,"weg_abstand_m":15,"wald_hinweis":false}},{"type":"Feature","geometry":{"type":"Point","coordinates":[11.443568,46.604337]},"properties":{"id":1482,"hoehe_m":2053,"sektoren_frei":[],"sektoren_blockiert":["SW"],"erste_kollision_m":{"SW":20},"flaeche_m2":812,"neigung_grad":9.8,"ausrichtung_grad":231,"weg_abstand_m":103,"wald_hinweis":false}},{"type":"Feature","geometry":{"type":"Point","coordinates":[11.442208,46.63942]},"properties":{"id":1483,"hoehe_m":2053,"sektoren_frei":[],"sektoren_blockiert":["SO"],"erste_kollision_m":{"SO":9},"flaeche_m2":19950,"neigung_grad":9.6,"ausrichtung_grad":152,"weg_abstand_m":48,"wald_hinweis":false}},{"type":"Feature","geometry":{"type":"Point","coordinates":[11.42475,46.633987]},"properties":{"id":1484,"hoehe_m":2053,"sektoren_frei":[],"sektoren_blockiert":["SO"],"erste_kollision_m":{"SO":6},"flaeche_m2":500,"neigung_grad":12.0,"ausrichtung_grad":171,"weg_abstand_m":221,"wald_hinweis":false}},{"type":"Feature","geometry":{"type":"Point","coordinates":[11.474229,46.628854]},"properties":{"id":1485,"hoehe_m":2053,"sektoren_frei":[],"sektoren_blockiert":["NO"],"erste_kollision_m":{"NO":6},"flaeche_m2":775,"neigung_grad":10.9,"ausrichtung_grad":75,"weg_abstand_m":91,"wald_hinweis":false}},{"type":"Feature","geometry":{"type":"Point","coordinates":[11.474319,46.628672]},"properties":{"id":1486,"hoehe_m":2052,"sektoren_frei":[],"sektoren_blockiert":["OSO"],"erste_kollision_m":{"OSO":6},"flaeche_m2":238,"neigung_grad":11.6,"ausrichtung_grad":82,"weg_abstand_m":72,"wald_hinweis":false}},{"type":"Feature","geometry":{"type":"Point","coordinates":[11.458588,46.597917]},"properties":{"id":1487,"hoehe_m":2052,"sektoren_frei":["OSO"],"sektoren_blockiert":[],"erste_kollision_m":{},"flaeche_m2":96988,"neigung_grad":11.9,"ausrichtung_grad":98,"weg_abstand_m":146,"wald_hinweis":false}},{"type":"Feature","geometry":{"type":"Point","coordinates":[11.442216,46.609855]},"properties":{"id":1488,"hoehe_m":2052,"sektoren_frei":[],"sektoren_blockiert":["SSW","SSW"],"erste_kollision_m":{"SSW":21},"flaeche_m2":2369,"neigung_grad":13.6,"ausrichtung_grad":225,"weg_abstand_m":267,"wald_hinweis":false}},{"type":"Feature","geometry":{"type":"Point","coordinates":[11.434477,46.609098]},"properties":{"id":1489,"hoehe_m":2052,"sektoren_frei":[],"sektoren_blockiert":["OSO"],"erste_kollision_m":{"OSO":33},"flaeche_m2":2250,"neigung_grad":18.9,"ausrichtung_grad":153,"weg_abstand_m":56,"wald_hinweis":false}},{"type":"Feature","geometry":{"type":"Point","coordinates":[11.444353,46.62178]},"properties":{"id":1490,"hoehe_m":2052,"sektoren_frei":[],"sektoren_blockiert":["SO"],"erste_kollision_m":{"SO":6},"flaeche_m2":912,"neigung_grad":16.0,"ausrichtung_grad":170,"weg_abstand_m":316,"wald_hinweis":false}},{"type":"Feature","geometry":{"type":"Point","coordinates":[11.44152,46.63939]},"properties":{"id":1491,"hoehe_m":2052,"sektoren_frei":[],"sektoren_blockiert":["WSW"],"erste_kollision_m":{"WSW":6},"flaeche_m2":5112,"neigung_grad":9.6,"ausrichtung_grad":216,"weg_abstand_m":52,"wald_hinweis":false}},{"type":"Feature","geometry":{"type":"Point","coordinates":[11.44165,46.610318]},"properties":{"id":1492,"hoehe_m":2052,"sektoren_frei":[],"sektoren_blockiert":["SSW","SW"],"erste_kollision_m":{"SSW":25,"SW":31},"flaeche_m2":450,"neigung_grad":15.8,"ausrichtung_grad":199,"weg_abstand_m":286,"wald_hinweis":false}},{"type":"Feature","geometry":{"type":"Point","coordinates":[11.444626,46.638716]},"properties":{"id":1493,"hoehe_m":2052,"sektoren_frei":[],"sektoren_blockiert":["S"],"erste_kollision_m":{"S":10},"flaeche_m2":412,"neigung_grad":8.7,"ausrichtung_grad":203,"weg_abstand_m":10,"wald_hinweis":false}},{"type":"Feature","geometry":{"type":"Point","coordinates":[11.47122,46.625184]},"properties":{"id":1494,"hoehe_m":2052,"sektoren_frei":[],"sektoren_blockiert":["O"],"erste_kollision_m":{"O":2},"flaeche_m2":300,"neigung_grad":10.3,"ausrichtung_grad":111,"weg_abstand_m":14,"wald_hinweis":false}},{"type":"Feature","geometry":{"type":"Point","coordinates":[11.453713,46.638836]},"properties":{"id":1495,"hoehe_m":2052,"sektoren_frei":[],"sektoren_blockiert":["SSW"],"erste_kollision_m":{"SSW":9},"flaeche_m2":500,"neigung_grad":12.4,"ausrichtung_grad":163,"weg_abstand_m":50,"wald_hinweis":false}},{"type":"Feature","geometry":{"type":"Point","coordinates":[11.434008,46.614643]},"properties":{"id":1496,"hoehe_m":2052,"sektoren_frei":["W"],"sektoren_blockiert":[],"erste_kollision_m":{},"flaeche_m2":89475,"neigung_grad":14.7,"ausrichtung_grad":272,"weg_abstand_m":1,"wald_hinweis":false}},{"type":"Feature","geometry":{"type":"Point","coordinates":[11.458062,46.636065]},"properties":{"id":1497,"hoehe_m":2052,"sektoren_frei":[],"sektoren_blockiert":["SW","W","W","WNW"],"erste_kollision_m":{"SW":11,"W":2,"WNW":6},"flaeche_m2":669,"neigung_grad":9.3,"ausrichtung_grad":237,"weg_abstand_m":13,"wald_hinweis":false}},{"type":"Feature","geometry":{"type":"Point","coordinates":[11.455886,46.639217]},"properties":{"id":1498,"hoehe_m":2052,"sektoren_frei":[],"sektoren_blockiert":["SW"],"erste_kollision_m":{"SW":83},"flaeche_m2":2356,"neigung_grad":11.1,"ausrichtung_grad":229,"weg_abstand_m":49,"wald_hinweis":false}},{"type":"Feature","geometry":{"type":"Point","coordinates":[11.469901,46.608383]},"properties":{"id":1499,"hoehe_m":2052,"sektoren_frei":["SSO"],"sektoren_blockiert":[],"erste_kollision_m":{},"flaeche_m2":163675,"neigung_grad":14.1,"ausrichtung_grad":160,"weg_abstand_m":81,"wald_hinweis":true}},{"type":"Feature","geometry":{"type":"Point","coordinates":[11.443116,46.605179]},"properties":{"id":1500,"hoehe_m":2052,"sektoren_frei":["W"],"sektoren_blockiert":[],"erste_kollision_m":{},"flaeche_m2":95156,"neigung_grad":9.9,"ausrichtung_grad":286,"weg_abstand_m":165,"wald_hinweis":false}},{"type":"Feature","geometry":{"type":"Point","coordinates":[11.443147,46.639242]},"properties":{"id":1501,"hoehe_m":2052,"sektoren_frei":[],"sektoren_blockiert":["SSO"],"erste_kollision_m":{"SSO":12},"flaeche_m2":481,"neigung_grad":10.2,"ausrichtung_grad":171,"weg_abstand_m":67,"wald_hinweis":false}},{"type":"Feature","geometry":{"type":"Point","coordinates":[11.445498,46.638495]},"properties":{"id":1502,"hoehe_m":2052,"sektoren_frei":[],"sektoren_blockiert":["SSO"],"erste_kollision_m":{"SSO":6},"flaeche_m2":638,"neigung_grad":8.9,"ausrichtung_grad":168,"weg_abstand_m":24,"wald_hinweis":false}},{"type":"Feature","geometry":{"type":"Point","coordinates":[11.466048,46.622034]},"properties":{"id":1503,"hoehe_m":2051,"sektoren_frei":[],"sektoren_blockiert":["SSO"],"erste_kollision_m":{"SSO":8},"flaeche_m2":8694,"neigung_grad":8.4,"ausrichtung_grad":154,"weg_abstand_m":35,"wald_hinweis":false}},{"type":"Feature","geometry":{"type":"Point","coordinates":[11.470894,46.633786]},"properties":{"id":1504,"hoehe_m":2051,"sektoren_frei":[],"sektoren_blockiert":["O"],"erste_kollision_m":{"O":10},"flaeche_m2":2788,"neigung_grad":13.1,"ausrichtung_grad":62,"weg_abstand_m":258,"wald_hinweis":false}},{"type":"Feature","geometry":{"type":"Point","coordinates":[11.461621,46.636754]},"properties":{"id":1505,"hoehe_m":2051,"sektoren_frei":[],"sektoren_blockiert":["NNW"],"erste_kollision_m":{"NNW":6},"flaeche_m2":200,"neigung_grad":9.7,"ausrichtung_grad":5,"weg_abstand_m":78,"wald_hinweis":false}},{"type":"Feature","geometry":{"type":"Point","coordinates":[11.466312,46.622095]},"properties":{"id":1506,"hoehe_m":2051,"sektoren_frei":[],"sektoren_blockiert":["NO","ONO","O","OSO","S"],"erste_kollision_m":{"NO":4,"ONO":6,"O":2,"OSO":6,"S":2},"flaeche_m2":13050,"neigung_grad":9.2,"ausrichtung_grad":134,"weg_abstand_m":48,"wald_hinweis":false}},{"type":"Feature","geometry":{"type":"Point","coordinates":[11.439898,46.639627]},"properties":{"id":1507,"hoehe_m":2051,"sektoren_frei":[],"sektoren_blockiert":["WSW"],"erste_kollision_m":{"WSW":23},"flaeche_m2":194,"neigung_grad":10.7,"ausrichtung_grad":213,"weg_abstand_m":56,"wald_hinweis":false}},{"type":"Feature","geometry":{"type":"Point","coordinates":[11.445133,46.604303]},"properties":{"id":1508,"hoehe_m":2051,"sektoren_frei":[],"sektoren_blockiert":["SSW"],"erste_kollision_m":{"SSW":12},"flaeche_m2":150,"neigung_grad":14.3,"ausrichtung_grad":164,"weg_abstand_m":67,"wald_hinweis":false}},{"type":"Feature","geometry":{"type":"Point","coordinates":[11.432126,46.610543]},"properties":{"id":1509,"hoehe_m":2051,"sektoren_frei":["SW"],"sektoren_blockiert":[],"erste_kollision_m":{},"flaeche_m2":99250,"neigung_grad":12.1,"ausrichtung_grad":246,"weg_abstand_m":49,"wald_hinweis":false}},{"type":"Feature","geometry":{"type":"Point","coordinates":[11.433687,46.615505]},"properties":{"id":1510,"hoehe_m":2051,"sektoren_frei":[],"sektoren_blockiert":["SSW"],"erste_kollision_m":{"SSW":6},"flaeche_m2":3581,"neigung_grad":9.8,"ausrichtung_grad":222,"weg_abstand_m":39,"wald_hinweis":false}},{"type":"Feature","geometry":{"type":"Point","coordinates":[11.472423,46.608576]},"properties":{"id":1511,"hoehe_m":2051,"sektoren_frei":[],"sektoren_blockiert":["WSW"],"erste_kollision_m":{"WSW":8},"flaeche_m2":156,"neigung_grad":15.8,"ausrichtung_grad":257,"weg_abstand_m":106,"wald_hinweis":false}},{"type":"Feature","geometry":{"type":"Point","coordinates":[11.470921,46.625056]},"properties":{"id":1512,"hoehe_m":2051,"sektoren_frei":[],"sektoren_blockiert":["SO"],"erste_kollision_m":{"SO":9},"flaeche_m2":838,"neigung_grad":13.5,"ausrichtung_grad":151,"weg_abstand_m":40,"wald_hinweis":false}},{"type":"Feature","geometry":{"type":"Point","coordinates":[11.456139,46.639032]},"properties":{"id":1513,"hoehe_m":2051,"sektoren_frei":[],"sektoren_blockiert":["WSW","W"],"erste_kollision_m":{"WSW":6,"W":2},"flaeche_m2":2412,"neigung_grad":9.5,"ausrichtung_grad":247,"weg_abstand_m":60,"wald_hinweis":false}},{"type":"Feature","geometry":{"type":"Point","coordinates":[11.426331,46.634291]},"properties":{"id":1514,"hoehe_m":2051,"sektoren_frei":[],"sektoren_blockiert":["OSO"],"erste_kollision_m":{"OSO":23},"flaeche_m2":275,"neigung_grad":13.6,"ausrichtung_grad":144,"weg_abstand_m":341,"wald_hinweis":false}},{"type":"Feature","geometry":{"type":"Point","coordinates":[11.457502,46.636685]},"properties":{"id":1515,"hoehe_m":2051,"sektoren_frei":[],"sektoren_blockiert":["WNW"],"erste_kollision_m":{"WNW":6},"flaeche_m2":2331,"neigung_grad":11.7,"ausrichtung_grad":267,"weg_abstand_m":2,"wald_hinweis":false}},{"type":"Feature","geometry":{"type":"Point","coordinates":[11.448024,46.638733]},"properties":{"id":1516,"hoehe_m":2051,"sektoren_frei":[],"sektoren_blockiert":["SSW"],"erste_kollision_m":{"SSW":9},"flaeche_m2":3819,"neigung_grad":16.0,"ausrichtung_grad":168,"weg_abstand_m":70,"wald_hinweis":false}},{"type":"Feature","geometry":{"type":"Point","coordinates":[11.438764,46.609322]},"properties":{"id":1517,"hoehe_m":2050,"sektoren_frei":[],"sektoren_blockiert":["SSW"],"erste_kollision_m":{"SSW":12},"flaeche_m2":425,"neigung_grad":18.5,"ausrichtung_grad":163,"weg_abstand_m":162,"wald_hinweis":false}},{"type":"Feature","geometry":{"type":"Point","coordinates":[11.44716,46.605092]},"properties":{"id":1518,"hoehe_m":2050,"sektoren_frei":["S"],"sektoren_blockiert":[],"erste_kollision_m":{},"flaeche_m2":896231,"neigung_grad":15.9,"ausrichtung_grad":142,"weg_abstand_m":58,"wald_hinweis":false}},{"type":"Feature","geometry":{"type":"Point","coordinates":[11.444702,46.604155]},"properties":{"id":1519,"hoehe_m":2050,"sektoren_frei":[],"sektoren_blockiert":["SSW"],"erste_kollision_m":{"SSW":16},"flaeche_m2":244,"neigung_grad":14.7,"ausrichtung_grad":161,"weg_abstand_m":67,"wald_hinweis":false}},{"type":"Feature","geometry":{"type":"Point","coordinates":[11.456071,46.605059]},"properties":{"id":1520,"hoehe_m":2050,"sektoren_frei":[],"sektoren_blockiert":["SW"],"erste_kollision_m":{"SW":6},"flaeche_m2":256,"neigung_grad":11.9,"ausrichtung_grad":196,"weg_abstand_m":3,"wald_hinweis":false}},{"type":"Feature","geometry":{"type":"Point","coordinates":[11.448781,46.629447]},"properties":{"id":1521,"hoehe_m":2050,"sektoren_frei":["W"],"sektoren_blockiert":[],"erste_kollision_m":{},"flaeche_m2":6575,"neigung_grad":21.7,"ausrichtung_grad":305,"weg_abstand_m":174,"wald_hinweis":false}},{"type":"Feature","geometry":{"type":"Point","coordinates":[11.457703,46.604326]},"properties":{"id":1522,"hoehe_m":2050,"sektoren_frei":[],"sektoren_blockiert":["SSO","S","SSW"],"erste_kollision_m":{"SSO":6,"S":2,"SSW":6},"flaeche_m2":1231,"neigung_grad":9.6,"ausrichtung_grad":177,"weg_abstand_m":21,"wald_hinweis":false}},{"type":"Feature","geometry":{"type":"Point","coordinates":[11.441458,46.623484]},"properties":{"id":1523,"hoehe_m":2050,"sektoren_frei":["WSW","NW"],"sektoren_blockiert":["NNW"],"erste_kollision_m":{"NNW":51},"flaeche_m2":22125,"neigung_grad":13.2,"ausrichtung_grad":277,"weg_abstand_m":593,"wald_hinweis":false}},{"type":"Feature","geometry":{"type":"Point","coordinates":[11.451018,46.639209]},"properties":{"id":1524,"hoehe_m":2050,"sektoren_frei":[],"sektoren_blockiert":["S"],"erste_kollision_m":{"S":8},"flaeche_m2":169,"neigung_grad":9.1,"ausrichtung_grad":174,"weg_abstand_m":33,"wald_hinweis":false}},{"type":"Feature","geometry":{"type":"Point","coordinates":[11.444843,46.638464]},"properties":{"id":1525,"hoehe_m":2050,"sektoren_frei":[],"sektoren_blockiert":["SW"],"erste_kollision_m":{"SW":4},"flaeche_m2":36456,"neigung_grad":8.6,"ausrichtung_grad":212,"weg_abstand_m":4,"wald_hinweis":false}},{"type":"Feature","geometry":{"type":"Point","coordinates":[11.460662,46.638642]},"properties":{"id":1526,"hoehe_m":2050,"sektoren_frei":["NO"],"sektoren_blockiert":["NNO"],"erste_kollision_m":{"NNO":25},"flaeche_m2":84981,"neigung_grad":15.2,"ausrichtung_grad":69,"weg_abstand_m":46,"wald_hinweis":false}},{"type":"Feature","geometry":{"type":"Point","coordinates":[11.455702,46.639491]},"properties":{"id":1527,"hoehe_m":2050,"sektoren_frei":[],"sektoren_blockiert":["WSW"],"erste_kollision_m":{"WSW":18},"flaeche_m2":144,"neigung_grad":15.4,"ausrichtung_grad":252,"weg_abstand_m":64,"wald_hinweis":false}},{"type":"Feature","geometry":{"type":"Point","coordinates":[11.454245,46.605098]},"properties":{"id":1528,"hoehe_m":2050,"sektoren_frei":[],"sektoren_blockiert":["SO"],"erste_kollision_m":{"SO":4},"flaeche_m2":4656,"neigung_grad":10.0,"ausrichtung_grad":168,"weg_abstand_m":46,"wald_hinweis":false}},{"type":"Feature","geometry":{"type":"Point","coordinates":[11.456289,46.638736]},"properties":{"id":1529,"hoehe_m":2049,"sektoren_frei":[],"sektoren_blockiert":["S","SSW"],"erste_kollision_m":{"S":2,"SSW":6},"flaeche_m2":812,"neigung_grad":9.1,"ausrichtung_grad":209,"weg_abstand_m":52,"wald_hinweis":false}},{"type":"Feature","geometry":{"type":"Point","coordinates":[11.467125,46.607656]},"properties":{"id":1530,"hoehe_m":2049,"sektoren_frei":[],"sektoren_blockiert":["SSW"],"erste_kollision_m":{"SSW":25},"flaeche_m2":175,"neigung_grad":18.5,"ausrichtung_grad":164,"weg_abstand_m":37,"wald_hinweis":false}},{"type":"Feature","geometry":{"type":"Point","coordinates":[11.466486,46.623059]},"properties":{"id":1531,"hoehe_m":2049,"sektoren_frei":[],"sektoren_blockiert":["O","OSO"],"erste_kollision_m":{"O":8,"OSO":6},"flaeche_m2":206,"neigung_grad":8.7,"ausrichtung_grad":100,"weg_abstand_m":57,"wald_hinweis":false}},{"type":"Feature","geometry":{"type":"Point","coordinates":[11.441315,46.623217]},"properties":{"id":1532,"hoehe_m":2049,"sektoren_frei":["NW"],"sektoren_blockiert":[],"erste_kollision_m":{},"flaeche_m2":8375,"neigung_grad":13.3,"ausrichtung_grad":285,"weg_abstand_m":576,"wald_hinweis":false}},{"type":"Feature","geometry":{"type":"Point","coordinates":[11.446042,46.638236]},"properties":{"id":1533,"hoehe_m":2049,"sektoren_frei":["S"],"sektoren_blockiert":[],"erste_kollision_m":{},"flaeche_m2":90531,"neigung_grad":10.7,"ausrichtung_grad":172,"weg_abstand_m":36,"wald_hinweis":false}},{"type":"Feature","geometry":{"type":"Point","coordinates":[11.457437,46.604219]},"properties":{"id":1534,"hoehe_m":2049,"sektoren_frei":[],"sektoren_blockiert":["SSW"],"erste_kollision_m":{"SSW":6},"flaeche_m2":1012,"neigung_grad":9.4,"ausrichtung_grad":180,"weg_abstand_m":38,"wald_hinweis":false}},{"type":"Feature","geometry":{"type":"Point","coordinates":[11.460744,46.639023]},"properties":{"id":1535,"hoehe_m":2049,"sektoren_frei":[],"sektoren_blockiert":["OSO"],"erste_kollision_m":{"OSO":6},"flaeche_m2":444,"neigung_grad":26.5,"ausrichtung_grad":95,"weg_abstand_m":38,"wald_hinweis":false}},{"type":"Feature","geometry":{"type":"Point","coordinates":[11.450249,46.630136]},"properties":{"id":1536,"hoehe_m":2049,"sektoren_frei":["WNW"],"sektoren_blockiert":[],"erste_kollision_m":{},"flaeche_m2":186381,"neigung_grad":14.6,"ausrichtung_grad":317,"weg_abstand_m":230,"wald_hinweis":false}},{"type":"Feature","geometry":{"type":"Point","coordinates":[11.444163,46.638591]},"properties":{"id":1537,"hoehe_m":2049,"sektoren_frei":[],"sektoren_blockiert":["SW"],"erste_kollision_m":{"SW":4},"flaeche_m2":250,"neigung_grad":9.8,"ausrichtung_grad":200,"weg_abstand_m":25,"wald_hinweis":false}},{"type":"Feature","geometry":{"type":"Point","coordinates":[11.426897,46.634526]},"properties":{"id":1538,"hoehe_m":2049,"sektoren_frei":[],"sektoren_blockiert":["O"],"erste_kollision_m":{"O":15},"flaeche_m2":125,"neigung_grad":11.2,"ausrichtung_grad":120,"weg_abstand_m":392,"wald_hinweis":false}},{"type":"Feature","geometry":{"type":"Point","coordinates":[11.447292,46.620322]},"properties":{"id":1539,"hoehe_m":2049,"sektoren_frei":[],"sektoren_blockiert":["N"],"erste_kollision_m":{"N":8},"flaeche_m2":194,"neigung_grad":12.4,"ausrichtung_grad":323,"weg_abstand_m":161,"wald_hinweis":false}},{"type":"Feature","geometry":{"type":"Point","coordinates":[11.441861,46.616478]},"properties":{"id":1540,"hoehe_m":2048,"sektoren_frei":[],"sektoren_blockiert":["N","NNO","NNW"],"erste_kollision_m":{"N":8,"NNO":6,"NNW":16},"flaeche_m2":5919,"neigung_grad":13.3,"ausrichtung_grad":355,"weg_abstand_m":21,"wald_hinweis":false}},{"type":"Feature","geometry":{"type":"Point","coordinates":[11.471513,46.625156]},"properties":{"id":1541,"hoehe_m":2048,"sektoren_frei":[],"sektoren_blockiert":["O"],"erste_kollision_m":{"O":2},"flaeche_m2":319,"neigung_grad":9.4,"ausrichtung_grad":113,"weg_abstand_m":6,"wald_hinweis":false}},{"type":"Feature","geometry":{"type":"Point","coordinates":[11.458841,46.597732]},"properties":{"id":1542,"hoehe_m":2048,"sektoren_frei":["OSO"],"sektoren_blockiert":[],"erste_kollision_m":{},"flaeche_m2":96988,"neigung_grad":12.2,"ausrichtung_grad":95,"weg_abstand_m":155,"wald_hinweis":false}},{"type":"Feature","geometry":{"type":"Point","coordinates":[11.457296,46.636464]},"properties":{"id":1543,"hoehe_m":2048,"sektoren_frei":[],"sektoren_blockiert":["SW","NW"],"erste_kollision_m":{"SW":4,"NW":4},"flaeche_m2":681,"neigung_grad":10.7,"ausrichtung_grad":243,"weg_abstand_m":30,"wald_hinweis":false}},{"type":"Feature","geometry":{"type":"Point","coordinates":[11.424384,46.633837]},"properties":{"id":1544,"hoehe_m":2048,"sektoren_frei":[],"sektoren_blockiert":["WSW"],"erste_kollision_m":{"WSW":8},"flaeche_m2":312,"neigung_grad":13.6,"ausrichtung_grad":209,"weg_abstand_m":189,"wald_hinweis":false}},{"type":"Feature","geometry":{"type":"Point","coordinates":[11.428812,46.635723]},"properties":{"id":1545,"hoehe_m":2048,"sektoren_frei":["SSO"],"sektoren_blockiert":[],"erste_kollision_m":{},"flaeche_m2":361119,"neigung_grad":18.5,"ausrichtung_grad":141,"weg_abstand_m":391,"wald_hinweis":false}},{"type":"Feature","geometry":{"type":"Point","coordinates":[11.470738,46.633947]},"properties":{"id":1546,"hoehe_m":2048,"sektoren_frei":[],"sektoren_blockiert":["NNW"],"erste_kollision_m":{"NNW":6},"flaeche_m2":188,"neigung_grad":15.2,"ausrichtung_grad":12,"weg_abstand_m":246,"wald_hinweis":false}},{"type":"Feature","geometry":{"type":"Point","coordinates":[11.450748,46.639012]},"properties":{"id":1547,"hoehe_m":2048,"sektoren_frei":[],"sektoren_blockiert":["SW"],"erste_kollision_m":{"SW":6},"flaeche_m2":306,"neigung_grad":7.8,"ausrichtung_grad":209,"weg_abstand_m":11,"wald_hinweis":false}},{"type":"Feature","geometry":{"type":"Point","coordinates":[11.456857,46.637576]},"properties":{"id":1548,"hoehe_m":2048,"sektoren_frei":[],"sektoren_blockiert":["S","S","SSW","SW","WSW","W","W"],"erste_kollision_m":{"S":2,"SSW":6,"SW":4,"WSW":6,"W":2},"flaeche_m2":4944,"neigung_grad":10.7,"ausrichtung_grad":225,"weg_abstand_m":10,"wald_hinweis":false}},{"type":"Feature","geometry":{"type":"Point","coordinates":[11.442451,46.616533]},"properties":{"id":1549,"hoehe_m":2048,"sektoren_frei":[],"sektoren_blockiert":["NW"],"erste_kollision_m":{"NW":26},"flaeche_m2":138,"neigung_grad":15.7,"ausrichtung_grad":337,"weg_abstand_m":28,"wald_hinweis":false}},{"type":"Feature","geometry":{"type":"Point","coordinates":[11.449719,46.629967]},"properties":{"id":1550,"hoehe_m":2048,"sektoren_frei":["WNW"],"sektoren_blockiert":[],"erste_kollision_m":{},"flaeche_m2":20312,"neigung_grad":16.5,"ausrichtung_grad":325,"weg_abstand_m":199,"wald_hinweis":false}},{"type":"Feature","geometry":{"type":"Point","coordinates":[11.456964,46.634896]},"properties":{"id":1551,"hoehe_m":2047,"sektoren_frei":[],"sektoren_blockiert":["N","NNO","NW"],"erste_kollision_m":{"N":8,"NNO":6,"NW":6},"flaeche_m2":21294,"neigung_grad":10.9,"ausrichtung_grad":356,"weg_abstand_m":4,"wald_hinweis":false}},{"type":"Feature","geometry":{"type":"Point","coordinates":[11.460508,46.605008]},"properties":{"id":1552,"hoehe_m":2047,"sektoren_frei":[],"sektoren_blockiert":["OSO"],"erste_kollision_m":{"OSO":6},"flaeche_m2":888,"neigung_grad":14.2,"ausrichtung_grad":147,"weg_abstand_m":4,"wald_hinweis":false}},{"type":"Feature","geometry":{"type":"Point","coordinates":[11.435043,46.618063]},"properties":{"id":1553,"hoehe_m":2047,"sektoren_frei":["W","W","WNW","NW"],"sektoren_blockiert":["WSW","WSW","NNW"],"erste_kollision_m":{"WSW":46,"NNW":88},"flaeche_m2":3306,"neigung_grad":18.6,"ausrichtung_grad":300,"weg_abstand_m":177,"wald_hinweis":false}},{"type":"Feature","geometry":{"type":"Point","coordinates":[11.456437,46.638395]},"properties":{"id":1554,"hoehe_m":2047,"sektoren_frei":[],"sektoren_blockiert":["W"],"erste_kollision_m":{"W":5},"flaeche_m2":488,"neigung_grad":10.0,"ausrichtung_grad":246,"weg_abstand_m":36,"wald_hinweis":false}},{"type":"Feature","geometry":{"type":"Point","coordinates":[11.440343,46.639347]},"properties":{"id":1555,"hoehe_m":2047,"sektoren_frei":["SSW"],"sektoren_blockiert":[],"erste_kollision_m":{},"flaeche_m2":282556,"neigung_grad":10.2,"ausrichtung_grad":187,"weg_abstand_m":82,"wald_hinweis":false}},{"type":"Feature","geometry":{"type":"Point","coordinates":[11.445565,46.617524]},"properties":{"id":1556,"hoehe_m":2047,"sektoren_frei":[],"sektoren_blockiert":["WSW"],"erste_kollision_m":{"WSW":6},"flaeche_m2":275,"neigung_grad":9.1,"ausrichtung_grad":279,"weg_abstand_m":7,"wald_hinweis":false}},{"type":"Feature","geometry":{"type":"Point","coordinates":[11.435442,46.618235]},"properties":{"id":1557,"hoehe_m":2047,"sektoren_frei":[],"sektoren_blockiert":["N","NNO","NO","W"],"erste_kollision_m":{"N":73,"NNO":9,"NO":17,"W":8},"flaeche_m2":11988,"neigung_grad":14.4,"ausrichtung_grad":6,"weg_abstand_m":188,"wald_hinweis":false}},{"type":"Feature","geometry":{"type":"Point","coordinates":[11.456013,46.634804]},"properties":{"id":1558,"hoehe_m":2047,"sektoren_frei":[],"sektoren_blockiert":["NNO"],"erste_kollision_m":{"NNO":16},"flaeche_m2":350,"neigung_grad":15.2,"ausrichtung_grad":348,"weg_abstand_m":3,"wald_hinweis":false}},{"type":"Feature","geometry":{"type":"Point","coordinates":[11.451509,46.631999]},"properties":{"id":1559,"hoehe_m":2047,"sektoren_frei":["W"],"sektoren_blockiert":[],"erste_kollision_m":{},"flaeche_m2":33119,"neigung_grad":16.4,"ausrichtung_grad":279,"weg_abstand_m":103,"wald_hinweis":false}},{"type":"Feature","geometry":{"type":"Point","coordinates":[11.469847,46.634484]},"properties":{"id":1560,"hoehe_m":2047,"sektoren_frei":[],"sektoren_blockiert":["OSO"],"erste_kollision_m":{"OSO":9},"flaeche_m2":306,"neigung_grad":11.9,"ausrichtung_grad":89,"weg_abstand_m":189,"wald_hinweis":false}},{"type":"Feature","geometry":{"type":"Point","coordinates":[11.470357,46.624866]},"properties":{"id":1561,"hoehe_m":2047,"sektoren_frei":[],"sektoren_blockiert":["SO","WSW"],"erste_kollision_m":{"SO":6,"WSW":6},"flaeche_m2":250,"neigung_grad":11.0,"ausrichtung_grad":229,"weg_abstand_m":3,"wald_hinweis":false}},{"type":"Feature","geometry":{"type":"Point","coordinates":[11.446429,46.638137]},"properties":{"id":1562,"hoehe_m":2047,"sektoren_frei":["S"],"sektoren_blockiert":[],"erste_kollision_m":{},"flaeche_m2":90531,"neigung_grad":12.3,"ausrichtung_grad":160,"weg_abstand_m":43,"wald_hinweis":false}},{"type":"Feature","geometry":{"type":"Point","coordinates":[11.451651,46.632243]},"properties":{"id":1563,"hoehe_m":2047,"sektoren_frei":["W"],"sektoren_blockiert":["WSW"],"erste_kollision_m":{"WSW":16},"flaeche_m2":33119,"neigung_grad":16.7,"ausrichtung_grad":282,"weg_abstand_m":93,"wald_hinweis":false}},{"type":"Feature","geometry":{"type":"Point","coordinates":[11.443262,46.638902]},"properties":{"id":1564,"hoehe_m":2047,"sektoren_frei":[],"sektoren_blockiert":["SSO"],"erste_kollision_m":{"SSO":8},"flaeche_m2":462,"neigung_grad":10.5,"ausrichtung_grad":183,"weg_abstand_m":81,"wald_hinweis":false}},{"type":"Feature","geometry":{"type":"Point","coordinates":[11.459084,46.598064]},"properties":{"id":1565,"hoehe_m":2046,"sektoren_frei":[],"sektoren_blockiert":["SSO"],"erste_kollision_m":{"SSO":8},"flaeche_m2":10862,"neigung_grad":9.9,"ausrichtung_grad":133,"weg_abstand_m":166,"wald_hinweis":false}},{"type":"Feature","geometry":{"type":"Point","coordinates":[11.444445,46.638315]},"properties":{"id":1566,"hoehe_m":2046,"sektoren_frei":[],"sektoren_blockiert":["SSO","WSW"],"erste_kollision_m":{"SSO":6,"WSW":6},"flaeche_m2":27525,"neigung_grad":10.3,"ausrichtung_grad":223,"weg_abstand_m":31,"wald_hinweis":false}},{"type":"Feature","geometry":{"type":"Point","coordinates":[11.45095,46.631201]},"properties":{"id":1567,"hoehe_m":2046,"sektoren_frei":["WNW"],"sektoren_blockiert":[],"erste_kollision_m":{},"flaeche_m2":186381,"neigung_grad":14.4,"ausrichtung_grad":281,"weg_abstand_m":144,"wald_hinweis":false}},{"type":"Feature","geometry":{"type":"Point","coordinates":[11.455179,46.595448]},"properties":{"id":1568,"hoehe_m":2046,"sektoren_frei":[],"sektoren_blockiert":["SSW"],"erste_kollision_m":{"SSW":27},"flaeche_m2":175,"neigung_grad":15.4,"ausrichtung_grad":180,"weg_abstand_m":109,"wald_hinweis":false}},{"type":"Feature","geometry":{"type":"Point","coordinates":[11.470835,46.608116]},"properties":{"id":1569,"hoehe_m":2046,"sektoren_frei":[],"sektoren_blockiert":["SW"],"erste_kollision_m":{"SW":18},"flaeche_m2":456,"neigung_grad":16.5,"ausrichtung_grad":196,"weg_abstand_m":44,"wald_hinweis":true}},{"type":"Feature","geometry":{"type":"Point","coordinates":[11.442728,46.605255]},"properties":{"id":1570,"hoehe_m":2046,"sektoren_frei":[],"sektoren_blockiert":["SW"],"erste_kollision_m":{"SW":4},"flaeche_m2":2162,"neigung_grad":10.7,"ausrichtung_grad":261,"weg_abstand_m":136,"wald_hinweis":false}},{"type":"Feature","geometry":{"type":"Point","coordinates":[11.455684,46.634766]},"properties":{"id":1571,"hoehe_m":2046,"sektoren_frei":[],"sektoren_blockiert":["WNW"],"erste_kollision_m":{"WNW":23},"flaeche_m2":14800,"neigung_grad":11.2,"ausrichtung_grad":324,"weg_abstand_m":4,"wald_hinweis":false}},{"type":"Feature","geometry":{"type":"Point","coordinates":[11.432837,46.615478]},"properties":{"id":1572,"hoehe_m":2046,"sektoren_frei":["W"],"sektoren_blockiert":["S"],"erste_kollision_m":{"S":8},"flaeche_m2":89475,"neigung_grad":18.4,"ausrichtung_grad":234,"weg_abstand_m":103,"wald_hinweis":false}},{"type":"Feature","geometry":{"type":"Point","coordinates":[11.426917,46.634233]},"properties":{"id":1573,"hoehe_m":2046,"sektoren_frei":["S"],"sektoren_blockiert":[],"erste_kollision_m":{},"flaeche_m2":255181,"neigung_grad":14.0,"ausrichtung_grad":148,"weg_abstand_m":377,"wald_hinweis":false}},{"type":"Feature","geometry":{"type":"Point","coordinates":[11.471394,46.608193]},"properties":{"id":1574,"hoehe_m":2046,"sektoren_frei":[],"sektoren_blockiert":["OSO","SSW"],"erste_kollision_m":{"OSO":8,"SSW":9},"flaeche_m2":350,"neigung_grad":16.4,"ausrichtung_grad":165,"weg_abstand_m":49,"wald_hinweis":true}},{"type":"Feature","geometry":{"type":"Point","coordinates":[11.427188,46.634452]},"properties":{"id":1575,"hoehe_m":2046,"sektoren_frei":[],"sektoren_blockiert":["O"],"erste_kollision_m":{"O":45},"flaeche_m2":3969,"neigung_grad":16.2,"ausrichtung_grad":113,"weg_abstand_m":390,"wald_hinweis":false}},{"type":"Feature","geometry":{"type":"Point","coordinates":[11.426156,46.634024]},"properties":{"id":1576,"hoehe_m":2046,"sektoren_frei":[],"sektoren_blockiert":["SSW"],"erste_kollision_m":{"SSW":9},"flaeche_m2":219,"neigung_grad":10.0,"ausrichtung_grad":164,"weg_abstand_m":315,"wald_hinweis":false}},{"type":"Feature","geometry":{"type":"Point","coordinates":[11.43353,46.641135]},"properties":{"id":1577,"hoehe_m":2046,"sektoren_frei":[],"sektoren_blockiert":["SO"],"erste_kollision_m":{"SO":45},"flaeche_m2":138,"neigung_grad":20.4,"ausrichtung_grad":162,"weg_abstand_m":138,"wald_hinweis":false}},{"type":"Feature","geometry":{"type":"Point","coordinates":[11.442405,46.608974]},"properties":{"id":1578,"hoehe_m":2046,"sektoren_frei":[],"sektoren_blockiert":["WNW"],"erste_kollision_m":{"WNW":53},"flaeche_m2":350,"neigung_grad":18.4,"ausrichtung_grad":266,"weg_abstand_m":212,"wald_hinweis":false}},{"type":"Feature","geometry":{"type":"Point","coordinates":[11.470023,46.608201]},"properties":{"id":1579,"hoehe_m":2046,"sektoren_frei":["SSO"],"sektoren_blockiert":["OSO","SSW"],"erste_kollision_m":{"OSO":13,"SSW":6},"flaeche_m2":163675,"neigung_grad":13.4,"ausrichtung_grad":161,"weg_abstand_m":59,"wald_hinweis":true}},{"type":"Feature","geometry":{"type":"Point","coordinates":[11.445722,46.619545]},"properties":{"id":1580,"hoehe_m":2046,"sektoren_frei":[],"sektoren_blockiert":["NNW"],"erste_kollision_m":{"NNW":23},"flaeche_m2":5200,"neigung_grad":21.1,"ausrichtung_grad":304,"weg_abstand_m":47,"wald_hinweis":false}},{"type":"Feature","geometry":{"type":"Point","coordinates":[11.449846,46.605282]},"properties":{"id":1581,"hoehe_m":2045,"sektoren_frei":[],"sektoren_blockiert":["SO"],"erste_kollision_m":{"SO":6},"flaeche_m2":24569,"neigung_grad":13.3,"ausrichtung_grad":170,"weg_abstand_m":5,"wald_hinweis":false}},{"type":"Feature","geometry":{"type":"Point","coordinates":[11.44105,46.623133]},"properties":{"id":1582,"hoehe_m":2045,"sektoren_frei":["NW"],"sektoren_blockiert":[],"erste_kollision_m":{},"flaeche_m2":8375,"neigung_grad":13.7,"ausrichtung_grad":286,"weg_abstand_m":581,"wald_hinweis":false}},{"type":"Feature","geometry":{"type":"Point","coordinates":[11.44293,46.62208]},"properties":{"id":1583,"hoehe_m":2045,"sektoren_frei":[],"sektoren_blockiert":["W"],"erste_kollision_m":{"W":8},"flaeche_m2":7725,"neigung_grad":12.2,"ausrichtung_grad":234,"weg_abstand_m":400,"wald_hinweis":false}},{"type":"Feature","geometry":{"type":"Point","coordinates":[11.466487,46.620922]},"properties":{"id":1584,"hoehe_m":2045,"sektoren_frei":[],"sektoren_blockiert":["SO"],"erste_kollision_m":{"SO":4},"flaeche_m2":5619,"neigung_grad":9.6,"ausrichtung_grad":101,"weg_abstand_m":71,"wald_hinweis":false}},{"type":"Feature","geometry":{"type":"Point","coordinates":[11.45635,46.637925]},"properties":{"id":1585,"hoehe_m":2045,"sektoren_frei":[],"sektoren_blockiert":["SSW","W","WNW"],"erste_kollision_m":{"SSW":33,"W":26,"WNW":12},"flaeche_m2":1406,"neigung_grad":11.1,"ausrichtung_grad":249,"weg_abstand_m":7,"wald_hinweis":false}},{"type":"Feature","geometry":{"type":"Point","coordinates":[11.454012,46.633902]},"properties":{"id":1586,"hoehe_m":2045,"sektoren_frei":[],"sektoren_blockiert":["NNO"],"erste_kollision_m":{"NNO":6},"flaeche_m2":162,"neigung_grad":10.0,"ausrichtung_grad":358,"weg_abstand_m":49,"wald_hinweis":false}},{"type":"Feature","geometry":{"type":"Point","coordinates":[11.47535,46.629798]},"properties":{"id":1587,"hoehe_m":2045,"sektoren_frei":[],"sektoren_blockiert":["O","O","OSO"],"erste_kollision_m":{"O":2,"OSO":15},"flaeche_m2":1356,"neigung_grad":8.1,"ausrichtung_grad":104,"weg_abstand_m":43,"wald_hinweis":false}},{"type":"Feature","geometry":{"type":"Point","coordinates":[11.451034,46.631604]},"properties":{"id":1588,"hoehe_m":2045,"sektoren_frei":["W","W"],"sektoren_blockiert":["N","N","SW","NNW","NNW"],"erste_kollision_m":{"N":36,"SW":22,"NNW":15},"flaeche_m2":83300,"neigung_grad":16.0,"ausrichtung_grad":301,"weg_abstand_m":108,"wald_hinweis":false}},{"type":"Feature","geometry":{"type":"Point","coordinates":[11.45637,46.604445]},"properties":{"id":1589,"hoehe_m":2044,"sektoren_frei":[],"sektoren_blockiert":["SW","WSW","W"],"erste_kollision_m":{"SW":4,"WSW":6,"W":5},"flaeche_m2":225,"neigung_grad":8.0,"ausrichtung_grad":264,"weg_abstand_m":3,"wald_hinweis":false}},{"type":"Feature","geometry":{"type":"Point","coordinates":[11.456024,46.604745]},"properties":{"id":1590,"hoehe_m":2044,"sektoren_frei":[],"sektoren_blockiert":["WSW"],"erste_kollision_m":{"WSW":6},"flaeche_m2":12344,"neigung_grad":8.8,"ausrichtung_grad":231,"weg_abstand_m":25,"wald_hinweis":false}},{"type":"Feature","geometry":{"type":"Point","coordinates":[11.466971,46.620079]},"properties":{"id":1591,"hoehe_m":2044,"sektoren_frei":[],"sektoren_blockiert":["NO","ONO","O"],"erste_kollision_m":{"NO":50,"ONO":26,"O":5},"flaeche_m2":512,"neigung_grad":17.3,"ausrichtung_grad":49,"weg_abstand_m":23,"wald_hinweis":true}},{"type":"Feature","geometry":{"type":"Point","coordinates":[11.460467,46.604807]},"properties":{"id":1592,"hoehe_m":2044,"sektoren_frei":["SO"],"sektoren_blockiert":[],"erste_kollision_m":{},"flaeche_m2":34694,"neigung_grad":15.7,"ausrichtung_grad":153,"weg_abstand_m":25,"wald_hinweis":false}},{"type":"Feature","geometry":{"type":"Point","coordinates":[11.471627,46.624793]},"properties":{"id":1593,"hoehe_m":2044,"sektoren_frei":[],"sektoren_blockiert":["SO","SSO","SSW","SW"],"erste_kollision_m":{"SO":25,"SSO":18,"SSW":6,"SW":4},"flaeche_m2":2156,"neigung_grad":9.9,"ausrichtung_grad":163,"weg_abstand_m":8,"wald_hinweis":false}},{"type":"Feature","geometry":{"type":"Point","coordinates":[11.443085,46.603762]},"properties":{"id":1594,"hoehe_m":2044,"sektoren_frei":[],"sektoren_blockiert":["SO"],"erste_kollision_m":{"SO":4},"flaeche_m2":219,"neigung_grad":7.5,"ausrichtung_grad":174,"weg_abstand_m":50,"wald_hinweis":false}},{"type":"Feature","geometry":{"type":"Point","coordinates":[11.469557,46.608008]},"properties":{"id":1595,"hoehe_m":2044,"sektoren_frei":[],"sektoren_blockiert":["SW"],"erste_kollision_m":{"SW":4},"flaeche_m2":288,"neigung_grad":13.6,"ausrichtung_grad":195,"weg_abstand_m":45,"wald_hinweis":true}},{"type":"Feature","geometry":{"type":"Point","coordinates":[11.426513,46.633972]},"properties":{"id":1596,"hoehe_m":2044,"sektoren_frei":["S"],"sektoren_blockiert":[],"erste_kollision_m":{},"flaeche_m2":255181,"neigung_grad":13.5,"ausrichtung_grad":153,"weg_abstand_m":336,"wald_hinweis":false}},{"type":"Feature","geometry":{"type":"Point","coordinates":[11.450755,46.630485]},"properties":{"id":1597,"hoehe_m":2044,"sektoren_frei":[],"sektoren_blockiert":["WNW"],"erste_kollision_m":{"WNW":6},"flaeche_m2":131,"neigung_grad":9.0,"ausrichtung_grad":328,"weg_abstand_m":214,"wald_hinweis":false}},{"type":"Feature","geometry":{"type":"Point","coordinates":[11.455254,46.634641]},"properties":{"id":1598,"hoehe_m":2044,"sektoren_frei":[],"sektoren_blockiert":["N","W"],"erste_kollision_m":{"N":2,"W":2},"flaeche_m2":175,"neigung_grad":9.5,"ausrichtung_grad":307,"weg_abstand_m":2,"wald_hinweis":false}},{"type":"Feature","geometry":{"type":"Point","coordinates":[11.440171,46.639171]},"properties":{"id":1599,"hoehe_m":2044,"sektoren_frei":[],"sektoren_blockiert":["WSW"],"erste_kollision_m":{"WSW":8},"flaeche_m2":1825,"neigung_grad":10.6,"ausrichtung_grad":213,"weg_abstand_m":103,"wald_hinweis":false}},{"type":"Feature","geometry":{"type":"Point","coordinates":[11.456445,46.603948]},"properties":{"id":1600,"hoehe_m":2043,"sektoren_frei":[],"sektoren_blockiert":["W"],"erste_kollision_m":{"W":2},"flaeche_m2":4344,"neigung_grad":10.1,"ausrichtung_grad":248,"weg_abstand_m":3,"wald_hinweis":false}},{"type":"Feature","geometry":{"type":"Point","coordinates":[11.468406,46.607831]},"properties":{"id":1601,"hoehe_m":2043,"sektoren_frei":[],"sektoren_blockiert":["SSW"],"erste_kollision_m":{"SSW":6},"flaeche_m2":219,"neigung_grad":11.1,"ausrichtung_grad":163,"weg_abstand_m":21,"wald_hinweis":false}},{"type":"Feature","geometry":{"type":"Point","coordinates":[11.444209,46.638162]},"properties":{"id":1602,"hoehe_m":2043,"sektoren_frei":[],"sektoren_blockiert":["W"],"erste_kollision_m":{"W":2},"flaeche_m2":20156,"neigung_grad":11.3,"ausrichtung_grad":235,"weg_abstand_m":56,"wald_hinweis":false}},{"type":"Feature","geometry":{"type":"Point","coordinates":[11.429204,46.635715]},"properties":{"id":1603,"hoehe_m":2043,"sektoren_frei":["OSO","SO","SSO"],"sektoren_blockiert":["ONO","S"],"erste_kollision_m":{"ONO":28,"S":41},"flaeche_m2":361119,"neigung_grad":18.3,"ausrichtung_grad":141,"weg_abstand_m":372,"wald_hinweis":false}},{"type":"Feature","geometry":{"type":"Point","coordinates":[11.44248,46.605552]},"properties":{"id":1604,"hoehe_m":2043,"sektoren_frei":["W"],"sektoren_blockiert":[],"erste_kollision_m":{},"flaeche_m2":95156,"neigung_grad":10.1,"ausrichtung_grad":274,"weg_abstand_m":101,"wald_hinweis":false}},{"type":"Feature","geometry":{"type":"Point","coordinates":[11.4535,46.638458]},"properties":{"id":1605,"hoehe_m":2043,"sektoren_frei":[],"sektoren_blockiert":["SSW"],"erste_kollision_m":{"SSW":6},"flaeche_m2":125,"neigung_grad":9.2,"ausrichtung_grad":164,"weg_abstand_m":15,"wald_hinweis":false}},{"type":"Feature","geometry":{"type":"Point","coordinates":[11.457991,46.603487]},"properties":{"id":1606,"hoehe_m":2043,"sektoren_frei":["OSO"],"sektoren_blockiert":["O","SO","SSO","S"],"erste_kollision_m":{"O":2,"SO":65,"SSO":48,"S":47},"flaeche_m2":988,"neigung_grad":14.4,"ausrichtung_grad":147,"weg_abstand_m":22,"wald_hinweis":false}},{"type":"Feature","geometry":{"type":"Point","coordinates":[11.445764,46.637881]},"properties":{"id":1607,"hoehe_m":2043,"sektoren_frei":["S"],"sektoren_blockiert":[],"erste_kollision_m":{},"flaeche_m2":90531,"neigung_grad":9.9,"ausrichtung_grad":171,"weg_abstand_m":4,"wald_hinweis":false}},{"type":"Feature","geometry":{"type":"Point","coordinates":[11.454989,46.634556]},"properties":{"id":1608,"hoehe_m":2043,"sektoren_frei":[],"sektoren_blockiert":["W"],"erste_kollision_m":{"W":8},"flaeche_m2":150,"neigung_grad":10.7,"ausrichtung_grad":312,"weg_abstand_m":1,"wald_hinweis":false}},{"type":"Feature","geometry":{"type":"Point","coordinates":[11.456227,46.604178]},"properties":{"id":1609,"hoehe_m":2043,"sektoren_frei":[],"sektoren_blockiert":["WNW"],"erste_kollision_m":{"WNW":6},"flaeche_m2":1544,"neigung_grad":10.1,"ausrichtung_grad":264,"weg_abstand_m":12,"wald_hinweis":false}},{"type":"Feature","geometry":{"type":"Point","coordinates":[11.43322,46.60872]},"properties":{"id":1610,"hoehe_m":2043,"sektoren_frei":["SSO"],"sektoren_blockiert":[],"erste_kollision_m":{},"flaeche_m2":143344,"neigung_grad":17.4,"ausrichtung_grad":187,"weg_abstand_m":31,"wald_hinweis":false}},{"type":"Feature","geometry":{"type":"Point","coordinates":[11.475557,46.628623]},"properties":{"id":1611,"hoehe_m":2043,"sektoren_frei":[],"sektoren_blockiert":["NO","ONO","OSO"],"erste_kollision_m":{"NO":4,"ONO":58,"OSO":6},"flaeche_m2":362,"neigung_grad":11.5,"ausrichtung_grad":88,"weg_abstand_m":10,"wald_hinweis":false}},{"type":"Feature","geometry":{"type":"Point","coordinates":[11.44251,46.604044]},"properties":{"id":1612,"hoehe_m":2043,"sektoren_frei":[],"sektoren_blockiert":["SW"],"erste_kollision_m":{"SW":4},"flaeche_m2":175,"neigung_grad":7.8,"ausrichtung_grad":261,"weg_abstand_m":72,"wald_hinweis":false}},{"type":"Feature","geometry":{"type":"Point","coordinates":[11.462609,46.636935]},"properties":{"id":1613,"hoehe_m":2043,"sektoren_frei":[],"sektoren_blockiert":["ONO"],"erste_kollision_m":{"ONO":23},"flaeche_m2":181,"neigung_grad":13.7,"ausrichtung_grad":57,"weg_abstand_m":120,"wald_hinweis":false}},{"type":"Feature","geometry":{"type":"Point","coordinates":[11.433422,46.614678]},"properties":{"id":1614,"hoehe_m":2042,"sektoren_frei":[],"sektoren_blockiert":["SSW"],"erste_kollision_m":{"SSW":23},"flaeche_m2":706,"neigung_grad":10.5,"ausrichtung_grad":234,"weg_abstand_m":46,"wald_hinweis":false}},{"type":"Feature","geometry":{"type":"Point","coordinates":[11.473372,46.625093]},"properties":{"id":1615,"hoehe_m":2042,"sektoren_frei":[],"sektoren_blockiert":["OSO","OSO","SO","SSO"],"erste_kollision_m":{"OSO":6,"SO":6,"SSO":8},"flaeche_m2":5388,"neigung_grad":9.0,"ausrichtung_grad":147,"weg_abstand_m":127,"wald_hinweis":false}},{"type":"Feature","geometry":{"type":"Point","coordinates":[11.468625,46.624138]},"properties":{"id":1616,"hoehe_m":2042,"sektoren_frei":[],"sektoren_blockiert":["NO","ONO","O","OSO","SO"],"erste_kollision_m":{"NO":28,"ONO":43,"O":67,"OSO":13,"SO":15},"flaeche_m2":15931,"neigung_grad":11.5,"ausrichtung_grad":86,"weg_abstand_m":25,"wald_hinweis":false}},{"type":"Feature","geometry":{"type":"Point","coordinates":[11.459505,46.597988]},"properties":{"id":1617,"hoehe_m":2042,"sektoren_frei":["OSO"],"sektoren_blockiert":[],"erste_kollision_m":{},"flaeche_m2":96988,"neigung_grad":11.9,"ausrichtung_grad":123,"weg_abstand_m":137,"wald_hinweis":false}},{"type":"Feature","geometry":{"type":"Point","coordinates":[11.434667,46.617689]},"properties":{"id":1618,"hoehe_m":2042,"sektoren_frei":["WNW"],"sektoren_blockiert":[],"erste_kollision_m":{},"flaeche_m2":3306,"neigung_grad":19.6,"ausrichtung_grad":284,"weg_abstand_m":153,"wald_hinweis":false}},{"type":"Feature","geometry":{"type":"Point","coordinates":[11.443838,46.617583]},"properties":{"id":1619,"hoehe_m":2042,"sektoren_frei":[],"sektoren_blockiert":["N","NNW"],"erste_kollision_m":{"N":10,"NNW":20},"flaeche_m2":212,"neigung_grad":8.5,"ausrichtung_grad":343,"weg_abstand_m":19,"wald_hinweis":false}},{"type":"Feature","geometry":{"type":"Point","coordinates":[11.459812,46.598273]},"properties":{"id":1620,"hoehe_m":2042,"sektoren_frei":["ONO"],"sektoren_blockiert":["SSO"],"erste_kollision_m":{"SSO":8},"flaeche_m2":1012,"neigung_grad":17.0,"ausrichtung_grad":104,"weg_abstand_m":145,"wald_hinweis":false}},{"type":"Feature","geometry":{"type":"Point","coordinates":[11.446616,46.621281]},"properties":{"id":1621,"hoehe_m":2042,"sektoren_frei":[],"sektoren_blockiert":["SO"],"erste_kollision_m":{"SO":6},"flaeche_m2":1062,"neigung_grad":10.0,"ausrichtung_grad":163,"weg_abstand_m":239,"wald_hinweis":false}},{"type":"Feature","geometry":{"type":"Point","coordinates":[11.442393,46.604339]},"properties":{"id":1622,"hoehe_m":2042,"sektoren_frei":[],"sektoren_blockiert":["SW"],"erste_kollision_m":{"SW":4},"flaeche_m2":156,"neigung_grad":7.9,"ausrichtung_grad":265,"weg_abstand_m":81,"wald_hinweis":false}},{"type":"Feature","geometry":{"type":"Point","coordinates":[11.45576,46.63499]},"properties":{"id":1623,"hoehe_m":2042,"sektoren_frei":[],"sektoren_blockiert":["NNO"],"erste_kollision_m":{"NNO":9},"flaeche_m2":944,"neigung_grad":9.2,"ausrichtung_grad":347,"weg_abstand_m":26,"wald_hinweis":false}},{"type":"Feature","geometry":{"type":"Point","coordinates":[11.441971,46.616746]},"properties":{"id":1624,"hoehe_m":2042,"sektoren_frei":[],"sektoren_blockiert":["NNO","NW"],"erste_kollision_m":{"NNO":15,"NW":9},"flaeche_m2":5038,"neigung_grad":9.6,"ausrichtung_grad":329,"weg_abstand_m":5,"wald_hinweis":false}},{"type":"Feature","geometry":{"type":"Point","coordinates":[11.475417,46.629121]},"properties":{"id":1625,"hoehe_m":2042,"sektoren_frei":[],"sektoren_blockiert":["ONO"],"erste_kollision_m":{"ONO":8},"flaeche_m2":181,"neigung_grad":7.9,"ausrichtung_grad":49,"weg_abstand_m":60,"wald_hinweis":false}},{"type":"Feature","geometry":{"type":"Point","coordinates":[11.450981,46.638377]},"properties":{"id":1626,"hoehe_m":2042,"sektoren_frei":[],"sektoren_blockiert":["WSW"],"erste_kollision_m":{"WSW":6},"flaeche_m2":112,"neigung_grad":7.8,"ausrichtung_grad":235,"weg_abstand_m":45,"wald_hinweis":false}},{"type":"Feature","geometry":{"type":"Point","coordinates":[11.452246,46.604938]},"properties":{"id":1627,"hoehe_m":2042,"sektoren_frei":[],"sektoren_blockiert":["WSW"],"erste_kollision_m":{"WSW":18},"flaeche_m2":294,"neigung_grad":11.9,"ausrichtung_grad":220,"weg_abstand_m":23,"wald_hinweis":false}},{"type":"Feature","geometry":{"type":"Point","coordinates":[11.467961,46.622442]},"properties":{"id":1628,"hoehe_m":2042,"sektoren_frei":[],"sektoren_blockiert":["OSO","SO","SSO","S"],"erste_kollision_m":{"OSO":6,"SO":4,"SSO":6,"S":2},"flaeche_m2":2619,"neigung_grad":10.1,"ausrichtung_grad":142,"weg_abstand_m":24,"wald_hinweis":false}},{"type":"Feature","geometry":{"type":"Point","coordinates":[11.439049,46.609113]},"properties":{"id":1629,"hoehe_m":2041,"sektoren_frei":[],"sektoren_blockiert":["SSW"],"erste_kollision_m":{"SSW":50},"flaeche_m2":838,"neigung_grad":20.5,"ausrichtung_grad":167,"weg_abstand_m":132,"wald_hinweis":false}},{"type":"Feature","geometry":{"type":"Point","coordinates":[11.461304,46.637683]},"properties":{"id":1630,"hoehe_m":2041,"sektoren_frei":["NO","NO"],"sektoren_blockiert":["NNO"],"erste_kollision_m":{"NNO":6},"flaeche_m2":84981,"neigung_grad":13.4,"ausrichtung_grad":56,"weg_abstand_m":3,"wald_hinweis":false}},{"type":"Feature","geometry":{"type":"Point","coordinates":[11.451355,46.632204]},"properties":{"id":1631,"hoehe_m":2041,"sektoren_frei":[],"sektoren_blockiert":["WSW"],"erste_kollision_m":{"WSW":23},"flaeche_m2":262,"neigung_grad":18.2,"ausrichtung_grad":257,"weg_abstand_m":79,"wald_hinweis":false}},{"type":"Feature","geometry":{"type":"Point","coordinates":[11.467451,46.622003]},"properties":{"id":1632,"hoehe_m":2041,"sektoren_frei":[],"sektoren_blockiert":["ONO"],"erste_kollision_m":{"ONO":20},"flaeche_m2":475,"neigung_grad":8.9,"ausrichtung_grad":98,"weg_abstand_m":37,"wald_hinweis":false}},{"type":"Feature","geometry":{"type":"Point","coordinates":[11.443854,46.63826]},"properties":{"id":1633,"hoehe_m":2041,"sektoren_frei":[],"sektoren_blockiert":["S"],"erste_kollision_m":{"S":16},"flaeche_m2":506,"neigung_grad":12.0,"ausrichtung_grad":193,"weg_abstand_m":67,"wald_hinweis":false}},{"type":"Feature","geometry":{"type":"Point","coordinates":[11.449889,46.638806]},"properties":{"id":1634,"hoehe_m":2041,"sektoren_frei":[],"sektoren_blockiert":["SW"],"erste_kollision_m":{"SW":6},"flaeche_m2":631,"neigung_grad":9.9,"ausrichtung_grad":210,"weg_abstand_m":36,"wald_hinweis":false}},{"type":"Feature","geometry":{"type":"Point","coordinates":[11.450177,46.638665]},"properties":{"id":1635,"hoehe_m":2041,"sektoren_frei":[],"sektoren_blockiert":["SW","WSW"],"erste_kollision_m":{"SW":4,"WSW":6},"flaeche_m2":675,"neigung_grad":9.6,"ausrichtung_grad":226,"weg_abstand_m":9,"wald_hinweis":false}},{"type":"Feature","geometry":{"type":"Point","coordinates":[11.461942,46.637354]},"properties":{"id":1636,"hoehe_m":2041,"sektoren_frei":["NO"],"sektoren_blockiert":[],"erste_kollision_m":{},"flaeche_m2":84981,"neigung_grad":12.3,"ausrichtung_grad":29,"weg_abstand_m":54,"wald_hinweis":false}},{"type":"Feature","geometry":{"type":"Point","coordinates":[11.467111,46.620278]},"properties":{"id":1637,"hoehe_m":2041,"sektoren_frei":[],"sektoren_blockiert":["O"],"erste_kollision_m":{"O":8},"flaeche_m2":356,"neigung_grad":13.7,"ausrichtung_grad":76,"weg_abstand_m":15,"wald_hinweis":true}},{"type":"Feature","geometry":{"type":"Point","coordinates":[11.445365,46.63771]},"properties":{"id":1638,"hoehe_m":2041,"sektoren_frei":["S"],"sektoren_blockiert":[],"erste_kollision_m":{},"flaeche_m2":90531,"neigung_grad":10.1,"ausrichtung_grad":179,"weg_abstand_m":37,"wald_hinweis":false}},{"type":"Feature","geometry":{"type":"Point","coordinates":[11.450627,46.638497]},"properties":{"id":1639,"hoehe_m":2041,"sektoren_frei":[],"sektoren_blockiert":["SSO","S","SSW"],"erste_kollision_m":{"SSO":6,"S":2,"SSW":20},"flaeche_m2":406,"neigung_grad":9.7,"ausrichtung_grad":184,"weg_abstand_m":30,"wald_hinweis":false}},{"type":"Feature","geometry":{"type":"Point","coordinates":[11.455874,46.638227]},"properties":{"id":1640,"hoehe_m":2041,"sektoren_frei":[],"sektoren_blockiert":["SSW"],"erste_kollision_m":{"SSW":6},"flaeche_m2":194,"neigung_grad":11.9,"ausrichtung_grad":240,"weg_abstand_m":9,"wald_hinweis":false}},{"type":"Feature","geometry":{"type":"Point","coordinates":[11.474527,46.62536]},"properties":{"id":1641,"hoehe_m":2041,"sektoren_frei":[],"sektoren_blockiert":["OSO","SO","SSO","SSO","S"],"erste_kollision_m":{"OSO":8,"SO":4,"SSO":6,"S":2},"flaeche_m2":688,"neigung_grad":8.0,"ausrichtung_grad":155,"weg_abstand_m":163,"wald_hinweis":false}},{"type":"Feature","geometry":{"type":"Point","coordinates":[11.446183,46.621088]},"properties":{"id":1642,"hoehe_m":2040,"sektoren_frei":[],"sektoren_blockiert":["SO","SSW","WSW"],"erste_kollision_m":{"SO":4,"SSW":11,"WSW":6},"flaeche_m2":4444,"neigung_grad":9.7,"ausrichtung_grad":234,"weg_abstand_m":213,"wald_hinweis":false}},{"type":"Feature","geometry":{"type":"Point","coordinates":[11.443592,46.621548]},"properties":{"id":1643,"hoehe_m":2040,"sektoren_frei":[],"sektoren_blockiert":["SSO"],"erste_kollision_m":{"SSO":27},"flaeche_m2":431,"neigung_grad":17.2,"ausrichtung_grad":190,"weg_abstand_m":323,"wald_hinweis":false}},{"type":"Feature","geometry":{"type":"Point","coordinates":[11.444979,46.618279]},"properties":{"id":1644,"hoehe_m":2040,"sektoren_frei":[],"sektoren_blockiert":["SW","WSW"],"erste_kollision_m":{"SW":4,"WSW":6},"flaeche_m2":1656,"neigung_grad":11.6,"ausrichtung_grad":274,"weg_abstand_m":32,"wald_hinweis":false}},{"type":"Feature","geometry":{"type":"Point","coordinates":[11.449252,46.605138]},"properties":{"id":1645,"hoehe_m":2040,"sektoren_frei":["S"],"sektoren_blockiert":[],"erste_kollision_m":{},"flaeche_m2":896231,"neigung_grad":11.6,"ausrichtung_grad":195,"weg_abstand_m":11,"wald_hinweis":false}},{"type":"Feature","geometry":{"type":"Point","coordinates":[11.453697,46.634157]},"properties":{"id":1646,"hoehe_m":2040,"sektoren_frei":[],"sektoren_blockiert":["N","NNO","W","W"],"erste_kollision_m":{"N":2,"NNO":6,"W":5},"flaeche_m2":3981,"neigung_grad":9.6,"ausrichtung_grad":299,"weg_abstand_m":22,"wald_hinweis":false}},{"type":"Feature","geometry":{"type":"Point","coordinates":[11.443123,46.617666]},"properties":{"id":1647,"hoehe_m":2040,"sektoren_frei":[],"sektoren_blockiert":["N","NNO","SW","WSW","W","WNW","NW","NNW"],"erste_kollision_m":{"N":2,"NNO":6,"SW":26,"WSW":37,"W":8,"WNW":203,"NW":6,"NNW":29},"flaeche_m2":17319,"neigung_grad":10.5,"ausrichtung_grad":327,"weg_abstand_m":47,"wald_hinweis":false}},{"type":"Feature","geometry":{"type":"Point","coordinates":[11.461318,46.637998]},"properties":{"id":1648,"hoehe_m":2040,"sektoren_frei":["NO"],"sektoren_blockiert":[],"erste_kollision_m":{},"flaeche_m2":84981,"neigung_grad":14.1,"ausrichtung_grad":68,"weg_abstand_m":25,"wald_hinweis":false}},{"type":"Feature","geometry":{"type":"Point","coordinates":[11.470924,46.607911]},"properties":{"id":1649,"hoehe_m":2040,"sektoren_frei":["S"],"sektoren_blockiert":[],"erste_kollision_m":{},"flaeche_m2":79350,"neigung_grad":17.1,"ausrichtung_grad":175,"weg_abstand_m":23,"wald_hinweis":true}},{"type":"Feature","geometry":{"type":"Point","coordinates":[11.456239,46.603728]},"properties":{"id":1650,"hoehe_m":2040,"sektoren_frei":[],"sektoren_blockiert":["SSW"],"erste_kollision_m":{"SSW":6},"flaeche_m2":11362,"neigung_grad":10.5,"ausrichtung_grad":223,"weg_abstand_m":8,"wald_hinweis":false}},{"type":"Feature","geometry":{"type":"Point","coordinates":[11.440797,46.623318]},"properties":{"id":1651,"hoehe_m":2040,"sektoren_frei":["WSW","NW"],"sektoren_blockiert":[],"erste_kollision_m":{},"flaeche_m2":22125,"neigung_grad":13.4,"ausrichtung_grad":278,"weg_abstand_m":610,"wald_hinweis":false}},{"type":"Feature","geometry":{"type":"Point","coordinates":[11.433106,46.614932]},"properties":{"id":1652,"hoehe_m":2040,"sektoren_frei":[],"sektoren_blockiert":["WNW"],"erste_kollision_m":{"WNW":18},"flaeche_m2":3494,"neigung_grad":13.6,"ausrichtung_grad":260,"weg_abstand_m":72,"wald_hinweis":false}},{"type":"Feature","geometry":{"type":"Point","coordinates":[11.438103,46.638945]},"properties":{"id":1653,"hoehe_m":2039,"sektoren_frei":["S"],"sektoren_blockiert":[],"erste_kollision_m":{},"flaeche_m2":340575,"neigung_grad":14.4,"ausrichtung_grad":178,"weg_abstand_m":126,"wald_hinweis":false}},{"type":"Feature","geometry":{"type":"Point","coordinates":[11.427039,46.634051]},"properties":{"id":1654,"hoehe_m":2039,"sektoren_frei":["S"],"sektoren_blockiert":[],"erste_kollision_m":{},"flaeche_m2":255181,"neigung_grad":15.0,"ausrichtung_grad":148,"weg_abstand_m":375,"wald_hinweis":false}},{"type":"Feature","geometry":{"type":"Point","coordinates":[11.435192,46.618488]},"properties":{"id":1655,"hoehe_m":2039,"sektoren_frei":[],"sektoren_blockiert":["W"],"erste_kollision_m":{"W":2},"flaeche_m2":144,"neigung_grad":11.4,"ausrichtung_grad":290,"weg_abstand_m":219,"wald_hinweis":false}},{"type":"Feature","geometry":{"type":"Point","coordinates":[11.454778,46.604614]},"properties":{"id":1656,"hoehe_m":2039,"sektoren_frei":[],"sektoren_blockiert":["SW"],"erste_kollision_m":{"SW":4},"flaeche_m2":1112,"neigung_grad":12.2,"ausrichtung_grad":185,"weg_abstand_m":2,"wald_hinweis":false}},{"type":"Feature","geometry":{"type":"Point","coordinates":[11.470007,46.607841]},"properties":{"id":1657,"hoehe_m":2039,"sektoren_frei":["SSO"],"sektoren_blockiert":[],"erste_kollision_m":{},"flaeche_m2":163675,"neigung_grad":13.2,"ausrichtung_grad":159,"weg_abstand_m":21,"wald_hinweis":true}},{"type":"Feature","geometry":{"type":"Point","coordinates":[11.44899,46.605121]},"properties":{"id":1658,"hoehe_m":2039,"sektoren_frei":[],"sektoren_blockiert":["WSW"],"erste_kollision_m":{"WSW":18},"flaeche_m2":306,"neigung_grad":12.2,"ausrichtung_grad":214,"weg_abstand_m":5,"wald_hinweis":false}},{"type":"Feature","geometry":{"type":"Point","coordinates":[11.443947,46.617828]},"properties":{"id":1659,"hoehe_m":2039,"sektoren_frei":[],"sektoren_blockiert":["NNO","NO","ONO"],"erste_kollision_m":{"NNO":9,"NO":4,"ONO":6},"flaeche_m2":10319,"neigung_grad":12.6,"ausrichtung_grad":13,"weg_abstand_m":45,"wald_hinweis":false}},{"type":"Feature","geometry":{"type":"Point","coordinates":[11.473227,46.624781]},"properties":{"id":1660,"hoehe_m":2039,"sektoren_frei":[],"sektoren_blockiert":["OSO"],"erste_kollision_m":{"OSO":10},"flaeche_m2":200,"neigung_grad":9.7,"ausrichtung_grad":142,"weg_abstand_m":99,"wald_hinweis":false}},{"type":"Feature","geometry":{"type":"Point","coordinates":[11.47499,46.625485]},"properties":{"id":1661,"hoehe_m":2039,"sektoren_frei":[],"sektoren_blockiert":["OSO","SO"],"erste_kollision_m":{"OSO":6,"SO":4},"flaeche_m2":212,"neigung_grad":8.6,"ausrichtung_grad":141,"weg_abstand_m":182,"wald_hinweis":false}},{"type":"Feature","geometry":{"type":"Point","coordinates":[11.456229,46.603503]},"properties":{"id":1662,"hoehe_m":2039,"sektoren_frei":[],"sektoren_blockiert":["SSO","S"],"erste_kollision_m":{"SSO":6,"S":8},"flaeche_m2":6212,"neigung_grad":16.8,"ausrichtung_grad":197,"weg_abstand_m":13,"wald_hinweis":false}},{"type":"Feature","geometry":{"type":"Point","coordinates":[11.46259,46.637228]},"properties":{"id":1663,"hoehe_m":2039,"sektoren_frei":["NO"],"sektoren_blockiert":["N"],"erste_kollision_m":{"N":5},"flaeche_m2":84981,"neigung_grad":14.8,"ausrichtung_grad":39,"weg_abstand_m":93,"wald_hinweis":false}},{"type":"Feature","geometry":{"type":"Point","coordinates":[11.443035,46.603381]},"properties":{"id":1664,"hoehe_m":2038,"sektoren_frei":[],"sektoren_blockiert":["OSO"],"erste_kollision_m":{"OSO":6},"flaeche_m2":12219,"neigung_grad":11.1,"ausrichtung_grad":152,"weg_abstand_m":11,"wald_hinweis":false}},{"type":"Feature","geometry":{"type":"Point","coordinates":[11.435619,46.618546]},"properties":{"id":1665,"hoehe_m":2038,"sektoren_frei":[],"sektoren_blockiert":["ONO"],"erste_kollision_m":{"ONO":8},"flaeche_m2":4725,"neigung_grad":10.6,"ausrichtung_grad":45,"weg_abstand_m":220,"wald_hinweis":false}},{"type":"Feature","geometry":{"type":"Point","coordinates":[11.435168,46.618668]},"properties":{"id":1666,"hoehe_m":2038,"sektoren_frei":[],"sektoren_blockiert":["NW"],"erste_kollision_m":{"NW":11},"flaeche_m2":112,"neigung_grad":12.0,"ausrichtung_grad":319,"weg_abstand_m":239,"wald_hinweis":false}},{"type":"Feature","geometry":{"type":"Point","coordinates":[11.452537,46.633777]},"properties":{"id":1667,"hoehe_m":2038,"sektoren_frei":[],"sektoren_blockiert":["N","W","W","WNW","NW","NNW"],"erste_kollision_m":{"N":37,"W":16,"WNW":6,"NW":320,"NNW":128},"flaeche_m2":1394,"neigung_grad":15.2,"ausrichtung_grad":317,"weg_abstand_m":12,"wald_hinweis":false}},{"type":"Feature","geometry":{"type":"Point","coordinates":[11.46815,46.622303]},"properties":{"id":1668,"hoehe_m":2038,"sektoren_frei":[],"sektoren_blockiert":["S"],"erste_kollision_m":{"S":8},"flaeche_m2":1212,"neigung_grad":8.5,"ausrichtung_grad":167,"weg_abstand_m":13,"wald_hinweis":false}},{"type":"Feature","geometry":{"type":"Point","coordinates":[11.448334,46.605067]},"properties":{"id":1669,"hoehe_m":2038,"sektoren_frei":["S"],"sektoren_blockiert":[],"erste_kollision_m":{},"flaeche_m2":896231,"neigung_grad":12.7,"ausrichtung_grad":164,"weg_abstand_m":8,"wald_hinweis":false}},{"type":"Feature","geometry":{"type":"Point","coordinates":[11.440996,46.638613]},"properties":{"id":1670,"hoehe_m":2038,"sektoren_frei":[],"sektoren_blockiert":["W"],"erste_kollision_m":{"W":8},"flaeche_m2":169,"neigung_grad":10.6,"ausrichtung_grad":236,"weg_abstand_m":145,"wald_hinweis":false}},{"type":"Feature","geometry":{"type":"Point","coordinates":[11.445436,46.621171]},"properties":{"id":1671,"hoehe_m":2038,"sektoren_frei":[],"sektoren_blockiert":["WSW"],"erste_kollision_m":{"WSW":8},"flaeche_m2":125,"neigung_grad":9.9,"ausrichtung_grad":208,"weg_abstand_m":227,"wald_hinweis":false}},{"type":"Feature","geometry":{"type":"Point","coordinates":[11.458555,46.596478]},"properties":{"id":1672,"hoehe_m":2038,"sektoren_frei":["O"],"sektoren_blockiert":["S"],"erste_kollision_m":{"S":5},"flaeche_m2":63169,"neigung_grad":19.8,"ausrichtung_grad":126,"weg_abstand_m":94,"wald_hinweis":false}},{"type":"Feature","geometry":{"type":"Point","coordinates":[11.455143,46.635071]},"properties":{"id":1673,"hoehe_m":2038,"sektoren_frei":[],"sektoren_blockiert":["W"],"erste_kollision_m":{"W":13},"flaeche_m2":262,"neigung_grad":10.5,"ausrichtung_grad":297,"weg_abstand_m":49,"wald_hinweis":false}},{"type":"Feature","geometry":{"type":"Point","coordinates":[11.444868,46.617989]},"properties":{"id":1674,"hoehe_m":2038,"sektoren_frei":[],"sektoren_blockiert":["W"],"erste_kollision_m":{"W":8},"flaeche_m2":231,"neigung_grad":17.7,"ausrichtung_grad":262,"weg_abstand_m":54,"wald_hinweis":false}},{"type":"Feature","geometry":{"type":"Point","coordinates":[11.438616,46.60892]},"properties":{"id":1675,"hoehe_m":2037,"sektoren_frei":[],"sektoren_blockiert":["OSO"],"erste_kollision_m":{"OSO":35},"flaeche_m2":119,"neigung_grad":18.6,"ausrichtung_grad":148,"weg_abstand_m":122,"wald_hinweis":false}},{"type":"Feature","geometry":{"type":"Point","coordinates":[11.462208,46.637439]},"properties":{"id":1676,"hoehe_m":2037,"sektoren_frei":["NO"],"sektoren_blockiert":[],"erste_kollision_m":{},"flaeche_m2":84981,"neigung_grad":13.2,"ausrichtung_grad":28,"weg_abstand_m":57,"wald_hinweis":false}},{"type":"Feature","geometry":{"type":"Point","coordinates":[11.45189,46.594889]},"properties":{"id":1677,"hoehe_m":2037,"sektoren_frei":[],"sektoren_blockiert":["W"],"erste_kollision_m":{"W":84},"flaeche_m2":681,"neigung_grad":20.8,"ausrichtung_grad":257,"weg_abstand_m":90,"wald_hinweis":false}},{"type":"Feature","geometry":{"type":"Point","coordinates":[11.449843,46.638514]},"properties":{"id":1678,"hoehe_m":2037,"sektoren_frei":[],"sektoren_blockiert":["W"],"erste_kollision_m":{"W":2},"flaeche_m2":369,"neigung_grad":14.9,"ausrichtung_grad":262,"weg_abstand_m":23,"wald_hinweis":false}},{"type":"Feature","geometry":{"type":"Point","coordinates":[11.44473,46.617834]},"properties":{"id":1679,"hoehe_m":2037,"sektoren_frei":[],"sektoren_blockiert":["WNW"],"erste_kollision_m":{"WNW":40},"flaeche_m2":212,"neigung_grad":15.2,"ausrichtung_grad":295,"weg_abstand_m":58,"wald_hinweis":false}},{"type":"Feature","geometry":{"type":"Point","coordinates":[11.432319,46.609009]},"properties":{"id":1680,"hoehe_m":2037,"sektoren_frei":["WSW"],"sektoren_blockiert":[],"erste_kollision_m":{},"flaeche_m2":71144,"neigung_grad":14.4,"ausrichtung_grad":222,"weg_abstand_m":40,"wald_hinweis":false}},{"type":"Feature","geometry":{"type":"Point","coordinates":[11.425971,46.633533]},"properties":{"id":1681,"hoehe_m":2037,"sektoren_frei":["OSO"],"sektoren_blockiert":[],"erste_kollision_m":{},"flaeche_m2":241525,"neigung_grad":16.1,"ausrichtung_grad":149,"weg_abstand_m":278,"wald_hinweis":false}},{"type":"Feature","geometry":{"type":"Point","coordinates":[11.457288,46.603098]},"properties":{"id":1682,"hoehe_m":2037,"sektoren_frei":[],"sektoren_blockiert":["WSW"],"erste_kollision_m":{"WSW":65},"flaeche_m2":425,"neigung_grad":17.1,"ausrichtung_grad":234,"weg_abstand_m":24,"wald_hinweis":false}},{"type":"Feature","geometry":{"type":"Point","coordinates":[11.424557,46.633316]},"properties":{"id":1683,"hoehe_m":2037,"sektoren_frei":[],"sektoren_blockiert":["SO","WSW","WSW"],"erste_kollision_m":{"SO":17,"WSW":13},"flaeche_m2":275,"neigung_grad":12.4,"ausrichtung_grad":172,"weg_abstand_m":169,"wald_hinweis":false}},{"type":"Feature","geometry":{"type":"Point","coordinates":[11.453339,46.604555]},"properties":{"id":1684,"hoehe_m":2037,"sektoren_frei":[],"sektoren_blockiert":["WSW","WSW"],"erste_kollision_m":{"WSW":18},"flaeche_m2":725,"neigung_grad":15.0,"ausrichtung_grad":208,"weg_abstand_m":16,"wald_hinweis":false}},{"type":"Feature","geometry":{"type":"Point","coordinates":[11.476428,46.629819]},"properties":{"id":1685,"hoehe_m":2037,"sektoren_frei":[],"sektoren_blockiert":["O","OSO","SO"],"erste_kollision_m":{"O":2,"OSO":6,"SO":4},"flaeche_m2":17931,"neigung_grad":8.3,"ausrichtung_grad":119,"weg_abstand_m":18,"wald_hinweis":false}},{"type":"Feature","geometry":{"type":"Point","coordinates":[11.471148,46.624309]},"properties":{"id":1686,"hoehe_m":2037,"sektoren_frei":[],"sektoren_blockiert":["SO"],"erste_kollision_m":{"SO":4},"flaeche_m2":350,"neigung_grad":9.0,"ausrichtung_grad":158,"weg_abstand_m":9,"wald_hinweis":false}},{"type":"Feature","geometry":{"type":"Point","coordinates":[11.447666,46.604721]},"properties":{"id":1687,"hoehe_m":2037,"sektoren_frei":["S"],"sektoren_blockiert":[],"erste_kollision_m":{},"flaeche_m2":896231,"neigung_grad":12.8,"ausrichtung_grad":148,"weg_abstand_m":2,"wald_hinweis":false}},{"type":"Feature","geometry":{"type":"Point","coordinates":[11.461313,46.638605]},"properties":{"id":1688,"hoehe_m":2037,"sektoren_frei":[],"sektoren_blockiert":["NNO"],"erste_kollision_m":{"NNO":13},"flaeche_m2":556,"neigung_grad":15.9,"ausrichtung_grad":59,"weg_abstand_m":3,"wald_hinweis":false}},{"type":"Feature","geometry":{"type":"Point","coordinates":[11.467429,46.621531]},"properties":{"id":1689,"hoehe_m":2036,"sektoren_frei":[],"sektoren_blockiert":["S"],"erste_kollision_m":{"S":2},"flaeche_m2":1231,"neigung_grad":9.1,"ausrichtung_grad":150,"weg_abstand_m":85,"wald_hinweis":false}},{"type":"Feature","geometry":{"type":"Point","coordinates":[11.423157,46.634155]},"properties":{"id":1690,"hoehe_m":2036,"sektoren_frei":[],"sektoren_blockiert":["WNW"],"erste_kollision_m":{"WNW":16},"flaeche_m2":131,"neigung_grad":17.2,"ausrichtung_grad":251,"weg_abstand_m":142,"wald_hinweis":false}},{"type":"Feature","geometry":{"type":"Point","coordinates":[11.444867,46.637541]},"properties":{"id":1691,"hoehe_m":2036,"sektoren_frei":[],"sektoren_blockiert":["SO"],"erste_kollision_m":{"SO":4},"flaeche_m2":188,"neigung_grad":10.4,"ausrichtung_grad":173,"weg_abstand_m":78,"wald_hinweis":false}},{"type":"Feature","geometry":{"type":"Point","coordinates":[11.429222,46.641227]},"properties":{"id":1692,"hoehe_m":2036,"sektoren_frei":[],"sektoren_blockiert":["SO","SO","SO","SSO","S","SSW"],"erste_kollision_m":{"SO":11,"SSO":95,"S":78,"SSW":10},"flaeche_m2":4250,"neigung_grad":16.5,"ausrichtung_grad":163,"weg_abstand_m":213,"wald_hinweis":false}},{"type":"Feature","geometry":{"type":"Point","coordinates":[11.472761,46.624589]},"properties":{"id":1693,"hoehe_m":2036,"sektoren_frei":[],"sektoren_blockiert":["SO"],"erste_kollision_m":{"SO":6},"flaeche_m2":7494,"neigung_grad":10.6,"ausrichtung_grad":149,"weg_abstand_m":57,"wald_hinweis":false}},{"type":"Feature","geometry":{"type":"Point","coordinates":[11.449992,46.638196]},"properties":{"id":1694,"hoehe_m":2036,"sektoren_frei":[],"sektoren_blockiert":["S"],"erste_kollision_m":{"S":33},"flaeche_m2":131,"neigung_grad":13.5,"ausrichtung_grad":206,"weg_abstand_m":3,"wald_hinweis":false}},{"type":"Feature","geometry":{"type":"Point","coordinates":[11.440528,46.623144]},"properties":{"id":1695,"hoehe_m":2036,"sektoren_frei":["NW"],"sektoren_blockiert":[],"erste_kollision_m":{},"flaeche_m2":8375,"neigung_grad":14.6,"ausrichtung_grad":283,"weg_abstand_m":609,"wald_hinweis":false}},{"type":"Feature","geometry":{"type":"Point","coordinates":[11.461086,46.639353]},"properties":{"id":1696,"hoehe_m":2036,"sektoren_frei":[],"sektoren_blockiert":["OSO"],"erste_kollision_m":{"OSO":111},"flaeche_m2":2588,"neigung_grad":19.5,"ausrichtung_grad":85,"weg_abstand_m":16,"wald_hinweis":false}},{"type":"Feature","geometry":{"type":"Point","coordinates":[11.472225,46.624308]},"properties":{"id":1697,"hoehe_m":2036,"sektoren_frei":[],"sektoren_blockiert":["OSO","SO","SO","SSO"],"erste_kollision_m":{"OSO":6,"SO":17,"SSO":16},"flaeche_m2":894,"neigung_grad":13.3,"ausrichtung_grad":117,"weg_abstand_m":13,"wald_hinweis":false}},{"type":"Feature","geometry":{"type":"Point","coordinates":[11.470433,46.624391]},"properties":{"id":1698,"hoehe_m":2036,"sektoren_frei":[],"sektoren_blockiert":["SSO"],"erste_kollision_m":{"SSO":12},"flaeche_m2":119,"neigung_grad":11.6,"ausrichtung_grad":184,"weg_abstand_m":40,"wald_hinweis":false}},{"type":"Feature","geometry":{"type":"Point","coordinates":[11.435279,46.618958]},"properties":{"id":1699,"hoehe_m":2036,"sektoren_frei":["N","NW","NNW"],"sektoren_blockiert":[],"erste_kollision_m":{},"flaeche_m2":2406,"neigung_grad":18.7,"ausrichtung_grad":347,"weg_abstand_m":269,"wald_hinweis":false}},{"type":"Feature","geometry":{"type":"Point","coordinates":[11.445943,46.620823]},"properties":{"id":1700,"hoehe_m":2036,"sektoren_frei":[],"sektoren_blockiert":["SSW"],"erste_kollision_m":{"SSW":6},"flaeche_m2":112,"neigung_grad":8.8,"ausrichtung_grad":168,"weg_abstand_m":184,"wald_hinweis":false}},{"type":"Feature","geometry":{"type":"Point","coordinates":[11.4284,46.640367]},"properties":{"id":1701,"hoehe_m":2035,"sektoren_frei":[],"sektoren_blockiert":["O","OSO","SO"],"erste_kollision_m":{"O":53,"OSO":53,"SO":47},"flaeche_m2":6138,"neigung_grad":16.7,"ausrichtung_grad":108,"weg_abstand_m":327,"wald_hinweis":false}},{"type":"Feature","geometry":{"type":"Point","coordinates":[11.467794,46.621658]},"properties":{"id":1702,"hoehe_m":2035,"sektoren_frei":[],"sektoren_blockiert":["S"],"erste_kollision_m":{"S":5},"flaeche_m2":131,"neigung_grad":8.5,"ausrichtung_grad":144,"weg_abstand_m":63,"wald_hinweis":false}},{"type":"Feature","geometry":{"type":"Point","coordinates":[11.469849,46.624472]},"properties":{"id":1703,"hoehe_m":2035,"sektoren_frei":[],"sektoren_blockiert":["SW"],"erste_kollision_m":{"SW":4},"flaeche_m2":138,"neigung_grad":8.3,"ausrichtung_grad":184,"weg_abstand_m":4,"wald_hinweis":false}},{"type":"Feature","geometry":{"type":"Point","coordinates":[11.44571,46.620738]},"properties":{"id":1704,"hoehe_m":2035,"sektoren_frei":[],"sektoren_blockiert":["SSO","S","W"],"erste_kollision_m":{"SSO":37,"S":2,"W":2},"flaeche_m2":769,"neigung_grad":19.6,"ausrichtung_grad":202,"weg_abstand_m":176,"wald_hinweis":false}},{"type":"Feature","geometry":{"type":"Point","coordinates":[11.435539,46.61893]},"properties":{"id":1705,"hoehe_m":2034,"sektoren_frei":[],"sektoren_blockiert":["O","O"],"erste_kollision_m":{"O":2},"flaeche_m2":719,"neigung_grad":11.9,"ausrichtung_grad":64,"weg_abstand_m":263,"wald_hinweis":false}},{"type":"Feature","geometry":{"type":"Point","coordinates":[11.458515,46.596299]},"properties":{"id":1706,"hoehe_m":2034,"sektoren_frei":["O"],"sektoren_blockiert":[],"erste_kollision_m":{},"flaeche_m2":63169,"neigung_grad":18.0,"ausrichtung_grad":128,"weg_abstand_m":77,"wald_hinweis":false}},{"type":"Feature","geometry":{"type":"Point","coordinates":[11.454499,46.638167]},"properties":{"id":1707,"hoehe_m":2034,"sektoren_frei":[],"sektoren_blockiert":["O"],"erste_kollision_m":{"O":38},"flaeche_m2":231,"neigung_grad":15.8,"ausrichtung_grad":120,"weg_abstand_m":38,"wald_hinweis":false}},{"type":"Feature","geometry":{"type":"Point","coordinates":[11.460719,46.604621]},"properties":{"id":1708,"hoehe_m":2034,"sektoren_frei":["SO","SO"],"sektoren_blockiert":[],"erste_kollision_m":{},"flaeche_m2":34694,"neigung_grad":18.0,"ausrichtung_grad":149,"weg_abstand_m":49,"wald_hinweis":false}},{"type":"Feature","geometry":{"type":"Point","coordinates":[11.437335,46.608745]},"properties":{"id":1709,"hoehe_m":2034,"sektoren_frei":[],"sektoren_blockiert":["SO"],"erste_kollision_m":{"SO":89},"flaeche_m2":206,"neigung_grad":25.3,"ausrichtung_grad":170,"weg_abstand_m":128,"wald_hinweis":false}},{"type":"Feature","geometry":{"type":"Point","coordinates":[11.450309,46.637964]},"properties":{"id":1710,"hoehe_m":2034,"sektoren_frei":[],"sektoren_blockiert":["W"],"erste_kollision_m":{"W":23},"flaeche_m2":244,"neigung_grad":8.9,"ausrichtung_grad":263,"weg_abstand_m":15,"wald_hinweis":false}},{"type":"Feature","geometry":{"type":"Point","coordinates":[11.425009,46.633216]},"properties":{"id":1711,"hoehe_m":2034,"sektoren_frei":[],"sektoren_blockiert":["SW"],"erste_kollision_m":{"SW":4},"flaeche_m2":262,"neigung_grad":12.3,"ausrichtung_grad":192,"weg_abstand_m":197,"wald_hinweis":false}},{"type":"Feature","geometry":{"type":"Point","coordinates":[11.440064,46.609181]},"properties":{"id":1712,"hoehe_m":2034,"sektoren_frei":[],"sektoren_blockiert":["SSW"],"erste_kollision_m":{"SSW":99},"flaeche_m2":144,"neigung_grad":20.5,"ausrichtung_grad":189,"weg_abstand_m":132,"wald_hinweis":false}},{"type":"Feature","geometry":{"type":"Point","coordinates":[11.477054,46.627061]},"properties":{"id":1713,"hoehe_m":2034,"sektoren_frei":[],"sektoren_blockiert":["ONO","O","OSO","SO"],"erste_kollision_m":{"ONO":6,"O":16,"OSO":9,"SO":4},"flaeche_m2":475,"neigung_grad":8.9,"ausrichtung_grad":76,"weg_abstand_m":196,"wald_hinweis":false}},{"type":"Feature","geometry":{"type":"Point","coordinates":[11.461831,46.637784]},"properties":{"id":1714,"hoehe_m":2034,"sektoren_frei":[],"sektoren_blockiert":["O"],"erste_kollision_m":{"O":36},"flaeche_m2":325,"neigung_grad":12.4,"ausrichtung_grad":67,"weg_abstand_m":9,"wald_hinweis":false}},{"type":"Feature","geometry":{"type":"Point","coordinates":[11.453719,46.634651]},"properties":{"id":1715,"hoehe_m":2034,"sektoren_frei":[],"sektoren_blockiert":["NNO"],"erste_kollision_m":{"NNO":16},"flaeche_m2":1256,"neigung_grad":9.8,"ausrichtung_grad":5,"weg_abstand_m":33,"wald_hinweis":false}},{"type":"Feature","geometry":{"type":"Point","coordinates":[11.444663,46.626498]},"properties":{"id":1716,"hoehe_m":2034,"sektoren_frei":["WNW","NW","NNW"],"sektoren_blockiert":[],"erste_kollision_m":{},"flaeche_m2":1775,"neigung_grad":27.5,"ausrichtung_grad":313,"weg_abstand_m":504,"wald_hinweis":false}},{"type":"Feature","geometry":{"type":"Point","coordinates":[11.474538,46.624888]},"properties":{"id":1717,"hoehe_m":2034,"sektoren_frei":[],"sektoren_blockiert":["SO","SSO","S"],"erste_kollision_m":{"SO":6,"SSO":6,"S":2},"flaeche_m2":456,"neigung_grad":7.9,"ausrichtung_grad":152,"weg_abstand_m":111,"wald_hinweis":false}},{"type":"Feature","geometry":{"type":"Point","coordinates":[11.451728,46.633231]},"properties":{"id":1718,"hoehe_m":2034,"sektoren_frei":[],"sektoren_blockiert":["WSW","NNW"],"erste_kollision_m":{"WSW":9,"NNW":105},"flaeche_m2":1700,"neigung_grad":15.1,"ausrichtung_grad":278,"weg_abstand_m":15,"wald_hinweis":false}},{"type":"Feature","geometry":{"type":"Point","coordinates":[11.440512,46.622784]},"properties":{"id":1719,"hoehe_m":2034,"sektoren_frei":["WNW"],"sektoren_blockiert":[],"erste_kollision_m":{},"flaeche_m2":13900,"neigung_grad":14.7,"ausrichtung_grad":258,"weg_abstand_m":582,"wald_hinweis":false}},{"type":"Feature","geometry":{"type":"Point","coordinates":[11.459736,46.60453]},"properties":{"id":1720,"hoehe_m":2034,"sektoren_frei":[],"sektoren_blockiert":["OSO"],"erste_kollision_m":{"OSO":33},"flaeche_m2":812,"neigung_grad":26.5,"ausrichtung_grad":143,"weg_abstand_m":25,"wald_hinweis":false}},{"type":"Feature","geometry":{"type":"Point","coordinates":[11.442674,46.617855]},"properties":{"id":1721,"hoehe_m":2034,"sektoren_frei":[],"sektoren_blockiert":["SW"],"erste_kollision_m":{"SW":31},"flaeche_m2":219,"neigung_grad":16.7,"ausrichtung_grad":261,"weg_abstand_m":83,"wald_hinweis":false}},{"type":"Feature","geometry":{"type":"Point","coordinates":[11.437858,46.608778]},"properties":{"id":1722,"hoehe_m":2034,"sektoren_frei":[],"sektoren_blockiert":["SW"],"erste_kollision_m":{"SW":41},"flaeche_m2":138,"neigung_grad":22.1,"ausrichtung_grad":188,"weg_abstand_m":126,"wald_hinweis":false}},{"type":"Feature","geometry":{"type":"Point","coordinates":[11.476986,46.627715]},"properties":{"id":1723,"hoehe_m":2034,"sektoren_frei":[],"sektoren_blockiert":["NO","ONO","O"],"erste_kollision_m":{"NO":4,"ONO":6,"O":2},"flaeche_m2":375,"neigung_grad":10.7,"ausrichtung_grad":70,"weg_abstand_m":135,"wald_hinweis":false}},{"type":"Feature","geometry":{"type":"Point","coordinates":[11.452944,46.634128]},"properties":{"id":1724,"hoehe_m":2034,"sektoren_frei":[],"sektoren_blockiert":["NNW"],"erste_kollision_m":{"NNW":10},"flaeche_m2":112,"neigung_grad":11.0,"ausrichtung_grad":319,"weg_abstand_m":1,"wald_hinweis":false}},{"type":"Feature","geometry":{"type":"Point","coordinates":[11.441852,46.604666]},"properties":{"id":1725,"hoehe_m":2034,"sektoren_frei":[],"sektoren_blockiert":["SW"],"erste_kollision_m":{"SW":6},"flaeche_m2":500,"neigung_grad":10.8,"ausrichtung_grad":267,"weg_abstand_m":55,"wald_hinweis":false}},{"type":"Feature","geometry":{"type":"Point","coordinates":[11.434414,46.617874]},"properties":{"id":1726,"hoehe_m":2034,"sektoren_frei":["NW"],"sektoren_blockiert":[],"erste_kollision_m":{},"flaeche_m2":3306,"neigung_grad":21.1,"ausrichtung_grad":293,"weg_abstand_m":180,"wald_hinweis":false}},{"type":"Feature","geometry":{"type":"Point","coordinates":[11.475033,46.625012]},"properties":{"id":1727,"hoehe_m":2033,"sektoren_frei":[],"sektoren_blockiert":["SSO"],"erste_kollision_m":{"SSO":6},"flaeche_m2":112,"neigung_grad":7.7,"ausrichtung_grad":132,"weg_abstand_m":132,"wald_hinweis":false}},{"type":"Feature","geometry":{"type":"Point","coordinates":[11.469324,46.623695]},"properties":{"id":1728,"hoehe_m":2033,"sektoren_frei":[],"sektoren_blockiert":["NO","OSO"],"erste_kollision_m":{"NO":9,"OSO":6},"flaeche_m2":8012,"neigung_grad":10.1,"ausrichtung_grad":62,"weg_abstand_m":24,"wald_hinweis":false}},{"type":"Feature","geometry":{"type":"Point","coordinates":[11.469796,46.623303]},"properties":{"id":1729,"hoehe_m":2033,"sektoren_frei":[],"sektoren_blockiert":["NNO","OSO"],"erste_kollision_m":{"NNO":13,"OSO":6},"flaeche_m2":1750,"neigung_grad":13.0,"ausrichtung_grad":81,"weg_abstand_m":81,"wald_hinweis":false}},{"type":"Feature","geometry":{"type":"Point","coordinates":[11.471279,46.607813]},"properties":{"id":1730,"hoehe_m":2033,"sektoren_frei":[],"sektoren_blockiert":["OSO"],"erste_kollision_m":{"OSO":15},"flaeche_m2":925,"neigung_grad":14.2,"ausrichtung_grad":153,"weg_abstand_m":10,"wald_hinweis":false}},{"type":"Feature","geometry":{"type":"Point","coordinates":[11.453869,46.637955]},"properties":{"id":1731,"hoehe_m":2033,"sektoren_frei":[],"sektoren_blockiert":["SW"],"erste_kollision_m":{"SW":4},"flaeche_m2":4075,"neigung_grad":9.5,"ausrichtung_grad":196,"weg_abstand_m":47,"wald_hinweis":false}},{"type":"Feature","geometry":{"type":"Point","coordinates":[11.449821,46.63802]},"properties":{"id":1732,"hoehe_m":2033,"sektoren_frei":[],"sektoren_blockiert":["S","WSW"],"erste_kollision_m":{"S":29,"WSW":9},"flaeche_m2":475,"neigung_grad":16.8,"ausrichtung_grad":172,"weg_abstand_m":11,"wald_hinweis":false}},{"type":"Feature","geometry":{"type":"Point","coordinates":[11.451901,46.633453]},"properties":{"id":1733,"hoehe_m":2033,"sektoren_frei":[],"sektoren_blockiert":["NNW"],"erste_kollision_m":{"NNW":18},"flaeche_m2":1575,"neigung_grad":16.1,"ausrichtung_grad":301,"weg_abstand_m":5,"wald_hinweis":false}},{"type":"Feature","geometry":{"type":"Point","coordinates":[11.447855,46.629197]},"properties":{"id":1734,"hoehe_m":2032,"sektoren_frei":["NNW"],"sektoren_blockiert":[],"erste_kollision_m":{},"flaeche_m2":53619,"neigung_grad":22.8,"ausrichtung_grad":302,"weg_abstand_m":166,"wald_hinweis":false}},{"type":"Feature","geometry":{"type":"Point","coordinates":[11.443816,46.625818]},"properties":{"id":1735,"hoehe_m":2032,"sektoren_frei":["WNW"],"sektoren_blockiert":["W","NW"],"erste_kollision_m":{"W":16,"NW":23},"flaeche_m2":288,"neigung_grad":24.6,"ausrichtung_grad":297,"weg_abstand_m":599,"wald_hinweis":false}},{"type":"Feature","geometry":{"type":"Point","coordinates":[11.476604,46.629365]},"properties":{"id":1736,"hoehe_m":2032,"sektoren_frei":[],"sektoren_blockiert":["SO","SO"],"erste_kollision_m":{"SO":6},"flaeche_m2":6888,"neigung_grad":7.8,"ausrichtung_grad":125,"weg_abstand_m":4,"wald_hinweis":false}},{"type":"Feature","geometry":{"type":"Point","coordinates":[11.476905,46.628099]},"properties":{"id":1737,"hoehe_m":2032,"sektoren_frei":[],"sektoren_blockiert":["NO","ONO","O"],"erste_kollision_m":{"NO":6,"ONO":6,"O":5},"flaeche_m2":1206,"neigung_grad":11.7,"ausrichtung_grad":60,"weg_abstand_m":100,"wald_hinweis":false}},{"type":"Feature","geometry":{"type":"Point","coordinates":[11.428642,46.634827]},"properties":{"id":1738,"hoehe_m":2032,"sektoren_frei":["SSO"],"sektoren_blockiert":[],"erste_kollision_m":{},"flaeche_m2":361119,"neigung_grad":15.7,"ausrichtung_grad":140,"weg_abstand_m":326,"wald_hinweis":false}},{"type":"Feature","geometry":{"type":"Point","coordinates":[11.436146,46.618647]},"properties":{"id":1739,"hoehe_m":2032,"sektoren_frei":[],"sektoren_blockiert":["N","ONO"],"erste_kollision_m":{"N":5,"ONO":13},"flaeche_m2":888,"neigung_grad":12.1,"ausrichtung_grad":24,"weg_abstand_m":232,"wald_hinweis":false}},{"type":"Feature","geometry":{"type":"Point","coordinates":[11.469092,46.622193]},"properties":{"id":1740,"hoehe_m":2032,"sektoren_frei":[],"sektoren_blockiert":["OSO"],"erste_kollision_m":{"OSO":6},"flaeche_m2":11538,"neigung_grad":10.8,"ausrichtung_grad":135,"weg_abstand_m":29,"wald_hinweis":false}},{"type":"Feature","geometry":{"type":"Point","coordinates":[11.443019,46.603021]},"properties":{"id":1741,"hoehe_m":2032,"sektoren_frei":["S"],"sektoren_blockiert":[],"erste_kollision_m":{},"flaeche_m2":896231,"neigung_grad":12.0,"ausrichtung_grad":159,"weg_abstand_m":27,"wald_hinweis":false}},{"type":"Feature","geometry":{"type":"Point","coordinates":[11.4774,46.631778]},"properties":{"id":1742,"hoehe_m":2032,"sektoren_frei":[],"sektoren_blockiert":["NO","ONO","O","OSO","SO","SO"],"erste_kollision_m":{"NO":4,"ONO":18,"O":8,"OSO":6,"SO":18},"flaeche_m2":1644,"neigung_grad":11.9,"ausrichtung_grad":104,"weg_abstand_m":207,"wald_hinweis":false}},{"type":"Feature","geometry":{"type":"Point","coordinates":[11.450522,46.637622]},"properties":{"id":1743,"hoehe_m":2032,"sektoren_frei":[],"sektoren_blockiert":["SW"],"erste_kollision_m":{"SW":4},"flaeche_m2":450,"neigung_grad":9.2,"ausrichtung_grad":198,"weg_abstand_m":45,"wald_hinweis":false}},{"type":"Feature","geometry":{"type":"Point","coordinates":[11.474958,46.624789]},"properties":{"id":1744,"hoehe_m":2032,"sektoren_frei":[],"sektoren_blockiert":["SO","SSO"],"erste_kollision_m":{"SO":9,"SSO":9},"flaeche_m2":669,"neigung_grad":7.9,"ausrichtung_grad":152,"weg_abstand_m":107,"wald_hinweis":false}},{"type":"Feature","geometry":{"type":"Point","coordinates":[11.455968,46.594846]},"properties":{"id":1745,"hoehe_m":2032,"sektoren_frei":[],"sektoren_blockiert":["NO","ONO"],"erste_kollision_m":{"NO":4,"ONO":6},"flaeche_m2":231,"neigung_grad":8.4,"ausrichtung_grad":55,"weg_abstand_m":35,"wald_hinweis":false}},{"type":"Feature","geometry":{"type":"Point","coordinates":[11.455915,46.595117]},"properties":{"id":1746,"hoehe_m":2031,"sektoren_frei":[],"sektoren_blockiert":["O"],"erste_kollision_m":{"O":2},"flaeche_m2":225,"neigung_grad":9.0,"ausrichtung_grad":104,"weg_abstand_m":42,"wald_hinweis":false}},{"type":"Feature","geometry":{"type":"Point","coordinates":[11.432532,46.608667]},"properties":{"id":1747,"hoehe_m":2031,"sektoren_frei":["WSW"],"sektoren_blockiert":["SSO"],"erste_kollision_m":{"SSO":20},"flaeche_m2":71144,"neigung_grad":15.7,"ausrichtung_grad":219,"weg_abstand_m":13,"wald_hinweis":false}},{"type":"Feature","geometry":{"type":"Point","coordinates":[11.435545,46.608873]},"properties":{"id":1748,"hoehe_m":2031,"sektoren_frei":[],"sektoren_blockiert":["S","SSW"],"erste_kollision_m":{"S":467,"SSW":68},"flaeche_m2":2556,"neigung_grad":25.0,"ausrichtung_grad":177,"weg_abstand_m":126,"wald_hinweis":false}},{"type":"Feature","geometry":{"type":"Point","coordinates":[11.476728,46.628508]},"properties":{"id":1749,"hoehe_m":2031,"sektoren_frei":[],"sektoren_blockiert":["OSO"],"erste_kollision_m":{"OSO":20},"flaeche_m2":712,"neigung_grad":12.5,"ausrichtung_grad":86,"weg_abstand_m":62,"wald_hinweis":false}},{"type":"Feature","geometry":{"type":"Point","coordinates":[11.470551,46.624119]},"properties":{"id":1750,"hoehe_m":2031,"sektoren_frei":[],"sektoren_blockiert":["SO"],"erste_kollision_m":{"SO":6},"flaeche_m2":206,"neigung_grad":13.9,"ausrichtung_grad":149,"weg_abstand_m":59,"wald_hinweis":false}},{"type":"Feature","geometry":{"type":"Point","coordinates":[11.468391,46.621848]},"properties":{"id":1751,"hoehe_m":2031,"sektoren_frei":[],"sektoren_blockiert":["SSO"],"erste_kollision_m":{"SSO":20},"flaeche_m2":10606,"neigung_grad":9.2,"ausrichtung_grad":158,"weg_abstand_m":27,"wald_hinweis":false}},{"type":"Feature","geometry":{"type":"Point","coordinates":[11.436033,46.60884]},"properties":{"id":1752,"hoehe_m":2031,"sektoren_frei":[],"sektoren_blockiert":["SW"],"erste_kollision_m":{"SW":83},"flaeche_m2":1469,"neigung_grad":24.4,"ausrichtung_grad":199,"weg_abstand_m":146,"wald_hinweis":false}},{"type":"Feature","geometry":{"type":"Point","coordinates":[11.450226,46.637583]},"properties":{"id":1753,"hoehe_m":2031,"sektoren_frei":[],"sektoren_blockiert":["SW"],"erste_kollision_m":{"SW":4},"flaeche_m2":1350,"neigung_grad":9.3,"ausrichtung_grad":190,"weg_abstand_m":56,"wald_hinweis":false}},{"type":"Feature","geometry":{"type":"Point","coordinates":[11.441482,46.603684]},"properties":{"id":1754,"hoehe_m":2031,"sektoren_frei":["W"],"sektoren_blockiert":[],"erste_kollision_m":{},"flaeche_m2":95156,"neigung_grad":10.8,"ausrichtung_grad":257,"weg_abstand_m":13,"wald_hinweis":false}},{"type":"Feature","geometry":{"type":"Point","coordinates":[11.441853,46.603226]},"properties":{"id":1755,"hoehe_m":2031,"sektoren_frei":["SW","WSW"],"sektoren_blockiert":[],"erste_kollision_m":{},"flaeche_m2":76888,"neigung_grad":10.4,"ausrichtung_grad":239,"weg_abstand_m":10,"wald_hinweis":false}},{"type":"Feature","geometry":{"type":"Point","coordinates":[11.455692,46.635666]},"properties":{"id":1756,"hoehe_m":2031,"sektoren_frei":[],"sektoren_blockiert":["N"],"erste_kollision_m":{"N":2},"flaeche_m2":156,"neigung_grad":8.9,"ausrichtung_grad":335,"weg_abstand_m":101,"wald_hinweis":false}},{"type":"Feature","geometry":{"type":"Point","coordinates":[11.442393,46.607242]},"properties":{"id":1757,"hoehe_m":2031,"sektoren_frei":[],"sektoren_blockiert":["SSW","SW"],"erste_kollision_m":{"SSW":30,"SW":4},"flaeche_m2":344,"neigung_grad":25.1,"ausrichtung_grad":216,"weg_abstand_m":94,"wald_hinweis":false}},{"type":"Feature","geometry":{"type":"Point","coordinates":[11.452923,46.634376]},"properties":{"id":1758,"hoehe_m":2031,"sektoren_frei":[],"sektoren_blockiert":["WSW"],"erste_kollision_m":{"WSW":6},"flaeche_m2":575,"neigung_grad":9.3,"ausrichtung_grad":277,"weg_abstand_m":24,"wald_hinweis":false}},{"type":"Feature","geometry":{"type":"Point","coordinates":[11.468722,46.621953]},"properties":{"id":1759,"hoehe_m":2031,"sektoren_frei":[],"sektoren_blockiert":["SO"],"erste_kollision_m":{"SO":6},"flaeche_m2":250,"neigung_grad":11.2,"ausrichtung_grad":154,"weg_abstand_m":5,"wald_hinweis":false}},{"type":"Feature","geometry":{"type":"Point","coordinates":[11.469529,46.623893]},"properties":{"id":1760,"hoehe_m":2030,"sektoren_frei":[],"sektoren_blockiert":["OSO"],"erste_kollision_m":{"OSO":9},"flaeche_m2":112,"neigung_grad":8.8,"ausrichtung_grad":83,"weg_abstand_m":22,"wald_hinweis":false}},{"type":"Feature","geometry":{"type":"Point","coordinates":[11.441367,46.622181]},"properties":{"id":1761,"hoehe_m":2030,"sektoren_frei":[],"sektoren_blockiert":["SSO"],"erste_kollision_m":{"SSO":60},"flaeche_m2":225,"neigung_grad":24.9,"ausrichtung_grad":198,"weg_abstand_m":488,"wald_hinweis":false}},{"type":"Feature","geometry":{"type":"Point","coordinates":[11.471894,46.634237]},"properties":{"id":1762,"hoehe_m":2030,"sektoren_frei":[],"sektoren_blockiert":["OSO"],"erste_kollision_m":{"OSO":10},"flaeche_m2":462,"neigung_grad":19.5,"ausrichtung_grad":80,"weg_abstand_m":311,"wald_hinweis":false}},{"type":"Feature","geometry":{"type":"Point","coordinates":[11.435774,46.639445]},"properties":{"id":1763,"hoehe_m":2030,"sektoren_frei":["S"],"sektoren_blockiert":[],"erste_kollision_m":{},"flaeche_m2":340575,"neigung_grad":20.2,"ausrichtung_grad":213,"weg_abstand_m":116,"wald_hinweis":false}},{"type":"Feature","geometry":{"type":"Point","coordinates":[11.461306,46.639168]},"properties":{"id":1764,"hoehe_m":2030,"sektoren_frei":["NO"],"sektoren_blockiert":["OSO"],"erste_kollision_m":{"OSO":37},"flaeche_m2":84981,"neigung_grad":17.3,"ausrichtung_grad":68,"weg_abstand_m":6,"wald_hinweis":false}},{"type":"Feature","geometry":{"type":"Point","coordinates":[11.46874,46.607261]},"properties":{"id":1765,"hoehe_m":2030,"sektoren_frei":[],"sektoren_blockiert":["OSO","OSO"],"erste_kollision_m":{"OSO":6},"flaeche_m2":1619,"neigung_grad":11.0,"ausrichtung_grad":137,"weg_abstand_m":2,"wald_hinweis":false}},{"type":"Feature","geometry":{"type":"Point","coordinates":[11.476896,46.629337]},"properties":{"id":1766,"hoehe_m":2030,"sektoren_frei":[],"sektoren_blockiert":["ONO","SSO"],"erste_kollision_m":{"ONO":6,"SSO":6},"flaeche_m2":1306,"neigung_grad":8.5,"ausrichtung_grad":120,"weg_abstand_m":8,"wald_hinweis":false}},{"type":"Feature","geometry":{"type":"Point","coordinates":[11.453729,46.634876]},"properties":{"id":1767,"hoehe_m":2030,"sektoren_frei":[],"sektoren_blockiert":["NNO","WNW"],"erste_kollision_m":{"NNO":16,"WNW":6},"flaeche_m2":169,"neigung_grad":14.3,"ausrichtung_grad":307,"weg_abstand_m":58,"wald_hinweis":false}},{"type":"Feature","geometry":{"type":"Point","coordinates":[11.475417,46.624824]},"properties":{"id":1768,"hoehe_m":2030,"sektoren_frei":[],"sektoren_blockiert":["S"],"erste_kollision_m":{"S":5},"flaeche_m2":281,"neigung_grad":7.8,"ausrichtung_grad":148,"weg_abstand_m":128,"wald_hinweis":false}},{"type":"Feature","geometry":{"type":"Point","coordinates":[11.44952,46.637869]},"properties":{"id":1769,"hoehe_m":2030,"sektoren_frei":[],"sektoren_blockiert":["SSO"],"erste_kollision_m":{"SSO":29},"flaeche_m2":138,"neigung_grad":13.6,"ausrichtung_grad":175,"weg_abstand_m":33,"wald_hinweis":false}},{"type":"Feature","geometry":{"type":"Point","coordinates":[11.428693,46.64036]},"properties":{"id":1770,"hoehe_m":2030,"sektoren_frei":[],"sektoren_blockiert":["SSO"],"erste_kollision_m":{"SSO":23},"flaeche_m2":144,"neigung_grad":13.0,"ausrichtung_grad":135,"weg_abstand_m":316,"wald_hinweis":false}},{"type":"Feature","geometry":{"type":"Point","coordinates":[11.45891,46.59638]},"properties":{"id":1771,"hoehe_m":2029,"sektoren_frei":["O"],"sektoren_blockiert":[],"erste_kollision_m":{},"flaeche_m2":63169,"neigung_grad":17.7,"ausrichtung_grad":124,"weg_abstand_m":69,"wald_hinweis":false}},{"type":"Feature","geometry":{"type":"Point","coordinates":[11.439749,46.638505]},"properties":{"id":1772,"hoehe_m":2029,"sektoren_frei":[],"sektoren_blockiert":["SSO","WSW"],"erste_kollision_m":{"SSO":9,"WSW":28},"flaeche_m2":262,"neigung_grad":13.4,"ausrichtung_grad":219,"weg_abstand_m":179,"wald_hinweis":false}},{"type":"Feature","geometry":{"type":"Point","coordinates":[11.430035,46.641142]},"properties":{"id":1773,"hoehe_m":2029,"sektoren_frei":[],"sektoren_blockiert":["OSO"],"erste_kollision_m":{"OSO":18},"flaeche_m2":600,"neigung_grad":18.0,"ausrichtung_grad":138,"weg_abstand_m":194,"wald_hinweis":false}},{"type":"Feature","geometry":{"type":"Point","coordinates":[11.444862,46.603341]},"properties":{"id":1774,"hoehe_m":2029,"sektoren_frei":["SO"],"sektoren_blockiert":[],"erste_kollision_m":{},"flaeche_m2":148512,"neigung_grad":14.2,"ausrichtung_grad":169,"weg_abstand_m":23,"wald_hinweis":false}},{"type":"Feature","geometry":{"type":"Point","coordinates":[11.444409,46.618673]},"properties":{"id":1775,"hoehe_m":2029,"sektoren_frei":[],"sektoren_blockiert":["N"],"erste_kollision_m":{"N":8},"flaeche_m2":269,"neigung_grad":14.8,"ausrichtung_grad":332,"weg_abstand_m":73,"wald_hinweis":false}},{"type":"Feature","geometry":{"type":"Point","coordinates":[11.44288,46.602844]},"properties":{"id":1776,"hoehe_m":2029,"sektoren_frei":["S"],"sektoren_blockiert":[],"erste_kollision_m":{},"flaeche_m2":896231,"neigung_grad":13.0,"ausrichtung_grad":159,"weg_abstand_m":44,"wald_hinweis":false}},{"type":"Feature","geometry":{"type":"Point","coordinates":[11.461177,46.604634]},"properties":{"id":1777,"hoehe_m":2029,"sektoren_frei":[],"sektoren_blockiert":["SSW"],"erste_kollision_m":{"SSW":57},"flaeche_m2":275,"neigung_grad":27.6,"ausrichtung_grad":180,"weg_abstand_m":40,"wald_hinweis":false}},{"type":"Feature","geometry":{"type":"Point","coordinates":[11.443387,46.618448]},"properties":{"id":1778,"hoehe_m":2029,"sektoren_frei":[],"sektoren_blockiert":["NO"],"erste_kollision_m":{"NO":4},"flaeche_m2":438,"neigung_grad":11.2,"ausrichtung_grad":27,"weg_abstand_m":121,"wald_hinweis":false}},{"type":"Feature","geometry":{"type":"Point","coordinates":[11.44341,46.603013]},"properties":{"id":1779,"hoehe_m":2029,"sektoren_frei":["S"],"sektoren_blockiert":[],"erste_kollision_m":{},"flaeche_m2":896231,"neigung_grad":13.8,"ausrichtung_grad":153,"weg_abstand_m":37,"wald_hinweis":false}},{"type":"Feature","geometry":{"type":"Point","coordinates":[11.455635,46.635847]},"properties":{"id":1780,"hoehe_m":2028,"sektoren_frei":[],"sektoren_blockiert":["W"],"erste_kollision_m":{"W":2},"flaeche_m2":1056,"neigung_grad":10.6,"ausrichtung_grad":294,"weg_abstand_m":122,"wald_hinweis":false}},{"type":"Feature","geometry":{"type":"Point","coordinates":[11.436351,46.618845]},"properties":{"id":1781,"hoehe_m":2028,"sektoren_frei":[],"sektoren_blockiert":["NNO","ONO","O"],"erste_kollision_m":{"NNO":8,"ONO":10,"O":13},"flaeche_m2":2494,"neigung_grad":16.7,"ausrichtung_grad":53,"weg_abstand_m":256,"wald_hinweis":false}},{"type":"Feature","geometry":{"type":"Point","coordinates":[11.442898,46.621383]},"properties":{"id":1782,"hoehe_m":2028,"sektoren_frei":[],"sektoren_blockiert":["SSO"],"erste_kollision_m":{"SSO":16},"flaeche_m2":156,"neigung_grad":19.7,"ausrichtung_grad":197,"weg_abstand_m":342,"wald_hinweis":false}},{"type":"Feature","geometry":{"type":"Point","coordinates":[11.468545,46.621642]},"properties":{"id":1783,"hoehe_m":2028,"sektoren_frei":[],"sektoren_blockiert":["S"],"erste_kollision_m":{"S":16},"flaeche_m2":1494,"neigung_grad":9.1,"ausrichtung_grad":149,"weg_abstand_m":42,"wald_hinweis":false}},{"type":"Feature","geometry":{"type":"Point","coordinates":[11.477767,46.630533]},"properties":{"id":1784,"hoehe_m":2027,"sektoren_frei":[],"sektoren_blockiert":["O","OSO","SO"],"erste_kollision_m":{"O":2,"OSO":9,"SO":4},"flaeche_m2":212,"neigung_grad":10.0,"ausrichtung_grad":105,"weg_abstand_m":89,"wald_hinweis":false}},{"type":"Feature","geometry":{"type":"Point","coordinates":[11.446094,46.637222]},"properties":{"id":1785,"hoehe_m":2027,"sektoren_frei":[],"sektoren_blockiert":["OSO"],"erste_kollision_m":{"OSO":40},"flaeche_m2":219,"neigung_grad":16.9,"ausrichtung_grad":150,"weg_abstand_m":50,"wald_hinweis":false}},{"type":"Feature","geometry":{"type":"Point","coordinates":[11.442903,46.618593]},"properties":{"id":1786,"hoehe_m":2027,"sektoren_frei":[],"sektoren_blockiert":["WNW"],"erste_kollision_m":{"WNW":8},"flaeche_m2":475,"neigung_grad":13.0,"ausrichtung_grad":317,"weg_abstand_m":149,"wald_hinweis":false}},{"type":"Feature","geometry":{"type":"Point","coordinates":[11.459591,46.596996]},"properties":{"id":1787,"hoehe_m":2027,"sektoren_frei":[],"sektoren_blockiert":["ONO"],"erste_kollision_m":{"ONO":16},"flaeche_m2":175,"neigung_grad":20.0,"ausrichtung_grad":103,"weg_abstand_m":63,"wald_hinweis":false}},{"type":"Feature","geometry":{"type":"Point","coordinates":[11.449922,46.631583]},"properties":{"id":1788,"hoehe_m":2027,"sektoren_frei":["WSW"],"sektoren_blockiert":[],"erste_kollision_m":{},"flaeche_m2":24900,"neigung_grad":14.0,"ausrichtung_grad":268,"weg_abstand_m":79,"wald_hinweis":false}},{"type":"Feature","geometry":{"type":"Point","coordinates":[11.473718,46.624095]},"properties":{"id":1789,"hoehe_m":2027,"sektoren_frei":[],"sektoren_blockiert":["SSO","SSW"],"erste_kollision_m":{"SSO":6,"SSW":6},"flaeche_m2":1550,"neigung_grad":9.0,"ausrichtung_grad":167,"weg_abstand_m":44,"wald_hinweis":false}},{"type":"Feature","geometry":{"type":"Point","coordinates":[11.441868,46.607905]},"properties":{"id":1790,"hoehe_m":2027,"sektoren_frei":[],"sektoren_blockiert":["WSW","W","WNW"],"erste_kollision_m":{"WSW":43,"W":45,"WNW":9},"flaeche_m2":894,"neigung_grad":15.8,"ausrichtung_grad":259,"weg_abstand_m":137,"wald_hinweis":false}},{"type":"Feature","geometry":{"type":"Point","coordinates":[11.477089,46.625687]},"properties":{"id":1791,"hoehe_m":2027,"sektoren_frei":[],"sektoren_blockiert":["OSO","SO","SSO"],"erste_kollision_m":{"OSO":8,"SO":4,"SSO":6},"flaeche_m2":419,"neigung_grad":8.1,"ausrichtung_grad":131,"weg_abstand_m":285,"wald_hinweis":false}},{"type":"Feature","geometry":{"type":"Point","coordinates":[11.443526,46.637502]},"properties":{"id":1792,"hoehe_m":2027,"sektoren_frei":[],"sektoren_blockiert":["WNW"],"erste_kollision_m":{"WNW":6},"flaeche_m2":256,"neigung_grad":14.0,"ausrichtung_grad":253,"weg_abstand_m":146,"wald_hinweis":false}},{"type":"Feature","geometry":{"type":"Point","coordinates":[11.461861,46.638436]},"properties":{"id":1793,"hoehe_m":2026,"sektoren_frei":[],"sektoren_blockiert":["NNO"],"erste_kollision_m":{"NNO":8},"flaeche_m2":1550,"neigung_grad":12.3,"ausrichtung_grad":54,"weg_abstand_m":33,"wald_hinweis":false}},{"type":"Feature","geometry":{"type":"Point","coordinates":[11.474369,46.624059]},"properties":{"id":1794,"hoehe_m":2026,"sektoren_frei":[],"sektoren_blockiert":["SO","SSO","S","SSW"],"erste_kollision_m":{"SO":6,"SSO":9,"S":8,"SSW":6},"flaeche_m2":114938,"neigung_grad":8.0,"ausrichtung_grad":164,"weg_abstand_m":19,"wald_hinweis":false}},{"type":"Feature","geometry":{"type":"Point","coordinates":[11.473324,46.624059]},"properties":{"id":1795,"hoehe_m":2026,"sektoren_frei":[],"sektoren_blockiert":["SO"],"erste_kollision_m":{"SO":4},"flaeche_m2":431,"neigung_grad":8.9,"ausrichtung_grad":147,"weg_abstand_m":46,"wald_hinweis":false}},{"type":"Feature","geometry":{"type":"Point","coordinates":[11.45714,46.601998]},"properties":{"id":1796,"hoehe_m":2026,"sektoren_frei":[],"sektoren_blockiert":["W","WNW","NW","NNW"],"erste_kollision_m":{"W":13,"WNW":80,"NW":73,"NNW":15},"flaeche_m2":1544,"neigung_grad":13.2,"ausrichtung_grad":303,"weg_abstand_m":3,"wald_hinweis":false}},{"type":"Feature","geometry":{"type":"Point","coordinates":[11.475069,46.624359]},"properties":{"id":1797,"hoehe_m":2026,"sektoren_frei":[],"sektoren_blockiert":["SSO"],"erste_kollision_m":{"SSO":6},"flaeche_m2":138,"neigung_grad":7.6,"ausrichtung_grad":127,"weg_abstand_m":71,"wald_hinweis":false}},{"type":"Feature","geometry":{"type":"Point","coordinates":[11.441646,46.602983]},"properties":{"id":1798,"hoehe_m":2026,"sektoren_frei":[],"sektoren_blockiert":["WNW"],"erste_kollision_m":{"WNW":9},"flaeche_m2":250,"neigung_grad":14.1,"ausrichtung_grad":252,"weg_abstand_m":40,"wald_hinweis":false}},{"type":"Feature","geometry":{"type":"Point","coordinates":[11.432533,46.640031]},"properties":{"id":1799,"hoehe_m":2026,"sektoren_frei":[],"sektoren_blockiert":["O","O","OSO","SO","SSO","S","SSW","SW","WSW"],"erste_kollision_m":{"O":10,"OSO":24,"SO":15,"SSO":23,"S":15,"SSW":15,"SW":11,"WSW":8},"flaeche_m2":5044,"neigung_grad":16.5,"ausrichtung_grad":172,"weg_abstand_m":270,"wald_hinweis":false}},{"type":"Feature","geometry":{"type":"Point","coordinates":[11.457448,46.602307]},"properties":{"id":1800,"hoehe_m":2026,"sektoren_frei":[],"sektoren_blockiert":["WNW"],"erste_kollision_m":{"WNW":59},"flaeche_m2":169,"neigung_grad":13.0,"ausrichtung_grad":324,"weg_abstand_m":9,"wald_hinweis":false}},{"type":"Feature","geometry":{"type":"Point","coordinates":[11.447748,46.637682]},"properties":{"id":1801,"hoehe_m":2026,"sektoren_frei":[],"sektoren_blockiert":["OSO","OSO","OSO","SSW"],"erste_kollision_m":{"OSO":10,"SSW":27},"flaeche_m2":869,"neigung_grad":14.3,"ausrichtung_grad":170,"weg_abstand_m":3,"wald_hinweis":false}},{"type":"Feature","geometry":{"type":"Point","coordinates":[11.430583,46.611071]},"properties":{"id":1802,"hoehe_m":2026,"sektoren_frei":["SW"],"sektoren_blockiert":["SSO","S","WSW","W"],"erste_kollision_m":{"SSO":23,"S":10,"WSW":6,"W":2},"flaeche_m2":56419,"neigung_grad":12.9,"ausrichtung_grad":224,"weg_abstand_m":7,"wald_hinweis":false}},{"type":"Feature","geometry":{"type":"Point","coordinates":[11.449628,46.637349]},"properties":{"id":1803,"hoehe_m":2026,"sektoren_frei":[],"sektoren_blockiert":["SW","WSW"],"erste_kollision_m":{"SW":4,"WSW":6},"flaeche_m2":644,"neigung_grad":9.7,"ausrichtung_grad":209,"weg_abstand_m":87,"wald_hinweis":false}},{"type":"Feature","geometry":{"type":"Point","coordinates":[11.474629,46.624031]},"properties":{"id":1804,"hoehe_m":2026,"sektoren_frei":[],"sektoren_blockiert":["OSO","SO"],"erste_kollision_m":{"OSO":8,"SO":4},"flaeche_m2":82706,"neigung_grad":8.5,"ausrichtung_grad":140,"weg_abstand_m":22,"wald_hinweis":false}},{"type":"Feature","geometry":{"type":"Point","coordinates":[11.439966,46.63823]},"properties":{"id":1805,"hoehe_m":2025,"sektoren_frei":[],"sektoren_blockiert":["WSW"],"erste_kollision_m":{"WSW":6},"flaeche_m2":181,"neigung_grad":9.8,"ausrichtung_grad":208,"weg_abstand_m":209,"wald_hinweis":false}},{"type":"Feature","geometry":{"type":"Point","coordinates":[11.45404,46.635252]},"properties":{"id":1806,"hoehe_m":2025,"sektoren_frei":[],"sektoren_blockiert":["WNW"],"erste_kollision_m":{"WNW":10},"flaeche_m2":144,"neigung_grad":10.2,"ausrichtung_grad":331,"weg_abstand_m":97,"wald_hinweis":false}},{"type":"Feature","geometry":{"type":"Point","coordinates":[11.461657,46.63898]},"properties":{"id":1807,"hoehe_m":2025,"sektoren_frei":[],"sektoren_blockiert":["NNO"],"erste_kollision_m":{"NNO":30},"flaeche_m2":3838,"neigung_grad":14.4,"ausrichtung_grad":56,"weg_abstand_m":2,"wald_hinweis":false}},{"type":"Feature","geometry":{"type":"Point","coordinates":[11.430557,46.641131]},"properties":{"id":1808,"hoehe_m":2025,"sektoren_frei":[],"sektoren_blockiert":["S","SSW","SW"],"erste_kollision_m":{"S":2,"SSW":45,"SW":4},"flaeche_m2":2606,"neigung_grad":23.1,"ausrichtung_grad":216,"weg_abstand_m":186,"wald_hinweis":false}},{"type":"Feature","geometry":{"type":"Point","coordinates":[11.47784,46.627111]},"properties":{"id":1809,"hoehe_m":2025,"sektoren_frei":[],"sektoren_blockiert":["NO","ONO","O","OSO"],"erste_kollision_m":{"NO":28,"ONO":33,"O":8,"OSO":6},"flaeche_m2":2950,"neigung_grad":13.5,"ausrichtung_grad":78,"weg_abstand_m":229,"wald_hinweis":false}},{"type":"Feature","geometry":{"type":"Point","coordinates":[11.477993,46.63118]},"properties":{"id":1810,"hoehe_m":2025,"sektoren_frei":[],"sektoren_blockiert":["NO","ONO","ONO","O"],"erste_kollision_m":{"NO":4,"ONO":6,"O":2},"flaeche_m2":444,"neigung_grad":11.2,"ausrichtung_grad":72,"weg_abstand_m":163,"wald_hinweis":false}},{"type":"Feature","geometry":{"type":"Point","coordinates":[11.441238,46.603351]},"properties":{"id":1811,"hoehe_m":2025,"sektoren_frei":[],"sektoren_blockiert":["S"],"erste_kollision_m":{"S":8},"flaeche_m2":5300,"neigung_grad":11.8,"ausrichtung_grad":216,"weg_abstand_m":49,"wald_hinweis":false}},{"type":"Feature","geometry":{"type":"Point","coordinates":[11.46944,46.621938]},"properties":{"id":1812,"hoehe_m":2025,"sektoren_frei":[],"sektoren_blockiert":["O","SSO"],"erste_kollision_m":{"O":8,"SSO":6},"flaeche_m2":4956,"neigung_grad":8.5,"ausrichtung_grad":118,"weg_abstand_m":5,"wald_hinweis":false}},{"type":"Feature","geometry":{"type":"Point","coordinates":[11.444731,46.619296]},"properties":{"id":1813,"hoehe_m":2025,"sektoren_frei":[],"sektoren_blockiert":["WSW"],"erste_kollision_m":{"WSW":16},"flaeche_m2":875,"neigung_grad":15.1,"ausrichtung_grad":280,"weg_abstand_m":86,"wald_hinweis":false}},{"type":"Feature","geometry":{"type":"Point","coordinates":[11.459448,46.596729]},"properties":{"id":1814,"hoehe_m":2025,"sektoren_frei":["O"],"sektoren_blockiert":["ONO"],"erste_kollision_m":{"ONO":53},"flaeche_m2":63169,"neigung_grad":18.0,"ausrichtung_grad":116,"weg_abstand_m":53,"wald_hinweis":false}},{"type":"Feature","geometry":{"type":"Point","coordinates":[11.462712,46.637765]},"properties":{"id":1815,"hoehe_m":2025,"sektoren_frei":[],"sektoren_blockiert":["O"],"erste_kollision_m":{"O":32},"flaeche_m2":2219,"neigung_grad":17.9,"ausrichtung_grad":52,"weg_abstand_m":44,"wald_hinweis":false}},{"type":"Feature","geometry":{"type":"Point","coordinates":[11.423096,46.633527]},"properties":{"id":1816,"hoehe_m":2025,"sektoren_frei":[],"sektoren_blockiert":["S"],"erste_kollision_m":{"S":59},"flaeche_m2":1531,"neigung_grad":22.3,"ausrichtung_grad":217,"weg_abstand_m":90,"wald_hinweis":false}},{"type":"Feature","geometry":{"type":"Point","coordinates":[11.456789,46.594941]},"properties":{"id":1817,"hoehe_m":2024,"sektoren_frei":[],"sektoren_blockiert":["ONO"],"erste_kollision_m":{"ONO":8},"flaeche_m2":500,"neigung_grad":8.9,"ausrichtung_grad":61,"weg_abstand_m":20,"wald_hinweis":false}},{"type":"Feature","geometry":{"type":"Point","coordinates":[11.428803,46.639885]},"properties":{"id":1818,"hoehe_m":2024,"sektoren_frei":[],"sektoren_blockiert":["SO"],"erste_kollision_m":{"SO":50},"flaeche_m2":1231,"neigung_grad":12.9,"ausrichtung_grad":112,"weg_abstand_m":358,"wald_hinweis":false}},{"type":"Feature","geometry":{"type":"Point","coordinates":[11.456867,46.595232]},"properties":{"id":1819,"hoehe_m":2024,"sektoren_frei":[],"sektoren_blockiert":["O"],"erste_kollision_m":{"O":16},"flaeche_m2":2688,"neigung_grad":10.0,"ausrichtung_grad":98,"weg_abstand_m":5,"wald_hinweis":false}},{"type":"Feature","geometry":{"type":"Point","coordinates":[11.441281,46.605015]},"properties":{"id":1820,"hoehe_m":2024,"sektoren_frei":[],"sektoren_blockiert":["NNW"],"erste_kollision_m":{"NNW":23},"flaeche_m2":1712,"neigung_grad":12.4,"ausrichtung_grad":313,"weg_abstand_m":24,"wald_hinweis":false}},{"type":"Feature","geometry":{"type":"Point","coordinates":[11.477931,46.626254]},"properties":{"id":1821,"hoehe_m":2024,"sektoren_frei":[],"sektoren_blockiert":["ONO","O","OSO"],"erste_kollision_m":{"ONO":6,"O":8,"OSO":40},"flaeche_m2":450,"neigung_grad":15.2,"ausrichtung_grad":88,"weg_abstand_m":288,"wald_hinweis":false}},{"type":"Feature","geometry":{"type":"Point","coordinates":[11.429025,46.634638]},"properties":{"id":1822,"hoehe_m":2024,"sektoren_frei":["SSO","SSO"],"sektoren_blockiert":["ONO"],"erste_kollision_m":{"ONO":21},"flaeche_m2":361119,"neigung_grad":14.1,"ausrichtung_grad":136,"weg_abstand_m":290,"wald_hinweis":false}},{"type":"Feature","geometry":{"type":"Point","coordinates":[11.44814,46.604374]},"properties":{"id":1823,"hoehe_m":2024,"sektoren_frei":["S"],"sektoren_blockiert":["O","SSW"],"erste_kollision_m":{"O":34,"SSW":9},"flaeche_m2":896231,"neigung_grad":13.3,"ausrichtung_grad":154,"weg_abstand_m":50,"wald_hinweis":false}},{"type":"Feature","geometry":{"type":"Point","coordinates":[11.443595,46.618713]},"properties":{"id":1824,"hoehe_m":2024,"sektoren_frei":[],"sektoren_blockiert":["NO","NW"],"erste_kollision_m":{"NO":34,"NW":11},"flaeche_m2":462,"neigung_grad":18.9,"ausrichtung_grad":40,"weg_abstand_m":135,"wald_hinweis":false}},{"type":"Feature","geometry":{"type":"Point","coordinates":[11.477034,46.625194]},"properties":{"id":1825,"hoehe_m":2023,"sektoren_frei":[],"sektoren_blockiert":["SO"],"erste_kollision_m":{"SO":4},"flaeche_m2":188,"neigung_grad":8.5,"ausrichtung_grad":111,"weg_abstand_m":246,"wald_hinweis":false}},{"type":"Feature","geometry":{"type":"Point","coordinates":[11.43967,46.638192]},"properties":{"id":1826,"hoehe_m":2023,"sektoren_frei":[],"sektoren_blockiert":["WSW"],"erste_kollision_m":{"WSW":10},"flaeche_m2":256,"neigung_grad":11.1,"ausrichtung_grad":213,"weg_abstand_m":213,"wald_hinweis":false}},{"type":"Feature","geometry":{"type":"Point","coordinates":[11.470369,46.607203]},"properties":{"id":1827,"hoehe_m":2023,"sektoren_frei":["S"],"sektoren_blockiert":[],"erste_kollision_m":{},"flaeche_m2":79350,"neigung_grad":12.8,"ausrichtung_grad":165,"weg_abstand_m":55,"wald_hinweis":false}},{"type":"Feature","geometry":{"type":"Point","coordinates":[11.477761,46.629678]},"properties":{"id":1828,"hoehe_m":2023,"sektoren_frei":[],"sektoren_blockiert":["SO"],"erste_kollision_m":{"SO":11},"flaeche_m2":1200,"neigung_grad":10.4,"ausrichtung_grad":124,"weg_abstand_m":4,"wald_hinweis":false}},{"type":"Feature","geometry":{"type":"Point","coordinates":[11.477645,46.627858]},"properties":{"id":1829,"hoehe_m":2023,"sektoren_frei":[],"sektoren_blockiert":["NNO","NO","OSO"],"erste_kollision_m":{"NNO":35,"NO":4,"OSO":19},"flaeche_m2":1338,"neigung_grad":13.3,"ausrichtung_grad":67,"weg_abstand_m":161,"wald_hinweis":false}},{"type":"Feature","geometry":{"type":"Point","coordinates":[11.432165,46.608495]},"properties":{"id":1830,"hoehe_m":2023,"sektoren_frei":[],"sektoren_blockiert":["W"],"erste_kollision_m":{"W":8},"flaeche_m2":5531,"neigung_grad":16.7,"ausrichtung_grad":232,"weg_abstand_m":33,"wald_hinweis":false}},{"type":"Feature","geometry":{"type":"Point","coordinates":[11.447492,46.629115]},"properties":{"id":1831,"hoehe_m":2023,"sektoren_frei":[],"sektoren_blockiert":["WSW","NNW","NNW"],"erste_kollision_m":{"WSW":39,"NNW":8},"flaeche_m2":656,"neigung_grad":24.2,"ausrichtung_grad":304,"weg_abstand_m":170,"wald_hinweis":false}},{"type":"Feature","geometry":{"type":"Point","coordinates":[11.474884,46.62389]},"properties":{"id":1832,"hoehe_m":2023,"sektoren_frei":[],"sektoren_blockiert":["O"],"erste_kollision_m":{"O":2},"flaeche_m2":281,"neigung_grad":9.7,"ausrichtung_grad":124,"weg_abstand_m":35,"wald_hinweis":false}},{"type":"Feature","geometry":{"type":"Point","coordinates":[11.469328,46.621625]},"properties":{"id":1833,"hoehe_m":2022,"sektoren_frei":[],"sektoren_blockiert":["S"],"erste_kollision_m":{"S":8},"flaeche_m2":112,"neigung_grad":10.3,"ausrichtung_grad":156,"weg_abstand_m":30,"wald_hinweis":false}},{"type":"Feature","geometry":{"type":"Point","coordinates":[11.441325,46.605285]},"properties":{"id":1834,"hoehe_m":2022,"sektoren_frei":[],"sektoren_blockiert":["NNW"],"erste_kollision_m":{"NNW":127},"flaeche_m2":369,"neigung_grad":18.9,"ausrichtung_grad":300,"weg_abstand_m":37,"wald_hinweis":false}},{"type":"Feature","geometry":{"type":"Point","coordinates":[11.470104,46.607119]},"properties":{"id":1835,"hoehe_m":2022,"sektoren_frei":["SSO"],"sektoren_blockiert":["OSO"],"erste_kollision_m":{"OSO":8},"flaeche_m2":163675,"neigung_grad":12.1,"ausrichtung_grad":167,"weg_abstand_m":58,"wald_hinweis":false}},{"type":"Feature","geometry":{"type":"Point","coordinates":[11.47729,46.628653]},"properties":{"id":1836,"hoehe_m":2022,"sektoren_frei":[],"sektoren_blockiert":["OSO"],"erste_kollision_m":{"OSO":6},"flaeche_m2":1331,"neigung_grad":9.1,"ausrichtung_grad":93,"weg_abstand_m":89,"wald_hinweis":false}},{"type":"Feature","geometry":{"type":"Point","coordinates":[11.433726,46.640411]},"properties":{"id":1837,"hoehe_m":2022,"sektoren_frei":[],"sektoren_blockiert":["SSO","SSO"],"erste_kollision_m":{"SSO":6},"flaeche_m2":756,"neigung_grad":9.4,"ausrichtung_grad":185,"weg_abstand_m":192,"wald_hinweis":false}},{"type":"Feature","geometry":{"type":"Point","coordinates":[11.469871,46.622086]},"properties":{"id":1838,"hoehe_m":2022,"sektoren_frei":[],"sektoren_blockiert":["ONO"],"erste_kollision_m":{"ONO":6},"flaeche_m2":362,"neigung_grad":9.7,"ausrichtung_grad":101,"weg_abstand_m":27,"wald_hinweis":false}},{"type":"Feature","geometry":{"type":"Point","coordinates":[11.448383,46.630041]},"properties":{"id":1839,"hoehe_m":2022,"sektoren_frei":["W"],"sektoren_blockiert":[],"erste_kollision_m":{},"flaeche_m2":2612,"neigung_grad":26.4,"ausrichtung_grad":306,"weg_abstand_m":106,"wald_hinweis":false}},{"type":"Feature","geometry":{"type":"Point","coordinates":[11.456483,46.60262]},"properties":{"id":1840,"hoehe_m":2022,"sektoren_frei":[],"sektoren_blockiert":["S"],"erste_kollision_m":{"S":42},"flaeche_m2":681,"neigung_grad":22.9,"ausrichtung_grad":183,"weg_abstand_m":40,"wald_hinweis":false}},{"type":"Feature","geometry":{"type":"Point","coordinates":[11.456044,46.603012]},"properties":{"id":1841,"hoehe_m":2022,"sektoren_frei":[],"sektoren_blockiert":["W"],"erste_kollision_m":{"W":2},"flaeche_m2":1419,"neigung_grad":11.8,"ausrichtung_grad":245,"weg_abstand_m":68,"wald_hinweis":false}},{"type":"Feature","geometry":{"type":"Point","coordinates":[11.428078,46.633916]},"properties":{"id":1842,"hoehe_m":2021,"sektoren_frei":[],"sektoren_blockiert":["O"],"erste_kollision_m":{"O":8},"flaeche_m2":169,"neigung_grad":13.5,"ausrichtung_grad":132,"weg_abstand_m":300,"wald_hinweis":false}},{"type":"Feature","geometry":{"type":"Point","coordinates":[11.468206,46.61994]},"properties":{"id":1843,"hoehe_m":2021,"sektoren_frei":[],"sektoren_blockiert":["NO"],"erste_kollision_m":{"NO":4},"flaeche_m2":2194,"neigung_grad":14.8,"ausrichtung_grad":69,"weg_abstand_m":70,"wald_hinweis":false}},{"type":"Feature","geometry":{"type":"Point","coordinates":[11.476975,46.62461]},"properties":{"id":1844,"hoehe_m":2021,"sektoren_frei":[],"sektoren_blockiert":["O","OSO","SO","SSO"],"erste_kollision_m":{"O":23,"OSO":8,"SO":36,"SSO":10},"flaeche_m2":1069,"neigung_grad":10.4,"ausrichtung_grad":127,"weg_abstand_m":211,"wald_hinweis":false}},{"type":"Feature","geometry":{"type":"Point","coordinates":[11.475682,46.624188]},"properties":{"id":1845,"hoehe_m":2021,"sektoren_frei":[],"sektoren_blockiert":["SSW"],"erste_kollision_m":{"SSW":6},"flaeche_m2":131,"neigung_grad":7.8,"ausrichtung_grad":166,"weg_abstand_m":101,"wald_hinweis":false}},{"type":"Feature","geometry":{"type":"Point","coordinates":[11.469625,46.621709]},"properties":{"id":1846,"hoehe_m":2021,"sektoren_frei":[],"sektoren_blockiert":["O","S"],"erste_kollision_m":{"O":5,"S":5},"flaeche_m2":338,"neigung_grad":9.6,"ausrichtung_grad":150,"weg_abstand_m":18,"wald_hinweis":false}},{"type":"Feature","geometry":{"type":"Point","coordinates":[11.477818,46.629497]},"properties":{"id":1847,"hoehe_m":2021,"sektoren_frei":[],"sektoren_blockiert":["SSO","SSO"],"erste_kollision_m":{"SSO":6},"flaeche_m2":681,"neigung_grad":9.5,"ausrichtung_grad":121,"weg_abstand_m":14,"wald_hinweis":false}},{"type":"Feature","geometry":{"type":"Point","coordinates":[11.425943,46.632904]},"properties":{"id":1848,"hoehe_m":2021,"sektoren_frei":["S"],"sektoren_blockiert":[],"erste_kollision_m":{},"flaeche_m2":255181,"neigung_grad":13.7,"ausrichtung_grad":151,"weg_abstand_m":256,"wald_hinweis":false}},{"type":"Feature","geometry":{"type":"Point","coordinates":[11.472555,46.623648]},"properties":{"id":1849,"hoehe_m":2021,"sektoren_frei":[],"sektoren_blockiert":["SW"],"erste_kollision_m":{"SW":6},"flaeche_m2":125,"neigung_grad":12.2,"ausrichtung_grad":185,"weg_abstand_m":21,"wald_hinweis":false}},{"type":"Feature","geometry":{"type":"Point","coordinates":[11.468273,46.620703]},"properties":{"id":1850,"hoehe_m":2021,"sektoren_frei":[],"sektoren_blockiert":["ONO"],"erste_kollision_m":{"ONO":8},"flaeche_m2":1000,"neigung_grad":9.4,"ausrichtung_grad":96,"weg_abstand_m":11,"wald_hinweis":false}},{"type":"Feature","geometry":{"type":"Point","coordinates":[11.430871,46.640832]},"properties":{"id":1851,"hoehe_m":2021,"sektoren_frei":[],"sektoren_blockiert":["S","WSW"],"erste_kollision_m":{"S":37,"WSW":40},"flaeche_m2":875,"neigung_grad":20.2,"ausrichtung_grad":223,"weg_abstand_m":213,"wald_hinweis":false}},{"type":"Feature","geometry":{"type":"Point","coordinates":[11.469677,46.607061]},"properties":{"id":1852,"hoehe_m":2021,"sektoren_frei":[],"sektoren_blockiert":["SW"],"erste_kollision_m":{"SW":4},"flaeche_m2":306,"neigung_grad":9.9,"ausrichtung_grad":191,"weg_abstand_m":60,"wald_hinweis":false}},{"type":"Feature","geometry":{"type":"Point","coordinates":[11.429631,46.635031]},"properties":{"id":1853,"hoehe_m":2021,"sektoren_frei":["SSO"],"sektoren_blockiert":["S"],"erste_kollision_m":{"S":29},"flaeche_m2":361119,"neigung_grad":16.8,"ausrichtung_grad":139,"weg_abstand_m":292,"wald_hinweis":false}},{"type":"Feature","geometry":{"type":"Point","coordinates":[11.447373,46.63733]},"properties":{"id":1854,"hoehe_m":2021,"sektoren_frei":[],"sektoren_blockiert":["OSO"],"erste_kollision_m":{"OSO":33},"flaeche_m2":2381,"neigung_grad":15.7,"ausrichtung_grad":149,"weg_abstand_m":13,"wald_hinweis":false}},{"type":"Feature","geometry":{"type":"Point","coordinates":[11.445919,46.636956]},"properties":{"id":1855,"hoehe_m":2021,"sektoren_frei":[],"sektoren_blockiert":["OSO"],"erste_kollision_m":{"OSO":15},"flaeche_m2":119,"neigung_grad":15.9,"ausrichtung_grad":153,"weg_abstand_m":32,"wald_hinweis":false}},{"type":"Feature","geometry":{"type":"Point","coordinates":[11.442555,46.618826]},"properties":{"id":1856,"hoehe_m":2020,"sektoren_frei":[],"sektoren_blockiert":["W"],"erste_kollision_m":{"W":8},"flaeche_m2":4950,"neigung_grad":14.2,"ausrichtung_grad":307,"weg_abstand_m":183,"wald_hinweis":false}},{"type":"Feature","geometry":{"type":"Point","coordinates":[11.477181,46.62483]},"properties":{"id":1857,"hoehe_m":2020,"sektoren_frei":[],"sektoren_blockiert":["OSO"],"erste_kollision_m":{"OSO":8},"flaeche_m2":444,"neigung_grad":8.6,"ausrichtung_grad":121,"weg_abstand_m":235,"wald_hinweis":false}},{"type":"Feature","geometry":{"type":"Point","coordinates":[11.440951,46.604955]},"properties":{"id":1858,"hoehe_m":2020,"sektoren_frei":[],"sektoren_blockiert":["N","W"],"erste_kollision_m":{"N":5,"W":2},"flaeche_m2":450,"neigung_grad":9.2,"ausrichtung_grad":341,"weg_abstand_m":2,"wald_hinweis":false}},{"type":"Feature","geometry":{"type":"Point","coordinates":[11.453097,46.635339]},"properties":{"id":1859,"hoehe_m":2020,"sektoren_frei":[],"sektoren_blockiert":["WNW"],"erste_kollision_m":{"WNW":23},"flaeche_m2":300,"neigung_grad":12.9,"ausrichtung_grad":326,"weg_abstand_m":115,"wald_hinweis":false}},{"type":"Feature","geometry":{"type":"Point","coordinates":[11.441867,46.63765]},"properties":{"id":1860,"hoehe_m":2020,"sektoren_frei":[],"sektoren_blockiert":["SSW"],"erste_kollision_m":{"SSW":119},"flaeche_m2":119,"neigung_grad":18.5,"ausrichtung_grad":164,"weg_abstand_m":228,"wald_hinweis":false}},{"type":"Feature","geometry":{"type":"Point","coordinates":[11.460314,46.604315]},"properties":{"id":1861,"hoehe_m":2020,"sektoren_frei":[],"sektoren_blockiert":["SSW"],"erste_kollision_m":{"SSW":134},"flaeche_m2":650,"neigung_grad":27.6,"ausrichtung_grad":184,"weg_abstand_m":48,"wald_hinweis":false}},{"type":"Feature","geometry":{"type":"Point","coordinates":[11.441513,46.607283]},"properties":{"id":1862,"hoehe_m":2020,"sektoren_frei":[],"sektoren_blockiert":["SSO","S"],"erste_kollision_m":{"SSO":64,"S":74},"flaeche_m2":812,"neigung_grad":20.1,"ausrichtung_grad":161,"weg_abstand_m":63,"wald_hinweis":false}},{"type":"Feature","geometry":{"type":"Point","coordinates":[11.443405,46.636987]},"properties":{"id":1863,"hoehe_m":2020,"sektoren_frei":[],"sektoren_blockiert":["WNW"],"erste_kollision_m":{"WNW":6},"flaeche_m2":1100,"neigung_grad":14.4,"ausrichtung_grad":256,"weg_abstand_m":149,"wald_hinweis":false}},{"type":"Feature","geometry":{"type":"Point","coordinates":[11.442069,46.602231]},"properties":{"id":1864,"hoehe_m":2020,"sektoren_frei":["S"],"sektoren_blockiert":[],"erste_kollision_m":{},"flaeche_m2":896231,"neigung_grad":10.2,"ausrichtung_grad":179,"weg_abstand_m":106,"wald_hinweis":false}},{"type":"Feature","geometry":{"type":"Point","coordinates":[11.446347,46.637037]},"properties":{"id":1865,"hoehe_m":2020,"sektoren_frei":[],"sektoren_blockiert":["SSW"],"erste_kollision_m":{"SSW":20},"flaeche_m2":162,"neigung_grad":15.8,"ausrichtung_grad":172,"weg_abstand_m":23,"wald_hinweis":false}},{"type":"Feature","geometry":{"type":"Point","coordinates":[11.461889,46.639065]},"properties":{"id":1866,"hoehe_m":2020,"sektoren_frei":["NO"],"sektoren_blockiert":[],"erste_kollision_m":{},"flaeche_m2":84981,"neigung_grad":15.3,"ausrichtung_grad":62,"weg_abstand_m":22,"wald_hinweis":false}},{"type":"Feature","geometry":{"type":"Point","coordinates":[11.446748,46.628546]},"properties":{"id":1867,"hoehe_m":2020,"sektoren_frei":["WNW"],"sektoren_blockiert":[],"erste_kollision_m":{},"flaeche_m2":125,"neigung_grad":27.6,"ausrichtung_grad":305,"weg_abstand_m":237,"wald_hinweis":false}},{"type":"Feature","geometry":{"type":"Point","coordinates":[11.429192,46.639832]},"properties":{"id":1868,"hoehe_m":2020,"sektoren_frei":[],"sektoren_blockiert":["SSO"],"erste_kollision_m":{"SSO":9},"flaeche_m2":600,"neigung_grad":12.2,"ausrichtung_grad":151,"weg_abstand_m":352,"wald_hinweis":false}},{"type":"Feature","geometry":{"type":"Point","coordinates":[11.451453,46.637265]},"properties":{"id":1869,"hoehe_m":2019,"sektoren_frei":[],"sektoren_blockiert":["SW"],"erste_kollision_m":{"SW":6},"flaeche_m2":294,"neigung_grad":11.6,"ausrichtung_grad":190,"weg_abstand_m":73,"wald_hinweis":false}},{"type":"Feature","geometry":{"type":"Point","coordinates":[11.435952,46.639058]},"properties":{"id":1870,"hoehe_m":2019,"sektoren_frei":[],"sektoren_blockiert":["SSO"],"erste_kollision_m":{"SSO":9},"flaeche_m2":138,"neigung_grad":18.0,"ausrichtung_grad":193,"weg_abstand_m":147,"wald_hinweis":true}},{"type":"Feature","geometry":{"type":"Point","coordinates":[11.455201,46.636352]},"properties":{"id":1871,"hoehe_m":2019,"sektoren_frei":[],"sektoren_blockiert":["WNW"],"erste_kollision_m":{"WNW":18},"flaeche_m2":181,"neigung_grad":9.5,"ausrichtung_grad":319,"weg_abstand_m":176,"wald_hinweis":false}},{"type":"Feature","geometry":{"type":"Point","coordinates":[11.426407,46.633052]},"properties":{"id":1872,"hoehe_m":2019,"sektoren_frei":[],"sektoren_blockiert":["O","S"],"erste_kollision_m":{"O":8,"S":8},"flaeche_m2":150,"neigung_grad":10.7,"ausrichtung_grad":140,"weg_abstand_m":296,"wald_hinweis":false}},{"type":"Feature","geometry":{"type":"Point","coordinates":[11.478737,46.630309]},"properties":{"id":1873,"hoehe_m":2019,"sektoren_frei":[],"sektoren_blockiert":["SSO"],"erste_kollision_m":{"SSO":11},"flaeche_m2":1381,"neigung_grad":8.8,"ausrichtung_grad":137,"weg_abstand_m":92,"wald_hinweis":false}},{"type":"Feature","geometry":{"type":"Point","coordinates":[11.442492,46.637749]},"properties":{"id":1874,"hoehe_m":2019,"sektoren_frei":[],"sektoren_blockiert":["OSO","SW"],"erste_kollision_m":{"OSO":23,"SW":4},"flaeche_m2":231,"neigung_grad":19.2,"ausrichtung_grad":137,"weg_abstand_m":183,"wald_hinweis":false}},{"type":"Feature","geometry":{"type":"Point","coordinates":[11.440553,46.604806]},"properties":{"id":1875,"hoehe_m":2019,"sektoren_frei":[],"sektoren_blockiert":["NNW"],"erste_kollision_m":{"NNW":6},"flaeche_m2":125,"neigung_grad":9.0,"ausrichtung_grad":296,"weg_abstand_m":35,"wald_hinweis":false}},{"type":"Feature","geometry":{"type":"Point","coordinates":[11.478402,46.630114]},"properties":{"id":1876,"hoehe_m":2019,"sektoren_frei":[],"sektoren_blockiert":["SO","S"],"erste_kollision_m":{"SO":4,"S":2},"flaeche_m2":2056,"neigung_grad":8.9,"ausrichtung_grad":143,"weg_abstand_m":64,"wald_hinweis":false}},{"type":"Feature","geometry":{"type":"Point","coordinates":[11.477616,46.628646]},"properties":{"id":1877,"hoehe_m":2019,"sektoren_frei":[],"sektoren_blockiert":["SO"],"erste_kollision_m":{"SO":6},"flaeche_m2":350,"neigung_grad":12.1,"ausrichtung_grad":119,"weg_abstand_m":100,"wald_hinweis":false}},{"type":"Feature","geometry":{"type":"Point","coordinates":[11.443215,46.618991]},"properties":{"id":1878,"hoehe_m":2018,"sektoren_frei":[],"sektoren_blockiert":["NO"],"erste_kollision_m":{"NO":6},"flaeche_m2":1162,"neigung_grad":12.9,"ausrichtung_grad":15,"weg_abstand_m":171,"wald_hinweis":false}},{"type":"Feature","geometry":{"type":"Point","coordinates":[11.478218,46.629668]},"properties":{"id":1879,"hoehe_m":2018,"sektoren_frei":[],"sektoren_blockiert":["ONO"],"erste_kollision_m":{"ONO":6},"flaeche_m2":1331,"neigung_grad":8.8,"ausrichtung_grad":92,"weg_abstand_m":12,"wald_hinweis":false}},{"type":"Feature","geometry":{"type":"Point","coordinates":[11.477475,46.624847]},"properties":{"id":1880,"hoehe_m":2018,"sektoren_frei":[],"sektoren_blockiert":["SO","SSO"],"erste_kollision_m":{"SO":4,"SSO":6},"flaeche_m2":669,"neigung_grad":8.5,"ausrichtung_grad":124,"weg_abstand_m":253,"wald_hinweis":false}},{"type":"Feature","geometry":{"type":"Point","coordinates":[11.441217,46.607222]},"properties":{"id":1881,"hoehe_m":2018,"sektoren_frei":[],"sektoren_blockiert":["SO"],"erste_kollision_m":{"SO":4},"flaeche_m2":688,"neigung_grad":16.9,"ausrichtung_grad":155,"weg_abstand_m":57,"wald_hinweis":false}},{"type":"Feature","geometry":{"type":"Point","coordinates":[11.46877,46.62085]},"properties":{"id":1882,"hoehe_m":2018,"sektoren_frei":[],"sektoren_blockiert":["SSO"],"erste_kollision_m":{"SSO":35},"flaeche_m2":2344,"neigung_grad":9.9,"ausrichtung_grad":138,"weg_abstand_m":36,"wald_hinweis":false}},{"type":"Feature","geometry":{"type":"Point","coordinates":[11.468461,46.620519]},"properties":{"id":1883,"hoehe_m":2018,"sektoren_frei":[],"sektoren_blockiert":["NO"],"erste_kollision_m":{"NO":4},"flaeche_m2":175,"neigung_grad":8.9,"ausrichtung_grad":82,"weg_abstand_m":3,"wald_hinweis":false}},{"type":"Feature","geometry":{"type":"Point","coordinates":[11.441896,46.621607]},"properties":{"id":1884,"hoehe_m":2018,"sektoren_frei":[],"sektoren_blockiert":["S","W"],"erste_kollision_m":{"S":8,"W":29},"flaeche_m2":188,"neigung_grad":20.3,"ausrichtung_grad":219,"weg_abstand_m":414,"wald_hinweis":false}},{"type":"Feature","geometry":{"type":"Point","coordinates":[11.45073,46.632825]},"properties":{"id":1885,"hoehe_m":2018,"sektoren_frei":[],"sektoren_blockiert":["WSW"],"erste_kollision_m":{"WSW":34},"flaeche_m2":238,"neigung_grad":14.4,"ausrichtung_grad":281,"weg_abstand_m":2,"wald_hinweis":false}},{"type":"Feature","geometry":{"type":"Point","coordinates":[11.477336,46.62467]},"properties":{"id":1886,"hoehe_m":2018,"sektoren_frei":[],"sektoren_blockiert":["O","OSO"],"erste_kollision_m":{"O":2,"OSO":6},"flaeche_m2":488,"neigung_grad":8.4,"ausrichtung_grad":114,"weg_abstand_m":231,"wald_hinweis":false}},{"type":"Feature","geometry":{"type":"Point","coordinates":[11.450868,46.633002]},"properties":{"id":1887,"hoehe_m":2018,"sektoren_frei":[],"sektoren_blockiert":["WSW"],"erste_kollision_m":{"WSW":12},"flaeche_m2":131,"neigung_grad":11.7,"ausrichtung_grad":279,"weg_abstand_m":8,"wald_hinweis":false}},{"type":"Feature","geometry":{"type":"Point","coordinates":[11.450388,46.594876]},"properties":{"id":1888,"hoehe_m":2018,"sektoren_frei":[],"sektoren_blockiert":["S"],"erste_kollision_m":{"S":45},"flaeche_m2":419,"neigung_grad":16.9,"ausrichtung_grad":187,"weg_abstand_m":167,"wald_hinweis":false}},{"type":"Feature","geometry":{"type":"Point","coordinates":[11.439816,46.637806]},"properties":{"id":1889,"hoehe_m":2018,"sektoren_frei":[],"sektoren_blockiert":["WSW"],"erste_kollision_m":{"WSW":6},"flaeche_m2":438,"neigung_grad":8.2,"ausrichtung_grad":213,"weg_abstand_m":257,"wald_hinweis":false}},{"type":"Feature","geometry":{"type":"Point","coordinates":[11.432347,46.608176]},"properties":{"id":1890,"hoehe_m":2017,"sektoren_frei":[],"sektoren_blockiert":["SO"],"erste_kollision_m":{"SO":11},"flaeche_m2":125,"neigung_grad":13.2,"ausrichtung_grad":178,"weg_abstand_m":5,"wald_hinweis":false}},{"type":"Feature","geometry":{"type":"Point","coordinates":[11.440273,46.604385]},"properties":{"id":1891,"hoehe_m":2017,"sektoren_frei":["WSW","W"],"sektoren_blockiert":["SW","SW","WNW"],"erste_kollision_m":{"SW":4,"WNW":20},"flaeche_m2":95156,"neigung_grad":11.5,"ausrichtung_grad":271,"weg_abstand_m":66,"wald_hinweis":false}},{"type":"Feature","geometry":{"type":"Point","coordinates":[11.44096,46.607317]},"properties":{"id":1892,"hoehe_m":2017,"sektoren_frei":[],"sektoren_blockiert":["WSW","W"],"erste_kollision_m":{"WSW":6,"W":5},"flaeche_m2":200,"neigung_grad":8.1,"ausrichtung_grad":280,"weg_abstand_m":73,"wald_hinweis":false}},{"type":"Feature","geometry":{"type":"Point","coordinates":[11.462328,46.638651]},"properties":{"id":1893,"hoehe_m":2017,"sektoren_frei":["NO","NO","NO"],"sektoren_blockiert":["NNO","OSO","OSO","OSO"],"erste_kollision_m":{"NNO":20,"OSO":6},"flaeche_m2":84981,"neigung_grad":16.7,"ausrichtung_grad":63,"weg_abstand_m":7,"wald_hinweis":false}},{"type":"Feature","geometry":{"type":"Point","coordinates":[11.473754,46.623442]},"properties":{"id":1894,"hoehe_m":2017,"sektoren_frei":[],"sektoren_blockiert":["SW","SW"],"erste_kollision_m":{"SW":4},"flaeche_m2":4138,"neigung_grad":12.6,"ausrichtung_grad":203,"weg_abstand_m":3,"wald_hinweis":false}},{"type":"Feature","geometry":{"type":"Point","coordinates":[11.444205,46.620658]},"properties":{"id":1895,"hoehe_m":2017,"sektoren_frei":[],"sektoren_blockiert":["WSW"],"erste_kollision_m":{"WSW":13},"flaeche_m2":244,"neigung_grad":12.6,"ausrichtung_grad":209,"weg_abstand_m":215,"wald_hinweis":false}},{"type":"Feature","geometry":{"type":"Point","coordinates":[11.47069,46.607084]},"properties":{"id":1896,"hoehe_m":2017,"sektoren_frei":[],"sektoren_blockiert":["SSW"],"erste_kollision_m":{"SSW":16},"flaeche_m2":125,"neigung_grad":15.3,"ausrichtung_grad":164,"weg_abstand_m":71,"wald_hinweis":false}},{"type":"Feature","geometry":{"type":"Point","coordinates":[11.469831,46.606855]},"properties":{"id":1897,"hoehe_m":2017,"sektoren_frei":["SSO"],"sektoren_blockiert":[],"erste_kollision_m":{},"flaeche_m2":163675,"neigung_grad":12.1,"ausrichtung_grad":170,"weg_abstand_m":74,"wald_hinweis":false}},{"type":"Feature","geometry":{"type":"Point","coordinates":[11.447879,46.629736]},"properties":{"id":1898,"hoehe_m":2017,"sektoren_frei":["W"],"sektoren_blockiert":["NNW"],"erste_kollision_m":{"NNW":190},"flaeche_m2":6575,"neigung_grad":23.9,"ausrichtung_grad":299,"weg_abstand_m":110,"wald_hinweis":false}},{"type":"Feature","geometry":{"type":"Point","coordinates":[11.449119,46.636932]},"properties":{"id":1899,"hoehe_m":2017,"sektoren_frei":[],"sektoren_blockiert":["SW"],"erste_kollision_m":{"SW":163},"flaeche_m2":281,"neigung_grad":11.2,"ausrichtung_grad":205,"weg_abstand_m":134,"wald_hinweis":false}},{"type":"Feature","geometry":{"type":"Point","coordinates":[11.427133,46.633239]},"properties":{"id":1900,"hoehe_m":2017,"sektoren_frei":["OSO"],"sektoren_blockiert":[],"erste_kollision_m":{},"flaeche_m2":241525,"neigung_grad":15.4,"ausrichtung_grad":142,"weg_abstand_m":318,"wald_hinweis":false}},{"type":"Feature","geometry":{"type":"Point","coordinates":[11.441931,46.602054]},"properties":{"id":1901,"hoehe_m":2016,"sektoren_frei":["SSO"],"sektoren_blockiert":[],"erste_kollision_m":{},"flaeche_m2":795925,"neigung_grad":10.8,"ausrichtung_grad":175,"weg_abstand_m":127,"wald_hinweis":false}},{"type":"Feature","geometry":{"type":"Point","coordinates":[11.469441,46.62124]},"properties":{"id":1902,"hoehe_m":2016,"sektoren_frei":[],"sektoren_blockiert":["S"],"erste_kollision_m":{"S":2},"flaeche_m2":369,"neigung_grad":9.3,"ausrichtung_grad":143,"weg_abstand_m":58,"wald_hinweis":false}},{"type":"Feature","geometry":{"type":"Point","coordinates":[11.476458,46.624036]},"properties":{"id":1903,"hoehe_m":2016,"sektoren_frei":[],"sektoren_blockiert":["OSO"],"erste_kollision_m":{"OSO":6},"flaeche_m2":2194,"neigung_grad":8.2,"ausrichtung_grad":148,"weg_abstand_m":139,"wald_hinweis":false}},{"type":"Feature","geometry":{"type":"Point","coordinates":[11.438192,46.638021]},"properties":{"id":1904,"hoehe_m":2016,"sektoren_frei":[],"sektoren_blockiert":["W"],"erste_kollision_m":{"W":24},"flaeche_m2":5775,"neigung_grad":16.3,"ausrichtung_grad":241,"weg_abstand_m":228,"wald_hinweis":false}},{"type":"Feature","geometry":{"type":"Point","coordinates":[11.44253,46.621188]},"properties":{"id":1905,"hoehe_m":2016,"sektoren_frei":[],"sektoren_blockiert":["SSO"],"erste_kollision_m":{"SSO":50},"flaeche_m2":1006,"neigung_grad":19.1,"ausrichtung_grad":192,"weg_abstand_m":347,"wald_hinweis":false}},{"type":"Feature","geometry":{"type":"Point","coordinates":[11.441014,46.607069]},"properties":{"id":1906,"hoehe_m":2016,"sektoren_frei":[],"sektoren_blockiert":["OSO"],"erste_kollision_m":{"OSO":55},"flaeche_m2":388,"neigung_grad":21.5,"ausrichtung_grad":141,"weg_abstand_m":46,"wald_hinweis":false}},{"type":"Feature","geometry":{"type":"Point","coordinates":[11.453539,46.637175]},"properties":{"id":1907,"hoehe_m":2016,"sektoren_frei":[],"sektoren_blockiert":["SO"],"erste_kollision_m":{"SO":17},"flaeche_m2":581,"neigung_grad":15.6,"ausrichtung_grad":169,"weg_abstand_m":123,"wald_hinweis":false}},{"type":"Feature","geometry":{"type":"Point","coordinates":[11.477902,46.624905]},"properties":{"id":1908,"hoehe_m":2016,"sektoren_frei":[],"sektoren_blockiert":["O","OSO"],"erste_kollision_m":{"O":18,"OSO":23},"flaeche_m2":48125,"neigung_grad":8.1,"ausrichtung_grad":115,"weg_abstand_m":273,"wald_hinweis":false}},{"type":"Feature","geometry":{"type":"Point","coordinates":[11.450736,46.594621]},"properties":{"id":1909,"hoehe_m":2016,"sektoren_frei":["SW"],"sektoren_blockiert":["W"],"erste_kollision_m":{"W":8},"flaeche_m2":26062,"neigung_grad":13.0,"ausrichtung_grad":229,"weg_abstand_m":166,"wald_hinweis":false}},{"type":"Feature","geometry":{"type":"Point","coordinates":[11.456496,46.602192]},"properties":{"id":1910,"hoehe_m":2015,"sektoren_frei":[],"sektoren_blockiert":["WNW","NW"],"erste_kollision_m":{"WNW":29,"NW":21},"flaeche_m2":331,"neigung_grad":21.9,"ausrichtung_grad":306,"weg_abstand_m":1,"wald_hinweis":false}},{"type":"Feature","geometry":{"type":"Point","coordinates":[11.463712,46.637474]},"properties":{"id":1911,"hoehe_m":2015,"sektoren_frei":[],"sektoren_blockiert":["N"],"erste_kollision_m":{"N":57},"flaeche_m2":1231,"neigung_grad":21.9,"ausrichtung_grad":22,"weg_abstand_m":34,"wald_hinweis":false}},{"type":"Feature","geometry":{"type":"Point","coordinates":[11.450917,46.633361]},"properties":{"id":1912,"hoehe_m":2015,"sektoren_frei":[],"sektoren_blockiert":["NNW"],"erste_kollision_m":{"NNW":45},"flaeche_m2":169,"neigung_grad":20.5,"ausrichtung_grad":299,"weg_abstand_m":34,"wald_hinweis":false}},{"type":"Feature","geometry":{"type":"Point","coordinates":[11.474496,46.623246]},"properties":{"id":1913,"hoehe_m":2015,"sektoren_frei":[],"sektoren_blockiert":["SSW"],"erste_kollision_m":{"SSW":8},"flaeche_m2":144,"neigung_grad":9.2,"ausrichtung_grad":166,"weg_abstand_m":2,"wald_hinweis":false}},{"type":"Feature","geometry":{"type":"Point","coordinates":[11.475659,46.623693]},"properties":{"id":1914,"hoehe_m":2015,"sektoren_frei":[],"sektoren_blockiert":["SO"],"erste_kollision_m":{"SO":6},"flaeche_m2":175,"neigung_grad":8.0,"ausrichtung_grad":129,"weg_abstand_m":83,"wald_hinweis":false}},{"type":"Feature","geometry":{"type":"Point","coordinates":[11.4467,46.636894]},"properties":{"id":1915,"hoehe_m":2015,"sektoren_frei":[],"sektoren_blockiert":["SSW"],"erste_kollision_m":{"SSW":9},"flaeche_m2":1000,"neigung_grad":11.8,"ausrichtung_grad":184,"weg_abstand_m":6,"wald_hinweis":false}},{"type":"Feature","geometry":{"type":"Point","coordinates":[11.430377,46.640752]},"properties":{"id":1916,"hoehe_m":2015,"sektoren_frei":[],"sektoren_blockiert":["SO"],"erste_kollision_m":{"SO":28},"flaeche_m2":1188,"neigung_grad":14.6,"ausrichtung_grad":155,"weg_abstand_m":230,"wald_hinweis":false}},{"type":"Feature","geometry":{"type":"Point","coordinates":[11.469061,46.620799]},"properties":{"id":1917,"hoehe_m":2015,"sektoren_frei":[],"sektoren_blockiert":["O","O","OSO","S"],"erste_kollision_m":{"O":8,"OSO":6,"S":13},"flaeche_m2":6888,"neigung_grad":10.1,"ausrichtung_grad":116,"weg_abstand_m":28,"wald_hinweis":false}},{"type":"Feature","geometry":{"type":"Point","coordinates":[11.430169,46.610585]},"properties":{"id":1918,"hoehe_m":2015,"sektoren_frei":["SW"],"sektoren_blockiert":[],"erste_kollision_m":{},"flaeche_m2":56419,"neigung_grad":13.1,"ausrichtung_grad":214,"weg_abstand_m":67,"wald_hinweis":false}},{"type":"Feature","geometry":{"type":"Point","coordinates":[11.478677,46.626845]},"properties":{"id":1919,"hoehe_m":2015,"sektoren_frei":[],"sektoren_blockiert":["NO","ONO","O","OSO"],"erste_kollision_m":{"NO":26,"ONO":11,"O":16,"OSO":9},"flaeche_m2":1088,"neigung_grad":13.1,"ausrichtung_grad":83,"weg_abstand_m":233,"wald_hinweis":false}},{"type":"Feature","geometry":{"type":"Point","coordinates":[11.439742,46.637605]},"properties":{"id":1920,"hoehe_m":2014,"sektoren_frei":[],"sektoren_blockiert":["SO"],"erste_kollision_m":{"SO":4},"flaeche_m2":2069,"neigung_grad":13.6,"ausrichtung_grad":156,"weg_abstand_m":251,"wald_hinweis":false}},{"type":"Feature","geometry":{"type":"Point","coordinates":[11.471072,46.622645]},"properties":{"id":1921,"hoehe_m":2014,"sektoren_frei":[],"sektoren_blockiert":["NNO"],"erste_kollision_m":{"NNO":15},"flaeche_m2":525,"neigung_grad":11.6,"ausrichtung_grad":57,"weg_abstand_m":133,"wald_hinweis":false}},{"type":"Feature","geometry":{"type":"Point","coordinates":[11.454254,46.60386]},"properties":{"id":1922,"hoehe_m":2014,"sektoren_frei":[],"sektoren_blockiert":["OSO"],"erste_kollision_m":{"OSO":53},"flaeche_m2":150,"neigung_grad":21.0,"ausrichtung_grad":140,"weg_abstand_m":89,"wald_hinweis":false}},{"type":"Feature","geometry":{"type":"Point","coordinates":[11.449235,46.630832]},"properties":{"id":1923,"hoehe_m":2014,"sektoren_frei":[],"sektoren_blockiert":["SSW","SW"],"erste_kollision_m":{"SSW":15,"SW":6},"flaeche_m2":1794,"neigung_grad":14.2,"ausrichtung_grad":246,"weg_abstand_m":123,"wald_hinweis":false}},{"type":"Feature","geometry":{"type":"Point","coordinates":[11.45433,46.635875]},"properties":{"id":1924,"hoehe_m":2014,"sektoren_frei":[],"sektoren_blockiert":["WNW"],"erste_kollision_m":{"WNW":10},"flaeche_m2":162,"neigung_grad":10.8,"ausrichtung_grad":324,"weg_abstand_m":156,"wald_hinweis":false}},{"type":"Feature","geometry":{"type":"Point","coordinates":[11.453875,46.63665]},"properties":{"id":1925,"hoehe_m":2014,"sektoren_frei":[],"sektoren_blockiert":["WNW"],"erste_kollision_m":{"WNW":9},"flaeche_m2":350,"neigung_grad":12.0,"ausrichtung_grad":295,"weg_abstand_m":186,"wald_hinweis":false}},{"type":"Feature","geometry":{"type":"Point","coordinates":[11.462186,46.639127]},"properties":{"id":1926,"hoehe_m":2014,"sektoren_frei":[],"sektoren_blockiert":["OSO","OSO"],"erste_kollision_m":{"OSO":9},"flaeche_m2":950,"neigung_grad":19.6,"ausrichtung_grad":82,"weg_abstand_m":42,"wald_hinweis":false}},{"type":"Feature","geometry":{"type":"Point","coordinates":[11.440036,46.60421]},"properties":{"id":1927,"hoehe_m":2014,"sektoren_frei":[],"sektoren_blockiert":["NW","NW"],"erste_kollision_m":{"NW":4},"flaeche_m2":2344,"neigung_grad":11.7,"ausrichtung_grad":277,"weg_abstand_m":91,"wald_hinweis":false}},{"type":"Feature","geometry":{"type":"Point","coordinates":[11.453732,46.636383]},"properties":{"id":1928,"hoehe_m":2014,"sektoren_frei":[],"sektoren_blockiert":["SSO","S","SSW","SW","WSW","W"],"erste_kollision_m":{"SSO":27,"S":44,"SSW":53,"SW":55,"WSW":60,"W":5},"flaeche_m2":881,"neigung_grad":14.1,"ausrichtung_grad":222,"weg_abstand_m":211,"wald_hinweis":false}},{"type":"Feature","geometry":{"type":"Point","coordinates":[11.428463,46.63375]},"properties":{"id":1929,"hoehe_m":2014,"sektoren_frei":["OSO"],"sektoren_blockiert":[],"erste_kollision_m":{},"flaeche_m2":241525,"neigung_grad":14.2,"ausrichtung_grad":133,"weg_abstand_m":266,"wald_hinweis":false}},{"type":"Feature","geometry":{"type":"Point","coordinates":[11.440612,46.606852]},"properties":{"id":1930,"hoehe_m":2014,"sektoren_frei":[],"sektoren_blockiert":["SSW"],"erste_kollision_m":{"SSW":23},"flaeche_m2":125,"neigung_grad":9.2,"ausrichtung_grad":206,"weg_abstand_m":30,"wald_hinweis":false}},{"type":"Feature","geometry":{"type":"Point","coordinates":[11.478468,46.629415]},"properties":{"id":1931,"hoehe_m":2014,"sektoren_frei":[],"sektoren_blockiert":["ONO"],"erste_kollision_m":{"ONO":6},"flaeche_m2":156,"neigung_grad":9.2,"ausrichtung_grad":90,"weg_abstand_m":9,"wald_hinweis":false}},{"type":"Feature","geometry":{"type":"Point","coordinates":[11.429269,46.634251]},"properties":{"id":1932,"hoehe_m":2014,"sektoren_frei":["SO"],"sektoren_blockiert":["ONO"],"erste_kollision_m":{"ONO":34},"flaeche_m2":344044,"neigung_grad":17.7,"ausrichtung_grad":125,"weg_abstand_m":248,"wald_hinweis":false}},{"type":"Feature","geometry":{"type":"Point","coordinates":[11.478729,46.626552]},"properties":{"id":1933,"hoehe_m":2013,"sektoren_frei":[],"sektoren_blockiert":["ONO"],"erste_kollision_m":{"ONO":31},"flaeche_m2":562,"neigung_grad":12.6,"ausrichtung_grad":83,"weg_abstand_m":227,"wald_hinweis":false}},{"type":"Feature","geometry":{"type":"Point","coordinates":[11.474886,46.623215]},"properties":{"id":1934,"hoehe_m":2013,"sektoren_frei":[],"sektoren_blockiert":["SSW"],"erste_kollision_m":{"SSW":9},"flaeche_m2":181,"neigung_grad":9.0,"ausrichtung_grad":168,"weg_abstand_m":12,"wald_hinweis":false}},{"type":"Feature","geometry":{"type":"Point","coordinates":[11.451197,46.63376]},"properties":{"id":1935,"hoehe_m":2013,"sektoren_frei":[],"sektoren_blockiert":["WSW"],"erste_kollision_m":{"WSW":9},"flaeche_m2":2825,"neigung_grad":16.2,"ausrichtung_grad":273,"weg_abstand_m":56,"wald_hinweis":false}},{"type":"Feature","geometry":{"type":"Point","coordinates":[11.449926,46.632393]},"properties":{"id":1936,"hoehe_m":2013,"sektoren_frei":[],"sektoren_blockiert":["N","NNO"],"erste_kollision_m":{"N":37,"NNO":23},"flaeche_m2":1969,"neigung_grad":13.5,"ausrichtung_grad":345,"weg_abstand_m":5,"wald_hinweis":false}},{"type":"Feature","geometry":{"type":"Point","coordinates":[11.471613,46.622341]},"properties":{"id":1937,"hoehe_m":2013,"sektoren_frei":[],"sektoren_blockiert":["NNO"],"erste_kollision_m":{"NNO":30},"flaeche_m2":588,"neigung_grad":17.6,"ausrichtung_grad":51,"weg_abstand_m":133,"wald_hinweis":false}},{"type":"Feature","geometry":{"type":"Point","coordinates":[11.452299,46.637202]},"properties":{"id":1938,"hoehe_m":2013,"sektoren_frei":[],"sektoren_blockiert":["SW"],"erste_kollision_m":{"SW":22},"flaeche_m2":1469,"neigung_grad":12.9,"ausrichtung_grad":193,"weg_abstand_m":94,"wald_hinweis":false}},{"type":"Feature","geometry":{"type":"Point","coordinates":[11.47565,46.623491]},"properties":{"id":1939,"hoehe_m":2013,"sektoren_frei":[],"sektoren_blockiert":["OSO","SSW"],"erste_kollision_m":{"OSO":8,"SSW":12},"flaeche_m2":431,"neigung_grad":9.7,"ausrichtung_grad":137,"weg_abstand_m":61,"wald_hinweis":false}},{"type":"Feature","geometry":{"type":"Point","coordinates":[11.440387,46.637434]},"properties":{"id":1940,"hoehe_m":2013,"sektoren_frei":[],"sektoren_blockiert":["WSW"],"erste_kollision_m":{"WSW":13},"flaeche_m2":988,"neigung_grad":12.5,"ausrichtung_grad":216,"weg_abstand_m":215,"wald_hinweis":false}},{"type":"Feature","geometry":{"type":"Point","coordinates":[11.478338,46.625143]},"properties":{"id":1941,"hoehe_m":2013,"sektoren_frei":[],"sektoren_blockiert":["SO"],"erste_kollision_m":{"SO":4},"flaeche_m2":138,"neigung_grad":9.6,"ausrichtung_grad":115,"weg_abstand_m":289,"wald_hinweis":false}},{"type":"Feature","geometry":{"type":"Point","coordinates":[11.478753,46.626371]},"properties":{"id":1942,"hoehe_m":2013,"sektoren_frei":[],"sektoren_blockiert":["NO"],"erste_kollision_m":{"NO":6},"flaeche_m2":225,"neigung_grad":11.2,"ausrichtung_grad":79,"weg_abstand_m":225,"wald_hinweis":false}},{"type":"Feature","geometry":{"type":"Point","coordinates":[11.44054,46.603074]},"properties":{"id":1943,"hoehe_m":2013,"sektoren_frei":["SSW"],"sektoren_blockiert":["S"],"erste_kollision_m":{"S":2},"flaeche_m2":33581,"neigung_grad":11.1,"ausrichtung_grad":226,"weg_abstand_m":108,"wald_hinweis":false}},{"type":"Feature","geometry":{"type":"Point","coordinates":[11.478785,46.625628]},"properties":{"id":1944,"hoehe_m":2013,"sektoren_frei":[],"sektoren_blockiert":["NO","ONO","O","OSO"],"erste_kollision_m":{"NO":6,"ONO":30,"O":30,"OSO":56},"flaeche_m2":2512,"neigung_grad":13.1,"ausrichtung_grad":87,"weg_abstand_m":236,"wald_hinweis":false}},{"type":"Feature","geometry":{"type":"Point","coordinates":[11.477919,46.624544]},"properties":{"id":1945,"hoehe_m":2013,"sektoren_frei":[],"sektoren_blockiert":["SSO"],"erste_kollision_m":{"SSO":11},"flaeche_m2":1431,"neigung_grad":8.4,"ausrichtung_grad":127,"weg_abstand_m":235,"wald_hinweis":false}},{"type":"Feature","geometry":{"type":"Point","coordinates":[11.459827,46.596451]},"properties":{"id":1946,"hoehe_m":2013,"sektoren_frei":["O"],"sektoren_blockiert":[],"erste_kollision_m":{},"flaeche_m2":63169,"neigung_grad":17.2,"ausrichtung_grad":114,"weg_abstand_m":12,"wald_hinweis":false}},{"type":"Feature","geometry":{"type":"Point","coordinates":[11.453377,46.635738]},"properties":{"id":1947,"hoehe_m":2013,"sektoren_frei":[],"sektoren_blockiert":["N"],"erste_kollision_m":{"N":2},"flaeche_m2":156,"neigung_grad":8.1,"ausrichtung_grad":329,"weg_abstand_m":154,"wald_hinweis":false}},{"type":"Feature","geometry":{"type":"Point","coordinates":[11.457807,46.595077]},"properties":{"id":1948,"hoehe_m":2013,"sektoren_frei":[],"sektoren_blockiert":["ONO"],"erste_kollision_m":{"ONO":9},"flaeche_m2":156,"neigung_grad":9.5,"ausrichtung_grad":54,"weg_abstand_m":37,"wald_hinweis":false}},{"type":"Feature","geometry":{"type":"Point","coordinates":[11.426856,46.632884]},"properties":{"id":1949,"hoehe_m":2013,"sektoren_frei":["OSO","OSO"],"sektoren_blockiert":["O","O","O","S"],"erste_kollision_m":{"O":8,"S":8},"flaeche_m2":241525,"neigung_grad":12.6,"ausrichtung_grad":136,"weg_abstand_m":310,"wald_hinweis":false}},{"type":"Feature","geometry":{"type":"Point","coordinates":[11.446418,46.628463]},"properties":{"id":1950,"hoehe_m":2013,"sektoren_frei":["NW"],"sektoren_blockiert":["NNW"],"erste_kollision_m":{"NNW":310},"flaeche_m2":438,"neigung_grad":26.4,"ausrichtung_grad":317,"weg_abstand_m":252,"wald_hinweis":false}},{"type":"Feature","geometry":{"type":"Point","coordinates":[11.471737,46.622181]},"properties":{"id":1951,"hoehe_m":2013,"sektoren_frei":[],"sektoren_blockiert":["OSO"],"erste_kollision_m":{"OSO":6},"flaeche_m2":262,"neigung_grad":11.9,"ausrichtung_grad":91,"weg_abstand_m":116,"wald_hinweis":false}},{"type":"Feature","geometry":{"type":"Point","coordinates":[11.469004,46.61954]},"properties":{"id":1952,"hoehe_m":2012,"sektoren_frei":[],"sektoren_blockiert":["O","OSO"],"erste_kollision_m":{"O":55,"OSO":6},"flaeche_m2":2331,"neigung_grad":9.7,"ausrichtung_grad":75,"weg_abstand_m":109,"wald_hinweis":true}},{"type":"Feature","geometry":{"type":"Point","coordinates":[11.440075,46.603624]},"properties":{"id":1953,"hoehe_m":2012,"sektoren_frei":[],"sektoren_blockiert":["WNW"],"erste_kollision_m":{"WNW":6},"flaeche_m2":1481,"neigung_grad":8.7,"ausrichtung_grad":261,"weg_abstand_m":110,"wald_hinweis":false}},{"type":"Feature","geometry":{"type":"Point","coordinates":[11.453075,46.637027]},"properties":{"id":1954,"hoehe_m":2012,"sektoren_frei":[],"sektoren_blockiert":["WSW"],"erste_kollision_m":{"WSW":23},"flaeche_m2":138,"neigung_grad":10.6,"ausrichtung_grad":231,"weg_abstand_m":129,"wald_hinweis":false}},{"type":"Feature","geometry":{"type":"Point","coordinates":[11.44295,46.637042]},"properties":{"id":1955,"hoehe_m":2012,"sektoren_frei":[],"sektoren_blockiert":["NW"],"erste_kollision_m":{"NW":46},"flaeche_m2":181,"neigung_grad":22.2,"ausrichtung_grad":287,"weg_abstand_m":176,"wald_hinweis":false}},{"type":"Feature","geometry":{"type":"Point","coordinates":[11.470027,46.621205]},"properties":{"id":1956,"hoehe_m":2012,"sektoren_frei":[],"sektoren_blockiert":["SO"],"erste_kollision_m":{"SO":4},"flaeche_m2":138,"neigung_grad":8.3,"ausrichtung_grad":110,"weg_abstand_m":18,"wald_hinweis":false}},{"type":"Feature","geometry":{"type":"Point","coordinates":[11.425296,46.63231]},"properties":{"id":1957,"hoehe_m":2012,"sektoren_frei":[],"sektoren_blockiert":["SW"],"erste_kollision_m":{"SW":6},"flaeche_m2":538,"neigung_grad":10.6,"ausrichtung_grad":187,"weg_abstand_m":185,"wald_hinweis":false}},{"type":"Feature","geometry":{"type":"Point","coordinates":[11.450869,46.60409]},"properties":{"id":1958,"hoehe_m":2011,"sektoren_frei":[],"sektoren_blockiert":["SW"],"erste_kollision_m":{"SW":6},"flaeche_m2":431,"neigung_grad":12.5,"ausrichtung_grad":187,"weg_abstand_m":64,"wald_hinweis":false}},{"type":"Feature","geometry":{"type":"Point","coordinates":[11.45813,46.595002]},"properties":{"id":1959,"hoehe_m":2011,"sektoren_frei":[],"sektoren_blockiert":["NNO","NO","ONO"],"erste_kollision_m":{"NNO":28,"NO":28,"ONO":13},"flaeche_m2":7662,"neigung_grad":11.8,"ausrichtung_grad":46,"weg_abstand_m":50,"wald_hinweis":false}},{"type":"Feature","geometry":{"type":"Point","coordinates":[11.456244,46.602378]},"properties":{"id":1960,"hoehe_m":2011,"sektoren_frei":[],"sektoren_blockiert":["WSW","W"],"erste_kollision_m":{"WSW":8,"W":8},"flaeche_m2":650,"neigung_grad":17.3,"ausrichtung_grad":250,"weg_abstand_m":29,"wald_hinweis":false}},{"type":"Feature","geometry":{"type":"Point","coordinates":[11.478279,46.628137]},"properties":{"id":1961,"hoehe_m":2011,"sektoren_frei":[],"sektoren_blockiert":["NO","ONO","O"],"erste_kollision_m":{"NO":15,"ONO":13,"O":15},"flaeche_m2":3838,"neigung_grad":9.2,"ausrichtung_grad":75,"weg_abstand_m":152,"wald_hinweis":false}},{"type":"Feature","geometry":{"type":"Point","coordinates":[11.471825,46.621976]},"properties":{"id":1962,"hoehe_m":2011,"sektoren_frei":[],"sektoren_blockiert":["NO","OSO","SO","SSO"],"erste_kollision_m":{"NO":4,"OSO":6,"SO":4,"SSO":6},"flaeche_m2":21094,"neigung_grad":18.6,"ausrichtung_grad":124,"weg_abstand_m":94,"wald_hinweis":false}},{"type":"Feature","geometry":{"type":"Point","coordinates":[11.443665,46.636239]},"properties":{"id":1963,"hoehe_m":2011,"sektoren_frei":[],"sektoren_blockiert":["SSW"],"erste_kollision_m":{"SSW":29},"flaeche_m2":5981,"neigung_grad":8.9,"ausrichtung_grad":217,"weg_abstand_m":72,"wald_hinweis":false}},{"type":"Feature","geometry":{"type":"Point","coordinates":[11.441868,46.618795]},"properties":{"id":1964,"hoehe_m":2011,"sektoren_frei":[],"sektoren_blockiert":["WSW"],"erste_kollision_m":{"WSW":52},"flaeche_m2":350,"neigung_grad":17.1,"ausrichtung_grad":270,"weg_abstand_m":204,"wald_hinweis":false}},{"type":"Feature","geometry":{"type":"Point","coordinates":[11.442307,46.619123]},"properties":{"id":1965,"hoehe_m":2011,"sektoren_frei":[],"sektoren_blockiert":["NNO"],"erste_kollision_m":{"NNO":6},"flaeche_m2":206,"neigung_grad":9.7,"ausrichtung_grad":347,"weg_abstand_m":221,"wald_hinweis":false}},{"type":"Feature","geometry":{"type":"Point","coordinates":[11.434406,46.639541]},"properties":{"id":1966,"hoehe_m":2011,"sektoren_frei":[],"sektoren_blockiert":["SSO"],"erste_kollision_m":{"SSO":9},"flaeche_m2":381,"neigung_grad":16.0,"ausrichtung_grad":193,"weg_abstand_m":190,"wald_hinweis":false}},{"type":"Feature","geometry":{"type":"Point","coordinates":[11.451685,46.604073]},"properties":{"id":1967,"hoehe_m":2011,"sektoren_frei":[],"sektoren_blockiert":["SO"],"erste_kollision_m":{"SO":4},"flaeche_m2":112,"neigung_grad":11.5,"ausrichtung_grad":168,"weg_abstand_m":72,"wald_hinweis":false}},{"type":"Feature","geometry":{"type":"Point","coordinates":[11.478304,46.628699]},"properties":{"id":1968,"hoehe_m":2011,"sektoren_frei":[],"sektoren_blockiert":["SO"],"erste_kollision_m":{"SO":4},"flaeche_m2":694,"neigung_grad":9.7,"ausrichtung_grad":104,"weg_abstand_m":90,"wald_hinweis":false}},{"type":"Feature","geometry":{"type":"Point","coordinates":[11.462292,46.639304]},"properties":{"id":1969,"hoehe_m":2011,"sektoren_frei":[],"sektoren_blockiert":["N"],"erste_kollision_m":{"N":29},"flaeche_m2":181,"neigung_grad":16.5,"ausrichtung_grad":27,"weg_abstand_m":62,"wald_hinweis":false}},{"type":"Feature","geometry":{"type":"Point","coordinates":[11.439794,46.6039]},"properties":{"id":1970,"hoehe_m":2011,"sektoren_frei":["W"],"sektoren_blockiert":[],"erste_kollision_m":{},"flaeche_m2":95156,"neigung_grad":11.8,"ausrichtung_grad":267,"weg_abstand_m":122,"wald_hinweis":false}},{"type":"Feature","geometry":{"type":"Point","coordinates":[11.444489,46.636401]},"properties":{"id":1971,"hoehe_m":2010,"sektoren_frei":[],"sektoren_blockiert":["OSO"],"erste_kollision_m":{"OSO":6},"flaeche_m2":1419,"neigung_grad":10.2,"ausrichtung_grad":146,"weg_abstand_m":45,"wald_hinweis":false}},{"type":"Feature","geometry":{"type":"Point","coordinates":[11.443928,46.636278]},"properties":{"id":1972,"hoehe_m":2010,"sektoren_frei":[],"sektoren_blockiert":["OSO"],"erste_kollision_m":{"OSO":6},"flaeche_m2":125,"neigung_grad":8.5,"ausrichtung_grad":147,"weg_abstand_m":63,"wald_hinweis":false}},{"type":"Feature","geometry":{"type":"Point","coordinates":[11.46895,46.620509]},"properties":{"id":1973,"hoehe_m":2010,"sektoren_frei":[],"sektoren_blockiert":["SO"],"erste_kollision_m":{"SO":6},"flaeche_m2":112,"neigung_grad":11.9,"ausrichtung_grad":117,"weg_abstand_m":3,"wald_hinweis":false}},{"type":"Feature","geometry":{"type":"Point","coordinates":[11.441468,46.601929]},"properties":{"id":1974,"hoehe_m":2010,"sektoren_frei":[],"sektoren_blockiert":["WNW"],"erste_kollision_m":{"WNW":90},"flaeche_m2":1325,"neigung_grad":19.5,"ausrichtung_grad":258,"weg_abstand_m":149,"wald_hinweis":false}},{"type":"Feature","geometry":{"type":"Point","coordinates":[11.47862,46.629187]},"properties":{"id":1975,"hoehe_m":2010,"sektoren_frei":[],"sektoren_blockiert":["O"],"erste_kollision_m":{"O":2},"flaeche_m2":206,"neigung_grad":7.9,"ausrichtung_grad":118,"weg_abstand_m":32,"wald_hinweis":false}},{"type":"Feature","geometry":{"type":"Point","coordinates":[11.477872,46.62423]},"properties":{"id":1976,"hoehe_m":2010,"sektoren_frei":[],"sektoren_blockiert":["O"],"erste_kollision_m":{"O":2},"flaeche_m2":250,"neigung_grad":8.2,"ausrichtung_grad":129,"weg_abstand_m":200,"wald_hinweis":false}},{"type":"Feature","geometry":{"type":"Point","coordinates":[11.446758,46.62877]},"properties":{"id":1977,"hoehe_m":2010,"sektoren_frei":["WNW"],"sektoren_blockiert":["WNW"],"erste_kollision_m":{"WNW":11},"flaeche_m2":262,"neigung_grad":25.3,"ausrichtung_grad":308,"weg_abstand_m":212,"wald_hinweis":false}},{"type":"Feature","geometry":{"type":"Point","coordinates":[11.449,46.6314]},"properties":{"id":1978,"hoehe_m":2010,"sektoren_frei":[],"sektoren_blockiert":["NNW"],"erste_kollision_m":{"NNW":25},"flaeche_m2":869,"neigung_grad":12.7,"ausrichtung_grad":300,"weg_abstand_m":65,"wald_hinweis":false}},{"type":"Feature","geometry":{"type":"Point","coordinates":[11.478855,46.629317]},"properties":{"id":1979,"hoehe_m":2010,"sektoren_frei":[],"sektoren_blockiert":["SSO"],"erste_kollision_m":{"SSO":6},"flaeche_m2":1031,"neigung_grad":8.2,"ausrichtung_grad":127,"weg_abstand_m":15,"wald_hinweis":false}},{"type":"Feature","geometry":{"type":"Point","coordinates":[11.439696,46.604622]},"properties":{"id":1980,"hoehe_m":2010,"sektoren_frei":[],"sektoren_blockiert":["WNW"],"erste_kollision_m":{"WNW":6},"flaeche_m2":194,"neigung_grad":11.8,"ausrichtung_grad":265,"weg_abstand_m":102,"wald_hinweis":false}},{"type":"Feature","geometry":{"type":"Point","coordinates":[11.469387,46.619352]},"properties":{"id":1981,"hoehe_m":2010,"sektoren_frei":[],"sektoren_blockiert":["NO"],"erste_kollision_m":{"NO":28},"flaeche_m2":338,"neigung_grad":20.4,"ausrichtung_grad":52,"weg_abstand_m":125,"wald_hinweis":true}},{"type":"Feature","geometry":{"type":"Point","coordinates":[11.470083,46.621002]},"properties":{"id":1982,"hoehe_m":2009,"sektoren_frei":[],"sektoren_blockiert":["S"],"erste_kollision_m":{"S":2},"flaeche_m2":644,"neigung_grad":11.3,"ausrichtung_grad":172,"weg_abstand_m":24,"wald_hinweis":false}},{"type":"Feature","geometry":{"type":"Point","coordinates":[11.455563,46.602482]},"properties":{"id":1983,"hoehe_m":2009,"sektoren_frei":[],"sektoren_blockiert":["SSW"],"erste_kollision_m":{"SSW":47},"flaeche_m2":256,"neigung_grad":20.0,"ausrichtung_grad":211,"weg_abstand_m":69,"wald_hinweis":false}},{"type":"Feature","geometry":{"type":"Point","coordinates":[11.44665,46.603191]},"properties":{"id":1984,"hoehe_m":2009,"sektoren_frei":[],"sektoren_blockiert":["SSW"],"erste_kollision_m":{"SSW":20},"flaeche_m2":538,"neigung_grad":13.8,"ausrichtung_grad":164,"weg_abstand_m":99,"wald_hinweis":false}},{"type":"Feature","geometry":{"type":"Point","coordinates":[11.439904,46.603447]},"properties":{"id":1985,"hoehe_m":2009,"sektoren_frei":["WSW","W"],"sektoren_blockiert":[],"erste_kollision_m":{},"flaeche_m2":95156,"neigung_grad":11.0,"ausrichtung_grad":248,"weg_abstand_m":131,"wald_hinweis":false}},{"type":"Feature","geometry":{"type":"Point","coordinates":[11.441521,46.63723]},"properties":{"id":1986,"hoehe_m":2009,"sektoren_frei":[],"sektoren_blockiert":["OSO"],"erste_kollision_m":{"OSO":45},"flaeche_m2":1038,"neigung_grad":17.1,"ausrichtung_grad":153,"weg_abstand_m":185,"wald_hinweis":false}},{"type":"Feature","geometry":{"type":"Point","coordinates":[11.476435,46.623519]},"properties":{"id":1987,"hoehe_m":2009,"sektoren_frei":[],"sektoren_blockiert":["SSW"],"erste_kollision_m":{"SSW":6},"flaeche_m2":1556,"neigung_grad":8.7,"ausrichtung_grad":169,"weg_abstand_m":86,"wald_hinweis":false}},{"type":"Feature","geometry":{"type":"Point","coordinates":[11.470353,46.621198]},"properties":{"id":1988,"hoehe_m":2009,"sektoren_frei":[],"sektoren_blockiert":["O"],"erste_kollision_m":{"O":2},"flaeche_m2":181,"neigung_grad":8.0,"ausrichtung_grad":119,"weg_abstand_m":4,"wald_hinweis":false}},{"type":"Feature","geometry":{"type":"Point","coordinates":[11.458681,46.594923]},"properties":{"id":1989,"hoehe_m":2009,"sektoren_frei":[],"sektoren_blockiert":["N"],"erste_kollision_m":{"N":29},"flaeche_m2":575,"neigung_grad":16.3,"ausrichtung_grad":33,"weg_abstand_m":71,"wald_hinweis":false}},{"type":"Feature","geometry":{"type":"Point","coordinates":[11.453365,46.636931]},"properties":{"id":1990,"hoehe_m":2009,"sektoren_frei":[],"sektoren_blockiert":["SW"],"erste_kollision_m":{"SW":6},"flaeche_m2":256,"neigung_grad":13.5,"ausrichtung_grad":189,"weg_abstand_m":145,"wald_hinweis":false}},{"type":"Feature","geometry":{"type":"Point","coordinates":[11.452959,46.635905]},"properties":{"id":1991,"hoehe_m":2009,"sektoren_frei":[],"sektoren_blockiert":["N"],"erste_kollision_m":{"N":2},"flaeche_m2":119,"neigung_grad":9.5,"ausrichtung_grad":5,"weg_abstand_m":179,"wald_hinweis":false}},{"type":"Feature","geometry":{"type":"Point","coordinates":[11.469747,46.620806]},"properties":{"id":1992,"hoehe_m":2009,"sektoren_frei":[],"sektoren_blockiert":["O"],"erste_kollision_m":{"O":8},"flaeche_m2":312,"neigung_grad":9.8,"ausrichtung_grad":108,"weg_abstand_m":39,"wald_hinweis":false}},{"type":"Feature","geometry":{"type":"Point","coordinates":[11.469815,46.606495]},"properties":{"id":1993,"hoehe_m":2009,"sektoren_frei":["SO"],"sektoren_blockiert":[],"erste_kollision_m":{},"flaeche_m2":199594,"neigung_grad":13.5,"ausrichtung_grad":159,"weg_abstand_m":68,"wald_hinweis":false}},{"type":"Feature","geometry":{"type":"Point","coordinates":[11.47892,46.627155]},"properties":{"id":1994,"hoehe_m":2008,"sektoren_frei":[],"sektoren_blockiert":["NO","ONO","OSO"],"erste_kollision_m":{"NO":9,"ONO":6,"OSO":6},"flaeche_m2":30219,"neigung_grad":15.1,"ausrichtung_grad":71,"weg_abstand_m":217,"wald_hinweis":true}},{"type":"Feature","geometry":{"type":"Point","coordinates":[11.445656,46.602852]},"properties":{"id":1995,"hoehe_m":2008,"sektoren_frei":[],"sektoren_blockiert":["SSW"],"erste_kollision_m":{"SSW":20},"flaeche_m2":175,"neigung_grad":17.5,"ausrichtung_grad":161,"weg_abstand_m":93,"wald_hinweis":false}},{"type":"Feature","geometry":{"type":"Point","coordinates":[11.430027,46.610318]},"properties":{"id":1996,"hoehe_m":2008,"sektoren_frei":["SW","WSW"],"sektoren_blockiert":[],"erste_kollision_m":{},"flaeche_m2":58200,"neigung_grad":13.3,"ausrichtung_grad":235,"weg_abstand_m":99,"wald_hinweis":false}},{"type":"Feature","geometry":{"type":"Point","coordinates":[11.446028,46.636481]},"properties":{"id":1997,"hoehe_m":2008,"sektoren_frei":[],"sektoren_blockiert":["SSW"],"erste_kollision_m":{"SSW":6},"flaeche_m2":1025,"neigung_grad":13.6,"ausrichtung_grad":182,"weg_abstand_m":10,"wald_hinweis":false}},{"type":"Feature","geometry":{"type":"Point","coordinates":[11.439718,46.603654]},"properties":{"id":1998,"hoehe_m":2008,"sektoren_frei":[],"sektoren_blockiert":["SSW"],"erste_kollision_m":{"SSW":6},"flaeche_m2":206,"neigung_grad":9.3,"ausrichtung_grad":231,"weg_abstand_m":135,"wald_hinweis":false}},{"type":"Feature","geometry":{"type":"Point","coordinates":[11.473378,46.62309]},"properties":{"id":1999,"hoehe_m":2008,"sektoren_frei":[],"sektoren_blockiert":["SSO","SW"],"erste_kollision_m":{"SSO":8,"SW":6},"flaeche_m2":244,"neigung_grad":11.4,"ausrichtung_grad":190,"weg_abstand_m":50,"wald_hinweis":false}},{"type":"Feature","geometry":{"type":"Point","coordinates":[11.470827,46.62157]},"properties":{"id":2000,"hoehe_m":2008,"sektoren_frei":[],"sektoren_blockiert":["SSO"],"erste_kollision_m":{"SSO":6},"flaeche_m2":644,"neigung_grad":8.8,"ausrichtung_grad":140,"weg_abstand_m":54,"wald_hinweis":false}},{"type":"Feature","geometry":{"type":"Point","coordinates":[11.441982,46.619153]},"properties":{"id":2001,"hoehe_m":2008,"sektoren_frei":[],"sektoren_blockiert":["WSW"],"erste_kollision_m":{"WSW":13},"flaeche_m2":344,"neigung_grad":16.6,"ausrichtung_grad":280,"weg_abstand_m":234,"wald_hinweis":false}},{"type":"Feature","geometry":{"type":"Point","coordinates":[11.432911,46.607646]},"properties":{"id":2002,"hoehe_m":2008,"sektoren_frei":["S"],"sektoren_blockiert":[],"erste_kollision_m":{},"flaeche_m2":131619,"neigung_grad":14.2,"ausrichtung_grad":195,"weg_abstand_m":57,"wald_hinweis":false}},{"type":"Feature","geometry":{"type":"Point","coordinates":[11.436327,46.638668]},"properties":{"id":2003,"hoehe_m":2008,"sektoren_frei":[],"sektoren_blockiert":["S"],"erste_kollision_m":{"S":2},"flaeche_m2":344,"neigung_grad":26.5,"ausrichtung_grad":212,"weg_abstand_m":173,"wald_hinweis":false}},{"type":"Feature","geometry":{"type":"Point","coordinates":[11.463186,46.638115]},"properties":{"id":2004,"hoehe_m":2008,"sektoren_frei":[],"sektoren_blockiert":["N"],"erste_kollision_m":{"N":8},"flaeche_m2":138,"neigung_grad":18.9,"ausrichtung_grad":39,"weg_abstand_m":4,"wald_hinweis":false}},{"type":"Feature","geometry":{"type":"Point","coordinates":[11.479064,46.625307]},"properties":{"id":2005,"hoehe_m":2008,"sektoren_frei":[],"sektoren_blockiert":["OSO"],"erste_kollision_m":{"OSO":6},"flaeche_m2":431,"neigung_grad":10.2,"ausrichtung_grad":99,"weg_abstand_m":232,"wald_hinweis":false}},{"type":"Feature","geometry":{"type":"Point","coordinates":[11.427782,46.633135]},"properties":{"id":2006,"hoehe_m":2008,"sektoren_frei":["OSO","OSO"],"sektoren_blockiert":["O","S"],"erste_kollision_m":{"O":8,"S":5},"flaeche_m2":241525,"neigung_grad":14.0,"ausrichtung_grad":139,"weg_abstand_m":275,"wald_hinweis":false}},{"type":"Feature","geometry":{"type":"Point","coordinates":[11.450082,46.59459]},"properties":{"id":2007,"hoehe_m":2008,"sektoren_frei":["SSW"],"sektoren_blockiert":[],"erste_kollision_m":{},"flaeche_m2":31656,"neigung_grad":17.5,"ausrichtung_grad":213,"weg_abstand_m":187,"wald_hinweis":false}},{"type":"Feature","geometry":{"type":"Point","coordinates":[11.474216,46.622847]},"properties":{"id":2008,"hoehe_m":2007,"sektoren_frei":[],"sektoren_blockiert":["SO"],"erste_kollision_m":{"SO":4},"flaeche_m2":688,"neigung_grad":12.4,"ausrichtung_grad":156,"weg_abstand_m":47,"wald_hinweis":false}},{"type":"Feature","geometry":{"type":"Point","coordinates":[11.440349,46.622068]},"properties":{"id":2009,"hoehe_m":2007,"sektoren_frei":["W"],"sektoren_blockiert":["WNW"],"erste_kollision_m":{"WNW":46},"flaeche_m2":675,"neigung_grad":26.2,"ausrichtung_grad":255,"weg_abstand_m":537,"wald_hinweis":false}},{"type":"Feature","geometry":{"type":"Point","coordinates":[11.426279,46.632402]},"properties":{"id":2010,"hoehe_m":2007,"sektoren_frei":[],"sektoren_blockiert":["S"],"erste_kollision_m":{"S":8},"flaeche_m2":150,"neigung_grad":8.9,"ausrichtung_grad":154,"weg_abstand_m":258,"wald_hinweis":false}},{"type":"Feature","geometry":{"type":"Point","coordinates":[11.430428,46.640436]},"properties":{"id":2011,"hoehe_m":2007,"sektoren_frei":[],"sektoren_blockiert":["OSO"],"erste_kollision_m":{"OSO":11},"flaeche_m2":150,"neigung_grad":9.9,"ausrichtung_grad":141,"weg_abstand_m":263,"wald_hinweis":false}},{"type":"Feature","geometry":{"type":"Point","coordinates":[11.436805,46.63841]},"properties":{"id":2012,"hoehe_m":2007,"sektoren_frei":[],"sektoren_blockiert":["S"],"erste_kollision_m":{"S":21},"flaeche_m2":1450,"neigung_grad":25.3,"ausrichtung_grad":212,"weg_abstand_m":190,"wald_hinweis":false}},{"type":"Feature","geometry":{"type":"Point","coordinates":[11.479046,46.624925]},"properties":{"id":2013,"hoehe_m":2007,"sektoren_frei":[],"sektoren_blockiert":["O","SO","SO"],"erste_kollision_m":{"O":10,"SO":22},"flaeche_m2":169,"neigung_grad":10.9,"ausrichtung_grad":124,"weg_abstand_m":255,"wald_hinweis":false}},{"type":"Feature","geometry":{"type":"Point","coordinates":[11.479142,46.626295]},"properties":{"id":2014,"hoehe_m":2007,"sektoren_frei":[],"sektoren_blockiert":["NO"],"erste_kollision_m":{"NO":11},"flaeche_m2":356,"neigung_grad":12.2,"ausrichtung_grad":77,"weg_abstand_m":195,"wald_hinweis":true}},{"type":"Feature","geometry":{"type":"Point","coordinates":[11.459709,46.596003]},"properties":{"id":2015,"hoehe_m":2007,"sektoren_frei":[],"sektoren_blockiert":["S"],"erste_kollision_m":{"S":8},"flaeche_m2":238,"neigung_grad":18.4,"ausrichtung_grad":140,"weg_abstand_m":5,"wald_hinweis":false}},{"type":"Feature","geometry":{"type":"Point","coordinates":[11.478501,46.624419]},"properties":{"id":2016,"hoehe_m":2007,"sektoren_frei":[],"sektoren_blockiert":["O"],"erste_kollision_m":{"O":5},"flaeche_m2":4444,"neigung_grad":7.9,"ausrichtung_grad":121,"weg_abstand_m":234,"wald_hinweis":false}},{"type":"Feature","geometry":{"type":"Point","coordinates":[11.44476,46.627193]},"properties":{"id":2017,"hoehe_m":2007,"sektoren_frei":["W"],"sektoren_blockiert":[],"erste_kollision_m":{},"flaeche_m2":294,"neigung_grad":28.0,"ausrichtung_grad":309,"weg_abstand_m":430,"wald_hinweis":false}},{"type":"Feature","geometry":{"type":"Point","coordinates":[11.438551,46.637271]},"properties":{"id":2018,"hoehe_m":2007,"sektoren_frei":[],"sektoren_blockiert":["SW","WSW"],"erste_kollision_m":{"SW":26,"WSW":15},"flaeche_m2":2769,"neigung_grad":10.0,"ausrichtung_grad":209,"weg_abstand_m":260,"wald_hinweis":false}},{"type":"Feature","geometry":{"type":"Point","coordinates":[11.469984,46.618821]},"properties":{"id":2019,"hoehe_m":2006,"sektoren_frei":[],"sektoren_blockiert":["OSO"],"erste_kollision_m":{"OSO":8},"flaeche_m2":381,"neigung_grad":18.6,"ausrichtung_grad":103,"weg_abstand_m":180,"wald_hinweis":true}},{"type":"Feature","geometry":{"type":"Point","coordinates":[11.44311,46.636251]},"properties":{"id":2020,"hoehe_m":2006,"sektoren_frei":[],"sektoren_blockiert":["WNW"],"erste_kollision_m":{"WNW":6},"flaeche_m2":2375,"neigung_grad":11.3,"ausrichtung_grad":265,"weg_abstand_m":98,"wald_hinweis":false}},{"type":"Feature","geometry":{"type":"Point","coordinates":[11.453625,46.603671]},"properties":{"id":2021,"hoehe_m":2006,"sektoren_frei":[],"sektoren_blockiert":["SO"],"erste_kollision_m":{"SO":6},"flaeche_m2":1400,"neigung_grad":18.3,"ausrichtung_grad":170,"weg_abstand_m":114,"wald_hinweis":false}},{"type":"Feature","geometry":{"type":"Point","coordinates":[11.439369,46.604606]},"properties":{"id":2022,"hoehe_m":2006,"sektoren_frei":[],"sektoren_blockiert":["SSW","WNW"],"erste_kollision_m":{"SSW":6,"WNW":393},"flaeche_m2":394,"neigung_grad":18.2,"ausrichtung_grad":272,"weg_abstand_m":127,"wald_hinweis":false}},{"type":"Feature","geometry":{"type":"Point","coordinates":[11.470542,46.621037]},"properties":{"id":2023,"hoehe_m":2006,"sektoren_frei":[],"sektoren_blockiert":["SSO"],"erste_kollision_m":{"SSO":6},"flaeche_m2":238,"neigung_grad":9.5,"ausrichtung_grad":133,"weg_abstand_m":5,"wald_hinweis":false}},{"type":"Feature","geometry":{"type":"Point","coordinates":[11.443295,46.635999]},"properties":{"id":2024,"hoehe_m":2006,"sektoren_frei":[],"sektoren_blockiert":["W"],"erste_kollision_m":{"W":2},"flaeche_m2":744,"neigung_grad":9.4,"ausrichtung_grad":243,"weg_abstand_m":67,"wald_hinweis":false}},{"type":"Feature","geometry":{"type":"Point","coordinates":[11.469477,46.61989]},"properties":{"id":2025,"hoehe_m":2006,"sektoren_frei":[],"sektoren_blockiert":["NO","SO"],"erste_kollision_m":{"NO":4,"SO":4},"flaeche_m2":269,"neigung_grad":9.0,"ausrichtung_grad":56,"weg_abstand_m":65,"wald_hinweis":false}},{"type":"Feature","geometry":{"type":"Point","coordinates":[11.478078,46.623754]},"properties":{"id":2026,"hoehe_m":2005,"sektoren_frei":[],"sektoren_blockiert":["O","S"],"erste_kollision_m":{"O":2,"S":8},"flaeche_m2":194,"neigung_grad":11.1,"ausrichtung_grad":107,"weg_abstand_m":155,"wald_hinweis":false}},{"type":"Feature","geometry":{"type":"Point","coordinates":[11.449201,46.636593]},"properties":{"id":2027,"hoehe_m":2005,"sektoren_frei":[],"sektoren_blockiert":["SW"],"erste_kollision_m":{"SW":6},"flaeche_m2":175,"neigung_grad":14.5,"ausrichtung_grad":192,"weg_abstand_m":168,"wald_hinweis":false}},{"type":"Feature","geometry":{"type":"Point","coordinates":[11.443547,46.635791]},"properties":{"id":2028,"hoehe_m":2005,"sektoren_frei":[],"sektoren_blockiert":["OSO"],"erste_kollision_m":{"OSO":6},"flaeche_m2":300,"neigung_grad":8.8,"ausrichtung_grad":135,"weg_abstand_m":37,"wald_hinweis":false}},{"type":"Feature","geometry":{"type":"Point","coordinates":[11.430015,46.610048]},"properties":{"id":2029,"hoehe_m":2005,"sektoren_frei":["WSW"],"sektoren_blockiert":[],"erste_kollision_m":{},"flaeche_m2":58200,"neigung_grad":12.4,"ausrichtung_grad":238,"weg_abstand_m":128,"wald_hinweis":false}},{"type":"Feature","geometry":{"type":"Point","coordinates":[11.429639,46.610416]},"properties":{"id":2030,"hoehe_m":2005,"sektoren_frei":["W"],"sektoren_blockiert":[],"erste_kollision_m":{},"flaeche_m2":47288,"neigung_grad":14.6,"ausrichtung_grad":244,"weg_abstand_m":100,"wald_hinweis":false}},{"type":"Feature","geometry":{"type":"Point","coordinates":[11.452381,46.63684]},"properties":{"id":2031,"hoehe_m":2005,"sektoren_frei":[],"sektoren_blockiert":["WSW"],"erste_kollision_m":{"WSW":6},"flaeche_m2":175,"neigung_grad":9.1,"ausrichtung_grad":218,"weg_abstand_m":134,"wald_hinweis":false}},{"type":"Feature","geometry":{"type":"Point","coordinates":[11.429552,46.639105]},"properties":{"id":2032,"hoehe_m":2005,"sektoren_frei":[],"sektoren_blockiert":["O"],"erste_kollision_m":{"O":15},"flaeche_m2":2694,"neigung_grad":17.0,"ausrichtung_grad":88,"weg_abstand_m":422,"wald_hinweis":false}},{"type":"Feature","geometry":{"type":"Point","coordinates":[11.479293,46.6296]},"properties":{"id":2033,"hoehe_m":2004,"sektoren_frei":[],"sektoren_blockiert":["OSO"],"erste_kollision_m":{"OSO":12},"flaeche_m2":119,"neigung_grad":11.4,"ausrichtung_grad":124,"weg_abstand_m":6,"wald_hinweis":false}},{"type":"Feature","geometry":{"type":"Point","coordinates":[11.475322,46.622756]},"properties":{"id":2034,"hoehe_m":2004,"sektoren_frei":[],"sektoren_blockiert":["OSO","SO","SW"],"erste_kollision_m":{"OSO":6,"SO":4,"SW":4},"flaeche_m2":17731,"neigung_grad":10.7,"ausrichtung_grad":152,"weg_abstand_m":24,"wald_hinweis":false}},{"type":"Feature","geometry":{"type":"Point","coordinates":[11.459476,46.603838]},"properties":{"id":2035,"hoehe_m":2004,"sektoren_frei":[],"sektoren_blockiert":["OSO"],"erste_kollision_m":{"OSO":120},"flaeche_m2":42288,"neigung_grad":19.9,"ausrichtung_grad":137,"weg_abstand_m":2,"wald_hinweis":false}},{"type":"Feature","geometry":{"type":"Point","coordinates":[11.458997,46.603353]},"properties":{"id":2036,"hoehe_m":2004,"sektoren_frei":[],"sektoren_blockiert":["O"],"erste_kollision_m":{"O":10},"flaeche_m2":406,"neigung_grad":24.1,"ausrichtung_grad":101,"weg_abstand_m":3,"wald_hinweis":true}},{"type":"Feature","geometry":{"type":"Point","coordinates":[11.473691,46.622791]},"properties":{"id":2037,"hoehe_m":2004,"sektoren_frei":[],"sektoren_blockiert":["SSO"],"erste_kollision_m":{"SSO":16},"flaeche_m2":425,"neigung_grad":12.1,"ausrichtung_grad":194,"weg_abstand_m":70,"wald_hinweis":true}},{"type":"Feature","geometry":{"type":"Point","coordinates":[11.4502,46.594317]},"properties":{"id":2038,"hoehe_m":2004,"sektoren_frei":["WSW"],"sektoren_blockiert":[],"erste_kollision_m":{},"flaeche_m2":6788,"neigung_grad":17.2,"ausrichtung_grad":240,"weg_abstand_m":190,"wald_hinweis":false}},{"type":"Feature","geometry":{"type":"Point","coordinates":[11.438932,46.637037]},"properties":{"id":2039,"hoehe_m":2004,"sektoren_frei":["SSW"],"sektoren_blockiert":[],"erste_kollision_m":{},"flaeche_m2":282556,"neigung_grad":10.8,"ausrichtung_grad":195,"weg_abstand_m":225,"wald_hinweis":false}},{"type":"Feature","geometry":{"type":"Point","coordinates":[11.462828,46.638865]},"properties":{"id":2040,"hoehe_m":2004,"sektoren_frei":[],"sektoren_blockiert":["NNO"],"erste_kollision_m":{"NNO":40},"flaeche_m2":3244,"neigung_grad":16.0,"ausrichtung_grad":56,"weg_abstand_m":22,"wald_hinweis":false}},{"type":"Feature","geometry":{"type":"Point","coordinates":[11.469791,46.620333]},"properties":{"id":2041,"hoehe_m":2004,"sektoren_frei":[],"sektoren_blockiert":["SSO"],"erste_kollision_m":{"SSO":20},"flaeche_m2":2375,"neigung_grad":11.2,"ausrichtung_grad":154,"weg_abstand_m":13,"wald_hinweis":false}},{"type":"Feature","geometry":{"type":"Point","coordinates":[11.42898,46.633627]},"properties":{"id":2042,"hoehe_m":2004,"sektoren_frei":[],"sektoren_blockiert":["S"],"erste_kollision_m":{"S":2},"flaeche_m2":369,"neigung_grad":13.5,"ausrichtung_grad":148,"weg_abstand_m":225,"wald_hinweis":false}},{"type":"Feature","geometry":{"type":"Point","coordinates":[11.459264,46.59482]},"properties":{"id":2043,"hoehe_m":2003,"sektoren_frei":[],"sektoren_blockiert":["N"],"erste_kollision_m":{"N":2},"flaeche_m2":125,"neigung_grad":10.3,"ausrichtung_grad":32,"weg_abstand_m":97,"wald_hinweis":false}},{"type":"Feature","geometry":{"type":"Point","coordinates":[11.437117,46.619167]},"properties":{"id":2044,"hoehe_m":2003,"sektoren_frei":[],"sektoren_blockiert":["N"],"erste_kollision_m":{"N":5},"flaeche_m2":1200,"neigung_grad":27.2,"ausrichtung_grad":29,"weg_abstand_m":299,"wald_hinweis":false}},{"type":"Feature","geometry":{"type":"Point","coordinates":[11.452969,46.603595]},"properties":{"id":2045,"hoehe_m":2003,"sektoren_frei":[],"sektoren_blockiert":["SO"],"erste_kollision_m":{"SO":17},"flaeche_m2":112,"neigung_grad":15.8,"ausrichtung_grad":175,"weg_abstand_m":124,"wald_hinweis":false}},{"type":"Feature","geometry":{"type":"Point","coordinates":[11.429363,46.610804]},"properties":{"id":2046,"hoehe_m":2003,"sektoren_frei":[],"sektoren_blockiert":["SSW"],"erste_kollision_m":{"SSW":6},"flaeche_m2":20788,"neigung_grad":13.5,"ausrichtung_grad":233,"weg_abstand_m":80,"wald_hinweis":false}},{"type":"Feature","geometry":{"type":"Point","coordinates":[11.478846,46.628394]},"properties":{"id":2047,"hoehe_m":2003,"sektoren_frei":[],"sektoren_blockiert":["SO"],"erste_kollision_m":{"SO":6},"flaeche_m2":850,"neigung_grad":9.5,"ausrichtung_grad":104,"weg_abstand_m":117,"wald_hinweis":false}},{"type":"Feature","geometry":{"type":"Point","coordinates":[11.474894,46.622675]},"properties":{"id":2048,"hoehe_m":2003,"sektoren_frei":[],"sektoren_blockiert":["SW"],"erste_kollision_m":{"SW":6},"flaeche_m2":875,"neigung_grad":11.9,"ausrichtung_grad":195,"weg_abstand_m":42,"wald_hinweis":false}},{"type":"Feature","geometry":{"type":"Point","coordinates":[11.477776,46.623558]},"properties":{"id":2049,"hoehe_m":2003,"sektoren_frei":[],"sektoren_blockiert":["S"],"erste_kollision_m":{"S":2},"flaeche_m2":694,"neigung_grad":8.9,"ausrichtung_grad":153,"weg_abstand_m":127,"wald_hinweis":false}},{"type":"Feature","geometry":{"type":"Point","coordinates":[11.471294,46.606711]},"properties":{"id":2050,"hoehe_m":2003,"sektoren_frei":[],"sektoren_blockiert":["SSW"],"erste_kollision_m":{"SSW":27},"flaeche_m2":544,"neigung_grad":13.5,"ausrichtung_grad":167,"weg_abstand_m":111,"wald_hinweis":false}},{"type":"Feature","geometry":{"type":"Point","coordinates":[11.430501,46.60925]},"properties":{"id":2051,"hoehe_m":2003,"sektoren_frei":[],"sektoren_blockiert":["W"],"erste_kollision_m":{"W":2},"flaeche_m2":138,"neigung_grad":15.8,"ausrichtung_grad":235,"weg_abstand_m":181,"wald_hinweis":false}},{"type":"Feature","geometry":{"type":"Point","coordinates":[11.477373,46.623319]},"properties":{"id":2052,"hoehe_m":2002,"sektoren_frei":[],"sektoren_blockiert":["SSW"],"erste_kollision_m":{"SSW":6},"flaeche_m2":294,"neigung_grad":9.3,"ausrichtung_grad":167,"weg_abstand_m":92,"wald_hinweis":false}},{"type":"Feature","geometry":{"type":"Point","coordinates":[11.46981,46.61932]},"properties":{"id":2053,"hoehe_m":2002,"sektoren_frei":[],"sektoren_blockiert":["O","OSO"],"erste_kollision_m":{"O":8,"OSO":6},"flaeche_m2":12356,"neigung_grad":9.4,"ausrichtung_grad":80,"weg_abstand_m":125,"wald_hinweis":false}},{"type":"Feature","geometry":{"type":"Point","coordinates":[11.470827,46.620851]},"properties":{"id":2054,"hoehe_m":2002,"sektoren_frei":[],"sektoren_blockiert":["O"],"erste_kollision_m":{"O":2},"flaeche_m2":1144,"neigung_grad":9.6,"ausrichtung_grad":119,"weg_abstand_m":13,"wald_hinweis":false}},{"type":"Feature","geometry":{"type":"Point","coordinates":[11.462563,46.639501]},"properties":{"id":2055,"hoehe_m":2002,"sektoren_frei":["NO","NO","ONO"],"sektoren_blockiert":["OSO"],"erste_kollision_m":{"OSO":21},"flaeche_m2":171600,"neigung_grad":20.1,"ausrichtung_grad":61,"weg_abstand_m":67,"wald_hinweis":false}},{"type":"Feature","geometry":{"type":"Point","coordinates":[11.444931,46.636054]},"properties":{"id":2056,"hoehe_m":2002,"sektoren_frei":[],"sektoren_blockiert":["OSO"],"erste_kollision_m":{"OSO":23},"flaeche_m2":694,"neigung_grad":10.6,"ausrichtung_grad":143,"weg_abstand_m":6,"wald_hinweis":false}},{"type":"Feature","geometry":{"type":"Point","coordinates":[11.427901,46.632862]},"properties":{"id":2057,"hoehe_m":2002,"sektoren_frei":["OSO"],"sektoren_blockiert":[],"erste_kollision_m":{},"flaeche_m2":241525,"neigung_grad":15.5,"ausrichtung_grad":137,"weg_abstand_m":247,"wald_hinweis":false}},{"type":"Feature","geometry":{"type":"Point","coordinates":[11.470598,46.606478]},"properties":{"id":2058,"hoehe_m":2002,"sektoren_frei":["S"],"sektoren_blockiert":[],"erste_kollision_m":{},"flaeche_m2":79350,"neigung_grad":13.9,"ausrichtung_grad":151,"weg_abstand_m":127,"wald_hinweis":false}},{"type":"Feature","geometry":{"type":"Point","coordinates":[11.428738,46.63334]},"properties":{"id":2059,"hoehe_m":2001,"sektoren_frei":[],"sektoren_blockiert":["S"],"erste_kollision_m":{"S":29},"flaeche_m2":488,"neigung_grad":15.6,"ausrichtung_grad":150,"weg_abstand_m":223,"wald_hinweis":false}},{"type":"Feature","geometry":{"type":"Point","coordinates":[11.44841,46.631368]},"properties":{"id":2060,"hoehe_m":2001,"sektoren_frei":[],"sektoren_blockiert":["SW"],"erste_kollision_m":{"SW":17},"flaeche_m2":150,"neigung_grad":12.9,"ausrichtung_grad":243,"weg_abstand_m":38,"wald_hinweis":false}},{"type":"Feature","geometry":{"type":"Point","coordinates":[11.460348,46.596417]},"properties":{"id":2061,"hoehe_m":2001,"sektoren_frei":[],"sektoren_blockiert":["SSO"],"erste_kollision_m":{"SSO":10},"flaeche_m2":119,"neigung_grad":15.8,"ausrichtung_grad":116,"weg_abstand_m":21,"wald_hinweis":false}},{"type":"Feature","geometry":{"type":"Point","coordinates":[11.451894,46.603641]},"properties":{"id":2062,"hoehe_m":2001,"sektoren_frei":[],"sektoren_blockiert":["WSW"],"erste_kollision_m":{"WSW":10},"flaeche_m2":162,"neigung_grad":13.5,"ausrichtung_grad":211,"weg_abstand_m":117,"wald_hinweis":false}},{"type":"Feature","geometry":{"type":"Point","coordinates":[11.429623,46.610056]},"properties":{"id":2063,"hoehe_m":2000,"sektoren_frei":["W"],"sektoren_blockiert":["WNW"],"erste_kollision_m":{"WNW":6},"flaeche_m2":47288,"neigung_grad":14.0,"ausrichtung_grad":250,"weg_abstand_m":137,"wald_hinweis":false}},{"type":"Feature","geometry":{"type":"Point","coordinates":[11.452574,46.603536]},"properties":{"id":2064,"hoehe_m":2000,"sektoren_frei":[],"sektoren_blockiert":["SO"],"erste_kollision_m":{"SO":17},"flaeche_m2":188,"neigung_grad":14.7,"ausrichtung_grad":167,"weg_abstand_m":131,"wald_hinweis":false}},{"type":"Feature","geometry":{"type":"Point","coordinates":[11.429718,46.634061]},"properties":{"id":2065,"hoehe_m":2000,"sektoren_frei":[],"sektoren_blockiert":["S"],"erste_kollision_m":{"S":8},"flaeche_m2":5994,"neigung_grad":14.1,"ausrichtung_grad":150,"weg_abstand_m":208,"wald_hinweis":false}},{"type":"Feature","geometry":{"type":"Point","coordinates":[11.429774,46.638965]},"properties":{"id":2066,"hoehe_m":2000,"sektoren_frei":[],"sektoren_blockiert":["ONO","ONO","SO"],"erste_kollision_m":{"ONO":9,"SO":4},"flaeche_m2":2794,"neigung_grad":19.3,"ausrichtung_grad":109,"weg_abstand_m":434,"wald_hinweis":false}},{"type":"Feature","geometry":{"type":"Point","coordinates":[11.449854,46.632957]},"properties":{"id":2067,"hoehe_m":2000,"sektoren_frei":[],"sektoren_blockiert":["N"],"erste_kollision_m":{"N":29},"flaeche_m2":131,"neigung_grad":14.7,"ausrichtung_grad":334,"weg_abstand_m":61,"wald_hinweis":false}},{"type":"Feature","geometry":{"type":"Point","coordinates":[11.449325,46.636433]},"properties":{"id":2068,"hoehe_m":2000,"sektoren_frei":[],"sektoren_blockiert":["SW"],"erste_kollision_m":{"SW":158},"flaeche_m2":200,"neigung_grad":24.9,"ausrichtung_grad":184,"weg_abstand_m":187,"wald_hinweis":false}},{"type":"Feature","geometry":{"type":"Point","coordinates":[11.461045,46.597392]},"properties":{"id":2069,"hoehe_m":2000,"sektoren_frei":[],"sektoren_blockiert":["ONO"],"erste_kollision_m":{"ONO":29},"flaeche_m2":250,"neigung_grad":16.1,"ausrichtung_grad":103,"weg_abstand_m":9,"wald_hinweis":false}},{"type":"Feature","geometry":{"type":"Point","coordinates":[11.444494,46.635794]},"properties":{"id":2070,"hoehe_m":2000,"sektoren_frei":[],"sektoren_blockiert":["SSW"],"erste_kollision_m":{"SSW":6},"flaeche_m2":581,"neigung_grad":8.9,"ausrichtung_grad":167,"weg_abstand_m":6,"wald_hinweis":false}},{"type":"Feature","geometry":{"type":"Point","coordinates":[11.441972,46.637085]},"properties":{"id":2071,"hoehe_m":2000,"sektoren_frei":[],"sektoren_blockiert":["SW"],"erste_kollision_m":{"SW":6},"flaeche_m2":275,"neigung_grad":11.0,"ausrichtung_grad":202,"weg_abstand_m":177,"wald_hinweis":false}},{"type":"Feature","geometry":{"type":"Point","coordinates":[11.479178,46.627802]},"properties":{"id":2072,"hoehe_m":2000,"sektoren_frei":[],"sektoren_blockiert":["OSO"],"erste_kollision_m":{"OSO":6},"flaeche_m2":119,"neigung_grad":11.4,"ausrichtung_grad":82,"weg_abstand_m":184,"wald_hinweis":true}},{"type":"Feature","geometry":{"type":"Point","coordinates":[11.441207,46.618629]},"properties":{"id":2073,"hoehe_m":1999,"sektoren_frei":[],"sektoren_blockiert":["NNW","NNW"],"erste_kollision_m":{"NNW":25},"flaeche_m2":550,"neigung_grad":14.5,"ausrichtung_grad":316,"weg_abstand_m":215,"wald_hinweis":false}},{"type":"Feature","geometry":{"type":"Point","coordinates":[11.446015,46.636189]},"properties":{"id":2074,"hoehe_m":1999,"sektoren_frei":[],"sektoren_blockiert":["OSO"],"erste_kollision_m":{"OSO":15},"flaeche_m2":112,"neigung_grad":11.4,"ausrichtung_grad":153,"weg_abstand_m":37,"wald_hinweis":false}},{"type":"Feature","geometry":{"type":"Point","coordinates":[11.448769,46.636422]},"properties":{"id":2075,"hoehe_m":1999,"sektoren_frei":[],"sektoren_blockiert":["SO"],"erste_kollision_m":{"SO":171},"flaeche_m2":2044,"neigung_grad":26.5,"ausrichtung_grad":169,"weg_abstand_m":159,"wald_hinweis":false}},{"type":"Feature","geometry":{"type":"Point","coordinates":[11.470515,46.620452]},"properties":{"id":2076,"hoehe_m":1999,"sektoren_frei":[],"sektoren_blockiert":["O"],"erste_kollision_m":{"O":8},"flaeche_m2":244,"neigung_grad":9.1,"ausrichtung_grad":98,"weg_abstand_m":6,"wald_hinweis":false}},{"type":"Feature","geometry":{"type":"Point","coordinates":[11.471017,46.620711]},"properties":{"id":2077,"hoehe_m":1999,"sektoren_frei":[],"sektoren_blockiert":["S"],"erste_kollision_m":{"S":16},"flaeche_m2":194,"neigung_grad":10.0,"ausrichtung_grad":155,"weg_abstand_m":31,"wald_hinweis":false}},{"type":"Feature","geometry":{"type":"Point","coordinates":[11.424878,46.631734]},"properties":{"id":2078,"hoehe_m":1999,"sektoren_frei":[],"sektoren_blockiert":["SW"],"erste_kollision_m":{"SW":6},"flaeche_m2":175,"neigung_grad":13.2,"ausrichtung_grad":186,"weg_abstand_m":130,"wald_hinweis":false}},{"type":"Feature","geometry":{"type":"Point","coordinates":[11.44222,46.620813]},"properties":{"id":2079,"hoehe_m":1999,"sektoren_frei":[],"sektoren_blockiert":["SSO"],"erste_kollision_m":{"SSO":74},"flaeche_m2":150,"neigung_grad":23.8,"ausrichtung_grad":197,"weg_abstand_m":338,"wald_hinweis":false}},{"type":"Feature","geometry":{"type":"Point","coordinates":[11.439968,46.636835]},"properties":{"id":2080,"hoehe_m":1999,"sektoren_frei":[],"sektoren_blockiert":["WSW"],"erste_kollision_m":{"WSW":8},"flaeche_m2":438,"neigung_grad":10.4,"ausrichtung_grad":218,"weg_abstand_m":167,"wald_hinweis":false}},{"type":"Feature","geometry":{"type":"Point","coordinates":[11.462448,46.639863]},"properties":{"id":2081,"hoehe_m":1998,"sektoren_frei":["ONO"],"sektoren_blockiert":[],"erste_kollision_m":{},"flaeche_m2":171600,"neigung_grad":18.3,"ausrichtung_grad":66,"weg_abstand_m":83,"wald_hinweis":false}},{"type":"Feature","geometry":{"type":"Point","coordinates":[11.470324,46.606214]},"properties":{"id":2082,"hoehe_m":1998,"sektoren_frei":["S"],"sektoren_blockiert":[],"erste_kollision_m":{},"flaeche_m2":79350,"neigung_grad":13.1,"ausrichtung_grad":157,"weg_abstand_m":109,"wald_hinweis":false}},{"type":"Feature","geometry":{"type":"Point","coordinates":[11.450061,46.59414]},"properties":{"id":2083,"hoehe_m":1998,"sektoren_frei":["WSW"],"sektoren_blockiert":[],"erste_kollision_m":{},"flaeche_m2":6788,"neigung_grad":18.5,"ausrichtung_grad":239,"weg_abstand_m":176,"wald_hinweis":false}},{"type":"Feature","geometry":{"type":"Point","coordinates":[11.47028,46.618882]},"properties":{"id":2084,"hoehe_m":1998,"sektoren_frei":[],"sektoren_blockiert":["SO","SSO"],"erste_kollision_m":{"SO":6,"SSO":8},"flaeche_m2":9125,"neigung_grad":10.5,"ausrichtung_grad":140,"weg_abstand_m":172,"wald_hinweis":false}},{"type":"Feature","geometry":{"type":"Point","coordinates":[11.460788,46.603967]},"properties":{"id":2085,"hoehe_m":1998,"sektoren_frei":[],"sektoren_blockiert":["SSW","SSW"],"erste_kollision_m":{"SSW":6},"flaeche_m2":200,"neigung_grad":26.7,"ausrichtung_grad":177,"weg_abstand_m":0,"wald_hinweis":false}},{"type":"Feature","geometry":{"type":"Point","coordinates":[11.470409,46.619555]},"properties":{"id":2086,"hoehe_m":1997,"sektoren_frei":[],"sektoren_blockiert":["NO","ONO","O","OSO"],"erste_kollision_m":{"NO":4,"ONO":6,"O":5,"OSO":6},"flaeche_m2":12412,"neigung_grad":7.9,"ausrichtung_grad":116,"weg_abstand_m":98,"wald_hinweis":false}},{"type":"Feature","geometry":{"type":"Point","coordinates":[11.479874,46.629452]},"properties":{"id":2087,"hoehe_m":1997,"sektoren_frei":[],"sektoren_blockiert":["SO"],"erste_kollision_m":{"SO":11},"flaeche_m2":119,"neigung_grad":11.4,"ausrichtung_grad":119,"weg_abstand_m":28,"wald_hinweis":false}},{"type":"Feature","geometry":{"type":"Point","coordinates":[11.470505,46.620227]},"properties":{"id":2088,"hoehe_m":1997,"sektoren_frei":[],"sektoren_blockiert":["S"],"erste_kollision_m":{"S":8},"flaeche_m2":169,"neigung_grad":8.4,"ausrichtung_grad":143,"weg_abstand_m":29,"wald_hinweis":false}},{"type":"Feature","geometry":{"type":"Point","coordinates":[11.478422,46.623409]},"properties":{"id":2089,"hoehe_m":1997,"sektoren_frei":[],"sektoren_blockiert":["O"],"erste_kollision_m":{"O":8},"flaeche_m2":8244,"neigung_grad":10.2,"ausrichtung_grad":121,"weg_abstand_m":125,"wald_hinweis":false}},{"type":"Feature","geometry":{"type":"Point","coordinates":[11.429068,46.6334]},"properties":{"id":2090,"hoehe_m":1997,"sektoren_frei":["OSO","SO","SO","SO","SSO"],"sektoren_blockiert":["O","SSW"],"erste_kollision_m":{"O":2,"SSW":13},"flaeche_m2":361119,"neigung_grad":16.2,"ausrichtung_grad":137,"weg_abstand_m":205,"wald_hinweis":false}},{"type":"Feature","geometry":{"type":"Point","coordinates":[11.477423,46.62298]},"properties":{"id":2091,"hoehe_m":1997,"sektoren_frei":[],"sektoren_blockiert":["SSW"],"erste_kollision_m":{"SSW":6},"flaeche_m2":425,"neigung_grad":9.6,"ausrichtung_grad":169,"weg_abstand_m":58,"wald_hinweis":false}},{"type":"Feature","geometry":{"type":"Point","coordinates":[11.448647,46.632262]},"properties":{"id":2092,"hoehe_m":1997,"sektoren_frei":[],"sektoren_blockiert":["WSW"],"erste_kollision_m":{"WSW":50},"flaeche_m2":238,"neigung_grad":15.3,"ausrichtung_grad":280,"weg_abstand_m":28,"wald_hinweis":false}},{"type":"Feature","geometry":{"type":"Point","coordinates":[11.442635,46.635856]},"properties":{"id":2093,"hoehe_m":1997,"sektoren_frei":[],"sektoren_blockiert":["SSW"],"erste_kollision_m":{"SSW":8},"flaeche_m2":112,"neigung_grad":10.3,"ausrichtung_grad":244,"weg_abstand_m":75,"wald_hinweis":false}},{"type":"Feature","geometry":{"type":"Point","coordinates":[11.451194,46.636595]},"properties":{"id":2094,"hoehe_m":1996,"sektoren_frei":[],"sektoren_blockiert":["SW"],"erste_kollision_m":{"SW":6},"flaeche_m2":900,"neigung_grad":11.1,"ausrichtung_grad":201,"weg_abstand_m":148,"wald_hinweis":false}},{"type":"Feature","geometry":{"type":"Point","coordinates":[11.430081,46.634143]},"properties":{"id":2095,"hoehe_m":1996,"sektoren_frei":[],"sektoren_blockiert":["S"],"erste_kollision_m":{"S":8},"flaeche_m2":362,"neigung_grad":13.0,"ausrichtung_grad":174,"weg_abstand_m":194,"wald_hinweis":false}},{"type":"Feature","geometry":{"type":"Point","coordinates":[11.423612,46.631918]},"properties":{"id":2096,"hoehe_m":1996,"sektoren_frei":[],"sektoren_blockiert":["W"],"erste_kollision_m":{"W":128},"flaeche_m2":1281,"neigung_grad":23.5,"ausrichtung_grad":229,"weg_abstand_m":49,"wald_hinweis":false}},{"type":"Feature","geometry":{"type":"Point","coordinates":[11.427085,46.63216]},"properties":{"id":2097,"hoehe_m":1996,"sektoren_frei":["S"],"sektoren_blockiert":[],"erste_kollision_m":{},"flaeche_m2":255181,"neigung_grad":14.1,"ausrichtung_grad":146,"weg_abstand_m":249,"wald_hinweis":false}},{"type":"Feature","geometry":{"type":"Point","coordinates":[11.47879,46.623603]},"properties":{"id":2098,"hoehe_m":1996,"sektoren_frei":[],"sektoren_blockiert":["S"],"erste_kollision_m":{"S":2},"flaeche_m2":18081,"neigung_grad":9.5,"ausrichtung_grad":148,"weg_abstand_m":155,"wald_hinweis":false}},{"type":"Feature","geometry":{"type":"Point","coordinates":[11.469234,46.605923]},"properties":{"id":2099,"hoehe_m":1996,"sektoren_frei":[],"sektoren_blockiert":["SSW","SSW"],"erste_kollision_m":{"SSW":6},"flaeche_m2":544,"neigung_grad":11.5,"ausrichtung_grad":178,"weg_abstand_m":25,"wald_hinweis":false}},{"type":"Feature","geometry":{"type":"Point","coordinates":[11.459467,46.603636]},"properties":{"id":2100,"hoehe_m":1996,"sektoren_frei":[],"sektoren_blockiert":["O","S"],"erste_kollision_m":{"O":8,"S":8},"flaeche_m2":28450,"neigung_grad":13.5,"ausrichtung_grad":125,"weg_abstand_m":3,"wald_hinweis":false}},{"type":"Feature","geometry":{"type":"Point","coordinates":[11.429481,46.609789]},"properties":{"id":2101,"hoehe_m":1996,"sektoren_frei":["SW","W"],"sektoren_blockiert":[],"erste_kollision_m":{},"flaeche_m2":56419,"neigung_grad":12.9,"ausrichtung_grad":239,"weg_abstand_m":168,"wald_hinweis":false}},{"type":"Feature","geometry":{"type":"Point","coordinates":[11.43042,46.639514]},"properties":{"id":2102,"hoehe_m":1996,"sektoren_frei":[],"sektoren_blockiert":["SSO"],"erste_kollision_m":{"SSO":15},"flaeche_m2":1238,"neigung_grad":16.3,"ausrichtung_grad":136,"weg_abstand_m":364,"wald_hinweis":false}},{"type":"Feature","geometry":{"type":"Point","coordinates":[11.479634,46.627072]},"properties":{"id":2103,"hoehe_m":1995,"sektoren_frei":["O"],"sektoren_blockiert":[],"erste_kollision_m":{},"flaeche_m2":31131,"neigung_grad":16.8,"ausrichtung_grad":81,"weg_abstand_m":163,"wald_hinweis":true}},{"type":"Feature","geometry":{"type":"Point","coordinates":[11.442092,46.636857]},"properties":{"id":2104,"hoehe_m":1995,"sektoren_frei":[],"sektoren_blockiert":["SSO","S"],"erste_kollision_m":{"SSO":6,"S":10},"flaeche_m2":131,"neigung_grad":10.9,"ausrichtung_grad":184,"weg_abstand_m":157,"wald_hinweis":false}},{"type":"Feature","geometry":{"type":"Point","coordinates":[11.451773,46.636403]},"properties":{"id":2105,"hoehe_m":1995,"sektoren_frei":[],"sektoren_blockiert":["SSW"],"erste_kollision_m":{"SSW":6},"flaeche_m2":112,"neigung_grad":7.9,"ausrichtung_grad":178,"weg_abstand_m":171,"wald_hinweis":false}},{"type":"Feature","geometry":{"type":"Point","coordinates":[11.437078,46.637932]},"properties":{"id":2106,"hoehe_m":1995,"sektoren_frei":[],"sektoren_blockiert":["W"],"erste_kollision_m":{"W":2},"flaeche_m2":212,"neigung_grad":24.3,"ausrichtung_grad":233,"weg_abstand_m":240,"wald_hinweis":false}},{"type":"Feature","geometry":{"type":"Point","coordinates":[11.431073,46.608158]},"properties":{"id":2107,"hoehe_m":1995,"sektoren_frei":[],"sektoren_blockiert":["S"],"erste_kollision_m":{"S":2},"flaeche_m2":1631,"neigung_grad":16.8,"ausrichtung_grad":212,"weg_abstand_m":94,"wald_hinweis":false}},{"type":"Feature","geometry":{"type":"Point","coordinates":[11.428694,46.63307]},"properties":{"id":2108,"hoehe_m":1995,"sektoren_frei":[],"sektoren_blockiert":["O"],"erste_kollision_m":{"O":16},"flaeche_m2":2531,"neigung_grad":16.1,"ausrichtung_grad":119,"weg_abstand_m":210,"wald_hinweis":false}},{"type":"Feature","geometry":{"type":"Point","coordinates":[11.445866,46.635787]},"properties":{"id":2109,"hoehe_m":1995,"sektoren_frei":[],"sektoren_blockiert":["S"],"erste_kollision_m":{"S":2},"flaeche_m2":606,"neigung_grad":12.0,"ausrichtung_grad":178,"weg_abstand_m":73,"wald_hinweis":false}},{"type":"Feature","geometry":{"type":"Point","coordinates":[11.444907,46.635537]},"properties":{"id":2110,"hoehe_m":1995,"sektoren_frei":[],"sektoren_blockiert":["OSO","SO","SSO","S"],"erste_kollision_m":{"OSO":6,"SO":4,"SSO":6,"S":10},"flaeche_m2":43675,"neigung_grad":10.8,"ausrichtung_grad":151,"weg_abstand_m":36,"wald_hinweis":false}},{"type":"Feature","geometry":{"type":"Point","coordinates":[11.470573,46.618854]},"properties":{"id":2111,"hoehe_m":1995,"sektoren_frei":[],"sektoren_blockiert":["OSO","S"],"erste_kollision_m":{"OSO":10,"S":2},"flaeche_m2":212,"neigung_grad":9.2,"ausrichtung_grad":135,"weg_abstand_m":168,"wald_hinweis":false}},{"type":"Feature","geometry":{"type":"Point","coordinates":[11.42536,46.631566]},"properties":{"id":2112,"hoehe_m":1995,"sektoren_frei":["SO"],"sektoren_blockiert":[],"erste_kollision_m":{},"flaeche_m2":344044,"neigung_grad":14.5,"ausrichtung_grad":164,"weg_abstand_m":155,"wald_hinweis":false}},{"type":"Feature","geometry":{"type":"Point","coordinates":[11.448056,46.630745]},"properties":{"id":2113,"hoehe_m":1995,"sektoren_frei":[],"sektoren_blockiert":["SW","WSW"],"erste_kollision_m":{"SW":37,"WSW":10},"flaeche_m2":462,"neigung_grad":20.5,"ausrichtung_grad":236,"weg_abstand_m":57,"wald_hinweis":false}},{"type":"Feature","geometry":{"type":"Point","coordinates":[11.448336,46.631887]},"properties":{"id":2114,"hoehe_m":1995,"sektoren_frei":[],"sektoren_blockiert":["NNW"],"erste_kollision_m":{"NNW":33},"flaeche_m2":2669,"neigung_grad":14.9,"ausrichtung_grad":298,"weg_abstand_m":7,"wald_hinweis":false}},{"type":"Feature","geometry":{"type":"Point","coordinates":[11.461168,46.597232]},"properties":{"id":2115,"hoehe_m":1995,"sektoren_frei":[],"sektoren_blockiert":["SSO"],"erste_kollision_m":{"SSO":26},"flaeche_m2":650,"neigung_grad":18.3,"ausrichtung_grad":124,"weg_abstand_m":10,"wald_hinweis":false}},{"type":"Feature","geometry":{"type":"Point","coordinates":[11.447651,46.602944]},"properties":{"id":2116,"hoehe_m":1994,"sektoren_frei":[],"sektoren_blockiert":["O"],"erste_kollision_m":{"O":15},"flaeche_m2":162,"neigung_grad":16.9,"ausrichtung_grad":131,"weg_abstand_m":160,"wald_hinweis":false}},{"type":"Feature","geometry":{"type":"Point","coordinates":[11.443627,46.635385]},"properties":{"id":2117,"hoehe_m":1994,"sektoren_frei":[],"sektoren_blockiert":["SO"],"erste_kollision_m":{"SO":6},"flaeche_m2":775,"neigung_grad":10.5,"ausrichtung_grad":173,"weg_abstand_m":5,"wald_hinweis":false}},{"type":"Feature","geometry":{"type":"Point","coordinates":[11.442562,46.635677]},"properties":{"id":2118,"hoehe_m":1994,"sektoren_frei":[],"sektoren_blockiert":["WNW"],"erste_kollision_m":{"WNW":6},"flaeche_m2":2431,"neigung_grad":9.0,"ausrichtung_grad":253,"weg_abstand_m":60,"wald_hinweis":false}},{"type":"Feature","geometry":{"type":"Point","coordinates":[11.440311,46.636468]},"properties":{"id":2119,"hoehe_m":1994,"sektoren_frei":[],"sektoren_blockiert":["OSO"],"erste_kollision_m":{"OSO":10},"flaeche_m2":1369,"neigung_grad":11.8,"ausrichtung_grad":144,"weg_abstand_m":118,"wald_hinweis":false}},{"type":"Feature","geometry":{"type":"Point","coordinates":[11.479963,46.626413]},"properties":{"id":2120,"hoehe_m":1994,"sektoren_frei":[],"sektoren_blockiert":["NNO","OSO"],"erste_kollision_m":{"NNO":18,"OSO":6},"flaeche_m2":462,"neigung_grad":14.7,"ausrichtung_grad":92,"weg_abstand_m":132,"wald_hinweis":true}},{"type":"Feature","geometry":{"type":"Point","coordinates":[11.470712,46.619031]},"properties":{"id":2121,"hoehe_m":1994,"sektoren_frei":[],"sektoren_blockiert":["ONO"],"erste_kollision_m":{"ONO":28},"flaeche_m2":1744,"neigung_grad":17.1,"ausrichtung_grad":83,"weg_abstand_m":145,"wald_hinweis":true}},{"type":"Feature","geometry":{"type":"Point","coordinates":[11.452859,46.603328]},"properties":{"id":2122,"hoehe_m":1994,"sektoren_frei":[],"sektoren_blockiert":["SW"],"erste_kollision_m":{"SW":28},"flaeche_m2":1475,"neigung_grad":20.3,"ausrichtung_grad":188,"weg_abstand_m":154,"wald_hinweis":false}},{"type":"Feature","geometry":{"type":"Point","coordinates":[11.444048,46.635308]},"properties":{"id":2123,"hoehe_m":1994,"sektoren_frei":[],"sektoren_blockiert":["SW"],"erste_kollision_m":{"SW":6},"flaeche_m2":119,"neigung_grad":13.5,"ausrichtung_grad":186,"weg_abstand_m":6,"wald_hinweis":false}},{"type":"Feature","geometry":{"type":"Point","coordinates":[11.426282,46.631727]},"properties":{"id":2124,"hoehe_m":1994,"sektoren_frei":["OSO"],"sektoren_blockiert":[],"erste_kollision_m":{},"flaeche_m2":241525,"neigung_grad":15.4,"ausrichtung_grad":146,"weg_abstand_m":226,"wald_hinweis":false}},{"type":"Feature","geometry":{"type":"Point","coordinates":[11.452368,46.603293]},"properties":{"id":2125,"hoehe_m":1993,"sektoren_frei":[],"sektoren_blockiert":["SO"],"erste_kollision_m":{"SO":104},"flaeche_m2":1388,"neigung_grad":22.2,"ausrichtung_grad":173,"weg_abstand_m":158,"wald_hinweis":false}},{"type":"Feature","geometry":{"type":"Point","coordinates":[11.470712,46.606116]},"properties":{"id":2126,"hoehe_m":1993,"sektoren_frei":["SO"],"sektoren_blockiert":[],"erste_kollision_m":{},"flaeche_m2":199594,"neigung_grad":12.6,"ausrichtung_grad":148,"weg_abstand_m":131,"wald_hinweis":false}},{"type":"Feature","geometry":{"type":"Point","coordinates":[11.430005,46.609103]},"properties":{"id":2127,"hoehe_m":1993,"sektoren_frei":[],"sektoren_blockiert":["S"],"erste_kollision_m":{"S":24},"flaeche_m2":319,"neigung_grad":11.4,"ausrichtung_grad":191,"weg_abstand_m":212,"wald_hinweis":false}},{"type":"Feature","geometry":{"type":"Point","coordinates":[11.472713,46.622115]},"properties":{"id":2128,"hoehe_m":1993,"sektoren_frei":[],"sektoren_blockiert":["S"],"erste_kollision_m":{"S":2},"flaeche_m2":15938,"neigung_grad":10.2,"ausrichtung_grad":154,"weg_abstand_m":135,"wald_hinweis":false}},{"type":"Feature","geometry":{"type":"Point","coordinates":[11.44234,46.635817]},"properties":{"id":2129,"hoehe_m":1993,"sektoren_frei":[],"sektoren_blockiert":["SSW"],"erste_kollision_m":{"SSW":6},"flaeche_m2":438,"neigung_grad":9.4,"ausrichtung_grad":243,"weg_abstand_m":62,"wald_hinweis":false}},{"type":"Feature","geometry":{"type":"Point","coordinates":[11.432689,46.607066]},"properties":{"id":2130,"hoehe_m":1993,"sektoren_frei":[],"sektoren_blockiert":["SO"],"erste_kollision_m":{"SO":6},"flaeche_m2":125,"neigung_grad":13.9,"ausrichtung_grad":177,"weg_abstand_m":61,"wald_hinweis":false}},{"type":"Feature","geometry":{"type":"Point","coordinates":[11.474351,46.622214]},"properties":{"id":2131,"hoehe_m":1992,"sektoren_frei":[],"sektoren_blockiert":["SW"],"erste_kollision_m":{"SW":4},"flaeche_m2":244,"neigung_grad":10.8,"ausrichtung_grad":191,"weg_abstand_m":106,"wald_hinweis":false}},{"type":"Feature","geometry":{"type":"Point","coordinates":[11.448099,46.631712]},"properties":{"id":2132,"hoehe_m":1992,"sektoren_frei":[],"sektoren_blockiert":["NNW"],"erste_kollision_m":{"NNW":20},"flaeche_m2":175,"neigung_grad":14.8,"ausrichtung_grad":324,"weg_abstand_m":3,"wald_hinweis":false}},{"type":"Feature","geometry":{"type":"Point","coordinates":[11.470312,46.605944]},"properties":{"id":2133,"hoehe_m":1992,"sektoren_frei":["SO"],"sektoren_blockiert":[],"erste_kollision_m":{},"flaeche_m2":199594,"neigung_grad":12.4,"ausrichtung_grad":161,"weg_abstand_m":108,"wald_hinweis":false}},{"type":"Feature","geometry":{"type":"Point","coordinates":[11.471089,46.620147]},"properties":{"id":2134,"hoehe_m":1992,"sektoren_frei":[],"sektoren_blockiert":["OSO","SO"],"erste_kollision_m":{"OSO":6,"SO":4},"flaeche_m2":212,"neigung_grad":9.1,"ausrichtung_grad":120,"weg_abstand_m":22,"wald_hinweis":false}},{"type":"Feature","geometry":{"type":"Point","coordinates":[11.470888,46.619319]},"properties":{"id":2135,"hoehe_m":1992,"sektoren_frei":[],"sektoren_blockiert":["SSO"],"erste_kollision_m":{"SSO":6},"flaeche_m2":2012,"neigung_grad":8.3,"ausrichtung_grad":122,"weg_abstand_m":111,"wald_hinweis":false}},{"type":"Feature","geometry":{"type":"Point","coordinates":[11.476843,46.622453]},"properties":{"id":2136,"hoehe_m":1992,"sektoren_frei":[],"sektoren_blockiert":["SO","SSW"],"erste_kollision_m":{"SO":4,"SSW":12},"flaeche_m2":2350,"neigung_grad":8.1,"ausrichtung_grad":160,"weg_abstand_m":12,"wald_hinweis":false}},{"type":"Feature","geometry":{"type":"Point","coordinates":[11.44622,46.602345]},"properties":{"id":2137,"hoehe_m":1992,"sektoren_frei":["SSW"],"sektoren_blockiert":["SW"],"erste_kollision_m":{"SW":6},"flaeche_m2":41700,"neigung_grad":13.0,"ausrichtung_grad":177,"weg_abstand_m":162,"wald_hinweis":false}},{"type":"Feature","geometry":{"type":"Point","coordinates":[11.479773,46.627249]},"properties":{"id":2138,"hoehe_m":1991,"sektoren_frei":["O"],"sektoren_blockiert":[],"erste_kollision_m":{},"flaeche_m2":31131,"neigung_grad":16.4,"ausrichtung_grad":80,"weg_abstand_m":151,"wald_hinweis":true}},{"type":"Feature","geometry":{"type":"Point","coordinates":[11.440106,46.63627]},"properties":{"id":2139,"hoehe_m":1991,"sektoren_frei":[],"sektoren_blockiert":["SSW"],"erste_kollision_m":{"SSW":8},"flaeche_m2":11094,"neigung_grad":8.6,"ausrichtung_grad":176,"weg_abstand_m":109,"wald_hinweis":false}},{"type":"Feature","geometry":{"type":"Point","coordinates":[11.440032,46.618632]},"properties":{"id":2140,"hoehe_m":1991,"sektoren_frei":[],"sektoren_blockiert":["N","NNO"],"erste_kollision_m":{"N":197,"NNO":64},"flaeche_m2":212,"neigung_grad":16.3,"ausrichtung_grad":9,"weg_abstand_m":252,"wald_hinweis":false}},{"type":"Feature","geometry":{"type":"Point","coordinates":[11.463419,46.638942]},"properties":{"id":2141,"hoehe_m":1991,"sektoren_frei":[],"sektoren_blockiert":["N"],"erste_kollision_m":{"N":8},"flaeche_m2":300,"neigung_grad":13.2,"ausrichtung_grad":30,"weg_abstand_m":8,"wald_hinweis":false}},{"type":"Feature","geometry":{"type":"Point","coordinates":[11.432234,46.607121]},"properties":{"id":2142,"hoehe_m":1991,"sektoren_frei":["WSW"],"sektoren_blockiert":[],"erste_kollision_m":{},"flaeche_m2":71144,"neigung_grad":16.5,"ausrichtung_grad":214,"weg_abstand_m":27,"wald_hinweis":false}},{"type":"Feature","geometry":{"type":"Point","coordinates":[11.449819,46.603235]},"properties":{"id":2143,"hoehe_m":1991,"sektoren_frei":[],"sektoren_blockiert":["WSW"],"erste_kollision_m":{"WSW":13},"flaeche_m2":1850,"neigung_grad":12.1,"ausrichtung_grad":210,"weg_abstand_m":179,"wald_hinweis":false}},{"type":"Feature","geometry":{"type":"Point","coordinates":[11.480199,46.630142]},"properties":{"id":2144,"hoehe_m":1991,"sektoren_frei":[],"sektoren_blockiert":["ONO","O","OSO"],"erste_kollision_m":{"ONO":6,"O":2,"OSO":23},"flaeche_m2":1462,"neigung_grad":14.0,"ausrichtung_grad":86,"weg_abstand_m":49,"wald_hinweis":true}},{"type":"Feature","geometry":{"type":"Point","coordinates":[11.428384,46.632717]},"properties":{"id":2145,"hoehe_m":1991,"sektoren_frei":[],"sektoren_blockiert":["O"],"erste_kollision_m":{"O":2},"flaeche_m2":144,"neigung_grad":15.8,"ausrichtung_grad":129,"weg_abstand_m":209,"wald_hinweis":false}},{"type":"Feature","geometry":{"type":"Point","coordinates":[11.480223,46.629939]},"properties":{"id":2146,"hoehe_m":1990,"sektoren_frei":[],"sektoren_blockiert":["NO"],"erste_kollision_m":{"NO":27},"flaeche_m2":544,"neigung_grad":14.0,"ausrichtung_grad":79,"weg_abstand_m":28,"wald_hinweis":true}},{"type":"Feature","geometry":{"type":"Point","coordinates":[11.428726,46.610435]},"properties":{"id":2147,"hoehe_m":1990,"sektoren_frei":["SW","W"],"sektoren_blockiert":[],"erste_kollision_m":{},"flaeche_m2":56419,"neigung_grad":12.8,"ausrichtung_grad":240,"weg_abstand_m":144,"wald_hinweis":false}},{"type":"Feature","geometry":{"type":"Point","coordinates":[11.470011,46.605793]},"properties":{"id":2148,"hoehe_m":1990,"sektoren_frei":["SO"],"sektoren_blockiert":["SW"],"erste_kollision_m":{"SW":27},"flaeche_m2":199594,"neigung_grad":12.3,"ausrichtung_grad":165,"weg_abstand_m":85,"wald_hinweis":false}},{"type":"Feature","geometry":{"type":"Point","coordinates":[11.430164,46.638192]},"properties":{"id":2149,"hoehe_m":1990,"sektoren_frei":[],"sektoren_blockiert":["O","OSO","SO"],"erste_kollision_m":{"O":2,"OSO":205,"SO":4},"flaeche_m2":4725,"neigung_grad":23.4,"ausrichtung_grad":107,"weg_abstand_m":511,"wald_hinweis":false}},{"type":"Feature","geometry":{"type":"Point","coordinates":[11.47989,46.627674]},"properties":{"id":2150,"hoehe_m":1989,"sektoren_frei":[],"sektoren_blockiert":["NO"],"erste_kollision_m":{"NO":4},"flaeche_m2":1269,"neigung_grad":12.8,"ausrichtung_grad":77,"weg_abstand_m":138,"wald_hinweis":true}},{"type":"Feature","geometry":{"type":"Point","coordinates":[11.442856,46.634951]},"properties":{"id":2151,"hoehe_m":1989,"sektoren_frei":[],"sektoren_blockiert":["SO","SSO","S"],"erste_kollision_m":{"SO":4,"SSO":6,"S":2},"flaeche_m2":631,"neigung_grad":8.6,"ausrichtung_grad":147,"weg_abstand_m":21,"wald_hinweis":false}},{"type":"Feature","geometry":{"type":"Point","coordinates":[11.448429,46.632515]},"properties":{"id":2152,"hoehe_m":1989,"sektoren_frei":[],"sektoren_blockiert":["WSW","WSW"],"erste_kollision_m":{"WSW":30},"flaeche_m2":525,"neigung_grad":14.1,"ausrichtung_grad":286,"weg_abstand_m":60,"wald_hinweis":false}},{"type":"Feature","geometry":{"type":"Point","coordinates":[11.469582,46.60569]},"properties":{"id":2153,"hoehe_m":1989,"sektoren_frei":[],"sektoren_blockiert":["OSO"],"erste_kollision_m":{"OSO":9},"flaeche_m2":544,"neigung_grad":13.9,"ausrichtung_grad":151,"weg_abstand_m":55,"wald_hinweis":false}},{"type":"Feature","geometry":{"type":"Point","coordinates":[11.444823,46.635112]},"properties":{"id":2154,"hoehe_m":1989,"sektoren_frei":[],"sektoren_blockiert":["SSW"],"erste_kollision_m":{"SSW":6},"flaeche_m2":238,"neigung_grad":10.6,"ausrichtung_grad":174,"weg_abstand_m":29,"wald_hinweis":false}},{"type":"Feature","geometry":{"type":"Point","coordinates":[11.447323,46.636228]},"properties":{"id":2155,"hoehe_m":1989,"sektoren_frei":[],"sektoren_blockiert":["SSO","S"],"erste_kollision_m":{"SSO":218,"S":52},"flaeche_m2":11656,"neigung_grad":14.3,"ausrichtung_grad":155,"weg_abstand_m":93,"wald_hinweis":false}},{"type":"Feature","geometry":{"type":"Point","coordinates":[11.449715,46.6335]},"properties":{"id":2156,"hoehe_m":1989,"sektoren_frei":[],"sektoren_blockiert":["WSW"],"erste_kollision_m":{"WSW":6},"flaeche_m2":300,"neigung_grad":9.3,"ausrichtung_grad":282,"weg_abstand_m":110,"wald_hinweis":false}},{"type":"Feature","geometry":{"type":"Point","coordinates":[11.434415,46.639024]},"properties":{"id":2157,"hoehe_m":1989,"sektoren_frei":[],"sektoren_blockiert":["SW"],"erste_kollision_m":{"SW":4},"flaeche_m2":369,"neigung_grad":25.1,"ausrichtung_grad":208,"weg_abstand_m":222,"wald_hinweis":false}},{"type":"Feature","geometry":{"type":"Point","coordinates":[11.479915,46.627494]},"properties":{"id":2158,"hoehe_m":1988,"sektoren_frei":[],"sektoren_blockiert":["SO"],"erste_kollision_m":{"SO":4},"flaeche_m2":3869,"neigung_grad":14.1,"ausrichtung_grad":103,"weg_abstand_m":137,"wald_hinweis":true}},{"type":"Feature","geometry":{"type":"Point","coordinates":[11.441981,46.635825]},"properties":{"id":2159,"hoehe_m":1988,"sektoren_frei":[],"sektoren_blockiert":["WNW"],"erste_kollision_m":{"WNW":6},"flaeche_m2":400,"neigung_grad":11.0,"ausrichtung_grad":254,"weg_abstand_m":49,"wald_hinweis":false}},{"type":"Feature","geometry":{"type":"Point","coordinates":[11.452303,46.598975]},"properties":{"id":2160,"hoehe_m":1988,"sektoren_frei":[],"sektoren_blockiert":["WSW","W","WNW"],"erste_kollision_m":{"WSW":6,"W":40,"WNW":20},"flaeche_m2":2788,"neigung_grad":9.5,"ausrichtung_grad":271,"weg_abstand_m":5,"wald_hinweis":false}},{"type":"Feature","geometry":{"type":"Point","coordinates":[11.442619,46.634776]},"properties":{"id":2161,"hoehe_m":1988,"sektoren_frei":[],"sektoren_blockiert":["OSO"],"erste_kollision_m":{"OSO":8},"flaeche_m2":144,"neigung_grad":8.5,"ausrichtung_grad":142,"weg_abstand_m":17,"wald_hinweis":false}},{"type":"Feature","geometry":{"type":"Point","coordinates":[11.448115,46.632071]},"properties":{"id":2162,"hoehe_m":1988,"sektoren_frei":[],"sektoren_blockiert":["WSW"],"erste_kollision_m":{"WSW":9},"flaeche_m2":1731,"neigung_grad":15.6,"ausrichtung_grad":282,"weg_abstand_m":33,"wald_hinweis":false}},{"type":"Feature","geometry":{"type":"Point","coordinates":[11.438005,46.636765]},"properties":{"id":2163,"hoehe_m":1988,"sektoren_frei":[],"sektoren_blockiert":["S"],"erste_kollision_m":{"S":8},"flaeche_m2":812,"neigung_grad":19.9,"ausrichtung_grad":215,"weg_abstand_m":202,"wald_hinweis":false}},{"type":"Feature","geometry":{"type":"Point","coordinates":[11.447631,46.631474]},"properties":{"id":2164,"hoehe_m":1987,"sektoren_frei":[],"sektoren_blockiert":["NW"],"erste_kollision_m":{"NW":6},"flaeche_m2":162,"neigung_grad":13.6,"ausrichtung_grad":288,"weg_abstand_m":18,"wald_hinweis":false}},{"type":"Feature","geometry":{"type":"Point","coordinates":[11.463334,46.639214]},"properties":{"id":2165,"hoehe_m":1987,"sektoren_frei":["NO"],"sektoren_blockiert":[],"erste_kollision_m":{},"flaeche_m2":84981,"neigung_grad":19.0,"ausrichtung_grad":55,"weg_abstand_m":7,"wald_hinweis":false}},{"type":"Feature","geometry":{"type":"Point","coordinates":[11.427875,46.6323]},"properties":{"id":2166,"hoehe_m":1987,"sektoren_frei":[],"sektoren_blockiert":["O"],"erste_kollision_m":{"O":8},"flaeche_m2":3475,"neigung_grad":16.4,"ausrichtung_grad":122,"weg_abstand_m":210,"wald_hinweis":false}},{"type":"Feature","geometry":{"type":"Point","coordinates":[11.427606,46.632126]},"properties":{"id":2167,"hoehe_m":1987,"sektoren_frei":[],"sektoren_blockiert":["S"],"erste_kollision_m":{"S":50},"flaeche_m2":181,"neigung_grad":16.7,"ausrichtung_grad":155,"weg_abstand_m":215,"wald_hinweis":false}},{"type":"Feature","geometry":{"type":"Point","coordinates":[11.474992,46.621953]},"properties":{"id":2168,"hoehe_m":1987,"sektoren_frei":[],"sektoren_blockiert":["OSO"],"erste_kollision_m":{"OSO":8},"flaeche_m2":112,"neigung_grad":10.2,"ausrichtung_grad":149,"weg_abstand_m":117,"wald_hinweis":false}},{"type":"Feature","geometry":{"type":"Point","coordinates":[11.439849,46.621831]},"properties":{"id":2169,"hoehe_m":1987,"sektoren_frei":[],"sektoren_blockiert":["S"],"erste_kollision_m":{"S":2},"flaeche_m2":119,"neigung_grad":28.9,"ausrichtung_grad":213,"weg_abstand_m":552,"wald_hinweis":false}},{"type":"Feature","geometry":{"type":"Point","coordinates":[11.470107,46.635873]},"properties":{"id":2170,"hoehe_m":1987,"sektoren_frei":[],"sektoren_blockiert":["N","NNO","ONO"],"erste_kollision_m":{"N":2,"NNO":6,"ONO":11},"flaeche_m2":14981,"neigung_grad":14.7,"ausrichtung_grad":38,"weg_abstand_m":130,"wald_hinweis":true}},{"type":"Feature","geometry":{"type":"Point","coordinates":[11.429204,46.609435]},"properties":{"id":2171,"hoehe_m":1987,"sektoren_frei":["W"],"sektoren_blockiert":[],"erste_kollision_m":{},"flaeche_m2":47288,"neigung_grad":14.7,"ausrichtung_grad":245,"weg_abstand_m":213,"wald_hinweis":false}},{"type":"Feature","geometry":{"type":"Point","coordinates":[11.442267,46.634919]},"properties":{"id":2172,"hoehe_m":1987,"sektoren_frei":[],"sektoren_blockiert":["WNW"],"erste_kollision_m":{"WNW":6},"flaeche_m2":250,"neigung_grad":7.8,"ausrichtung_grad":257,"weg_abstand_m":15,"wald_hinweis":false}},{"type":"Feature","geometry":{"type":"Point","coordinates":[11.425872,46.63133]},"properties":{"id":2173,"hoehe_m":1986,"sektoren_frei":[],"sektoren_blockiert":["SW"],"erste_kollision_m":{"SW":6},"flaeche_m2":356,"neigung_grad":11.9,"ausrichtung_grad":192,"weg_abstand_m":178,"wald_hinweis":false}},{"type":"Feature","geometry":{"type":"Point","coordinates":[11.449915,46.593783]},"properties":{"id":2174,"hoehe_m":1986,"sektoren_frei":["SW"],"sektoren_blockiert":[],"erste_kollision_m":{},"flaeche_m2":26062,"neigung_grad":20.5,"ausrichtung_grad":229,"weg_abstand_m":159,"wald_hinweis":false}},{"type":"Feature","geometry":{"type":"Point","coordinates":[11.425216,46.631254]},"properties":{"id":2175,"hoehe_m":1986,"sektoren_frei":[],"sektoren_blockiert":["OSO"],"erste_kollision_m":{"OSO":20},"flaeche_m2":262,"neigung_grad":10.7,"ausrichtung_grad":145,"weg_abstand_m":130,"wald_hinweis":false}},{"type":"Feature","geometry":{"type":"Point","coordinates":[11.449673,46.636178]},"properties":{"id":2176,"hoehe_m":1986,"sektoren_frei":[],"sektoren_blockiert":["SW"],"erste_kollision_m":{"SW":171},"flaeche_m2":4500,"neigung_grad":21.1,"ausrichtung_grad":187,"weg_abstand_m":216,"wald_hinweis":false}},{"type":"Feature","geometry":{"type":"Point","coordinates":[11.477716,46.622254]},"properties":{"id":2177,"hoehe_m":1986,"sektoren_frei":[],"sektoren_blockiert":["SSO","S"],"erste_kollision_m":{"SSO":6,"S":2},"flaeche_m2":1312,"neigung_grad":8.5,"ausrichtung_grad":146,"weg_abstand_m":14,"wald_hinweis":false}},{"type":"Feature","geometry":{"type":"Point","coordinates":[11.426768,46.631649]},"properties":{"id":2178,"hoehe_m":1986,"sektoren_frei":[],"sektoren_blockiert":["O","SSW"],"erste_kollision_m":{"O":8,"SSW":20},"flaeche_m2":2075,"neigung_grad":12.6,"ausrichtung_grad":118,"weg_abstand_m":234,"wald_hinweis":false}},{"type":"Feature","geometry":{"type":"Point","coordinates":[11.446987,46.63601]},"properties":{"id":2179,"hoehe_m":1986,"sektoren_frei":[],"sektoren_blockiert":["OSO"],"erste_kollision_m":{"OSO":20},"flaeche_m2":2888,"neigung_grad":14.6,"ausrichtung_grad":132,"weg_abstand_m":99,"wald_hinweis":false}},{"type":"Feature","geometry":{"type":"Point","coordinates":[11.441472,46.636128]},"properties":{"id":2180,"hoehe_m":1985,"sektoren_frei":[],"sektoren_blockiert":["S"],"erste_kollision_m":{"S":8},"flaeche_m2":350,"neigung_grad":12.8,"ausrichtung_grad":161,"weg_abstand_m":64,"wald_hinweis":false}},{"type":"Feature","geometry":{"type":"Point","coordinates":[11.432235,46.639205]},"properties":{"id":2181,"hoehe_m":1985,"sektoren_frei":[],"sektoren_blockiert":["S","SSW","SW","WSW"],"erste_kollision_m":{"S":167,"SSW":111,"SW":77,"WSW":6},"flaeche_m2":719,"neigung_grad":25.9,"ausrichtung_grad":200,"weg_abstand_m":351,"wald_hinweis":false}},{"type":"Feature","geometry":{"type":"Point","coordinates":[11.428335,46.610444]},"properties":{"id":2182,"hoehe_m":1985,"sektoren_frei":["W"],"sektoren_blockiert":[],"erste_kollision_m":{},"flaeche_m2":47288,"neigung_grad":13.6,"ausrichtung_grad":245,"weg_abstand_m":168,"wald_hinweis":false}},{"type":"Feature","geometry":{"type":"Point","coordinates":[11.446816,46.635857]},"properties":{"id":2183,"hoehe_m":1985,"sektoren_frei":[],"sektoren_blockiert":["S"],"erste_kollision_m":{"S":37},"flaeche_m2":738,"neigung_grad":12.5,"ausrichtung_grad":165,"weg_abstand_m":102,"wald_hinweis":false}},{"type":"Feature","geometry":{"type":"Point","coordinates":[11.441634,46.63392]},"properties":{"id":2184,"hoehe_m":1984,"sektoren_frei":[],"sektoren_blockiert":["SSW","WSW","W","WNW"],"erste_kollision_m":{"SSW":9,"WSW":20,"W":2,"WNW":37},"flaeche_m2":1756,"neigung_grad":12.6,"ausrichtung_grad":173,"weg_abstand_m":39,"wald_hinweis":false}},{"type":"Feature","geometry":{"type":"Point","coordinates":[11.480526,46.630158]},"properties":{"id":2185,"hoehe_m":1984,"sektoren_frei":[],"sektoren_blockiert":["NO"],"erste_kollision_m":{"NO":4},"flaeche_m2":194,"neigung_grad":11.9,"ausrichtung_grad":84,"weg_abstand_m":30,"wald_hinweis":true}},{"type":"Feature","geometry":{"type":"Point","coordinates":[11.437703,46.619132]},"properties":{"id":2186,"hoehe_m":1984,"sektoren_frei":[],"sektoren_blockiert":["NO","ONO"],"erste_kollision_m":{"NO":4,"ONO":6},"flaeche_m2":138,"neigung_grad":20.3,"ausrichtung_grad":56,"weg_abstand_m":303,"wald_hinweis":false}},{"type":"Feature","geometry":{"type":"Point","coordinates":[11.46908,46.605409]},"properties":{"id":2187,"hoehe_m":1984,"sektoren_frei":[],"sektoren_blockiert":["SO","SSW"],"erste_kollision_m":{"SO":6,"SSW":8},"flaeche_m2":169,"neigung_grad":16.6,"ausrichtung_grad":170,"weg_abstand_m":22,"wald_hinweis":true}},{"type":"Feature","geometry":{"type":"Point","coordinates":[11.461021,46.596155]},"properties":{"id":2188,"hoehe_m":1984,"sektoren_frei":[],"sektoren_blockiert":["SSO"],"erste_kollision_m":{"SSO":38},"flaeche_m2":244,"neigung_grad":15.6,"ausrichtung_grad":118,"weg_abstand_m":80,"wald_hinweis":false}},{"type":"Feature","geometry":{"type":"Point","coordinates":[11.477148,46.621974]},"properties":{"id":2189,"hoehe_m":1984,"sektoren_frei":[],"sektoren_blockiert":["OSO"],"erste_kollision_m":{"OSO":10},"flaeche_m2":350,"neigung_grad":8.8,"ausrichtung_grad":148,"weg_abstand_m":55,"wald_hinweis":false}},{"type":"Feature","geometry":{"type":"Point","coordinates":[11.429223,46.609142]},"properties":{"id":2190,"hoehe_m":1984,"sektoren_frei":[],"sektoren_blockiert":["WNW"],"erste_kollision_m":{"WNW":6},"flaeche_m2":125,"neigung_grad":15.3,"ausrichtung_grad":255,"weg_abstand_m":243,"wald_hinweis":false}},{"type":"Feature","geometry":{"type":"Point","coordinates":[11.448411,46.63283]},"properties":{"id":2191,"hoehe_m":1984,"sektoren_frei":[],"sektoren_blockiert":["WSW"],"erste_kollision_m":{"WSW":12},"flaeche_m2":275,"neigung_grad":13.3,"ausrichtung_grad":288,"weg_abstand_m":91,"wald_hinweis":false}},{"type":"Feature","geometry":{"type":"Point","coordinates":[11.446479,46.635616]},"properties":{"id":2192,"hoehe_m":1984,"sektoren_frei":[],"sektoren_blockiert":["OSO","OSO","S"],"erste_kollision_m":{"OSO":35,"S":29},"flaeche_m2":3481,"neigung_grad":18.3,"ausrichtung_grad":131,"weg_abstand_m":110,"wald_hinweis":false}},{"type":"Feature","geometry":{"type":"Point","coordinates":[11.429344,46.633012]},"properties":{"id":2193,"hoehe_m":1983,"sektoren_frei":["OSO"],"sektoren_blockiert":[],"erste_kollision_m":{},"flaeche_m2":241525,"neigung_grad":19.7,"ausrichtung_grad":130,"weg_abstand_m":164,"wald_hinweis":false}},{"type":"Feature","geometry":{"type":"Point","coordinates":[11.429758,46.608703]},"properties":{"id":2194,"hoehe_m":1983,"sektoren_frei":[],"sektoren_blockiert":["S"],"erste_kollision_m":{"S":8},"flaeche_m2":1025,"neigung_grad":12.1,"ausrichtung_grad":193,"weg_abstand_m":209,"wald_hinweis":false}},{"type":"Feature","geometry":{"type":"Point","coordinates":[11.474626,46.621803]},"properties":{"id":2195,"hoehe_m":1983,"sektoren_frei":[],"sektoren_blockiert":["SO"],"erste_kollision_m":{"SO":4},"flaeche_m2":262,"neigung_grad":9.2,"ausrichtung_grad":159,"weg_abstand_m":141,"wald_hinweis":true}},{"type":"Feature","geometry":{"type":"Point","coordinates":[11.42811,46.611258]},"properties":{"id":2196,"hoehe_m":1983,"sektoren_frei":["WSW"],"sektoren_blockiert":[],"erste_kollision_m":{},"flaeche_m2":58200,"neigung_grad":11.3,"ausrichtung_grad":260,"weg_abstand_m":141,"wald_hinweis":false}},{"type":"Feature","geometry":{"type":"Point","coordinates":[11.451851,46.599074]},"properties":{"id":2197,"hoehe_m":1983,"sektoren_frei":[],"sektoren_blockiert":["WSW","W","WNW","NW","NW"],"erste_kollision_m":{"WSW":83,"W":330,"WNW":306,"NW":6},"flaeche_m2":16638,"neigung_grad":17.6,"ausrichtung_grad":287,"weg_abstand_m":0,"wald_hinweis":false}},{"type":"Feature","geometry":{"type":"Point","coordinates":[11.444216,46.634697]},"properties":{"id":2198,"hoehe_m":1983,"sektoren_frei":[],"sektoren_blockiert":["OSO","SSW"],"erste_kollision_m":{"OSO":10,"SSW":6},"flaeche_m2":2056,"neigung_grad":12.3,"ausrichtung_grad":170,"weg_abstand_m":62,"wald_hinweis":false}},{"type":"Feature","geometry":{"type":"Point","coordinates":[11.46081,46.595822]},"properties":{"id":2199,"hoehe_m":1983,"sektoren_frei":[],"sektoren_blockiert":["ONO"],"erste_kollision_m":{"ONO":16},"flaeche_m2":131,"neigung_grad":10.7,"ausrichtung_grad":98,"weg_abstand_m":88,"wald_hinweis":false}},{"type":"Feature","geometry":{"type":"Point","coordinates":[11.442589,46.634102]},"properties":{"id":2200,"hoehe_m":1982,"sektoren_frei":[],"sektoren_blockiert":["O","OSO"],"erste_kollision_m":{"O":2,"OSO":6},"flaeche_m2":15169,"neigung_grad":12.3,"ausrichtung_grad":138,"weg_abstand_m":66,"wald_hinweis":false}},{"type":"Feature","geometry":{"type":"Point","coordinates":[11.478171,46.622199]},"properties":{"id":2201,"hoehe_m":1982,"sektoren_frei":[],"sektoren_blockiert":["O"],"erste_kollision_m":{"O":2},"flaeche_m2":125,"neigung_grad":8.5,"ausrichtung_grad":121,"weg_abstand_m":6,"wald_hinweis":false}},{"type":"Feature","geometry":{"type":"Point","coordinates":[11.438125,46.636515]},"properties":{"id":2202,"hoehe_m":1982,"sektoren_frei":["SSW"],"sektoren_blockiert":[],"erste_kollision_m":{},"flaeche_m2":282556,"neigung_grad":20.2,"ausrichtung_grad":222,"weg_abstand_m":181,"wald_hinweis":false}},{"type":"Feature","geometry":{"type":"Point","coordinates":[11.449594,46.593903]},"properties":{"id":2203,"hoehe_m":1982,"sektoren_frei":[],"sektoren_blockiert":["S"],"erste_kollision_m":{"S":16},"flaeche_m2":169,"neigung_grad":17.7,"ausrichtung_grad":218,"weg_abstand_m":136,"wald_hinweis":false}},{"type":"Feature","geometry":{"type":"Point","coordinates":[11.446766,46.602131]},"properties":{"id":2204,"hoehe_m":1982,"sektoren_frei":[],"sektoren_blockiert":["O"],"erste_kollision_m":{"O":24},"flaeche_m2":819,"neigung_grad":17.3,"ausrichtung_grad":127,"weg_abstand_m":204,"wald_hinweis":false}},{"type":"Feature","geometry":{"type":"Point","coordinates":[11.430148,46.633445]},"properties":{"id":2205,"hoehe_m":1982,"sektoren_frei":["SSO"],"sektoren_blockiert":[],"erste_kollision_m":{},"flaeche_m2":361119,"neigung_grad":15.5,"ausrichtung_grad":150,"weg_abstand_m":141,"wald_hinweis":false}},{"type":"Feature","geometry":{"type":"Point","coordinates":[11.470401,46.635889]},"properties":{"id":2206,"hoehe_m":1982,"sektoren_frei":[],"sektoren_blockiert":["N"],"erste_kollision_m":{"N":8},"flaeche_m2":169,"neigung_grad":14.0,"ausrichtung_grad":32,"weg_abstand_m":140,"wald_hinweis":true}},{"type":"Feature","geometry":{"type":"Point","coordinates":[11.427464,46.631859]},"properties":{"id":2207,"hoehe_m":1982,"sektoren_frei":[],"sektoren_blockiert":["O"],"erste_kollision_m":{"O":23},"flaeche_m2":212,"neigung_grad":13.1,"ausrichtung_grad":120,"weg_abstand_m":206,"wald_hinweis":false}},{"type":"Feature","geometry":{"type":"Point","coordinates":[11.432638,46.606662]},"properties":{"id":2208,"hoehe_m":1982,"sektoren_frei":[],"sektoren_blockiert":["SO"],"erste_kollision_m":{"SO":6},"flaeche_m2":262,"neigung_grad":15.1,"ausrichtung_grad":172,"weg_abstand_m":63,"wald_hinweis":false}},{"type":"Feature","geometry":{"type":"Point","coordinates":[11.453242,46.593015]},"properties":{"id":2209,"hoehe_m":1982,"sektoren_frei":[],"sektoren_blockiert":["SSO","S"],"erste_kollision_m":{"SSO":127,"S":8},"flaeche_m2":644,"neigung_grad":26.6,"ausrichtung_grad":180,"weg_abstand_m":133,"wald_hinweis":true}},{"type":"Feature","geometry":{"type":"Point","coordinates":[11.432249,46.606715]},"properties":{"id":2210,"hoehe_m":1981,"sektoren_frei":[],"sektoren_blockiert":["W"],"erste_kollision_m":{"W":37},"flaeche_m2":175,"neigung_grad":15.2,"ausrichtung_grad":237,"weg_abstand_m":45,"wald_hinweis":false}},{"type":"Feature","geometry":{"type":"Point","coordinates":[11.430541,46.607944]},"properties":{"id":2211,"hoehe_m":1981,"sektoren_frei":[],"sektoren_blockiert":["W"],"erste_kollision_m":{"W":8},"flaeche_m2":850,"neigung_grad":12.2,"ausrichtung_grad":231,"weg_abstand_m":126,"wald_hinweis":false}},{"type":"Feature","geometry":{"type":"Point","coordinates":[11.461362,46.596463]},"properties":{"id":2212,"hoehe_m":1981,"sektoren_frei":[],"sektoren_blockiert":["SSO"],"erste_kollision_m":{"SSO":8},"flaeche_m2":156,"neigung_grad":11.3,"ausrichtung_grad":120,"weg_abstand_m":83,"wald_hinweis":false}},{"type":"Feature","geometry":{"type":"Point","coordinates":[11.480644,46.626308]},"properties":{"id":2213,"hoehe_m":1980,"sektoren_frei":[],"sektoren_blockiert":["NNO"],"erste_kollision_m":{"NNO":13},"flaeche_m2":700,"neigung_grad":14.9,"ausrichtung_grad":56,"weg_abstand_m":80,"wald_hinweis":true}},{"type":"Feature","geometry":{"type":"Point","coordinates":[11.463848,46.639023]},"properties":{"id":2214,"hoehe_m":1980,"sektoren_frei":["NO"],"sektoren_blockiert":[],"erste_kollision_m":{},"flaeche_m2":84981,"neigung_grad":19.9,"ausrichtung_grad":56,"weg_abstand_m":9,"wald_hinweis":true}},{"type":"Feature","geometry":{"type":"Point","coordinates":[11.449906,46.593581]},"properties":{"id":2215,"hoehe_m":1980,"sektoren_frei":[],"sektoren_blockiert":["W"],"erste_kollision_m":{"W":36},"flaeche_m2":788,"neigung_grad":21.6,"ausrichtung_grad":236,"weg_abstand_m":156,"wald_hinweis":false}},{"type":"Feature","geometry":{"type":"Point","coordinates":[11.42835,46.610061]},"properties":{"id":2216,"hoehe_m":1980,"sektoren_frei":[],"sektoren_blockiert":["WNW"],"erste_kollision_m":{"WNW":12},"flaeche_m2":119,"neigung_grad":12.1,"ausrichtung_grad":259,"weg_abstand_m":193,"wald_hinweis":false}},{"type":"Feature","geometry":{"type":"Point","coordinates":[11.460868,46.595641]},"properties":{"id":2217,"hoehe_m":1980,"sektoren_frei":[],"sektoren_blockiert":["ONO","O","O","OSO","SSO"],"erste_kollision_m":{"ONO":6,"O":2,"OSO":11,"SSO":6},"flaeche_m2":588,"neigung_grad":8.3,"ausrichtung_grad":95,"weg_abstand_m":102,"wald_hinweis":false}},{"type":"Feature","geometry":{"type":"Point","coordinates":[11.439324,46.635589]},"properties":{"id":2218,"hoehe_m":1980,"sektoren_frei":[],"sektoren_blockiert":["SW","WSW"],"erste_kollision_m":{"SW":79,"WSW":15},"flaeche_m2":13025,"neigung_grad":10.5,"ausrichtung_grad":220,"weg_abstand_m":64,"wald_hinweis":false}},{"type":"Feature","geometry":{"type":"Point","coordinates":[11.472676,46.621306]},"properties":{"id":2219,"hoehe_m":1980,"sektoren_frei":[],"sektoren_blockiert":["SSW"],"erste_kollision_m":{"SSW":12},"flaeche_m2":388,"neigung_grad":11.7,"ausrichtung_grad":166,"weg_abstand_m":64,"wald_hinweis":false}},{"type":"Feature","geometry":{"type":"Point","coordinates":[11.451472,46.598633]},"properties":{"id":2220,"hoehe_m":1980,"sektoren_frei":[],"sektoren_blockiert":["WNW"],"erste_kollision_m":{"WNW":15},"flaeche_m2":300,"neigung_grad":15.8,"ausrichtung_grad":291,"weg_abstand_m":13,"wald_hinweis":false}},{"type":"Feature","geometry":{"type":"Point","coordinates":[11.428765,46.632484]},"properties":{"id":2221,"hoehe_m":1979,"sektoren_frei":[],"sektoren_blockiert":["S"],"erste_kollision_m":{"S":2},"flaeche_m2":306,"neigung_grad":16.6,"ausrichtung_grad":141,"weg_abstand_m":170,"wald_hinweis":false}},{"type":"Feature","geometry":{"type":"Point","coordinates":[11.441245,46.634716]},"properties":{"id":2222,"hoehe_m":1979,"sektoren_frei":[],"sektoren_blockiert":["WSW","W","WNW","NW","NNW"],"erste_kollision_m":{"WSW":9,"W":2,"WNW":6,"NW":4,"NNW":40},"flaeche_m2":4644,"neigung_grad":15.3,"ausrichtung_grad":291,"weg_abstand_m":52,"wald_hinweis":false}},{"type":"Feature","geometry":{"type":"Point","coordinates":[11.427789,46.611378]},"properties":{"id":2223,"hoehe_m":1979,"sektoren_frei":[],"sektoren_blockiert":["NW"],"erste_kollision_m":{"NW":6},"flaeche_m2":119,"neigung_grad":12.0,"ausrichtung_grad":274,"weg_abstand_m":161,"wald_hinweis":false}},{"type":"Feature","geometry":{"type":"Point","coordinates":[11.441031,46.634315]},"properties":{"id":2224,"hoehe_m":1979,"sektoren_frei":[],"sektoren_blockiert":["WSW"],"erste_kollision_m":{"WSW":6},"flaeche_m2":1369,"neigung_grad":10.6,"ausrichtung_grad":273,"weg_abstand_m":25,"wald_hinweis":false}},{"type":"Feature","geometry":{"type":"Point","coordinates":[11.430349,46.63794]},"properties":{"id":2225,"hoehe_m":1978,"sektoren_frei":[],"sektoren_blockiert":["ONO"],"erste_kollision_m":{"ONO":19},"flaeche_m2":2619,"neigung_grad":19.2,"ausrichtung_grad":87,"weg_abstand_m":486,"wald_hinweis":false}},{"type":"Feature","geometry":{"type":"Point","coordinates":[11.436085,46.607826]},"properties":{"id":2226,"hoehe_m":1978,"sektoren_frei":[],"sektoren_blockiert":["SSO","S","SSW","SW"],"erste_kollision_m":{"SSO":6,"S":2,"SSW":6,"SW":6},"flaeche_m2":1125,"neigung_grad":22.8,"ausrichtung_grad":188,"weg_abstand_m":58,"wald_hinweis":false}},{"type":"Feature","geometry":{"type":"Point","coordinates":[11.429609,46.633096]},"properties":{"id":2227,"hoehe_m":1978,"sektoren_frei":["SSO"],"sektoren_blockiert":[],"erste_kollision_m":{},"flaeche_m2":361119,"neigung_grad":18.3,"ausrichtung_grad":144,"weg_abstand_m":152,"wald_hinweis":false}},{"type":"Feature","geometry":{"type":"Point","coordinates":[11.434829,46.638767]},"properties":{"id":2228,"hoehe_m":1978,"sektoren_frei":[],"sektoren_blockiert":["S","SSW","SW"],"erste_kollision_m":{"S":2,"SSW":9,"SW":4},"flaeche_m2":644,"neigung_grad":25.9,"ausrichtung_grad":203,"weg_abstand_m":220,"wald_hinweis":false}},{"type":"Feature","geometry":{"type":"Point","coordinates":[11.447067,46.635626]},"properties":{"id":2229,"hoehe_m":1977,"sektoren_frei":[],"sektoren_blockiert":["S"],"erste_kollision_m":{"S":199},"flaeche_m2":2569,"neigung_grad":24.2,"ausrichtung_grad":146,"weg_abstand_m":134,"wald_hinweis":false}},{"type":"Feature","geometry":{"type":"Point","coordinates":[11.470185,46.605295]},"properties":{"id":2230,"hoehe_m":1977,"sektoren_frei":["SO"],"sektoren_blockiert":["SW"],"erste_kollision_m":{"SW":6},"flaeche_m2":199594,"neigung_grad":17.7,"ausrichtung_grad":155,"weg_abstand_m":37,"wald_hinweis":false}},{"type":"Feature","geometry":{"type":"Point","coordinates":[11.438305,46.636173]},"properties":{"id":2231,"hoehe_m":1976,"sektoren_frei":[],"sektoren_blockiert":["W"],"erste_kollision_m":{"W":21},"flaeche_m2":1231,"neigung_grad":17.8,"ausrichtung_grad":235,"weg_abstand_m":159,"wald_hinweis":false}},{"type":"Feature","geometry":{"type":"Point","coordinates":[11.473662,46.621442]},"properties":{"id":2232,"hoehe_m":1976,"sektoren_frei":[],"sektoren_blockiert":["O"],"erste_kollision_m":{"O":8},"flaeche_m2":131,"neigung_grad":12.8,"ausrichtung_grad":115,"weg_abstand_m":133,"wald_hinweis":false}},{"type":"Feature","geometry":{"type":"Point","coordinates":[11.45353,46.592896]},"properties":{"id":2233,"hoehe_m":1976,"sektoren_frei":["SSW"],"sektoren_blockiert":["SW"],"erste_kollision_m":{"SW":34},"flaeche_m2":575,"neigung_grad":27.7,"ausrichtung_grad":185,"weg_abstand_m":126,"wald_hinweis":true}},{"type":"Feature","geometry":{"type":"Point","coordinates":[11.472002,46.618688]},"properties":{"id":2234,"hoehe_m":1976,"sektoren_frei":[],"sektoren_blockiert":["ONO","SO"],"erste_kollision_m":{"ONO":9,"SO":4},"flaeche_m2":1956,"neigung_grad":9.1,"ausrichtung_grad":99,"weg_abstand_m":124,"wald_hinweis":false}},{"type":"Feature","geometry":{"type":"Point","coordinates":[11.430751,46.607535]},"properties":{"id":2235,"hoehe_m":1976,"sektoren_frei":[],"sektoren_blockiert":["S"],"erste_kollision_m":{"S":18},"flaeche_m2":1288,"neigung_grad":15.6,"ausrichtung_grad":210,"weg_abstand_m":95,"wald_hinweis":false}},{"type":"Feature","geometry":{"type":"Point","coordinates":[11.43027,46.633262]},"properties":{"id":2236,"hoehe_m":1976,"sektoren_frei":["SSO"],"sektoren_blockiert":[],"erste_kollision_m":{},"flaeche_m2":361119,"neigung_grad":15.9,"ausrichtung_grad":149,"weg_abstand_m":121,"wald_hinweis":false}},{"type":"Feature","geometry":{"type":"Point","coordinates":[11.427584,46.611179]},"properties":{"id":2237,"hoehe_m":1975,"sektoren_frei":["SW","W","WNW"],"sektoren_blockiert":["NW"],"erste_kollision_m":{"NW":6},"flaeche_m2":56419,"neigung_grad":11.3,"ausrichtung_grad":258,"weg_abstand_m":182,"wald_hinweis":false}},{"type":"Feature","geometry":{"type":"Point","coordinates":[11.470386,46.636272]},"properties":{"id":2238,"hoehe_m":1975,"sektoren_frei":["NO"],"sektoren_blockiert":[],"erste_kollision_m":{},"flaeche_m2":23981,"neigung_grad":14.0,"ausrichtung_grad":35,"weg_abstand_m":108,"wald_hinweis":true}},{"type":"Feature","geometry":{"type":"Point","coordinates":[11.477354,46.621474]},"properties":{"id":2239,"hoehe_m":1975,"sektoren_frei":[],"sektoren_blockiert":["SSW"],"erste_kollision_m":{"SSW":6},"flaeche_m2":45250,"neigung_grad":8.5,"ausrichtung_grad":177,"weg_abstand_m":105,"wald_hinweis":false}},{"type":"Feature","geometry":{"type":"Point","coordinates":[11.444725,46.627869]},"properties":{"id":2240,"hoehe_m":1975,"sektoren_frei":["W","W"],"sektoren_blockiert":["WNW","NW","NNW"],"erste_kollision_m":{"WNW":531,"NW":31,"NNW":31},"flaeche_m2":36450,"neigung_grad":26.6,"ausrichtung_grad":315,"weg_abstand_m":367,"wald_hinweis":false}},{"type":"Feature","geometry":{"type":"Point","coordinates":[11.480995,46.623263]},"properties":{"id":2241,"hoehe_m":1974,"sektoren_frei":[],"sektoren_blockiert":["SSW"],"erste_kollision_m":{"SSW":9},"flaeche_m2":5119,"neigung_grad":9.1,"ausrichtung_grad":166,"weg_abstand_m":103,"wald_hinweis":false}},{"type":"Feature","geometry":{"type":"Point","coordinates":[11.441361,46.620606]},"properties":{"id":2242,"hoehe_m":1974,"sektoren_frei":[],"sektoren_blockiert":["SSO"],"erste_kollision_m":{"SSO":49},"flaeche_m2":475,"neigung_grad":18.8,"ausrichtung_grad":188,"weg_abstand_m":382,"wald_hinweis":false}},{"type":"Feature","geometry":{"type":"Point","coordinates":[11.450762,46.598085]},"properties":{"id":2243,"hoehe_m":1974,"sektoren_frei":[],"sektoren_blockiert":["W","WNW","NW","NNW"],"erste_kollision_m":{"W":2,"WNW":6,"NW":4,"NNW":6},"flaeche_m2":2488,"neigung_grad":18.0,"ausrichtung_grad":303,"weg_abstand_m":9,"wald_hinweis":false}},{"type":"Feature","geometry":{"type":"Point","coordinates":[11.461566,46.595918]},"properties":{"id":2244,"hoehe_m":1974,"sektoren_frei":[],"sektoren_blockiert":["OSO"],"erste_kollision_m":{"OSO":6},"flaeche_m2":119,"neigung_grad":7.8,"ausrichtung_grad":91,"weg_abstand_m":129,"wald_hinweis":false}},{"type":"Feature","geometry":{"type":"Point","coordinates":[11.452999,46.602807]},"properties":{"id":2245,"hoehe_m":1974,"sektoren_frei":[],"sektoren_blockiert":["SW"],"erste_kollision_m":{"SW":6},"flaeche_m2":275,"neigung_grad":22.2,"ausrichtung_grad":192,"weg_abstand_m":207,"wald_hinweis":false}},{"type":"Feature","geometry":{"type":"Point","coordinates":[11.430001,46.633088]},"properties":{"id":2246,"hoehe_m":1974,"sektoren_frei":["SSO"],"sektoren_blockiert":[],"erste_kollision_m":{},"flaeche_m2":361119,"neigung_grad":15.7,"ausrichtung_grad":148,"weg_abstand_m":127,"wald_hinweis":false}},{"type":"Feature","geometry":{"type":"Point","coordinates":[11.441147,46.633278]},"properties":{"id":2247,"hoehe_m":1973,"sektoren_frei":[],"sektoren_blockiert":["S"],"erste_kollision_m":{"S":45},"flaeche_m2":16144,"neigung_grad":10.3,"ausrichtung_grad":188,"weg_abstand_m":42,"wald_hinweis":false}},{"type":"Feature","geometry":{"type":"Point","coordinates":[11.460526,46.60323]},"properties":{"id":2248,"hoehe_m":1973,"sektoren_frei":[],"sektoren_blockiert":["S"],"erste_kollision_m":{"S":45},"flaeche_m2":131,"neigung_grad":18.4,"ausrichtung_grad":141,"weg_abstand_m":7,"wald_hinweis":false}},{"type":"Feature","geometry":{"type":"Point","coordinates":[11.440699,46.633467]},"properties":{"id":2249,"hoehe_m":1973,"sektoren_frei":[],"sektoren_blockiert":["S"],"erste_kollision_m":{"S":2},"flaeche_m2":1112,"neigung_grad":8.7,"ausrichtung_grad":208,"weg_abstand_m":2,"wald_hinweis":false}},{"type":"Feature","geometry":{"type":"Point","coordinates":[11.478903,46.621778]},"properties":{"id":2250,"hoehe_m":1973,"sektoren_frei":[],"sektoren_blockiert":["ONO","O","OSO","OSO","SO","SSO"],"erste_kollision_m":{"ONO":6,"O":8,"OSO":6,"SO":6,"SSO":6},"flaeche_m2":70981,"neigung_grad":9.3,"ausrichtung_grad":140,"weg_abstand_m":9,"wald_hinweis":false}},{"type":"Feature","geometry":{"type":"Point","coordinates":[11.440347,46.633632]},"properties":{"id":2251,"hoehe_m":1973,"sektoren_frei":["SW"],"sektoren_blockiert":["WSW","W","WNW","WNW","NW","NW","NNW"],"erste_kollision_m":{"WSW":6,"W":2,"WNW":80,"NW":74,"NNW":50},"flaeche_m2":27675,"neigung_grad":9.5,"ausrichtung_grad":234,"weg_abstand_m":31,"wald_hinweis":false}},{"type":"Feature","geometry":{"type":"Point","coordinates":[11.438762,46.635444]},"properties":{"id":2252,"hoehe_m":1973,"sektoren_frei":[],"sektoren_blockiert":["W","WNW"],"erste_kollision_m":{"W":13,"WNW":16},"flaeche_m2":8844,"neigung_grad":18.5,"ausrichtung_grad":259,"weg_abstand_m":72,"wald_hinweis":false}},{"type":"Feature","geometry":{"type":"Point","coordinates":[11.468862,46.637228]},"properties":{"id":2253,"hoehe_m":1973,"sektoren_frei":[],"sektoren_blockiert":["NNO","ONO"],"erste_kollision_m":{"NNO":83,"ONO":68},"flaeche_m2":1644,"neigung_grad":19.3,"ausrichtung_grad":49,"weg_abstand_m":9,"wald_hinweis":false}},{"type":"Feature","geometry":{"type":"Point","coordinates":[11.428248,46.631865]},"properties":{"id":2254,"hoehe_m":1973,"sektoren_frei":["S"],"sektoren_blockiert":[],"erste_kollision_m":{},"flaeche_m2":255181,"neigung_grad":15.2,"ausrichtung_grad":149,"weg_abstand_m":159,"wald_hinweis":false}},{"type":"Feature","geometry":{"type":"Point","coordinates":[11.428948,46.608833]},"properties":{"id":2255,"hoehe_m":1972,"sektoren_frei":[],"sektoren_blockiert":["SW"],"erste_kollision_m":{"SW":4},"flaeche_m2":150,"neigung_grad":18.1,"ausrichtung_grad":215,"weg_abstand_m":272,"wald_hinweis":false}},{"type":"Feature","geometry":{"type":"Point","coordinates":[11.47774,46.621353]},"properties":{"id":2256,"hoehe_m":1972,"sektoren_frei":[],"sektoren_blockiert":["SW"],"erste_kollision_m":{"SW":4},"flaeche_m2":25875,"neigung_grad":9.4,"ausrichtung_grad":187,"weg_abstand_m":84,"wald_hinweis":false}},{"type":"Feature","geometry":{"type":"Point","coordinates":[11.463863,46.63936]},"properties":{"id":2257,"hoehe_m":1972,"sektoren_frei":[],"sektoren_blockiert":["OSO"],"erste_kollision_m":{"OSO":11},"flaeche_m2":28250,"neigung_grad":18.5,"ausrichtung_grad":82,"weg_abstand_m":18,"wald_hinweis":false}},{"type":"Feature","geometry":{"type":"Point","coordinates":[11.428697,46.609063]},"properties":{"id":2258,"hoehe_m":1972,"sektoren_frei":[],"sektoren_blockiert":["W"],"erste_kollision_m":{"W":8},"flaeche_m2":281,"neigung_grad":19.4,"ausrichtung_grad":258,"weg_abstand_m":266,"wald_hinweis":false}},{"type":"Feature","geometry":{"type":"Point","coordinates":[11.472293,46.618614]},"properties":{"id":2259,"hoehe_m":1972,"sektoren_frei":[],"sektoren_blockiert":["NO","SO"],"erste_kollision_m":{"NO":4,"SO":4},"flaeche_m2":738,"neigung_grad":10.6,"ausrichtung_grad":79,"weg_abstand_m":114,"wald_hinweis":false}},{"type":"Feature","geometry":{"type":"Point","coordinates":[11.446528,46.630913]},"properties":{"id":2260,"hoehe_m":1972,"sektoren_frei":[],"sektoren_blockiert":["W","WNW"],"erste_kollision_m":{"W":365,"WNW":313},"flaeche_m2":12794,"neigung_grad":20.5,"ausrichtung_grad":290,"weg_abstand_m":58,"wald_hinweis":false}},{"type":"Feature","geometry":{"type":"Point","coordinates":[11.446089,46.629145]},"properties":{"id":2261,"hoehe_m":1971,"sektoren_frei":["W"],"sektoren_blockiert":[],"erste_kollision_m":{},"flaeche_m2":33119,"neigung_grad":27.3,"ausrichtung_grad":298,"weg_abstand_m":191,"wald_hinweis":false}},{"type":"Feature","geometry":{"type":"Point","coordinates":[11.460159,46.602338]},"properties":{"id":2262,"hoehe_m":1971,"sektoren_frei":[],"sektoren_blockiert":["ONO"],"erste_kollision_m":{"ONO":130},"flaeche_m2":5431,"neigung_grad":22.9,"ausrichtung_grad":80,"weg_abstand_m":70,"wald_hinweis":true}},{"type":"Feature","geometry":{"type":"Point","coordinates":[11.44014,46.634852]},"properties":{"id":2263,"hoehe_m":1970,"sektoren_frei":[],"sektoren_blockiert":["S"],"erste_kollision_m":{"S":2},"flaeche_m2":288,"neigung_grad":9.3,"ausrichtung_grad":194,"weg_abstand_m":34,"wald_hinweis":false}},{"type":"Feature","geometry":{"type":"Point","coordinates":[11.431307,46.606825]},"properties":{"id":2264,"hoehe_m":1970,"sektoren_frei":[],"sektoren_blockiert":["W"],"erste_kollision_m":{"W":16},"flaeche_m2":500,"neigung_grad":17.5,"ausrichtung_grad":231,"weg_abstand_m":27,"wald_hinweis":false}},{"type":"Feature","geometry":{"type":"Point","coordinates":[11.444898,46.628068]},"properties":{"id":2265,"hoehe_m":1970,"sektoren_frei":[],"sektoren_blockiert":["N"],"erste_kollision_m":{"N":117},"flaeche_m2":150,"neigung_grad":22.9,"ausrichtung_grad":323,"weg_abstand_m":341,"wald_hinweis":false}},{"type":"Feature","geometry":{"type":"Point","coordinates":[11.441891,46.633104]},"properties":{"id":2266,"hoehe_m":1970,"sektoren_frei":[],"sektoren_blockiert":["O"],"erste_kollision_m":{"O":37},"flaeche_m2":406,"neigung_grad":17.6,"ausrichtung_grad":116,"weg_abstand_m":101,"wald_hinweis":false}},{"type":"Feature","geometry":{"type":"Point","coordinates":[11.425186,46.63058]},"properties":{"id":2267,"hoehe_m":1970,"sektoren_frei":["SO"],"sektoren_blockiert":[],"erste_kollision_m":{},"flaeche_m2":344044,"neigung_grad":16.1,"ausrichtung_grad":166,"weg_abstand_m":95,"wald_hinweis":false}},{"type":"Feature","geometry":{"type":"Point","coordinates":[11.439233,46.635006]},"properties":{"id":2268,"hoehe_m":1969,"sektoren_frei":[],"sektoren_blockiert":["S"],"erste_kollision_m":{"S":2},"flaeche_m2":431,"neigung_grad":8.5,"ausrichtung_grad":214,"weg_abstand_m":12,"wald_hinweis":false}},{"type":"Feature","geometry":{"type":"Point","coordinates":[11.478188,46.621141]},"properties":{"id":2269,"hoehe_m":1969,"sektoren_frei":[],"sektoren_blockiert":["SO","SSO","SSW"],"erste_kollision_m":{"SO":4,"SSO":6,"SSW":6},"flaeche_m2":37119,"neigung_grad":8.4,"ausrichtung_grad":161,"weg_abstand_m":43,"wald_hinweis":false}},{"type":"Feature","geometry":{"type":"Point","coordinates":[11.450016,46.597471]},"properties":{"id":2270,"hoehe_m":1969,"sektoren_frei":[],"sektoren_blockiert":["NNW"],"erste_kollision_m":{"NNW":9},"flaeche_m2":1331,"neigung_grad":16.4,"ausrichtung_grad":305,"weg_abstand_m":2,"wald_hinweis":false}},{"type":"Feature","geometry":{"type":"Point","coordinates":[11.469468,46.636922]},"properties":{"id":2271,"hoehe_m":1969,"sektoren_frei":[],"sektoren_blockiert":["N","ONO"],"erste_kollision_m":{"N":52,"ONO":25},"flaeche_m2":8506,"neigung_grad":11.5,"ausrichtung_grad":42,"weg_abstand_m":11,"wald_hinweis":false}},{"type":"Feature","geometry":{"type":"Point","coordinates":[11.444393,46.627741]},"properties":{"id":2272,"hoehe_m":1969,"sektoren_frei":[],"sektoren_blockiert":["WNW","NW"],"erste_kollision_m":{"WNW":520,"NW":475},"flaeche_m2":269,"neigung_grad":28.0,"ausrichtung_grad":307,"weg_abstand_m":393,"wald_hinweis":false}},{"type":"Feature","geometry":{"type":"Point","coordinates":[11.481143,46.6265]},"properties":{"id":2273,"hoehe_m":1969,"sektoren_frei":[],"sektoren_blockiert":["OSO"],"erste_kollision_m":{"OSO":9},"flaeche_m2":675,"neigung_grad":10.9,"ausrichtung_grad":76,"weg_abstand_m":42,"wald_hinweis":false}},{"type":"Feature","geometry":{"type":"Point","coordinates":[11.427311,46.610915]},"properties":{"id":2274,"hoehe_m":1969,"sektoren_frei":["SW"],"sektoren_blockiert":[],"erste_kollision_m":{},"flaeche_m2":56419,"neigung_grad":13.9,"ausrichtung_grad":257,"weg_abstand_m":212,"wald_hinweis":false}},{"type":"Feature","geometry":{"type":"Point","coordinates":[11.469822,46.636802]},"properties":{"id":2275,"hoehe_m":1969,"sektoren_frei":[],"sektoren_blockiert":["O"],"erste_kollision_m":{"O":29},"flaeche_m2":2031,"neigung_grad":13.5,"ausrichtung_grad":73,"weg_abstand_m":40,"wald_hinweis":false}},{"type":"Feature","geometry":{"type":"Point","coordinates":[11.427433,46.631162]},"properties":{"id":2276,"hoehe_m":1969,"sektoren_frei":["S"],"sektoren_blockiert":[],"erste_kollision_m":{},"flaeche_m2":255181,"neigung_grad":15.7,"ausrichtung_grad":145,"weg_abstand_m":163,"wald_hinweis":false}},{"type":"Feature","geometry":{"type":"Point","coordinates":[11.473908,46.621099]},"properties":{"id":2277,"hoehe_m":1969,"sektoren_frei":[],"sektoren_blockiert":["O","SSW"],"erste_kollision_m":{"O":16,"SSW":6},"flaeche_m2":250,"neigung_grad":9.7,"ausrichtung_grad":119,"weg_abstand_m":97,"wald_hinweis":false}},{"type":"Feature","geometry":{"type":"Point","coordinates":[11.43197,46.606316]},"properties":{"id":2278,"hoehe_m":1969,"sektoren_frei":[],"sektoren_blockiert":["W"],"erste_kollision_m":{"W":2},"flaeche_m2":250,"neigung_grad":17.0,"ausrichtung_grad":234,"weg_abstand_m":39,"wald_hinweis":false}},{"type":"Feature","geometry":{"type":"Point","coordinates":[11.438164,46.635929]},"properties":{"id":2279,"hoehe_m":1969,"sektoren_frei":[],"sektoren_blockiert":["S"],"erste_kollision_m":{"S":43},"flaeche_m2":144,"neigung_grad":21.3,"ausrichtung_grad":207,"weg_abstand_m":132,"wald_hinweis":false}},{"type":"Feature","geometry":{"type":"Point","coordinates":[11.441428,46.632979]},"properties":{"id":2280,"hoehe_m":1968,"sektoren_frei":["SSW"],"sektoren_blockiert":["SW"],"erste_kollision_m":{"SW":6},"flaeche_m2":21294,"neigung_grad":11.8,"ausrichtung_grad":187,"weg_abstand_m":80,"wald_hinweis":false}},{"type":"Feature","geometry":{"type":"Point","coordinates":[11.44097,46.620614]},"properties":{"id":2281,"hoehe_m":1968,"sektoren_frei":[],"sektoren_blockiert":["SW","WNW","NW"],"erste_kollision_m":{"SW":6,"WNW":9,"NW":6},"flaeche_m2":1994,"neigung_grad":13.6,"ausrichtung_grad":271,"weg_abstand_m":409,"wald_hinweis":false}},{"type":"Feature","geometry":{"type":"Point","coordinates":[11.439582,46.634774]},"properties":{"id":2282,"hoehe_m":1968,"sektoren_frei":[],"sektoren_blockiert":["SSO","S"],"erste_kollision_m":{"SSO":16,"S":2},"flaeche_m2":450,"neigung_grad":10.9,"ausrichtung_grad":144,"weg_abstand_m":24,"wald_hinweis":false}},{"type":"Feature","geometry":{"type":"Point","coordinates":[11.428405,46.609092]},"properties":{"id":2283,"hoehe_m":1968,"sektoren_frei":["WSW"],"sektoren_blockiert":[],"erste_kollision_m":{},"flaeche_m2":58200,"neigung_grad":17.9,"ausrichtung_grad":238,"weg_abstand_m":274,"wald_hinweis":false}},{"type":"Feature","geometry":{"type":"Point","coordinates":[11.433851,46.638811]},"properties":{"id":2284,"hoehe_m":1968,"sektoren_frei":[],"sektoren_blockiert":["SSO"],"erste_kollision_m":{"SSO":8},"flaeche_m2":144,"neigung_grad":24.3,"ausrichtung_grad":181,"weg_abstand_m":270,"wald_hinweis":true}},{"type":"Feature","geometry":{"type":"Point","coordinates":[11.463754,46.639835]},"properties":{"id":2285,"hoehe_m":1968,"sektoren_frei":[],"sektoren_blockiert":["OSO"],"erste_kollision_m":{"OSO":6},"flaeche_m2":162,"neigung_grad":10.7,"ausrichtung_grad":81,"weg_abstand_m":3,"wald_hinweis":false}},{"type":"Feature","geometry":{"type":"Point","coordinates":[11.467717,46.637905]},"properties":{"id":2286,"hoehe_m":1968,"sektoren_frei":[],"sektoren_blockiert":["N","NNO","NO","NNW"],"erste_kollision_m":{"N":2,"NNO":6,"NO":4,"NNW":23},"flaeche_m2":4181,"neigung_grad":16.3,"ausrichtung_grad":10,"weg_abstand_m":3,"wald_hinweis":false}},{"type":"Feature","geometry":{"type":"Point","coordinates":[11.46862,46.63766]},"properties":{"id":2287,"hoehe_m":1968,"sektoren_frei":[],"sektoren_blockiert":["O"],"erste_kollision_m":{"O":50},"flaeche_m2":369,"neigung_grad":18.6,"ausrichtung_grad":54,"weg_abstand_m":5,"wald_hinweis":false}},{"type":"Feature","geometry":{"type":"Point","coordinates":[11.444158,46.627611]},"properties":{"id":2288,"hoehe_m":1968,"sektoren_frei":["W"],"sektoren_blockiert":["WNW"],"erste_kollision_m":{"WNW":531},"flaeche_m2":706,"neigung_grad":28.2,"ausrichtung_grad":310,"weg_abstand_m":415,"wald_hinweis":false}},{"type":"Feature","geometry":{"type":"Point","coordinates":[11.450888,46.598713]},"properties":{"id":2289,"hoehe_m":1967,"sektoren_frei":[],"sektoren_blockiert":["NNW"],"erste_kollision_m":{"NNW":13},"flaeche_m2":2269,"neigung_grad":20.8,"ausrichtung_grad":302,"weg_abstand_m":2,"wald_hinweis":false}},{"type":"Feature","geometry":{"type":"Point","coordinates":[11.475866,46.621079]},"properties":{"id":2290,"hoehe_m":1967,"sektoren_frei":[],"sektoren_blockiert":["OSO"],"erste_kollision_m":{"OSO":18},"flaeche_m2":131,"neigung_grad":12.9,"ausrichtung_grad":152,"weg_abstand_m":149,"wald_hinweis":true}},{"type":"Feature","geometry":{"type":"Point","coordinates":[11.482261,46.6231]},"properties":{"id":2291,"hoehe_m":1967,"sektoren_frei":[],"sektoren_blockiert":["SO","SSO","S"],"erste_kollision_m":{"SO":6,"SSO":6,"S":8},"flaeche_m2":162,"neigung_grad":9.8,"ausrichtung_grad":159,"weg_abstand_m":6,"wald_hinweis":true}},{"type":"Feature","geometry":{"type":"Point","coordinates":[11.440309,46.634241]},"properties":{"id":2292,"hoehe_m":1967,"sektoren_frei":[],"sektoren_blockiert":["WSW"],"erste_kollision_m":{"WSW":11},"flaeche_m2":250,"neigung_grad":22.7,"ausrichtung_grad":256,"weg_abstand_m":64,"wald_hinweis":false}},{"type":"Feature","geometry":{"type":"Point","coordinates":[11.446324,46.630737]},"properties":{"id":2293,"hoehe_m":1967,"sektoren_frei":[],"sektoren_blockiert":["W","NW","NNW"],"erste_kollision_m":{"W":340,"NW":4,"NNW":78},"flaeche_m2":11369,"neigung_grad":22.6,"ausrichtung_grad":316,"weg_abstand_m":74,"wald_hinweis":false}},{"type":"Feature","geometry":{"type":"Point","coordinates":[11.451062,46.598956]},"properties":{"id":2294,"hoehe_m":1967,"sektoren_frei":[],"sektoren_blockiert":["WSW"],"erste_kollision_m":{"WSW":9},"flaeche_m2":131,"neigung_grad":20.9,"ausrichtung_grad":289,"weg_abstand_m":14,"wald_hinweis":false}},{"type":"Feature","geometry":{"type":"Point","coordinates":[11.448716,46.633791]},"properties":{"id":2295,"hoehe_m":1967,"sektoren_frei":[],"sektoren_blockiert":["NW"],"erste_kollision_m":{"NW":166},"flaeche_m2":2069,"neigung_grad":17.8,"ausrichtung_grad":306,"weg_abstand_m":183,"wald_hinweis":false}},{"type":"Feature","geometry":{"type":"Point","coordinates":[11.429282,46.632338]},"properties":{"id":2296,"hoehe_m":1967,"sektoren_frei":[],"sektoren_blockiert":["S"],"erste_kollision_m":{"S":8},"flaeche_m2":1025,"neigung_grad":16.0,"ausrichtung_grad":149,"weg_abstand_m":131,"wald_hinweis":false}},{"type":"Feature","geometry":{"type":"Point","coordinates":[11.449517,46.602342]},"properties":{"id":2297,"hoehe_m":1967,"sektoren_frei":[],"sektoren_blockiert":["SO"],"erste_kollision_m":{"SO":11},"flaeche_m2":838,"neigung_grad":14.8,"ausrichtung_grad":175,"weg_abstand_m":124,"wald_hinweis":false}},{"type":"Feature","geometry":{"type":"Point","coordinates":[11.440085,46.621263]},"properties":{"id":2298,"hoehe_m":1967,"sektoren_frei":[],"sektoren_blockiert":["W"],"erste_kollision_m":{"W":34},"flaeche_m2":281,"neigung_grad":20.8,"ausrichtung_grad":235,"weg_abstand_m":503,"wald_hinweis":false}},{"type":"Feature","geometry":{"type":"Point","coordinates":[11.440933,46.632877]},"properties":{"id":2299,"hoehe_m":1966,"sektoren_frei":[],"sektoren_blockiert":["SO"],"erste_kollision_m":{"SO":4},"flaeche_m2":1188,"neigung_grad":10.5,"ausrichtung_grad":165,"weg_abstand_m":70,"wald_hinweis":false}},{"type":"Feature","geometry":{"type":"Point","coordinates":[11.438527,46.635291]},"properties":{"id":2300,"hoehe_m":1966,"sektoren_frei":[],"sektoren_blockiert":["NW"],"erste_kollision_m":{"NW":15},"flaeche_m2":256,"neigung_grad":19.9,"ausrichtung_grad":281,"weg_abstand_m":71,"wald_hinweis":false}},{"type":"Feature","geometry":{"type":"Point","coordinates":[11.430018,46.632727]},"properties":{"id":2301,"hoehe_m":1966,"sektoren_frei":[],"sektoren_blockiert":["O"],"erste_kollision_m":{"O":24},"flaeche_m2":650,"neigung_grad":16.6,"ausrichtung_grad":127,"weg_abstand_m":104,"wald_hinweis":false}},{"type":"Feature","geometry":{"type":"Point","coordinates":[11.440069,46.633256]},"properties":{"id":2302,"hoehe_m":1966,"sektoren_frei":[],"sektoren_blockiert":["S","W"],"erste_kollision_m":{"S":8,"W":2},"flaeche_m2":275,"neigung_grad":9.1,"ausrichtung_grad":211,"weg_abstand_m":55,"wald_hinweis":false}},{"type":"Feature","geometry":{"type":"Point","coordinates":[11.446934,46.631939]},"properties":{"id":2303,"hoehe_m":1966,"sektoren_frei":[],"sektoren_blockiert":["WSW"],"erste_kollision_m":{"WSW":48},"flaeche_m2":162,"neigung_grad":18.3,"ausrichtung_grad":283,"weg_abstand_m":91,"wald_hinweis":false}},{"type":"Feature","geometry":{"type":"Point","coordinates":[11.481957,46.622882]},"properties":{"id":2304,"hoehe_m":1966,"sektoren_frei":[],"sektoren_blockiert":["SO"],"erste_kollision_m":{"SO":34},"flaeche_m2":2294,"neigung_grad":11.4,"ausrichtung_grad":160,"weg_abstand_m":34,"wald_hinweis":true}},{"type":"Feature","geometry":{"type":"Point","coordinates":[11.445085,46.634409]},"properties":{"id":2305,"hoehe_m":1966,"sektoren_frei":[],"sektoren_blockiert":["OSO","SO","SSO","S"],"erste_kollision_m":{"OSO":169,"SO":183,"SSO":189,"S":247},"flaeche_m2":23388,"neigung_grad":27.9,"ausrichtung_grad":147,"weg_abstand_m":108,"wald_hinweis":false}},{"type":"Feature","geometry":{"type":"Point","coordinates":[11.464042,46.639717]},"properties":{"id":2306,"hoehe_m":1965,"sektoren_frei":[],"sektoren_blockiert":["SO"],"erste_kollision_m":{"SO":6},"flaeche_m2":1369,"neigung_grad":15.2,"ausrichtung_grad":97,"weg_abstand_m":23,"wald_hinweis":false}},{"type":"Feature","geometry":{"type":"Point","coordinates":[11.440412,46.632911]},"properties":{"id":2307,"hoehe_m":1965,"sektoren_frei":["SW"],"sektoren_blockiert":["W"],"erste_kollision_m":{"W":2},"flaeche_m2":27475,"neigung_grad":9.7,"ausrichtung_grad":222,"weg_abstand_m":68,"wald_hinweis":false}},{"type":"Feature","geometry":{"type":"Point","coordinates":[11.439811,46.633329]},"properties":{"id":2308,"hoehe_m":1965,"sektoren_frei":["SW"],"sektoren_blockiert":["WNW"],"erste_kollision_m":{"WNW":6},"flaeche_m2":27475,"neigung_grad":10.6,"ausrichtung_grad":235,"weg_abstand_m":70,"wald_hinweis":true}},{"type":"Feature","geometry":{"type":"Point","coordinates":[11.430865,46.637794]},"properties":{"id":2309,"hoehe_m":1964,"sektoren_frei":[],"sektoren_blockiert":["OSO"],"erste_kollision_m":{"OSO":8},"flaeche_m2":131,"neigung_grad":12.8,"ausrichtung_grad":94,"weg_abstand_m":448,"wald_hinweis":false}},{"type":"Feature","geometry":{"type":"Point","coordinates":[11.431346,46.634679]},"properties":{"id":2310,"hoehe_m":1964,"sektoren_frei":[],"sektoren_blockiert":["SO","SSO"],"erste_kollision_m":{"SO":21,"SSO":23},"flaeche_m2":281,"neigung_grad":14.1,"ausrichtung_grad":156,"weg_abstand_m":180,"wald_hinweis":true}},{"type":"Feature","geometry":{"type":"Point","coordinates":[11.473994,46.620827]},"properties":{"id":2311,"hoehe_m":1964,"sektoren_frei":[],"sektoren_blockiert":["SSW"],"erste_kollision_m":{"SSW":23},"flaeche_m2":4019,"neigung_grad":11.8,"ausrichtung_grad":175,"weg_abstand_m":69,"wald_hinweis":false}},{"type":"Feature","geometry":{"type":"Point","coordinates":[11.469807,46.637185]},"properties":{"id":2312,"hoehe_m":1964,"sektoren_frei":[],"sektoren_blockiert":["OSO"],"erste_kollision_m":{"OSO":12},"flaeche_m2":131,"neigung_grad":11.0,"ausrichtung_grad":77,"weg_abstand_m":48,"wald_hinweis":false}},{"type":"Feature","geometry":{"type":"Point","coordinates":[11.47893,46.620945]},"properties":{"id":2313,"hoehe_m":1964,"sektoren_frei":[],"sektoren_blockiert":["OSO"],"erste_kollision_m":{"OSO":6},"flaeche_m2":169,"neigung_grad":8.2,"ausrichtung_grad":151,"weg_abstand_m":17,"wald_hinweis":false}},{"type":"Feature","geometry":{"type":"Point","coordinates":[11.480159,46.622111]},"properties":{"id":2314,"hoehe_m":1963,"sektoren_frei":[],"sektoren_blockiert":["O","O"],"erste_kollision_m":{"O":2},"flaeche_m2":3381,"neigung_grad":9.8,"ausrichtung_grad":112,"weg_abstand_m":3,"wald_hinweis":false}},{"type":"Feature","geometry":{"type":"Point","coordinates":[11.431051,46.637565]},"properties":{"id":2315,"hoehe_m":1963,"sektoren_frei":[],"sektoren_blockiert":["OSO"],"erste_kollision_m":{"OSO":6},"flaeche_m2":3044,"neigung_grad":15.6,"ausrichtung_grad":96,"weg_abstand_m":420,"wald_hinweis":false}},{"type":"Feature","geometry":{"type":"Point","coordinates":[11.469961,46.636979]},"properties":{"id":2316,"hoehe_m":1963,"sektoren_frei":[],"sektoren_blockiert":["OSO"],"erste_kollision_m":{"OSO":27},"flaeche_m2":662,"neigung_grad":10.5,"ausrichtung_grad":88,"weg_abstand_m":50,"wald_hinweis":false}},{"type":"Feature","geometry":{"type":"Point","coordinates":[11.478498,46.620774]},"properties":{"id":2317,"hoehe_m":1963,"sektoren_frei":[],"sektoren_blockiert":["OSO"],"erste_kollision_m":{"OSO":6},"flaeche_m2":175,"neigung_grad":8.6,"ausrichtung_grad":153,"weg_abstand_m":27,"wald_hinweis":false}},{"type":"Feature","geometry":{"type":"Point","coordinates":[11.473087,46.617404]},"properties":{"id":2318,"hoehe_m":1963,"sektoren_frei":[],"sektoren_blockiert":["OSO","SO","SSO","S"],"erste_kollision_m":{"OSO":23,"SO":4,"SSO":8,"S":2},"flaeche_m2":2050,"neigung_grad":10.6,"ausrichtung_grad":137,"weg_abstand_m":124,"wald_hinweis":true}},{"type":"Feature","geometry":{"type":"Point","coordinates":[11.440435,46.632685]},"properties":{"id":2319,"hoehe_m":1963,"sektoren_frei":["SSW"],"sektoren_blockiert":[],"erste_kollision_m":{},"flaeche_m2":21294,"neigung_grad":13.0,"ausrichtung_grad":200,"weg_abstand_m":91,"wald_hinweis":false}},{"type":"Feature","geometry":{"type":"Point","coordinates":[11.431311,46.638257]},"properties":{"id":2320,"hoehe_m":1962,"sektoren_frei":[],"sektoren_blockiert":["SO","SSO"],"erste_kollision_m":{"SO":4,"SSO":23},"flaeche_m2":1444,"neigung_grad":14.9,"ausrichtung_grad":138,"weg_abstand_m":466,"wald_hinweis":false}},{"type":"Feature","geometry":{"type":"Point","coordinates":[11.445759,46.629062]},"properties":{"id":2321,"hoehe_m":1962,"sektoren_frei":["W"],"sektoren_blockiert":[],"erste_kollision_m":{},"flaeche_m2":33119,"neigung_grad":24.0,"ausrichtung_grad":295,"weg_abstand_m":212,"wald_hinweis":false}},{"type":"Feature","geometry":{"type":"Point","coordinates":[11.464158,46.640097]},"properties":{"id":2322,"hoehe_m":1962,"sektoren_frei":["ONO"],"sektoren_blockiert":[],"erste_kollision_m":{},"flaeche_m2":171600,"neigung_grad":12.7,"ausrichtung_grad":79,"weg_abstand_m":4,"wald_hinweis":false}},{"type":"Feature","geometry":{"type":"Point","coordinates":[11.449625,46.59316]},"properties":{"id":2323,"hoehe_m":1962,"sektoren_frei":["S"],"sektoren_blockiert":[],"erste_kollision_m":{},"flaeche_m2":67306,"neigung_grad":24.8,"ausrichtung_grad":216,"weg_abstand_m":126,"wald_hinweis":false}},{"type":"Feature","geometry":{"type":"Point","coordinates":[11.469492,46.637439]},"properties":{"id":2324,"hoehe_m":1961,"sektoren_frei":[],"sektoren_blockiert":["N","NNO"],"erste_kollision_m":{"N":2,"NNO":28},"flaeche_m2":2581,"neigung_grad":10.8,"ausrichtung_grad":13,"weg_abstand_m":44,"wald_hinweis":false}},{"type":"Feature","geometry":{"type":"Point","coordinates":[11.46894,46.638238]},"properties":{"id":2325,"hoehe_m":1961,"sektoren_frei":[],"sektoren_blockiert":["NNO","WNW","NW"],"erste_kollision_m":{"NNO":6,"WNW":6,"NW":6},"flaeche_m2":1962,"neigung_grad":9.7,"ausrichtung_grad":326,"weg_abstand_m":32,"wald_hinweis":true}},{"type":"Feature","geometry":{"type":"Point","coordinates":[11.432051,46.605955]},"properties":{"id":2326,"hoehe_m":1961,"sektoren_frei":["SSO"],"sektoren_blockiert":[],"erste_kollision_m":{},"flaeche_m2":143344,"neigung_grad":15.4,"ausrichtung_grad":172,"weg_abstand_m":59,"wald_hinweis":false}},{"type":"Feature","geometry":{"type":"Point","coordinates":[11.428493,46.6315]},"properties":{"id":2327,"hoehe_m":1961,"sektoren_frei":["S"],"sektoren_blockiert":[],"erste_kollision_m":{},"flaeche_m2":255181,"neigung_grad":14.4,"ausrichtung_grad":155,"weg_abstand_m":119,"wald_hinweis":false}},{"type":"Feature","geometry":{"type":"Point","coordinates":[11.427824,46.631154]},"properties":{"id":2328,"hoehe_m":1960,"sektoren_frei":["S"],"sektoren_blockiert":[],"erste_kollision_m":{},"flaeche_m2":255181,"neigung_grad":17.8,"ausrichtung_grad":147,"weg_abstand_m":137,"wald_hinweis":false}},{"type":"Feature","geometry":{"type":"Point","coordinates":[11.469231,46.638165]},"properties":{"id":2329,"hoehe_m":1960,"sektoren_frei":[],"sektoren_blockiert":["O","OSO"],"erste_kollision_m":{"O":2,"OSO":6},"flaeche_m2":2056,"neigung_grad":9.5,"ausrichtung_grad":80,"weg_abstand_m":47,"wald_hinweis":true}},{"type":"Feature","geometry":{"type":"Point","coordinates":[11.427303,46.610015]},"properties":{"id":2330,"hoehe_m":1960,"sektoren_frei":[],"sektoren_blockiert":["WNW"],"erste_kollision_m":{"WNW":20},"flaeche_m2":562,"neigung_grad":17.6,"ausrichtung_grad":259,"weg_abstand_m":261,"wald_hinweis":false}},{"type":"Feature","geometry":{"type":"Point","coordinates":[11.438144,46.619505]},"properties":{"id":2331,"hoehe_m":1960,"sektoren_frei":[],"sektoren_blockiert":["N","N","NNO","NNO"],"erste_kollision_m":{"N":2,"NNO":6},"flaeche_m2":150,"neigung_grad":17.8,"ausrichtung_grad":23,"weg_abstand_m":347,"wald_hinweis":true}},{"type":"Feature","geometry":{"type":"Point","coordinates":[11.428017,46.60919]},"properties":{"id":2332,"hoehe_m":1960,"sektoren_frei":["WSW"],"sektoren_blockiert":[],"erste_kollision_m":{},"flaeche_m2":58200,"neigung_grad":16.9,"ausrichtung_grad":235,"weg_abstand_m":282,"wald_hinweis":false}},{"type":"Feature","geometry":{"type":"Point","coordinates":[11.443694,46.627441]},"properties":{"id":2333,"hoehe_m":1960,"sektoren_frei":["W"],"sektoren_blockiert":["NW"],"erste_kollision_m":{"NW":473},"flaeche_m2":444,"neigung_grad":26.6,"ausrichtung_grad":289,"weg_abstand_m":451,"wald_hinweis":false}},{"type":"Feature","geometry":{"type":"Point","coordinates":[11.483584,46.622757]},"properties":{"id":2334,"hoehe_m":1960,"sektoren_frei":[],"sektoren_blockiert":["SSO","S","SSW"],"erste_kollision_m":{"SSO":8,"S":2,"SSW":12},"flaeche_m2":219,"neigung_grad":9.6,"ausrichtung_grad":187,"weg_abstand_m":62,"wald_hinweis":true}},{"type":"Feature","geometry":{"type":"Point","coordinates":[11.472943,46.635047]},"properties":{"id":2335,"hoehe_m":1959,"sektoren_frei":[],"sektoren_blockiert":["OSO"],"erste_kollision_m":{"OSO":21},"flaeche_m2":175,"neigung_grad":20.2,"ausrichtung_grad":102,"weg_abstand_m":199,"wald_hinweis":true}},{"type":"Feature","geometry":{"type":"Point","coordinates":[11.480552,46.622147]},"properties":{"id":2336,"hoehe_m":1959,"sektoren_frei":[],"sektoren_blockiert":["SSO"],"erste_kollision_m":{"SSO":13},"flaeche_m2":138,"neigung_grad":8.9,"ausrichtung_grad":130,"weg_abstand_m":4,"wald_hinweis":false}},{"type":"Feature","geometry":{"type":"Point","coordinates":[11.439632,46.632995]},"properties":{"id":2337,"hoehe_m":1959,"sektoren_frei":[],"sektoren_blockiert":["WNW"],"erste_kollision_m":{"WNW":6},"flaeche_m2":3538,"neigung_grad":12.8,"ausrichtung_grad":257,"weg_abstand_m":98,"wald_hinweis":false}},{"type":"Feature","geometry":{"type":"Point","coordinates":[11.48014,46.621706]},"properties":{"id":2338,"hoehe_m":1959,"sektoren_frei":[],"sektoren_blockiert":["S"],"erste_kollision_m":{"S":8},"flaeche_m2":10488,"neigung_grad":8.9,"ausrichtung_grad":152,"weg_abstand_m":45,"wald_hinweis":false}},{"type":"Feature","geometry":{"type":"Point","coordinates":[11.473365,46.619941]},"properties":{"id":2339,"hoehe_m":1958,"sektoren_frei":[],"sektoren_blockiert":["O","OSO","SO","SSO"],"erste_kollision_m":{"O":2,"OSO":10,"SO":12,"SSO":6},"flaeche_m2":1875,"neigung_grad":15.6,"ausrichtung_grad":111,"weg_abstand_m":0,"wald_hinweis":true}},{"type":"Feature","geometry":{"type":"Point","coordinates":[11.426318,46.630331]},"properties":{"id":2340,"hoehe_m":1958,"sektoren_frei":["SSW"],"sektoren_blockiert":["O","SW"],"erste_kollision_m":{"O":16,"SW":11},"flaeche_m2":334506,"neigung_grad":15.4,"ausrichtung_grad":180,"weg_abstand_m":156,"wald_hinweis":false}},{"type":"Feature","geometry":{"type":"Point","coordinates":[11.481153,46.622427]},"properties":{"id":2341,"hoehe_m":1958,"sektoren_frei":[],"sektoren_blockiert":["S"],"erste_kollision_m":{"S":2},"flaeche_m2":181,"neigung_grad":7.9,"ausrichtung_grad":144,"weg_abstand_m":44,"wald_hinweis":false}},{"type":"Feature","geometry":{"type":"Point","coordinates":[11.431307,46.637447]},"properties":{"id":2342,"hoehe_m":1957,"sektoren_frei":[],"sektoren_blockiert":["NO"],"erste_kollision_m":{"NO":7},"flaeche_m2":144,"neigung_grad":14.4,"ausrichtung_grad":72,"weg_abstand_m":397,"wald_hinweis":false}},{"type":"Feature","geometry":{"type":"Point","coordinates":[11.425169,46.63022]},"properties":{"id":2343,"hoehe_m":1957,"sektoren_frei":["SO"],"sektoren_blockiert":[],"erste_kollision_m":{},"flaeche_m2":344044,"neigung_grad":17.3,"ausrichtung_grad":166,"weg_abstand_m":80,"wald_hinweis":false}},{"type":"Feature","geometry":{"type":"Point","coordinates":[11.4385,46.634684]},"properties":{"id":2344,"hoehe_m":1957,"sektoren_frei":[],"sektoren_blockiert":["WNW"],"erste_kollision_m":{"WNW":6},"flaeche_m2":525,"neigung_grad":19.2,"ausrichtung_grad":257,"weg_abstand_m":23,"wald_hinweis":false}},{"type":"Feature","geometry":{"type":"Point","coordinates":[11.469113,46.638437]},"properties":{"id":2345,"hoehe_m":1957,"sektoren_frei":[],"sektoren_blockiert":["ONO"],"erste_kollision_m":{"ONO":15},"flaeche_m2":200,"neigung_grad":12.7,"ausrichtung_grad":30,"weg_abstand_m":28,"wald_hinweis":true}},{"type":"Feature","geometry":{"type":"Point","coordinates":[11.446366,46.631659]},"properties":{"id":2346,"hoehe_m":1957,"sektoren_frei":[],"sektoren_blockiert":["NNW"],"erste_kollision_m":{"NNW":25},"flaeche_m2":1725,"neigung_grad":25.1,"ausrichtung_grad":304,"weg_abstand_m":104,"wald_hinweis":false}},{"type":"Feature","geometry":{"type":"Point","coordinates":[11.426948,46.630543]},"properties":{"id":2347,"hoehe_m":1957,"sektoren_frei":[],"sektoren_blockiert":["O"],"erste_kollision_m":{"O":37},"flaeche_m2":1794,"neigung_grad":17.0,"ausrichtung_grad":128,"weg_abstand_m":137,"wald_hinweis":false}},{"type":"Feature","geometry":{"type":"Point","coordinates":[11.431408,46.606171]},"properties":{"id":2348,"hoehe_m":1956,"sektoren_frei":[],"sektoren_blockiert":["SSO"],"erste_kollision_m":{"SSO":20},"flaeche_m2":244,"neigung_grad":11.2,"ausrichtung_grad":186,"weg_abstand_m":4,"wald_hinweis":false}},{"type":"Feature","geometry":{"type":"Point","coordinates":[11.428923,46.631626]},"properties":{"id":2349,"hoehe_m":1956,"sektoren_frei":[],"sektoren_blockiert":["S"],"erste_kollision_m":{"S":8},"flaeche_m2":2056,"neigung_grad":16.2,"ausrichtung_grad":142,"weg_abstand_m":102,"wald_hinweis":false}},{"type":"Feature","geometry":{"type":"Point","coordinates":[11.482856,46.622547]},"properties":{"id":2350,"hoehe_m":1956,"sektoren_frei":[],"sektoren_blockiert":["SO"],"erste_kollision_m":{"SO":4},"flaeche_m2":138,"neigung_grad":10.4,"ausrichtung_grad":160,"weg_abstand_m":3,"wald_hinweis":false}},{"type":"Feature","geometry":{"type":"Point","coordinates":[11.423784,46.630655]},"properties":{"id":2351,"hoehe_m":1955,"sektoren_frei":["S","S"],"sektoren_blockiert":["S"],"erste_kollision_m":{"S":8},"flaeche_m2":156,"neigung_grad":26.8,"ausrichtung_grad":217,"weg_abstand_m":2,"wald_hinweis":false}},{"type":"Feature","geometry":{"type":"Point","coordinates":[11.463721,46.641996]},"properties":{"id":2352,"hoehe_m":1954,"sektoren_frei":[],"sektoren_blockiert":["OSO"],"erste_kollision_m":{"OSO":43},"flaeche_m2":5131,"neigung_grad":19.4,"ausrichtung_grad":81,"weg_abstand_m":8,"wald_hinweis":false}},{"type":"Feature","geometry":{"type":"Point","coordinates":[11.464589,46.640245]},"properties":{"id":2353,"hoehe_m":1954,"sektoren_frei":[],"sektoren_blockiert":["SO"],"erste_kollision_m":{"SO":6},"flaeche_m2":506,"neigung_grad":16.4,"ausrichtung_grad":97,"weg_abstand_m":13,"wald_hinweis":false}},{"type":"Feature","geometry":{"type":"Point","coordinates":[11.480697,46.621739]},"properties":{"id":2354,"hoehe_m":1954,"sektoren_frei":[],"sektoren_blockiert":["SSO"],"erste_kollision_m":{"SSO":6},"flaeche_m2":206,"neigung_grad":8.0,"ausrichtung_grad":124,"weg_abstand_m":37,"wald_hinweis":false}},{"type":"Feature","geometry":{"type":"Point","coordinates":[11.446296,46.601128]},"properties":{"id":2355,"hoehe_m":1954,"sektoren_frei":[],"sektoren_blockiert":["WSW"],"erste_kollision_m":{"WSW":6},"flaeche_m2":462,"neigung_grad":23.9,"ausrichtung_grad":212,"weg_abstand_m":288,"wald_hinweis":false}},{"type":"Feature","geometry":{"type":"Point","coordinates":[11.429828,46.632146]},"properties":{"id":2356,"hoehe_m":1954,"sektoren_frei":[],"sektoren_blockiert":["O"],"erste_kollision_m":{"O":37},"flaeche_m2":2212,"neigung_grad":14.3,"ausrichtung_grad":118,"weg_abstand_m":86,"wald_hinweis":false}},{"type":"Feature","geometry":{"type":"Point","coordinates":[11.450298,46.598658]},"properties":{"id":2357,"hoehe_m":1954,"sektoren_frei":[],"sektoren_blockiert":["WSW"],"erste_kollision_m":{"WSW":34},"flaeche_m2":1744,"neigung_grad":16.8,"ausrichtung_grad":282,"weg_abstand_m":25,"wald_hinweis":false}},{"type":"Feature","geometry":{"type":"Point","coordinates":[11.477348,46.620619]},"properties":{"id":2358,"hoehe_m":1954,"sektoren_frei":[],"sektoren_blockiert":["SSO"],"erste_kollision_m":{"SSO":9},"flaeche_m2":8669,"neigung_grad":11.6,"ausrichtung_grad":190,"weg_abstand_m":111,"wald_hinweis":true}},{"type":"Feature","geometry":{"type":"Point","coordinates":[11.447073,46.632859]},"properties":{"id":2359,"hoehe_m":1954,"sektoren_frei":[],"sektoren_blockiert":["WSW"],"erste_kollision_m":{"WSW":57},"flaeche_m2":3719,"neigung_grad":21.9,"ausrichtung_grad":280,"weg_abstand_m":150,"wald_hinweis":false}},{"type":"Feature","geometry":{"type":"Point","coordinates":[11.481335,46.62213]},"properties":{"id":2360,"hoehe_m":1953,"sektoren_frei":[],"sektoren_blockiert":["SSO"],"erste_kollision_m":{"SSO":6},"flaeche_m2":294,"neigung_grad":9.1,"ausrichtung_grad":135,"weg_abstand_m":13,"wald_hinweis":false}},{"type":"Feature","geometry":{"type":"Point","coordinates":[11.429525,46.63195]},"properties":{"id":2361,"hoehe_m":1953,"sektoren_frei":[],"sektoren_blockiert":["S"],"erste_kollision_m":{"S":8},"flaeche_m2":956,"neigung_grad":10.6,"ausrichtung_grad":147,"weg_abstand_m":87,"wald_hinweis":false}},{"type":"Feature","geometry":{"type":"Point","coordinates":[11.464568,46.640493]},"properties":{"id":2362,"hoehe_m":1953,"sektoren_frei":[],"sektoren_blockiert":["NNO"],"erste_kollision_m":{"NNO":23},"flaeche_m2":481,"neigung_grad":13.3,"ausrichtung_grad":56,"weg_abstand_m":3,"wald_hinweis":false}},{"type":"Feature","geometry":{"type":"Point","coordinates":[11.451463,46.592648]},"properties":{"id":2363,"hoehe_m":1953,"sektoren_frei":[],"sektoren_blockiert":["S","SSW"],"erste_kollision_m":{"S":8,"SSW":6},"flaeche_m2":156,"neigung_grad":26.2,"ausrichtung_grad":187,"weg_abstand_m":201,"wald_hinweis":true}},{"type":"Feature","geometry":{"type":"Point","coordinates":[11.482286,46.622222]},"properties":{"id":2364,"hoehe_m":1952,"sektoren_frei":[],"sektoren_blockiert":["S"],"erste_kollision_m":{"S":15},"flaeche_m2":175,"neigung_grad":8.2,"ausrichtung_grad":178,"weg_abstand_m":14,"wald_hinweis":false}},{"type":"Feature","geometry":{"type":"Point","coordinates":[11.447147,46.601178]},"properties":{"id":2365,"hoehe_m":1952,"sektoren_frei":[],"sektoren_blockiert":["O"],"erste_kollision_m":{"O":8},"flaeche_m2":231,"neigung_grad":13.2,"ausrichtung_grad":127,"weg_abstand_m":251,"wald_hinweis":false}},{"type":"Feature","geometry":{"type":"Point","coordinates":[11.47117,46.604711]},"properties":{"id":2366,"hoehe_m":1952,"sektoren_frei":[],"sektoren_blockiert":["SSW"],"erste_kollision_m":{"SSW":12},"flaeche_m2":400,"neigung_grad":16.1,"ausrichtung_grad":165,"weg_abstand_m":28,"wald_hinweis":false}},{"type":"Feature","geometry":{"type":"Point","coordinates":[11.48203,46.627335]},"properties":{"id":2367,"hoehe_m":1952,"sektoren_frei":[],"sektoren_blockiert":["SO"],"erste_kollision_m":{"SO":4},"flaeche_m2":294,"neigung_grad":10.3,"ausrichtung_grad":94,"weg_abstand_m":23,"wald_hinweis":false}},{"type":"Feature","geometry":{"type":"Point","coordinates":[11.470318,46.637646]},"properties":{"id":2368,"hoehe_m":1951,"sektoren_frei":[],"sektoren_blockiert":["O"],"erste_kollision_m":{"O":8},"flaeche_m2":150,"neigung_grad":13.1,"ausrichtung_grad":49,"weg_abstand_m":22,"wald_hinweis":true}},{"type":"Feature","geometry":{"type":"Point","coordinates":[11.437736,46.619873]},"properties":{"id":2369,"hoehe_m":1951,"sektoren_frei":[],"sektoren_blockiert":["NNO","NO"],"erste_kollision_m":{"NNO":13,"NO":4},"flaeche_m2":350,"neigung_grad":15.1,"ausrichtung_grad":27,"weg_abstand_m":384,"wald_hinweis":true}},{"type":"Feature","geometry":{"type":"Point","coordinates":[11.425094,46.629997]},"properties":{"id":2370,"hoehe_m":1951,"sektoren_frei":[],"sektoren_blockiert":["OSO"],"erste_kollision_m":{"OSO":13},"flaeche_m2":356,"neigung_grad":12.3,"ausrichtung_grad":151,"weg_abstand_m":63,"wald_hinweis":false}},{"type":"Feature","geometry":{"type":"Point","coordinates":[11.482838,46.622143]},"properties":{"id":2371,"hoehe_m":1951,"sektoren_frei":[],"sektoren_blockiert":["S","SSW"],"erste_kollision_m":{"S":2,"SSW":6},"flaeche_m2":175,"neigung_grad":7.9,"ausrichtung_grad":170,"weg_abstand_m":9,"wald_hinweis":false}},{"type":"Feature","geometry":{"type":"Point","coordinates":[11.438448,46.634258]},"properties":{"id":2372,"hoehe_m":1950,"sektoren_frei":[],"sektoren_blockiert":["WNW"],"erste_kollision_m":{"WNW":9},"flaeche_m2":181,"neigung_grad":14.5,"ausrichtung_grad":258,"weg_abstand_m":8,"wald_hinweis":true}},{"type":"Feature","geometry":{"type":"Point","coordinates":[11.481854,46.622052]},"properties":{"id":2373,"hoehe_m":1950,"sektoren_frei":[],"sektoren_blockiert":["S","SSW"],"erste_kollision_m":{"S":2,"SSW":8},"flaeche_m2":575,"neigung_grad":8.8,"ausrichtung_grad":175,"weg_abstand_m":9,"wald_hinweis":false}},{"type":"Feature","geometry":{"type":"Point","coordinates":[11.479584,46.620256]},"properties":{"id":2374,"hoehe_m":1950,"sektoren_frei":[],"sektoren_blockiert":["OSO","SSW"],"erste_kollision_m":{"OSO":8,"SSW":6},"flaeche_m2":600,"neigung_grad":9.3,"ausrichtung_grad":152,"weg_abstand_m":76,"wald_hinweis":false}},{"type":"Feature","geometry":{"type":"Point","coordinates":[11.480169,46.620896]},"properties":{"id":2375,"hoehe_m":1950,"sektoren_frei":[],"sektoren_blockiert":["ONO"],"erste_kollision_m":{"ONO":6},"flaeche_m2":1200,"neigung_grad":11.9,"ausrichtung_grad":91,"weg_abstand_m":2,"wald_hinweis":false}},{"type":"Feature","geometry":{"type":"Point","coordinates":[11.447493,46.595095]},"properties":{"id":2376,"hoehe_m":1950,"sektoren_frei":[],"sektoren_blockiert":["SSW","WSW","W","WNW","NW"],"erste_kollision_m":{"SSW":6,"WSW":10,"W":2,"WNW":6,"NW":6},"flaeche_m2":8806,"neigung_grad":10.2,"ausrichtung_grad":253,"weg_abstand_m":6,"wald_hinweis":true}},{"type":"Feature","geometry":{"type":"Point","coordinates":[11.449515,46.597954]},"properties":{"id":2377,"hoehe_m":1950,"sektoren_frei":[],"sektoren_blockiert":["W","WNW","NW","NNW"],"erste_kollision_m":{"W":21,"WNW":19,"NW":16,"NNW":17},"flaeche_m2":1569,"neigung_grad":20.1,"ausrichtung_grad":301,"weg_abstand_m":2,"wald_hinweis":true}},{"type":"Feature","geometry":{"type":"Point","coordinates":[11.484076,46.622071]},"properties":{"id":2378,"hoehe_m":1949,"sektoren_frei":[],"sektoren_blockiert":["SO","SO","SSO"],"erste_kollision_m":{"SO":6,"SSO":6},"flaeche_m2":306,"neigung_grad":8.3,"ausrichtung_grad":166,"weg_abstand_m":48,"wald_hinweis":true}},{"type":"Feature","geometry":{"type":"Point","coordinates":[11.445474,46.63071]},"properties":{"id":2379,"hoehe_m":1949,"sektoren_frei":[],"sektoren_blockiert":["W","NNW"],"erste_kollision_m":{"W":295,"NNW":25},"flaeche_m2":144,"neigung_grad":24.4,"ausrichtung_grad":315,"weg_abstand_m":139,"wald_hinweis":false}},{"type":"Feature","geometry":{"type":"Point","coordinates":[11.448689,46.634646]},"properties":{"id":2380,"hoehe_m":1949,"sektoren_frei":[],"sektoren_blockiert":["WNW","NW","NNW"],"erste_kollision_m":{"WNW":59,"NW":56,"NNW":55},"flaeche_m2":631,"neigung_grad":15.8,"ausrichtung_grad":321,"weg_abstand_m":256,"wald_hinweis":false}},{"type":"Feature","geometry":{"type":"Point","coordinates":[11.44818,46.63423]},"properties":{"id":2381,"hoehe_m":1948,"sektoren_frei":[],"sektoren_blockiert":["WSW"],"erste_kollision_m":{"WSW":46},"flaeche_m2":1012,"neigung_grad":15.1,"ausrichtung_grad":277,"weg_abstand_m":241,"wald_hinweis":false}},{"type":"Feature","geometry":{"type":"Point","coordinates":[11.444504,46.633836]},"properties":{"id":2382,"hoehe_m":1948,"sektoren_frei":[],"sektoren_blockiert":["OSO","S"],"erste_kollision_m":{"OSO":158,"S":213},"flaeche_m2":16106,"neigung_grad":24.1,"ausrichtung_grad":148,"weg_abstand_m":159,"wald_hinweis":false}},{"type":"Feature","geometry":{"type":"Point","coordinates":[11.426538,46.610414]},"properties":{"id":2383,"hoehe_m":1948,"sektoren_frei":[],"sektoren_blockiert":["WNW"],"erste_kollision_m":{"WNW":11},"flaeche_m2":325,"neigung_grad":24.9,"ausrichtung_grad":259,"weg_abstand_m":288,"wald_hinweis":false}},{"type":"Feature","geometry":{"type":"Point","coordinates":[11.44764,46.594732]},"properties":{"id":2384,"hoehe_m":1948,"sektoren_frei":[],"sektoren_blockiert":["S"],"erste_kollision_m":{"S":45},"flaeche_m2":1438,"neigung_grad":11.8,"ausrichtung_grad":208,"weg_abstand_m":13,"wald_hinweis":false}},{"type":"Feature","geometry":{"type":"Point","coordinates":[11.46465,46.640873]},"properties":{"id":2385,"hoehe_m":1948,"sektoren_frei":[],"sektoren_blockiert":["NNO"],"erste_kollision_m":{"NNO":38},"flaeche_m2":1431,"neigung_grad":15.0,"ausrichtung_grad":55,"weg_abstand_m":7,"wald_hinweis":false}},{"type":"Feature","geometry":{"type":"Point","coordinates":[11.443333,46.627404]},"properties":{"id":2386,"hoehe_m":1948,"sektoren_frei":["WSW"],"sektoren_blockiert":[],"erste_kollision_m":{},"flaeche_m2":150,"neigung_grad":24.7,"ausrichtung_grad":283,"weg_abstand_m":472,"wald_hinweis":false}},{"type":"Feature","geometry":{"type":"Point","coordinates":[11.483023,46.621914]},"properties":{"id":2387,"hoehe_m":1948,"sektoren_frei":[],"sektoren_blockiert":["S","SSW"],"erste_kollision_m":{"S":2,"SSW":12},"flaeche_m2":7112,"neigung_grad":8.3,"ausrichtung_grad":198,"weg_abstand_m":9,"wald_hinweis":false}},{"type":"Feature","geometry":{"type":"Point","coordinates":[11.440087,46.63222]},"properties":{"id":2388,"hoehe_m":1947,"sektoren_frei":[],"sektoren_blockiert":["SO"],"erste_kollision_m":{"SO":6},"flaeche_m2":2925,"neigung_grad":18.9,"ausrichtung_grad":162,"weg_abstand_m":148,"wald_hinweis":false}},{"type":"Feature","geometry":{"type":"Point","coordinates":[11.48178,46.621851]},"properties":{"id":2389,"hoehe_m":1947,"sektoren_frei":[],"sektoren_blockiert":["S"],"erste_kollision_m":{"S":8},"flaeche_m2":8244,"neigung_grad":7.7,"ausrichtung_grad":166,"weg_abstand_m":14,"wald_hinweis":false}},{"type":"Feature","geometry":{"type":"Point","coordinates":[11.472373,46.636139]},"properties":{"id":2390,"hoehe_m":1947,"sektoren_frei":[],"sektoren_blockiert":["ONO","O"],"erste_kollision_m":{"ONO":38,"O":35},"flaeche_m2":231,"neigung_grad":15.1,"ausrichtung_grad":81,"weg_abstand_m":112,"wald_hinweis":true}},{"type":"Feature","geometry":{"type":"Point","coordinates":[11.475106,46.62015]},"properties":{"id":2391,"hoehe_m":1947,"sektoren_frei":[],"sektoren_blockiert":["OSO","SO","SW"],"erste_kollision_m":{"OSO":6,"SO":4,"SW":4},"flaeche_m2":4681,"neigung_grad":10.2,"ausrichtung_grad":152,"weg_abstand_m":37,"wald_hinweis":false}},{"type":"Feature","geometry":{"type":"Point","coordinates":[11.481134,46.621302]},"properties":{"id":2392,"hoehe_m":1947,"sektoren_frei":[],"sektoren_blockiert":["S"],"erste_kollision_m":{"S":2},"flaeche_m2":231,"neigung_grad":8.7,"ausrichtung_grad":140,"weg_abstand_m":80,"wald_hinweis":false}},{"type":"Feature","geometry":{"type":"Point","coordinates":[11.483373,46.621704]},"properties":{"id":2393,"hoehe_m":1947,"sektoren_frei":[],"sektoren_blockiert":["SW"],"erste_kollision_m":{"SW":4},"flaeche_m2":481,"neigung_grad":7.9,"ausrichtung_grad":212,"weg_abstand_m":2,"wald_hinweis":true}},{"type":"Feature","geometry":{"type":"Point","coordinates":[11.446918,46.633042]},"properties":{"id":2394,"hoehe_m":1946,"sektoren_frei":[],"sektoren_blockiert":["NNW"],"erste_kollision_m":{"NNW":135},"flaeche_m2":788,"neigung_grad":25.3,"ausrichtung_grad":308,"weg_abstand_m":174,"wald_hinweis":false}},{"type":"Feature","geometry":{"type":"Point","coordinates":[11.429241,46.631439]},"properties":{"id":2395,"hoehe_m":1946,"sektoren_frei":[],"sektoren_blockiert":["O"],"erste_kollision_m":{"O":8},"flaeche_m2":2850,"neigung_grad":18.1,"ausrichtung_grad":124,"weg_abstand_m":70,"wald_hinweis":false}},{"type":"Feature","geometry":{"type":"Point","coordinates":[11.472172,46.636751]},"properties":{"id":2396,"hoehe_m":1946,"sektoren_frei":[],"sektoren_blockiert":["N","ONO"],"erste_kollision_m":{"N":2,"ONO":6},"flaeche_m2":531,"neigung_grad":8.8,"ausrichtung_grad":41,"weg_abstand_m":50,"wald_hinweis":false}},{"type":"Feature","geometry":{"type":"Point","coordinates":[11.482758,46.62183]},"properties":{"id":2397,"hoehe_m":1946,"sektoren_frei":[],"sektoren_blockiert":["SSO"],"erste_kollision_m":{"SSO":6},"flaeche_m2":181,"neigung_grad":8.2,"ausrichtung_grad":179,"weg_abstand_m":3,"wald_hinweis":false}},{"type":"Feature","geometry":{"type":"Point","coordinates":[11.439853,46.63209]},"properties":{"id":2398,"hoehe_m":1946,"sektoren_frei":["SSW"],"sektoren_blockiert":["OSO","S"],"erste_kollision_m":{"OSO":6,"S":2},"flaeche_m2":21294,"neigung_grad":16.1,"ausrichtung_grad":195,"weg_abstand_m":168,"wald_hinweis":false}},{"type":"Feature","geometry":{"type":"Point","coordinates":[11.44587,46.634437]},"properties":{"id":2399,"hoehe_m":1946,"sektoren_frei":[],"sektoren_blockiert":["SSO"],"erste_kollision_m":{"SSO":18},"flaeche_m2":325,"neigung_grad":26.1,"ausrichtung_grad":156,"weg_abstand_m":139,"wald_hinweis":false}},{"type":"Feature","geometry":{"type":"Point","coordinates":[11.430079,46.631916]},"properties":{"id":2400,"hoehe_m":1946,"sektoren_frei":["OSO"],"sektoren_blockiert":[],"erste_kollision_m":{},"flaeche_m2":241525,"neigung_grad":17.7,"ausrichtung_grad":124,"weg_abstand_m":54,"wald_hinweis":true}},{"type":"Feature","geometry":{"type":"Point","coordinates":[11.474091,46.616527]},"properties":{"id":2401,"hoehe_m":1946,"sektoren_frei":[],"sektoren_blockiert":["SO","SSO","S"],"erste_kollision_m":{"SO":4,"SSO":6,"S":2},"flaeche_m2":244,"neigung_grad":7.9,"ausrichtung_grad":163,"weg_abstand_m":122,"wald_hinweis":false}},{"type":"Feature","geometry":{"type":"Point","coordinates":[11.447185,46.595507]},"properties":{"id":2402,"hoehe_m":1946,"sektoren_frei":[],"sektoren_blockiert":["NNW"],"erste_kollision_m":{"NNW":8},"flaeche_m2":1156,"neigung_grad":11.8,"ausrichtung_grad":303,"weg_abstand_m":21,"wald_hinweis":false}},{"type":"Feature","geometry":{"type":"Point","coordinates":[11.47466,46.617528]},"properties":{"id":2403,"hoehe_m":1945,"sektoren_frei":[],"sektoren_blockiert":["O","OSO","SO"],"erste_kollision_m":{"O":8,"OSO":6,"SO":4},"flaeche_m2":538,"neigung_grad":8.1,"ausrichtung_grad":110,"weg_abstand_m":16,"wald_hinweis":true}},{"type":"Feature","geometry":{"type":"Point","coordinates":[11.430361,46.606126]},"properties":{"id":2404,"hoehe_m":1945,"sektoren_frei":[],"sektoren_blockiert":["W"],"erste_kollision_m":{"W":2},"flaeche_m2":169,"neigung_grad":15.0,"ausrichtung_grad":250,"weg_abstand_m":70,"wald_hinweis":false}},{"type":"Feature","geometry":{"type":"Point","coordinates":[11.471921,46.636982]},"properties":{"id":2405,"hoehe_m":1945,"sektoren_frei":[],"sektoren_blockiert":["NNW"],"erste_kollision_m":{"NNW":6},"flaeche_m2":450,"neigung_grad":10.1,"ausrichtung_grad":17,"weg_abstand_m":29,"wald_hinweis":false}},{"type":"Feature","geometry":{"type":"Point","coordinates":[11.447772,46.601277]},"properties":{"id":2406,"hoehe_m":1945,"sektoren_frei":[],"sektoren_blockiert":["S"],"erste_kollision_m":{"S":8},"flaeche_m2":538,"neigung_grad":12.2,"ausrichtung_grad":144,"weg_abstand_m":206,"wald_hinweis":false}},{"type":"Feature","geometry":{"type":"Point","coordinates":[11.447952,46.596593]},"properties":{"id":2407,"hoehe_m":1944,"sektoren_frei":[],"sektoren_blockiert":["W","WNW"],"erste_kollision_m":{"W":18,"WNW":34},"flaeche_m2":225,"neigung_grad":14.9,"ausrichtung_grad":302,"weg_abstand_m":17,"wald_hinweis":true}},{"type":"Feature","geometry":{"type":"Point","coordinates":[11.464297,46.641736]},"properties":{"id":2408,"hoehe_m":1944,"sektoren_frei":[],"sektoren_blockiert":["OSO"],"erste_kollision_m":{"OSO":19},"flaeche_m2":58575,"neigung_grad":11.9,"ausrichtung_grad":87,"weg_abstand_m":15,"wald_hinweis":false}},{"type":"Feature","geometry":{"type":"Point","coordinates":[11.43256,46.636251]},"properties":{"id":2409,"hoehe_m":1944,"sektoren_frei":[],"sektoren_blockiert":["NO","ONO","O"],"erste_kollision_m":{"NO":9,"ONO":9,"O":10},"flaeche_m2":806,"neigung_grad":11.9,"ausrichtung_grad":70,"weg_abstand_m":234,"wald_hinweis":false}},{"type":"Feature","geometry":{"type":"Point","coordinates":[11.446011,46.631756]},"properties":{"id":2410,"hoehe_m":1944,"sektoren_frei":[],"sektoren_blockiert":["WSW"],"erste_kollision_m":{"WSW":29},"flaeche_m2":2744,"neigung_grad":26.3,"ausrichtung_grad":273,"weg_abstand_m":131,"wald_hinweis":false}},{"type":"Feature","geometry":{"type":"Point","coordinates":[11.441201,46.632287]},"properties":{"id":2411,"hoehe_m":1944,"sektoren_frei":[],"sektoren_blockiert":["SO","S"],"erste_kollision_m":{"SO":46,"S":334},"flaeche_m2":194,"neigung_grad":28.3,"ausrichtung_grad":157,"weg_abstand_m":139,"wald_hinweis":false}},{"type":"Feature","geometry":{"type":"Point","coordinates":[11.474739,46.617121]},"properties":{"id":2412,"hoehe_m":1943,"sektoren_frei":[],"sektoren_blockiert":["OSO"],"erste_kollision_m":{"OSO":33},"flaeche_m2":212,"neigung_grad":9.2,"ausrichtung_grad":104,"weg_abstand_m":41,"wald_hinweis":true}},{"type":"Feature","geometry":{"type":"Point","coordinates":[11.427714,46.608252]},"properties":{"id":2413,"hoehe_m":1943,"sektoren_frei":[],"sektoren_blockiert":["SSW","SW","WSW","W"],"erste_kollision_m":{"SSW":11,"SW":11,"WSW":11,"W":2},"flaeche_m2":1394,"neigung_grad":14.4,"ausrichtung_grad":226,"weg_abstand_m":339,"wald_hinweis":false}},{"type":"Feature","geometry":{"type":"Point","coordinates":[11.474478,46.616407]},"properties":{"id":2414,"hoehe_m":1943,"sektoren_frei":[],"sektoren_blockiert":["SO","SSO","S"],"erste_kollision_m":{"SO":4,"SSO":9,"S":5},"flaeche_m2":394,"neigung_grad":9.3,"ausrichtung_grad":172,"weg_abstand_m":98,"wald_hinweis":false}},{"type":"Feature","geometry":{"type":"Point","coordinates":[11.439788,46.620482]},"properties":{"id":2415,"hoehe_m":1943,"sektoren_frei":[],"sektoren_blockiert":["WSW","W","WNW"],"erste_kollision_m":{"WSW":18,"W":13,"WNW":16},"flaeche_m2":531,"neigung_grad":24.5,"ausrichtung_grad":269,"weg_abstand_m":447,"wald_hinweis":false}},{"type":"Feature","geometry":{"type":"Point","coordinates":[11.432535,46.636431]},"properties":{"id":2416,"hoehe_m":1943,"sektoren_frei":[],"sektoren_blockiert":["OSO"],"erste_kollision_m":{"OSO":6},"flaeche_m2":362,"neigung_grad":10.7,"ausrichtung_grad":78,"weg_abstand_m":250,"wald_hinweis":false}},{"type":"Feature","geometry":{"type":"Point","coordinates":[11.425145,46.629681]},"properties":{"id":2417,"hoehe_m":1943,"sektoren_frei":["SO"],"sektoren_blockiert":[],"erste_kollision_m":{},"flaeche_m2":344044,"neigung_grad":15.5,"ausrichtung_grad":158,"weg_abstand_m":51,"wald_hinweis":false}},{"type":"Feature","geometry":{"type":"Point","coordinates":[11.483068,46.621463]},"properties":{"id":2418,"hoehe_m":1943,"sektoren_frei":[],"sektoren_blockiert":["SW"],"erste_kollision_m":{"SW":4},"flaeche_m2":3444,"neigung_grad":10.6,"ausrichtung_grad":203,"weg_abstand_m":36,"wald_hinweis":false}},{"type":"Feature","geometry":{"type":"Point","coordinates":[11.446844,46.595177]},"properties":{"id":2419,"hoehe_m":1942,"sektoren_frei":[],"sektoren_blockiert":["SW","WSW","W","WNW"],"erste_kollision_m":{"SW":6,"WSW":23,"W":23,"WNW":22},"flaeche_m2":5731,"neigung_grad":11.6,"ausrichtung_grad":258,"weg_abstand_m":2,"wald_hinweis":false}},{"type":"Feature","geometry":{"type":"Point","coordinates":[11.481755,46.621311]},"properties":{"id":2420,"hoehe_m":1942,"sektoren_frei":[],"sektoren_blockiert":["O","SSO"],"erste_kollision_m":{"O":2,"SSO":6},"flaeche_m2":444,"neigung_grad":8.1,"ausrichtung_grad":124,"weg_abstand_m":73,"wald_hinweis":false}},{"type":"Feature","geometry":{"type":"Point","coordinates":[11.447682,46.596396]},"properties":{"id":2421,"hoehe_m":1942,"sektoren_frei":[],"sektoren_blockiert":["NW"],"erste_kollision_m":{"NW":6},"flaeche_m2":150,"neigung_grad":16.7,"ausrichtung_grad":291,"weg_abstand_m":10,"wald_hinweis":true}},{"type":"Feature","geometry":{"type":"Point","coordinates":[11.447877,46.594187]},"properties":{"id":2422,"hoehe_m":1941,"sektoren_frei":[],"sektoren_blockiert":["W"],"erste_kollision_m":{"W":2},"flaeche_m2":381,"neigung_grad":9.0,"ausrichtung_grad":236,"weg_abstand_m":12,"wald_hinweis":false}},{"type":"Feature","geometry":{"type":"Point","coordinates":[11.462048,46.602973]},"properties":{"id":2423,"hoehe_m":1940,"sektoren_frei":[],"sektoren_blockiert":["S"],"erste_kollision_m":{"S":10},"flaeche_m2":981,"neigung_grad":14.6,"ausrichtung_grad":158,"weg_abstand_m":76,"wald_hinweis":true}},{"type":"Feature","geometry":{"type":"Point","coordinates":[11.48319,46.62128]},"properties":{"id":2424,"hoehe_m":1940,"sektoren_frei":[],"sektoren_blockiert":["WSW"],"erste_kollision_m":{"WSW":10},"flaeche_m2":494,"neigung_grad":9.6,"ausrichtung_grad":214,"weg_abstand_m":51,"wald_hinweis":false}},{"type":"Feature","geometry":{"type":"Point","coordinates":[11.446827,46.594795]},"properties":{"id":2425,"hoehe_m":1940,"sektoren_frei":[],"sektoren_blockiert":["S","SSW","WNW"],"erste_kollision_m":{"S":5,"SSW":8,"WNW":9},"flaeche_m2":2519,"neigung_grad":11.4,"ausrichtung_grad":239,"weg_abstand_m":3,"wald_hinweis":false}},{"type":"Feature","geometry":{"type":"Point","coordinates":[11.428627,46.630844]},"properties":{"id":2426,"hoehe_m":1940,"sektoren_frei":[],"sektoren_blockiert":["O"],"erste_kollision_m":{"O":16},"flaeche_m2":2912,"neigung_grad":17.6,"ausrichtung_grad":129,"weg_abstand_m":66,"wald_hinweis":false}},{"type":"Feature","geometry":{"type":"Point","coordinates":[11.426388,46.629722]},"properties":{"id":2427,"hoehe_m":1939,"sektoren_frei":[],"sektoren_blockiert":["OSO","SW"],"erste_kollision_m":{"OSO":13,"SW":6},"flaeche_m2":388,"neigung_grad":15.3,"ausrichtung_grad":145,"weg_abstand_m":112,"wald_hinweis":false}},{"type":"Feature","geometry":{"type":"Point","coordinates":[11.445695,46.634171]},"properties":{"id":2428,"hoehe_m":1939,"sektoren_frei":[],"sektoren_blockiert":["S"],"erste_kollision_m":{"S":125},"flaeche_m2":181,"neigung_grad":27.5,"ausrichtung_grad":154,"weg_abstand_m":153,"wald_hinweis":false}},{"type":"Feature","geometry":{"type":"Point","coordinates":[11.483415,46.621185]},"properties":{"id":2429,"hoehe_m":1939,"sektoren_frei":[],"sektoren_blockiert":["SSO"],"erste_kollision_m":{"SSO":6},"flaeche_m2":1662,"neigung_grad":8.9,"ausrichtung_grad":182,"weg_abstand_m":54,"wald_hinweis":true}},{"type":"Feature","geometry":{"type":"Point","coordinates":[11.434073,46.637951]},"properties":{"id":2430,"hoehe_m":1939,"sektoren_frei":[],"sektoren_blockiert":["SSO","S","SSW"],"erste_kollision_m":{"SSO":10,"S":8,"SSW":6},"flaeche_m2":312,"neigung_grad":18.4,"ausrichtung_grad":152,"weg_abstand_m":327,"wald_hinweis":false}},{"type":"Feature","geometry":{"type":"Point","coordinates":[11.475581,46.619825]},"properties":{"id":2431,"hoehe_m":1939,"sektoren_frei":[],"sektoren_blockiert":["O"],"erste_kollision_m":{"O":16},"flaeche_m2":1775,"neigung_grad":12.4,"ausrichtung_grad":124,"weg_abstand_m":18,"wald_hinweis":false}},{"type":"Feature","geometry":{"type":"Point","coordinates":[11.448277,46.593661]},"properties":{"id":2432,"hoehe_m":1939,"sektoren_frei":[],"sektoren_blockiert":["W"],"erste_kollision_m":{"W":8},"flaeche_m2":1169,"neigung_grad":9.1,"ausrichtung_grad":243,"weg_abstand_m":33,"wald_hinweis":false}},{"type":"Feature","geometry":{"type":"Point","coordinates":[11.464633,46.641931]},"properties":{"id":2433,"hoehe_m":1939,"sektoren_frei":[],"sektoren_blockiert":["SO"],"erste_kollision_m":{"SO":6},"flaeche_m2":3262,"neigung_grad":13.3,"ausrichtung_grad":108,"weg_abstand_m":7,"wald_hinweis":false}},{"type":"Feature","geometry":{"type":"Point","coordinates":[11.432864,46.636469]},"properties":{"id":2434,"hoehe_m":1939,"sektoren_frei":[],"sektoren_blockiert":["ONO","O","O","OSO"],"erste_kollision_m":{"ONO":9,"O":2,"OSO":9},"flaeche_m2":494,"neigung_grad":10.1,"ausrichtung_grad":90,"weg_abstand_m":238,"wald_hinweis":false}},{"type":"Feature","geometry":{"type":"Point","coordinates":[11.437265,46.635566]},"properties":{"id":2435,"hoehe_m":1939,"sektoren_frei":[],"sektoren_blockiert":["SSW","SW"],"erste_kollision_m":{"SSW":6,"SW":6},"flaeche_m2":294,"neigung_grad":21.8,"ausrichtung_grad":214,"weg_abstand_m":57,"wald_hinweis":false}},{"type":"Feature","geometry":{"type":"Point","coordinates":[11.449281,46.592762]},"properties":{"id":2436,"hoehe_m":1938,"sektoren_frei":[],"sektoren_blockiert":["SSO","WSW"],"erste_kollision_m":{"SSO":112,"WSW":15},"flaeche_m2":63788,"neigung_grad":19.4,"ausrichtung_grad":195,"weg_abstand_m":84,"wald_hinweis":false}},{"type":"Feature","geometry":{"type":"Point","coordinates":[11.447137,46.633555]},"properties":{"id":2437,"hoehe_m":1938,"sektoren_frei":[],"sektoren_blockiert":["NNW"],"erste_kollision_m":{"NNW":96},"flaeche_m2":262,"neigung_grad":26.5,"ausrichtung_grad":302,"weg_abstand_m":212,"wald_hinweis":false}},{"type":"Feature","geometry":{"type":"Point","coordinates":[11.472868,46.636264]},"properties":{"id":2438,"hoehe_m":1938,"sektoren_frei":[],"sektoren_blockiert":["ONO","O"],"erste_kollision_m":{"ONO":8,"O":8},"flaeche_m2":219,"neigung_grad":8.1,"ausrichtung_grad":88,"weg_abstand_m":84,"wald_hinweis":true}},{"type":"Feature","geometry":{"type":"Point","coordinates":[11.484625,46.621226]},"properties":{"id":2439,"hoehe_m":1937,"sektoren_frei":[],"sektoren_blockiert":["SSO","S"],"erste_kollision_m":{"SSO":12,"S":5},"flaeche_m2":538,"neigung_grad":9.5,"ausrichtung_grad":171,"weg_abstand_m":10,"wald_hinweis":true}},{"type":"Feature","geometry":{"type":"Point","coordinates":[11.450107,46.599494]},"properties":{"id":2440,"hoehe_m":1937,"sektoren_frei":[],"sektoren_blockiert":["NNW"],"erste_kollision_m":{"NNW":23},"flaeche_m2":156,"neigung_grad":13.7,"ausrichtung_grad":298,"weg_abstand_m":20,"wald_hinweis":false}},{"type":"Feature","geometry":{"type":"Point","coordinates":[11.447583,46.634018]},"properties":{"id":2441,"hoehe_m":1937,"sektoren_frei":[],"sektoren_blockiert":["WSW"],"erste_kollision_m":{"WSW":12},"flaeche_m2":1050,"neigung_grad":15.8,"ausrichtung_grad":269,"weg_abstand_m":237,"wald_hinweis":false}},{"type":"Feature","geometry":{"type":"Point","coordinates":[11.447576,46.594036]},"properties":{"id":2442,"hoehe_m":1937,"sektoren_frei":[],"sektoren_blockiert":["W"],"erste_kollision_m":{"W":2},"flaeche_m2":431,"neigung_grad":9.1,"ausrichtung_grad":237,"weg_abstand_m":2,"wald_hinweis":false}},{"type":"Feature","geometry":{"type":"Point","coordinates":[11.4814,46.620689]},"properties":{"id":2443,"hoehe_m":1937,"sektoren_frei":[],"sektoren_blockiert":["SSW"],"erste_kollision_m":{"SSW":6},"flaeche_m2":1381,"neigung_grad":8.3,"ausrichtung_grad":170,"weg_abstand_m":63,"wald_hinweis":false}},{"type":"Feature","geometry":{"type":"Point","coordinates":[11.438844,46.632179]},"properties":{"id":2444,"hoehe_m":1936,"sektoren_frei":["SW"],"sektoren_blockiert":[],"erste_kollision_m":{},"flaeche_m2":27475,"neigung_grad":18.7,"ausrichtung_grad":248,"weg_abstand_m":203,"wald_hinweis":false}},{"type":"Feature","geometry":{"type":"Point","coordinates":[11.474349,46.619312]},"properties":{"id":2445,"hoehe_m":1936,"sektoren_frei":[],"sektoren_blockiert":["O"],"erste_kollision_m":{"O":5},"flaeche_m2":112,"neigung_grad":13.3,"ausrichtung_grad":97,"weg_abstand_m":58,"wald_hinweis":true}},{"type":"Feature","geometry":{"type":"Point","coordinates":[11.478413,46.619629]},"properties":{"id":2446,"hoehe_m":1936,"sektoren_frei":[],"sektoren_blockiert":["WSW"],"erste_kollision_m":{"WSW":13},"flaeche_m2":1338,"neigung_grad":12.2,"ausrichtung_grad":207,"weg_abstand_m":71,"wald_hinweis":false}},{"type":"Feature","geometry":{"type":"Point","coordinates":[11.443185,46.632829]},"properties":{"id":2447,"hoehe_m":1936,"sektoren_frei":[],"sektoren_blockiert":["S"],"erste_kollision_m":{"S":229},"flaeche_m2":138,"neigung_grad":27.5,"ausrichtung_grad":139,"weg_abstand_m":203,"wald_hinweis":false}},{"type":"Feature","geometry":{"type":"Point","coordinates":[11.448583,46.593205]},"properties":{"id":2448,"hoehe_m":1935,"sektoren_frei":[],"sektoren_blockiert":["WSW"],"erste_kollision_m":{"WSW":15},"flaeche_m2":325,"neigung_grad":11.0,"ausrichtung_grad":216,"weg_abstand_m":57,"wald_hinweis":false}},{"type":"Feature","geometry":{"type":"Point","coordinates":[11.476092,46.617429]},"properties":{"id":2449,"hoehe_m":1935,"sektoren_frei":[],"sektoren_blockiert":["ONO","O","OSO","SO"],"erste_kollision_m":{"ONO":6,"O":8,"OSO":8,"SO":4},"flaeche_m2":706,"neigung_grad":11.6,"ausrichtung_grad":103,"weg_abstand_m":5,"wald_hinweis":true}},{"type":"Feature","geometry":{"type":"Point","coordinates":[11.482262,46.620963]},"properties":{"id":2450,"hoehe_m":1935,"sektoren_frei":[],"sektoren_blockiert":["O"],"erste_kollision_m":{"O":8},"flaeche_m2":250,"neigung_grad":8.9,"ausrichtung_grad":121,"weg_abstand_m":61,"wald_hinweis":false}},{"type":"Feature","geometry":{"type":"Point","coordinates":[11.475073,46.618711]},"properties":{"id":2451,"hoehe_m":1935,"sektoren_frei":[],"sektoren_blockiert":["NNO","NO","ONO","O"],"erste_kollision_m":{"NNO":25,"NO":25,"ONO":21,"O":21},"flaeche_m2":2906,"neigung_grad":14.3,"ausrichtung_grad":57,"weg_abstand_m":59,"wald_hinweis":false}},{"type":"Feature","geometry":{"type":"Point","coordinates":[11.424619,46.629602]},"properties":{"id":2452,"hoehe_m":1935,"sektoren_frei":["S"],"sektoren_blockiert":[],"erste_kollision_m":{},"flaeche_m2":255181,"neigung_grad":19.2,"ausrichtung_grad":203,"weg_abstand_m":14,"wald_hinweis":false}},{"type":"Feature","geometry":{"type":"Point","coordinates":[11.433443,46.636277]},"properties":{"id":2453,"hoehe_m":1934,"sektoren_frei":[],"sektoren_blockiert":["NO","ONO","O","OSO","SO","SSO"],"erste_kollision_m":{"NO":50,"ONO":78,"O":78,"OSO":15,"SO":9,"SSO":17},"flaeche_m2":16831,"neigung_grad":13.0,"ausrichtung_grad":115,"weg_abstand_m":195,"wald_hinweis":false}},{"type":"Feature","geometry":{"type":"Point","coordinates":[11.426181,46.610467]},"properties":{"id":2454,"hoehe_m":1934,"sektoren_frei":[],"sektoren_blockiert":["SW","WSW"],"erste_kollision_m":{"SW":6,"WSW":8},"flaeche_m2":1731,"neigung_grad":25.8,"ausrichtung_grad":258,"weg_abstand_m":311,"wald_hinweis":false}},{"type":"Feature","geometry":{"type":"Point","coordinates":[11.45012,46.599786]},"properties":{"id":2455,"hoehe_m":1934,"sektoren_frei":[],"sektoren_blockiert":["NNW"],"erste_kollision_m":{"NNW":33},"flaeche_m2":269,"neigung_grad":15.1,"ausrichtung_grad":301,"weg_abstand_m":9,"wald_hinweis":false}},{"type":"Feature","geometry":{"type":"Point","coordinates":[11.47543,46.616521]},"properties":{"id":2456,"hoehe_m":1934,"sektoren_frei":[],"sektoren_blockiert":["ONO","O"],"erste_kollision_m":{"ONO":6,"O":10},"flaeche_m2":225,"neigung_grad":8.6,"ausrichtung_grad":87,"weg_abstand_m":24,"wald_hinweis":true}},{"type":"Feature","geometry":{"type":"Point","coordinates":[11.425691,46.629467]},"properties":{"id":2457,"hoehe_m":1934,"sektoren_frei":["SO"],"sektoren_blockiert":["OSO"],"erste_kollision_m":{"OSO":10},"flaeche_m2":344044,"neigung_grad":14.5,"ausrichtung_grad":160,"weg_abstand_m":76,"wald_hinweis":false}},{"type":"Feature","geometry":{"type":"Point","coordinates":[11.438485,46.632907]},"properties":{"id":2458,"hoehe_m":1934,"sektoren_frei":[],"sektoren_blockiert":["SSW"],"erste_kollision_m":{"SSW":38},"flaeche_m2":1400,"neigung_grad":19.3,"ausrichtung_grad":240,"weg_abstand_m":154,"wald_hinweis":false}},{"type":"Feature","geometry":{"type":"Point","coordinates":[11.445589,46.633993]},"properties":{"id":2459,"hoehe_m":1933,"sektoren_frei":[],"sektoren_blockiert":["O"],"erste_kollision_m":{"O":24},"flaeche_m2":300,"neigung_grad":26.1,"ausrichtung_grad":125,"weg_abstand_m":166,"wald_hinweis":false}},{"type":"Feature","geometry":{"type":"Point","coordinates":[11.475244,46.61603]},"properties":{"id":2460,"hoehe_m":1932,"sektoren_frei":[],"sektoren_blockiert":["SO","SSO","S"],"erste_kollision_m":{"SO":11,"SSO":10,"S":10},"flaeche_m2":575,"neigung_grad":11.2,"ausrichtung_grad":154,"weg_abstand_m":57,"wald_hinweis":true}},{"type":"Feature","geometry":{"type":"Point","coordinates":[11.471979,46.637543]},"properties":{"id":2461,"hoehe_m":1932,"sektoren_frei":[],"sektoren_blockiert":["NNW"],"erste_kollision_m":{"NNW":25},"flaeche_m2":131,"neigung_grad":18.1,"ausrichtung_grad":8,"weg_abstand_m":32,"wald_hinweis":false}},{"type":"Feature","geometry":{"type":"Point","coordinates":[11.47573,46.61665]},"properties":{"id":2462,"hoehe_m":1932,"sektoren_frei":[],"sektoren_blockiert":["OSO"],"erste_kollision_m":{"OSO":25},"flaeche_m2":425,"neigung_grad":11.8,"ausrichtung_grad":94,"weg_abstand_m":1,"wald_hinweis":false}},{"type":"Feature","geometry":{"type":"Point","coordinates":[11.43943,46.620512]},"properties":{"id":2463,"hoehe_m":1932,"sektoren_frei":[],"sektoren_blockiert":["SW","WNW"],"erste_kollision_m":{"SW":41,"WNW":27},"flaeche_m2":156,"neigung_grad":28.2,"ausrichtung_grad":262,"weg_abstand_m":462,"wald_hinweis":false}},{"type":"Feature","geometry":{"type":"Point","coordinates":[11.431318,46.60489]},"properties":{"id":2464,"hoehe_m":1931,"sektoren_frei":[],"sektoren_blockiert":["OSO"],"erste_kollision_m":{"OSO":6},"flaeche_m2":11062,"neigung_grad":10.8,"ausrichtung_grad":146,"weg_abstand_m":11,"wald_hinweis":false}},{"type":"Feature","geometry":{"type":"Point","coordinates":[11.428037,46.630069]},"properties":{"id":2465,"hoehe_m":1931,"sektoren_frei":["S"],"sektoren_blockiert":[],"erste_kollision_m":{},"flaeche_m2":255181,"neigung_grad":16.1,"ausrichtung_grad":144,"weg_abstand_m":41,"wald_hinweis":false}},{"type":"Feature","geometry":{"type":"Point","coordinates":[11.438828,46.63182]},"properties":{"id":2466,"hoehe_m":1931,"sektoren_frei":["SW","SW"],"sektoren_blockiert":["SSW"],"erste_kollision_m":{"SSW":6},"flaeche_m2":27475,"neigung_grad":23.3,"ausrichtung_grad":245,"weg_abstand_m":234,"wald_hinweis":false}},{"type":"Feature","geometry":{"type":"Point","coordinates":[11.435876,46.63663]},"properties":{"id":2467,"hoehe_m":1931,"sektoren_frei":[],"sektoren_blockiert":["S","WSW","W"],"erste_kollision_m":{"S":15,"WSW":9,"W":8},"flaeche_m2":3362,"neigung_grad":15.7,"ausrichtung_grad":203,"weg_abstand_m":169,"wald_hinweis":true}},{"type":"Feature","geometry":{"type":"Point","coordinates":[11.429382,46.630941]},"properties":{"id":2468,"hoehe_m":1931,"sektoren_frei":["OSO"],"sektoren_blockiert":[],"erste_kollision_m":{},"flaeche_m2":241525,"neigung_grad":19.3,"ausrichtung_grad":137,"weg_abstand_m":27,"wald_hinweis":false}},{"type":"Feature","geometry":{"type":"Point","coordinates":[11.481205,46.619996]},"properties":{"id":2469,"hoehe_m":1930,"sektoren_frei":[],"sektoren_blockiert":["ONO"],"erste_kollision_m":{"ONO":6},"flaeche_m2":494,"neigung_grad":11.9,"ausrichtung_grad":104,"weg_abstand_m":11,"wald_hinweis":true}},{"type":"Feature","geometry":{"type":"Point","coordinates":[11.435626,46.636883]},"properties":{"id":2470,"hoehe_m":1930,"sektoren_frei":[],"sektoren_blockiert":["SSW"],"erste_kollision_m":{"SSW":6},"flaeche_m2":19306,"neigung_grad":11.6,"ausrichtung_grad":224,"weg_abstand_m":201,"wald_hinweis":false}},{"type":"Feature","geometry":{"type":"Point","coordinates":[11.482303,46.620444]},"properties":{"id":2471,"hoehe_m":1930,"sektoren_frei":[],"sektoren_blockiert":["OSO"],"erste_kollision_m":{"OSO":6},"flaeche_m2":550,"neigung_grad":8.8,"ausrichtung_grad":138,"weg_abstand_m":42,"wald_hinweis":false}},{"type":"Feature","geometry":{"type":"Point","coordinates":[11.426438,46.629383]},"properties":{"id":2472,"hoehe_m":1930,"sektoren_frei":["SSW"],"sektoren_blockiert":[],"erste_kollision_m":{},"flaeche_m2":334506,"neigung_grad":17.1,"ausrichtung_grad":178,"weg_abstand_m":82,"wald_hinweis":false}},{"type":"Feature","geometry":{"type":"Point","coordinates":[11.426837,46.629532]},"properties":{"id":2473,"hoehe_m":1930,"sektoren_frei":[],"sektoren_blockiert":["SSW"],"erste_kollision_m":{"SSW":6},"flaeche_m2":462,"neigung_grad":14.3,"ausrichtung_grad":169,"weg_abstand_m":72,"wald_hinweis":false}},{"type":"Feature","geometry":{"type":"Point","coordinates":[11.430739,46.60434]},"properties":{"id":2474,"hoehe_m":1930,"sektoren_frei":[],"sektoren_blockiert":["O"],"erste_kollision_m":{"O":5},"flaeche_m2":6156,"neigung_grad":9.7,"ausrichtung_grad":116,"weg_abstand_m":42,"wald_hinweis":false}},{"type":"Feature","geometry":{"type":"Point","coordinates":[11.475759,46.619439]},"properties":{"id":2475,"hoehe_m":1930,"sektoren_frei":[],"sektoren_blockiert":["ONO"],"erste_kollision_m":{"ONO":6},"flaeche_m2":269,"neigung_grad":11.7,"ausrichtung_grad":106,"weg_abstand_m":13,"wald_hinweis":true}},{"type":"Feature","geometry":{"type":"Point","coordinates":[11.438951,46.631637]},"properties":{"id":2476,"hoehe_m":1930,"sektoren_frei":["SSW"],"sektoren_blockiert":[],"erste_kollision_m":{},"flaeche_m2":21294,"neigung_grad":18.3,"ausrichtung_grad":202,"weg_abstand_m":245,"wald_hinweis":false}},{"type":"Feature","geometry":{"type":"Point","coordinates":[11.42477,46.629329]},"properties":{"id":2477,"hoehe_m":1929,"sektoren_frei":[],"sektoren_blockiert":["W"],"erste_kollision_m":{"W":37},"flaeche_m2":112,"neigung_grad":19.6,"ausrichtung_grad":233,"weg_abstand_m":8,"wald_hinweis":false}},{"type":"Feature","geometry":{"type":"Point","coordinates":[11.446509,46.594261]},"properties":{"id":2478,"hoehe_m":1929,"sektoren_frei":[],"sektoren_blockiert":["WNW"],"erste_kollision_m":{"WNW":9},"flaeche_m2":444,"neigung_grad":11.5,"ausrichtung_grad":252,"weg_abstand_m":49,"wald_hinweis":false}},{"type":"Feature","geometry":{"type":"Point","coordinates":[11.442704,46.627215]},"properties":{"id":2479,"hoehe_m":1929,"sektoren_frei":["WSW","W"],"sektoren_blockiert":["SW","NNW"],"erste_kollision_m":{"SW":58,"NNW":174},"flaeche_m2":33119,"neigung_grad":25.6,"ausrichtung_grad":277,"weg_abstand_m":519,"wald_hinweis":false}},{"type":"Feature","geometry":{"type":"Point","coordinates":[11.427732,46.629828]},"properties":{"id":2480,"hoehe_m":1928,"sektoren_frei":["OSO"],"sektoren_blockiert":["O"],"erste_kollision_m":{"O":37},"flaeche_m2":241525,"neigung_grad":18.1,"ausrichtung_grad":139,"weg_abstand_m":41,"wald_hinweis":false}},{"type":"Feature","geometry":{"type":"Point","coordinates":[11.429976,46.604086]},"properties":{"id":2481,"hoehe_m":1928,"sektoren_frei":[],"sektoren_blockiert":["SSW","SW","WSW","W"],"erste_kollision_m":{"SSW":6,"SW":4,"WSW":6,"W":2},"flaeche_m2":4638,"neigung_grad":8.1,"ausrichtung_grad":239,"weg_abstand_m":22,"wald_hinweis":false}},{"type":"Feature","geometry":{"type":"Point","coordinates":[11.443492,46.628053]},"properties":{"id":2482,"hoehe_m":1928,"sektoren_frei":[],"sektoren_blockiert":["NNW"],"erste_kollision_m":{"NNW":183},"flaeche_m2":962,"neigung_grad":22.3,"ausrichtung_grad":310,"weg_abstand_m":411,"wald_hinweis":false}},{"type":"Feature","geometry":{"type":"Point","coordinates":[11.447811,46.592726]},"properties":{"id":2483,"hoehe_m":1927,"sektoren_frei":[],"sektoren_blockiert":["OSO","SO"],"erste_kollision_m":{"OSO":6,"SO":4},"flaeche_m2":22119,"neigung_grad":9.9,"ausrichtung_grad":137,"weg_abstand_m":17,"wald_hinweis":false}},{"type":"Feature","geometry":{"type":"Point","coordinates":[11.447128,46.634072]},"properties":{"id":2484,"hoehe_m":1927,"sektoren_frei":[],"sektoren_blockiert":["W","WNW","NW"],"erste_kollision_m":{"W":2,"WNW":6,"NW":48},"flaeche_m2":238,"neigung_grad":24.2,"ausrichtung_grad":291,"weg_abstand_m":239,"wald_hinweis":false}},{"type":"Feature","geometry":{"type":"Point","coordinates":[11.482828,46.620501]},"properties":{"id":2485,"hoehe_m":1927,"sektoren_frei":[],"sektoren_blockiert":["OSO"],"erste_kollision_m":{"OSO":25},"flaeche_m2":194,"neigung_grad":9.9,"ausrichtung_grad":137,"weg_abstand_m":8,"wald_hinweis":false}},{"type":"Feature","geometry":{"type":"Point","coordinates":[11.430603,46.60351]},"properties":{"id":2486,"hoehe_m":1927,"sektoren_frei":[],"sektoren_blockiert":["ONO"],"erste_kollision_m":{"ONO":6},"flaeche_m2":1919,"neigung_grad":13.3,"ausrichtung_grad":101,"weg_abstand_m":101,"wald_hinweis":false}},{"type":"Feature","geometry":{"type":"Point","coordinates":[11.478816,46.61917]},"properties":{"id":2487,"hoehe_m":1927,"sektoren_frei":[],"sektoren_blockiert":["SO"],"erste_kollision_m":{"SO":6},"flaeche_m2":219,"neigung_grad":12.1,"ausrichtung_grad":173,"weg_abstand_m":78,"wald_hinweis":false}},{"type":"Feature","geometry":{"type":"Point","coordinates":[11.430053,46.603612]},"properties":{"id":2488,"hoehe_m":1927,"sektoren_frei":[],"sektoren_blockiert":["W"],"erste_kollision_m":{"W":8},"flaeche_m2":1525,"neigung_grad":7.9,"ausrichtung_grad":267,"weg_abstand_m":65,"wald_hinweis":false}},{"type":"Feature","geometry":{"type":"Point","coordinates":[11.442848,46.627527]},"properties":{"id":2489,"hoehe_m":1927,"sektoren_frei":["WSW","W"],"sektoren_blockiert":["NNW"],"erste_kollision_m":{"NNW":170},"flaeche_m2":844,"neigung_grad":24.5,"ausrichtung_grad":283,"weg_abstand_m":487,"wald_hinweis":false}},{"type":"Feature","geometry":{"type":"Point","coordinates":[11.429689,46.604227]},"properties":{"id":2490,"hoehe_m":1926,"sektoren_frei":[],"sektoren_blockiert":["SSW"],"erste_kollision_m":{"SSW":6},"flaeche_m2":125,"neigung_grad":8.5,"ausrichtung_grad":241,"weg_abstand_m":5,"wald_hinweis":false}},{"type":"Feature","geometry":{"type":"Point","coordinates":[11.430496,46.603288]},"properties":{"id":2491,"hoehe_m":1926,"sektoren_frei":["SSO"],"sektoren_blockiert":["SSW"],"erste_kollision_m":{"SSW":6},"flaeche_m2":50719,"neigung_grad":9.0,"ausrichtung_grad":185,"weg_abstand_m":115,"wald_hinweis":false}},{"type":"Feature","geometry":{"type":"Point","coordinates":[11.436527,46.635851]},"properties":{"id":2492,"hoehe_m":1926,"sektoren_frei":[],"sektoren_blockiert":["WSW","W"],"erste_kollision_m":{"WSW":12,"W":2},"flaeche_m2":12731,"neigung_grad":15.2,"ausrichtung_grad":237,"weg_abstand_m":76,"wald_hinweis":false}},{"type":"Feature","geometry":{"type":"Point","coordinates":[11.482325,46.620219]},"properties":{"id":2493,"hoehe_m":1926,"sektoren_frei":[],"sektoren_blockiert":["OSO"],"erste_kollision_m":{"OSO":8},"flaeche_m2":588,"neigung_grad":9.3,"ausrichtung_grad":150,"weg_abstand_m":55,"wald_hinweis":false}},{"type":"Feature","geometry":{"type":"Point","coordinates":[11.42486,46.629147]},"properties":{"id":2494,"hoehe_m":1925,"sektoren_frei":["SSO","SSO"],"sektoren_blockiert":[],"erste_kollision_m":{},"flaeche_m2":361119,"neigung_grad":15.5,"ausrichtung_grad":180,"weg_abstand_m":10,"wald_hinweis":false}},{"type":"Feature","geometry":{"type":"Point","coordinates":[11.437315,46.635227]},"properties":{"id":2495,"hoehe_m":1925,"sektoren_frei":[],"sektoren_blockiert":["WSW"],"erste_kollision_m":{"WSW":18},"flaeche_m2":475,"neigung_grad":16.9,"ausrichtung_grad":240,"weg_abstand_m":32,"wald_hinweis":false}},{"type":"Feature","geometry":{"type":"Point","coordinates":[11.425974,46.610224]},"properties":{"id":2496,"hoehe_m":1925,"sektoren_frei":["W"],"sektoren_blockiert":[],"erste_kollision_m":{},"flaeche_m2":9569,"neigung_grad":24.8,"ausrichtung_grad":257,"weg_abstand_m":336,"wald_hinweis":false}},{"type":"Feature","geometry":{"type":"Point","coordinates":[11.433888,46.635997]},"properties":{"id":2497,"hoehe_m":1924,"sektoren_frei":[],"sektoren_blockiert":["SSO"],"erste_kollision_m":{"SSO":26},"flaeche_m2":606,"neigung_grad":10.5,"ausrichtung_grad":135,"weg_abstand_m":150,"wald_hinweis":false}},{"type":"Feature","geometry":{"type":"Point","coordinates":[11.443905,46.628516]},"properties":{"id":2498,"hoehe_m":1924,"sektoren_frei":[],"sektoren_blockiert":["WSW","WSW"],"erste_kollision_m":{"WSW":50},"flaeche_m2":388,"neigung_grad":16.5,"ausrichtung_grad":284,"weg_abstand_m":352,"wald_hinweis":false}},{"type":"Feature","geometry":{"type":"Point","coordinates":[11.425774,46.629128]},"properties":{"id":2499,"hoehe_m":1924,"sektoren_frei":["SO","SO"],"sektoren_blockiert":["OSO"],"erste_kollision_m":{"OSO":18},"flaeche_m2":344044,"neigung_grad":16.6,"ausrichtung_grad":156,"weg_abstand_m":58,"wald_hinweis":false}},{"type":"Feature","geometry":{"type":"Point","coordinates":[11.434232,46.636395]},"properties":{"id":2500,"hoehe_m":1924,"sektoren_frei":[],"sektoren_blockiert":["O","SSO"],"erste_kollision_m":{"O":8,"SSO":8},"flaeche_m2":650,"neigung_grad":10.8,"ausrichtung_grad":100,"weg_abstand_m":172,"wald_hinweis":false}},{"type":"Feature","geometry":{"type":"Point","coordinates":[11.425446,46.629089]},"properties":{"id":2501,"hoehe_m":1924,"sektoren_frei":[],"sektoren_blockiert":["SW"],"erste_kollision_m":{"SW":11},"flaeche_m2":175,"neigung_grad":11.7,"ausrichtung_grad":212,"weg_abstand_m":33,"wald_hinweis":false}},{"type":"Feature","geometry":{"type":"Point","coordinates":[11.481266,46.619184]},"properties":{"id":2502,"hoehe_m":1924,"sektoren_frei":[],"sektoren_blockiert":["O","OSO","SO","SSO"],"erste_kollision_m":{"O":2,"OSO":6,"SO":4,"SSO":6},"flaeche_m2":1006,"neigung_grad":8.6,"ausrichtung_grad":128,"weg_abstand_m":32,"wald_hinweis":true}},{"type":"Feature","geometry":{"type":"Point","coordinates":[11.478322,46.619068]},"properties":{"id":2503,"hoehe_m":1924,"sektoren_frei":[],"sektoren_blockiert":["WSW"],"erste_kollision_m":{"WSW":8},"flaeche_m2":312,"neigung_grad":12.4,"ausrichtung_grad":206,"weg_abstand_m":39,"wald_hinweis":false}},{"type":"Feature","geometry":{"type":"Point","coordinates":[11.443745,46.63293]},"properties":{"id":2504,"hoehe_m":1923,"sektoren_frei":[],"sektoren_blockiert":["O"],"erste_kollision_m":{"O":45},"flaeche_m2":138,"neigung_grad":23.1,"ausrichtung_grad":129,"weg_abstand_m":221,"wald_hinweis":false}},{"type":"Feature","geometry":{"type":"Point","coordinates":[11.436928,46.635325]},"properties":{"id":2505,"hoehe_m":1923,"sektoren_frei":[],"sektoren_blockiert":["W"],"erste_kollision_m":{"W":18},"flaeche_m2":800,"neigung_grad":18.3,"ausrichtung_grad":239,"weg_abstand_m":22,"wald_hinweis":false}},{"type":"Feature","geometry":{"type":"Point","coordinates":[11.483769,46.620368]},"properties":{"id":2506,"hoehe_m":1923,"sektoren_frei":[],"sektoren_blockiert":["SSO"],"erste_kollision_m":{"SSO":9},"flaeche_m2":32456,"neigung_grad":10.9,"ausrichtung_grad":158,"weg_abstand_m":7,"wald_hinweis":true}},{"type":"Feature","geometry":{"type":"Point","coordinates":[11.430223,46.603024]},"properties":{"id":2507,"hoehe_m":1923,"sektoren_frei":["SO","SO","S"],"sektoren_blockiert":[],"erste_kollision_m":{},"flaeche_m2":48862,"neigung_grad":11.0,"ausrichtung_grad":171,"weg_abstand_m":127,"wald_hinweis":false}},{"type":"Feature","geometry":{"type":"Point","coordinates":[11.483404,46.620241]},"properties":{"id":2508,"hoehe_m":1923,"sektoren_frei":[],"sektoren_blockiert":["OSO","S","SSW","SW"],"erste_kollision_m":{"OSO":6,"S":2,"SSW":13,"SW":26},"flaeche_m2":2231,"neigung_grad":11.9,"ausrichtung_grad":162,"weg_abstand_m":21,"wald_hinweis":true}},{"type":"Feature","geometry":{"type":"Point","coordinates":[11.479003,46.618964]},"properties":{"id":2509,"hoehe_m":1922,"sektoren_frei":[],"sektoren_blockiert":["SO"],"erste_kollision_m":{"SO":6},"flaeche_m2":4125,"neigung_grad":11.4,"ausrichtung_grad":174,"weg_abstand_m":71,"wald_hinweis":false}},{"type":"Feature","geometry":{"type":"Point","coordinates":[11.447821,46.592231]},"properties":{"id":2510,"hoehe_m":1922,"sektoren_frei":[],"sektoren_blockiert":["O","OSO"],"erste_kollision_m":{"O":2,"OSO":40},"flaeche_m2":844,"neigung_grad":11.1,"ausrichtung_grad":125,"weg_abstand_m":42,"wald_hinweis":false}},{"type":"Feature","geometry":{"type":"Point","coordinates":[11.434253,46.636125]},"properties":{"id":2511,"hoehe_m":1922,"sektoren_frei":[],"sektoren_blockiert":["S"],"erste_kollision_m":{"S":2},"flaeche_m2":125,"neigung_grad":10.3,"ausrichtung_grad":157,"weg_abstand_m":145,"wald_hinweis":false}},{"type":"Feature","geometry":{"type":"Point","coordinates":[11.449714,46.592235]},"properties":{"id":2512,"hoehe_m":1922,"sektoren_frei":[],"sektoren_blockiert":["WSW"],"erste_kollision_m":{"WSW":10},"flaeche_m2":588,"neigung_grad":12.9,"ausrichtung_grad":211,"weg_abstand_m":64,"wald_hinweis":false}},{"type":"Feature","geometry":{"type":"Point","coordinates":[11.484059,46.620271]},"properties":{"id":2513,"hoehe_m":1922,"sektoren_frei":[],"sektoren_blockiert":["S"],"erste_kollision_m":{"S":29},"flaeche_m2":162,"neigung_grad":11.8,"ausrichtung_grad":162,"weg_abstand_m":9,"wald_hinweis":true}},{"type":"Feature","geometry":{"type":"Point","coordinates":[11.482845,46.620163]},"properties":{"id":2514,"hoehe_m":1921,"sektoren_frei":[],"sektoren_blockiert":["SSW"],"erste_kollision_m":{"SSW":9},"flaeche_m2":238,"neigung_grad":8.3,"ausrichtung_grad":182,"weg_abstand_m":46,"wald_hinweis":false}},{"type":"Feature","geometry":{"type":"Point","coordinates":[11.433842,46.635706]},"properties":{"id":2515,"hoehe_m":1921,"sektoren_frei":[],"sektoren_blockiert":["O"],"erste_kollision_m":{"O":13},"flaeche_m2":200,"neigung_grad":10.1,"ausrichtung_grad":77,"weg_abstand_m":126,"wald_hinweis":false}},{"type":"Feature","geometry":{"type":"Point","coordinates":[11.446063,46.592336]},"properties":{"id":2516,"hoehe_m":1921,"sektoren_frei":[],"sektoren_blockiert":["SSW","SW","WSW","W"],"erste_kollision_m":{"SSW":6,"SW":4,"WSW":6,"W":2},"flaeche_m2":22912,"neigung_grad":8.4,"ausrichtung_grad":216,"weg_abstand_m":14,"wald_hinweis":false}},{"type":"Feature","geometry":{"type":"Point","coordinates":[11.434956,46.636515]},"properties":{"id":2517,"hoehe_m":1921,"sektoren_frei":[],"sektoren_blockiert":["SSO"],"erste_kollision_m":{"SSO":9},"flaeche_m2":2725,"neigung_grad":11.7,"ausrichtung_grad":186,"weg_abstand_m":170,"wald_hinweis":false}},{"type":"Feature","geometry":{"type":"Point","coordinates":[11.433928,46.635434]},"properties":{"id":2518,"hoehe_m":1920,"sektoren_frei":[],"sektoren_blockiert":["OSO","SSO","SSO"],"erste_kollision_m":{"OSO":6,"SSO":9},"flaeche_m2":8125,"neigung_grad":10.6,"ausrichtung_grad":131,"weg_abstand_m":97,"wald_hinweis":false}},{"type":"Feature","geometry":{"type":"Point","coordinates":[11.445956,46.593576]},"properties":{"id":2519,"hoehe_m":1920,"sektoren_frei":[],"sektoren_blockiert":["WSW","W","WNW","NW"],"erste_kollision_m":{"WSW":6,"W":2,"WNW":6,"NW":4},"flaeche_m2":2462,"neigung_grad":9.0,"ausrichtung_grad":281,"weg_abstand_m":121,"wald_hinweis":false}},{"type":"Feature","geometry":{"type":"Point","coordinates":[11.475667,46.615278]},"properties":{"id":2520,"hoehe_m":1920,"sektoren_frei":[],"sektoren_blockiert":["OSO","SO","SSO"],"erste_kollision_m":{"OSO":6,"SO":4,"SSO":6},"flaeche_m2":250,"neigung_grad":7.9,"ausrichtung_grad":120,"weg_abstand_m":39,"wald_hinweis":true}},{"type":"Feature","geometry":{"type":"Point","coordinates":[11.44579,46.592792]},"properties":{"id":2521,"hoehe_m":1919,"sektoren_frei":[],"sektoren_blockiert":["WSW","WSW","W","WNW","NW"],"erste_kollision_m":{"WSW":6,"W":8,"WNW":9,"NW":4},"flaeche_m2":7125,"neigung_grad":9.0,"ausrichtung_grad":275,"weg_abstand_m":41,"wald_hinweis":false}},{"type":"Feature","geometry":{"type":"Point","coordinates":[11.444701,46.630952]},"properties":{"id":2522,"hoehe_m":1919,"sektoren_frei":[],"sektoren_blockiert":["NNW"],"erste_kollision_m":{"NNW":6},"flaeche_m2":1538,"neigung_grad":25.6,"ausrichtung_grad":309,"weg_abstand_m":198,"wald_hinweis":false}},{"type":"Feature","geometry":{"type":"Point","coordinates":[11.475087,46.634776]},"properties":{"id":2523,"hoehe_m":1919,"sektoren_frei":[],"sektoren_blockiert":["NNO","NO","ONO","O"],"erste_kollision_m":{"NNO":8,"NO":9,"ONO":12,"O":8},"flaeche_m2":900,"neigung_grad":13.9,"ausrichtung_grad":46,"weg_abstand_m":86,"wald_hinweis":true}},{"type":"Feature","geometry":{"type":"Point","coordinates":[11.447052,46.59182]},"properties":{"id":2524,"hoehe_m":1919,"sektoren_frei":[],"sektoren_blockiert":["OSO"],"erste_kollision_m":{"OSO":6},"flaeche_m2":850,"neigung_grad":11.0,"ausrichtung_grad":148,"weg_abstand_m":90,"wald_hinweis":false}},{"type":"Feature","geometry":{"type":"Point","coordinates":[11.428938,46.604221]},"properties":{"id":2525,"hoehe_m":1919,"sektoren_frei":[],"sektoren_blockiert":["SW","WSW","W","WNW"],"erste_kollision_m":{"SW":4,"WSW":6,"W":5,"WNW":6},"flaeche_m2":344,"neigung_grad":9.1,"ausrichtung_grad":254,"weg_abstand_m":24,"wald_hinweis":false}},{"type":"Feature","geometry":{"type":"Point","coordinates":[11.465773,46.641142]},"properties":{"id":2526,"hoehe_m":1919,"sektoren_frei":[],"sektoren_blockiert":["SO"],"erste_kollision_m":{"SO":105},"flaeche_m2":450,"neigung_grad":21.4,"ausrichtung_grad":101,"weg_abstand_m":19,"wald_hinweis":true}},{"type":"Feature","geometry":{"type":"Point","coordinates":[11.482902,46.619981]},"properties":{"id":2527,"hoehe_m":1919,"sektoren_frei":[],"sektoren_blockiert":["SO"],"erste_kollision_m":{"SO":4},"flaeche_m2":125,"neigung_grad":9.7,"ausrichtung_grad":177,"weg_abstand_m":66,"wald_hinweis":false}},{"type":"Feature","geometry":{"type":"Point","coordinates":[11.438681,46.631463]},"properties":{"id":2528,"hoehe_m":1918,"sektoren_frei":["SW"],"sektoren_blockiert":[],"erste_kollision_m":{},"flaeche_m2":27475,"neigung_grad":21.9,"ausrichtung_grad":234,"weg_abstand_m":273,"wald_hinweis":false}},{"type":"Feature","geometry":{"type":"Point","coordinates":[11.42537,46.628866]},"properties":{"id":2529,"hoehe_m":1918,"sektoren_frei":["SSW"],"sektoren_blockiert":["SO"],"erste_kollision_m":{"SO":11},"flaeche_m2":334506,"neigung_grad":14.8,"ausrichtung_grad":185,"weg_abstand_m":20,"wald_hinweis":false}},{"type":"Feature","geometry":{"type":"Point","coordinates":[11.482535,46.619809]},"properties":{"id":2530,"hoehe_m":1917,"sektoren_frei":[],"sektoren_blockiert":["OSO"],"erste_kollision_m":{"OSO":20},"flaeche_m2":175,"neigung_grad":10.7,"ausrichtung_grad":145,"weg_abstand_m":88,"wald_hinweis":false}},{"type":"Feature","geometry":{"type":"Point","coordinates":[11.444204,46.629343]},"properties":{"id":2531,"hoehe_m":1917,"sektoren_frei":[],"sektoren_blockiert":["WSW"],"erste_kollision_m":{"WSW":20},"flaeche_m2":2638,"neigung_grad":23.0,"ausrichtung_grad":259,"weg_abstand_m":279,"wald_hinweis":false}},{"type":"Feature","geometry":{"type":"Point","coordinates":[11.43635,46.63554]},"properties":{"id":2532,"hoehe_m":1916,"sektoren_frei":[],"sektoren_blockiert":["S","W"],"erste_kollision_m":{"S":18,"W":2},"flaeche_m2":2962,"neigung_grad":13.0,"ausrichtung_grad":208,"weg_abstand_m":44,"wald_hinweis":true}},{"type":"Feature","geometry":{"type":"Point","coordinates":[11.426063,46.609299]},"properties":{"id":2533,"hoehe_m":1916,"sektoren_frei":[],"sektoren_blockiert":["SW","WSW"],"erste_kollision_m":{"SW":11,"WSW":11},"flaeche_m2":200,"neigung_grad":19.2,"ausrichtung_grad":234,"weg_abstand_m":384,"wald_hinweis":true}},{"type":"Feature","geometry":{"type":"Point","coordinates":[11.482154,46.619323]},"properties":{"id":2534,"hoehe_m":1915,"sektoren_frei":[],"sektoren_blockiert":["O"],"erste_kollision_m":{"O":2},"flaeche_m2":112,"neigung_grad":9.7,"ausrichtung_grad":88,"weg_abstand_m":76,"wald_hinweis":true}},{"type":"Feature","geometry":{"type":"Point","coordinates":[11.442433,46.627018]},"properties":{"id":2535,"hoehe_m":1915,"sektoren_frei":["W"],"sektoren_blockiert":[],"erste_kollision_m":{},"flaeche_m2":144,"neigung_grad":26.6,"ausrichtung_grad":258,"weg_abstand_m":550,"wald_hinweis":false}},{"type":"Feature","geometry":{"type":"Point","coordinates":[11.444399,46.630778]},"properties":{"id":2536,"hoehe_m":1915,"sektoren_frei":[],"sektoren_blockiert":["NNW"],"erste_kollision_m":{"NNW":6},"flaeche_m2":1338,"neigung_grad":26.4,"ausrichtung_grad":311,"weg_abstand_m":221,"wald_hinweis":false}},{"type":"Feature","geometry":{"type":"Point","coordinates":[11.435001,46.636064]},"properties":{"id":2537,"hoehe_m":1915,"sektoren_frei":[],"sektoren_blockiert":["SO"],"erste_kollision_m":{"SO":7},"flaeche_m2":125,"neigung_grad":10.7,"ausrichtung_grad":142,"weg_abstand_m":120,"wald_hinweis":false}},{"type":"Feature","geometry":{"type":"Point","coordinates":[11.462553,46.601859]},"properties":{"id":2538,"hoehe_m":1915,"sektoren_frei":[],"sektoren_blockiert":["NO"],"erste_kollision_m":{"NO":4},"flaeche_m2":431,"neigung_grad":12.3,"ausrichtung_grad":57,"weg_abstand_m":1,"wald_hinweis":true}},{"type":"Feature","geometry":{"type":"Point","coordinates":[11.434595,46.635735]},"properties":{"id":2539,"hoehe_m":1915,"sektoren_frei":[],"sektoren_blockiert":["O"],"erste_kollision_m":{"O":2},"flaeche_m2":3094,"neigung_grad":10.8,"ausrichtung_grad":122,"weg_abstand_m":94,"wald_hinweis":false}},{"type":"Feature","geometry":{"type":"Point","coordinates":[11.476489,46.615396]},"properties":{"id":2540,"hoehe_m":1914,"sektoren_frei":[],"sektoren_blockiert":["ONO","O","OSO","SO"],"erste_kollision_m":{"ONO":6,"O":41,"OSO":138,"SO":6},"flaeche_m2":919,"neigung_grad":15.6,"ausrichtung_grad":108,"weg_abstand_m":23,"wald_hinweis":true}},{"type":"Feature","geometry":{"type":"Point","coordinates":[11.430884,46.631651]},"properties":{"id":2541,"hoehe_m":1914,"sektoren_frei":[],"sektoren_blockiert":["O","OSO","SO"],"erste_kollision_m":{"O":18,"OSO":18,"SO":22},"flaeche_m2":825,"neigung_grad":26.9,"ausrichtung_grad":114,"weg_abstand_m":12,"wald_hinweis":false}},{"type":"Feature","geometry":{"type":"Point","coordinates":[11.430538,46.602769]},"properties":{"id":2542,"hoehe_m":1914,"sektoren_frei":[],"sektoren_blockiert":["O"],"erste_kollision_m":{"O":8},"flaeche_m2":119,"neigung_grad":14.6,"ausrichtung_grad":130,"weg_abstand_m":163,"wald_hinweis":false}},{"type":"Feature","geometry":{"type":"Point","coordinates":[11.443902,46.629889]},"properties":{"id":2543,"hoehe_m":1914,"sektoren_frei":[],"sektoren_blockiert":["SW"],"erste_kollision_m":{"SW":4},"flaeche_m2":1319,"neigung_grad":19.6,"ausrichtung_grad":256,"weg_abstand_m":274,"wald_hinweis":false}},{"type":"Feature","geometry":{"type":"Point","coordinates":[11.476929,46.617884]},"properties":{"id":2544,"hoehe_m":1914,"sektoren_frei":[],"sektoren_blockiert":["ONO","O","OSO","SO"],"erste_kollision_m":{"ONO":17,"O":18,"OSO":41,"SO":31},"flaeche_m2":16931,"neigung_grad":12.1,"ausrichtung_grad":96,"weg_abstand_m":84,"wald_hinweis":true}},{"type":"Feature","geometry":{"type":"Point","coordinates":[11.443243,46.628306]},"properties":{"id":2545,"hoehe_m":1913,"sektoren_frei":[],"sektoren_blockiert":["WSW"],"erste_kollision_m":{"WSW":6},"flaeche_m2":2662,"neigung_grad":13.8,"ausrichtung_grad":281,"weg_abstand_m":406,"wald_hinweis":false}},{"type":"Feature","geometry":{"type":"Point","coordinates":[11.450283,46.591818]},"properties":{"id":2546,"hoehe_m":1913,"sektoren_frei":[],"sektoren_blockiert":["SW"],"erste_kollision_m":{"SW":6},"flaeche_m2":262,"neigung_grad":14.9,"ausrichtung_grad":187,"weg_abstand_m":84,"wald_hinweis":false}},{"type":"Feature","geometry":{"type":"Point","coordinates":[11.483477,46.619699]},"properties":{"id":2547,"hoehe_m":1913,"sektoren_frei":[],"sektoren_blockiert":["OSO","S"],"erste_kollision_m":{"OSO":28,"S":2},"flaeche_m2":2531,"neigung_grad":11.1,"ausrichtung_grad":174,"weg_abstand_m":68,"wald_hinweis":true}},{"type":"Feature","geometry":{"type":"Point","coordinates":[11.428412,46.604142]},"properties":{"id":2548,"hoehe_m":1913,"sektoren_frei":[],"sektoren_blockiert":["WNW","NW","NNW"],"erste_kollision_m":{"WNW":12,"NW":4,"NNW":8},"flaeche_m2":42038,"neigung_grad":8.0,"ausrichtung_grad":315,"weg_abstand_m":1,"wald_hinweis":false}},{"type":"Feature","geometry":{"type":"Point","coordinates":[11.425067,46.628648]},"properties":{"id":2549,"hoehe_m":1912,"sektoren_frei":["SSW"],"sektoren_blockiert":["W"],"erste_kollision_m":{"W":8},"flaeche_m2":334506,"neigung_grad":13.8,"ausrichtung_grad":189,"weg_abstand_m":5,"wald_hinweis":false}},{"type":"Feature","geometry":{"type":"Point","coordinates":[11.427871,46.603726]},"properties":{"id":2550,"hoehe_m":1912,"sektoren_frei":[],"sektoren_blockiert":["WNW","NW"],"erste_kollision_m":{"WNW":6,"NW":6},"flaeche_m2":138,"neigung_grad":7.7,"ausrichtung_grad":295,"weg_abstand_m":56,"wald_hinweis":false}},{"type":"Feature","geometry":{"type":"Point","coordinates":[11.446773,46.591421]},"properties":{"id":2551,"hoehe_m":1912,"sektoren_frei":[],"sektoren_blockiert":["SW"],"erste_kollision_m":{"SW":11},"flaeche_m2":488,"neigung_grad":13.5,"ausrichtung_grad":186,"weg_abstand_m":127,"wald_hinweis":false}},{"type":"Feature","geometry":{"type":"Point","coordinates":[11.427944,46.603904]},"properties":{"id":2552,"hoehe_m":1912,"sektoren_frei":[],"sektoren_blockiert":["W"],"erste_kollision_m":{"W":2},"flaeche_m2":35794,"neigung_grad":9.4,"ausrichtung_grad":304,"weg_abstand_m":36,"wald_hinweis":false}},{"type":"Feature","geometry":{"type":"Point","coordinates":[11.448553,46.59181]},"properties":{"id":2553,"hoehe_m":1912,"sektoren_frei":[],"sektoren_blockiert":["OSO"],"erste_kollision_m":{"OSO":8},"flaeche_m2":525,"neigung_grad":8.9,"ausrichtung_grad":138,"weg_abstand_m":15,"wald_hinweis":false}},{"type":"Feature","geometry":{"type":"Point","coordinates":[11.434922,46.63575]},"properties":{"id":2554,"hoehe_m":1911,"sektoren_frei":[],"sektoren_blockiert":["S"],"erste_kollision_m":{"S":8},"flaeche_m2":175,"neigung_grad":11.2,"ausrichtung_grad":162,"weg_abstand_m":87,"wald_hinweis":false}},{"type":"Feature","geometry":{"type":"Point","coordinates":[11.428712,46.602831]},"properties":{"id":2555,"hoehe_m":1911,"sektoren_frei":[],"sektoren_blockiert":["S","SSW"],"erste_kollision_m":{"S":8,"SSW":8},"flaeche_m2":294,"neigung_grad":7.5,"ausrichtung_grad":193,"weg_abstand_m":130,"wald_hinweis":false}},{"type":"Feature","geometry":{"type":"Point","coordinates":[11.427569,46.603552]},"properties":{"id":2556,"hoehe_m":1911,"sektoren_frei":[],"sektoren_blockiert":["WSW","W"],"erste_kollision_m":{"WSW":6,"W":2},"flaeche_m2":19462,"neigung_grad":8.4,"ausrichtung_grad":266,"weg_abstand_m":73,"wald_hinweis":false}},{"type":"Feature","geometry":{"type":"Point","coordinates":[11.445178,46.591522]},"properties":{"id":2557,"hoehe_m":1911,"sektoren_frei":[],"sektoren_blockiert":["SO"],"erste_kollision_m":{"SO":4},"flaeche_m2":531,"neigung_grad":10.7,"ausrichtung_grad":164,"weg_abstand_m":37,"wald_hinweis":false}},{"type":"Feature","geometry":{"type":"Point","coordinates":[11.482911,46.619464]},"properties":{"id":2558,"hoehe_m":1910,"sektoren_frei":[],"sektoren_blockiert":["OSO"],"erste_kollision_m":{"OSO":10},"flaeche_m2":12025,"neigung_grad":9.4,"ausrichtung_grad":128,"weg_abstand_m":113,"wald_hinweis":false}},{"type":"Feature","geometry":{"type":"Point","coordinates":[11.43665,46.634949]},"properties":{"id":2559,"hoehe_m":1910,"sektoren_frei":[],"sektoren_blockiert":["S","W"],"erste_kollision_m":{"S":18,"W":8},"flaeche_m2":256,"neigung_grad":13.2,"ausrichtung_grad":230,"weg_abstand_m":24,"wald_hinweis":false}},{"type":"Feature","geometry":{"type":"Point","coordinates":[11.447525,46.59145]},"properties":{"id":2560,"hoehe_m":1909,"sektoren_frei":[],"sektoren_blockiert":["OSO","OSO"],"erste_kollision_m":{"OSO":15},"flaeche_m2":450,"neigung_grad":9.2,"ausrichtung_grad":137,"weg_abstand_m":103,"wald_hinweis":false}},{"type":"Feature","geometry":{"type":"Point","coordinates":[11.438408,46.631199]},"properties":{"id":2561,"hoehe_m":1909,"sektoren_frei":["SSW","SW"],"sektoren_blockiert":["SO","SSO","S","W","WNW"],"erste_kollision_m":{"SO":17,"SSO":307,"S":381,"W":10,"WNW":16},"flaeche_m2":4294,"neigung_grad":21.3,"ausrichtung_grad":255,"weg_abstand_m":309,"wald_hinweis":false}},{"type":"Feature","geometry":{"type":"Point","coordinates":[11.425575,46.610052]},"properties":{"id":2562,"hoehe_m":1909,"sektoren_frei":["W","WNW"],"sektoren_blockiert":["WSW","NW"],"erste_kollision_m":{"WSW":22,"NW":7},"flaeche_m2":9569,"neigung_grad":20.6,"ausrichtung_grad":259,"weg_abstand_m":372,"wald_hinweis":false}},{"type":"Feature","geometry":{"type":"Point","coordinates":[11.442432,46.632058]},"properties":{"id":2563,"hoehe_m":1909,"sektoren_frei":[],"sektoren_blockiert":["SO","SSO"],"erste_kollision_m":{"SO":131,"SSO":131},"flaeche_m2":112,"neigung_grad":26.9,"ausrichtung_grad":152,"weg_abstand_m":207,"wald_hinweis":false}},{"type":"Feature","geometry":{"type":"Point","coordinates":[11.450081,46.591687]},"properties":{"id":2564,"hoehe_m":1909,"sektoren_frei":[],"sektoren_blockiert":["SO"],"erste_kollision_m":{"SO":6},"flaeche_m2":5206,"neigung_grad":12.5,"ausrichtung_grad":170,"weg_abstand_m":64,"wald_hinweis":false}},{"type":"Feature","geometry":{"type":"Point","coordinates":[11.451061,46.591689]},"properties":{"id":2565,"hoehe_m":1909,"sektoren_frei":[],"sektoren_blockiert":["SSW"],"erste_kollision_m":{"SSW":6},"flaeche_m2":925,"neigung_grad":17.4,"ausrichtung_grad":177,"weg_abstand_m":124,"wald_hinweis":true}},{"type":"Feature","geometry":{"type":"Point","coordinates":[11.444033,46.630629]},"properties":{"id":2566,"hoehe_m":1909,"sektoren_frei":[],"sektoren_blockiert":["W"],"erste_kollision_m":{"W":2},"flaeche_m2":1150,"neigung_grad":25.8,"ausrichtung_grad":298,"weg_abstand_m":250,"wald_hinweis":false}},{"type":"Feature","geometry":{"type":"Point","coordinates":[11.477146,46.617631]},"properties":{"id":2567,"hoehe_m":1908,"sektoren_frei":[],"sektoren_blockiert":["NO"],"erste_kollision_m":{"NO":4},"flaeche_m2":8069,"neigung_grad":15.7,"ausrichtung_grad":74,"weg_abstand_m":74,"wald_hinweis":false}},{"type":"Feature","geometry":{"type":"Point","coordinates":[11.42883,46.602536]},"properties":{"id":2568,"hoehe_m":1908,"sektoren_frei":[],"sektoren_blockiert":["WSW"],"erste_kollision_m":{"WSW":6},"flaeche_m2":594,"neigung_grad":8.7,"ausrichtung_grad":208,"weg_abstand_m":162,"wald_hinweis":false}},{"type":"Feature","geometry":{"type":"Point","coordinates":[11.443715,46.630095]},"properties":{"id":2569,"hoehe_m":1907,"sektoren_frei":[],"sektoren_blockiert":["NW"],"erste_kollision_m":{"NW":43},"flaeche_m2":569,"neigung_grad":21.4,"ausrichtung_grad":284,"weg_abstand_m":282,"wald_hinweis":false}},{"type":"Feature","geometry":{"type":"Point","coordinates":[11.478562,46.63434]},"properties":{"id":2570,"hoehe_m":1907,"sektoren_frei":[],"sektoren_blockiert":["N","NNO","NO","ONO","O"],"erste_kollision_m":{"N":2,"NNO":12,"NO":11,"ONO":15,"O":2},"flaeche_m2":4244,"neigung_grad":15.9,"ausrichtung_grad":44,"weg_abstand_m":30,"wald_hinweis":false}},{"type":"Feature","geometry":{"type":"Point","coordinates":[11.437592,46.632656]},"properties":{"id":2571,"hoehe_m":1907,"sektoren_frei":[],"sektoren_blockiert":["WNW"],"erste_kollision_m":{"WNW":20},"flaeche_m2":294,"neigung_grad":26.1,"ausrichtung_grad":257,"weg_abstand_m":189,"wald_hinweis":false}},{"type":"Feature","geometry":{"type":"Point","coordinates":[11.427353,46.603827]},"properties":{"id":2572,"hoehe_m":1907,"sektoren_frei":[],"sektoren_blockiert":["N"],"erste_kollision_m":{"N":8},"flaeche_m2":225,"neigung_grad":10.3,"ausrichtung_grad":321,"weg_abstand_m":39,"wald_hinweis":false}},{"type":"Feature","geometry":{"type":"Point","coordinates":[11.442092,46.627408]},"properties":{"id":2573,"hoehe_m":1907,"sektoren_frei":["WSW"],"sektoren_blockiert":["NNW"],"erste_kollision_m":{"NNW":6},"flaeche_m2":1719,"neigung_grad":23.9,"ausrichtung_grad":306,"weg_abstand_m":538,"wald_hinweis":false}},{"type":"Feature","geometry":{"type":"Point","coordinates":[11.482834,46.619195]},"properties":{"id":2574,"hoehe_m":1907,"sektoren_frei":[],"sektoren_blockiert":["S"],"erste_kollision_m":{"S":2},"flaeche_m2":169,"neigung_grad":8.1,"ausrichtung_grad":159,"weg_abstand_m":130,"wald_hinweis":false}},{"type":"Feature","geometry":{"type":"Point","coordinates":[11.483626,46.619381]},"properties":{"id":2575,"hoehe_m":1907,"sektoren_frei":[],"sektoren_blockiert":["SSW"],"erste_kollision_m":{"SSW":23},"flaeche_m2":619,"neigung_grad":9.0,"ausrichtung_grad":171,"weg_abstand_m":95,"wald_hinweis":false}},{"type":"Feature","geometry":{"type":"Point","coordinates":[11.48406,46.619596]},"properties":{"id":2576,"hoehe_m":1906,"sektoren_frei":[],"sektoren_blockiert":["OSO"],"erste_kollision_m":{"OSO":10},"flaeche_m2":244,"neigung_grad":8.9,"ausrichtung_grad":151,"weg_abstand_m":59,"wald_hinweis":false}},{"type":"Feature","geometry":{"type":"Point","coordinates":[11.430026,46.602285]},"properties":{"id":2577,"hoehe_m":1906,"sektoren_frei":[],"sektoren_blockiert":["OSO"],"erste_kollision_m":{"OSO":10},"flaeche_m2":112,"neigung_grad":13.9,"ausrichtung_grad":156,"weg_abstand_m":199,"wald_hinweis":false}},{"type":"Feature","geometry":{"type":"Point","coordinates":[11.466186,46.640885]},"properties":{"id":2578,"hoehe_m":1905,"sektoren_frei":[],"sektoren_blockiert":["SO"],"erste_kollision_m":{"SO":6},"flaeche_m2":1594,"neigung_grad":22.4,"ausrichtung_grad":98,"weg_abstand_m":17,"wald_hinweis":false}},{"type":"Feature","geometry":{"type":"Point","coordinates":[11.442695,46.632097]},"properties":{"id":2579,"hoehe_m":1905,"sektoren_frei":[],"sektoren_blockiert":["OSO"],"erste_kollision_m":{"OSO":107},"flaeche_m2":1825,"neigung_grad":26.4,"ausrichtung_grad":150,"weg_abstand_m":218,"wald_hinweis":false}},{"type":"Feature","geometry":{"type":"Point","coordinates":[11.439915,46.631302]},"properties":{"id":2580,"hoehe_m":1905,"sektoren_frei":[],"sektoren_blockiert":["SSO","S","SSW"],"erste_kollision_m":{"SSO":20,"S":2,"SSW":401},"flaeche_m2":37650,"neigung_grad":27.5,"ausrichtung_grad":162,"weg_abstand_m":250,"wald_hinweis":false}},{"type":"Feature","geometry":{"type":"Point","coordinates":[11.477521,46.615823]},"properties":{"id":2581,"hoehe_m":1905,"sektoren_frei":[],"sektoren_blockiert":["O","OSO","SO","SSO","S"],"erste_kollision_m":{"O":2,"OSO":31,"SO":31,"SSO":13,"S":8},"flaeche_m2":12425,"neigung_grad":11.3,"ausrichtung_grad":133,"weg_abstand_m":29,"wald_hinweis":true}},{"type":"Feature","geometry":{"type":"Point","coordinates":[11.443659,46.591127]},"properties":{"id":2582,"hoehe_m":1905,"sektoren_frei":[],"sektoren_blockiert":["W","WNW"],"erste_kollision_m":{"W":2,"WNW":6},"flaeche_m2":462,"neigung_grad":8.5,"ausrichtung_grad":279,"weg_abstand_m":74,"wald_hinweis":false}},{"type":"Feature","geometry":{"type":"Point","coordinates":[11.448072,46.59128]},"properties":{"id":2583,"hoehe_m":1904,"sektoren_frei":[],"sektoren_blockiert":["OSO"],"erste_kollision_m":{"OSO":8},"flaeche_m2":250,"neigung_grad":9.0,"ausrichtung_grad":151,"weg_abstand_m":72,"wald_hinweis":false}},{"type":"Feature","geometry":{"type":"Point","coordinates":[11.476902,46.613002]},"properties":{"id":2584,"hoehe_m":1904,"sektoren_frei":[],"sektoren_blockiert":["ONO","O","OSO","SO"],"erste_kollision_m":{"ONO":9,"O":63,"OSO":43,"SO":28},"flaeche_m2":1156,"neigung_grad":10.8,"ausrichtung_grad":100,"weg_abstand_m":94,"wald_hinweis":true}},{"type":"Feature","geometry":{"type":"Point","coordinates":[11.483915,46.619284]},"properties":{"id":2585,"hoehe_m":1904,"sektoren_frei":[],"sektoren_blockiert":["OSO"],"erste_kollision_m":{"OSO":6},"flaeche_m2":2169,"neigung_grad":8.7,"ausrichtung_grad":144,"weg_abstand_m":96,"wald_hinweis":false}},{"type":"Feature","geometry":{"type":"Point","coordinates":[11.476018,46.635138]},"properties":{"id":2586,"hoehe_m":1904,"sektoren_frei":["NNO","NO"],"sektoren_blockiert":["N","NNO","NO"],"erste_kollision_m":{"N":8,"NNO":6,"NO":11},"flaeche_m2":1444,"neigung_grad":16.9,"ausrichtung_grad":45,"weg_abstand_m":7,"wald_hinweis":true}},{"type":"Feature","geometry":{"type":"Point","coordinates":[11.445177,46.59078]},"properties":{"id":2587,"hoehe_m":1903,"sektoren_frei":[],"sektoren_blockiert":["OSO","SO","SSO","S"],"erste_kollision_m":{"OSO":9,"SO":4,"SSO":6,"S":2},"flaeche_m2":25538,"neigung_grad":10.4,"ausrichtung_grad":164,"weg_abstand_m":110,"wald_hinweis":false}},{"type":"Feature","geometry":{"type":"Point","coordinates":[11.444472,46.592505]},"properties":{"id":2588,"hoehe_m":1903,"sektoren_frei":[],"sektoren_blockiert":["NNW"],"erste_kollision_m":{"NNW":6},"flaeche_m2":1225,"neigung_grad":8.9,"ausrichtung_grad":304,"weg_abstand_m":78,"wald_hinweis":false}},{"type":"Feature","geometry":{"type":"Point","coordinates":[11.446819,46.590992]},"properties":{"id":2589,"hoehe_m":1903,"sektoren_frei":[],"sektoren_blockiert":["SW"],"erste_kollision_m":{"SW":4},"flaeche_m2":538,"neigung_grad":9.5,"ausrichtung_grad":188,"weg_abstand_m":168,"wald_hinweis":false}},{"type":"Feature","geometry":{"type":"Point","coordinates":[11.429139,46.602147]},"properties":{"id":2590,"hoehe_m":1903,"sektoren_frei":["SSO"],"sektoren_blockiert":[],"erste_kollision_m":{},"flaeche_m2":36481,"neigung_grad":11.7,"ausrichtung_grad":182,"weg_abstand_m":162,"wald_hinweis":false}},{"type":"Feature","geometry":{"type":"Point","coordinates":[11.466416,46.640183]},"properties":{"id":2591,"hoehe_m":1903,"sektoren_frei":[],"sektoren_blockiert":["NNO","NNO"],"erste_kollision_m":{"NNO":36},"flaeche_m2":525,"neigung_grad":18.4,"ausrichtung_grad":60,"weg_abstand_m":40,"wald_hinweis":false}},{"type":"Feature","geometry":{"type":"Point","coordinates":[11.426733,46.628657]},"properties":{"id":2592,"hoehe_m":1903,"sektoren_frei":[],"sektoren_blockiert":["SSW"],"erste_kollision_m":{"SSW":11},"flaeche_m2":338,"neigung_grad":14.7,"ausrichtung_grad":169,"weg_abstand_m":5,"wald_hinweis":false}},{"type":"Feature","geometry":{"type":"Point","coordinates":[11.476276,46.635065]},"properties":{"id":2593,"hoehe_m":1903,"sektoren_frei":[],"sektoren_blockiert":["ONO"],"erste_kollision_m":{"ONO":25},"flaeche_m2":1188,"neigung_grad":15.2,"ausrichtung_grad":52,"weg_abstand_m":10,"wald_hinweis":false}},{"type":"Feature","geometry":{"type":"Point","coordinates":[11.445348,46.590934]},"properties":{"id":2594,"hoehe_m":1903,"sektoren_frei":[],"sektoren_blockiert":["OSO","SO"],"erste_kollision_m":{"OSO":6,"SO":4},"flaeche_m2":531,"neigung_grad":8.8,"ausrichtung_grad":144,"weg_abstand_m":99,"wald_hinweis":false}},{"type":"Feature","geometry":{"type":"Point","coordinates":[11.447143,46.59094]},"properties":{"id":2595,"hoehe_m":1902,"sektoren_frei":[],"sektoren_blockiert":["OSO"],"erste_kollision_m":{"OSO":15},"flaeche_m2":262,"neigung_grad":14.0,"ausrichtung_grad":153,"weg_abstand_m":152,"wald_hinweis":false}},{"type":"Feature","geometry":{"type":"Point","coordinates":[11.43278,46.633141]},"properties":{"id":2596,"hoehe_m":1902,"sektoren_frei":[],"sektoren_blockiert":["SO","SSO"],"erste_kollision_m":{"SO":4,"SSO":21},"flaeche_m2":206,"neigung_grad":19.6,"ausrichtung_grad":129,"weg_abstand_m":19,"wald_hinweis":true}},{"type":"Feature","geometry":{"type":"Point","coordinates":[11.444843,46.590607]},"properties":{"id":2597,"hoehe_m":1902,"sektoren_frei":[],"sektoren_blockiert":["SSW"],"erste_kollision_m":{"SSW":6},"flaeche_m2":2200,"neigung_grad":9.9,"ausrichtung_grad":172,"weg_abstand_m":122,"wald_hinweis":false}},{"type":"Feature","geometry":{"type":"Point","coordinates":[11.439683,46.631217]},"properties":{"id":2598,"hoehe_m":1902,"sektoren_frei":[],"sektoren_blockiert":["SO"],"erste_kollision_m":{"SO":233},"flaeche_m2":33419,"neigung_grad":27.3,"ausrichtung_grad":163,"weg_abstand_m":264,"wald_hinweis":false}},{"type":"Feature","geometry":{"type":"Point","coordinates":[11.477179,46.615493]},"properties":{"id":2599,"hoehe_m":1901,"sektoren_frei":[],"sektoren_blockiert":["OSO"],"erste_kollision_m":{"OSO":8},"flaeche_m2":362,"neigung_grad":11.7,"ausrichtung_grad":121,"weg_abstand_m":71,"wald_hinweis":true}},{"type":"Feature","geometry":{"type":"Point","coordinates":[11.42482,46.628248]},"properties":{"id":2600,"hoehe_m":1901,"sektoren_frei":[],"sektoren_blockiert":["W"],"erste_kollision_m":{"W":53},"flaeche_m2":125,"neigung_grad":17.5,"ausrichtung_grad":227,"weg_abstand_m":26,"wald_hinweis":false}},{"type":"Feature","geometry":{"type":"Point","coordinates":[11.48427,46.619187]},"properties":{"id":2601,"hoehe_m":1900,"sektoren_frei":[],"sektoren_blockiert":["O"],"erste_kollision_m":{"O":8},"flaeche_m2":988,"neigung_grad":10.5,"ausrichtung_grad":127,"weg_abstand_m":92,"wald_hinweis":false}},{"type":"Feature","geometry":{"type":"Point","coordinates":[11.434415,46.634636]},"properties":{"id":2602,"hoehe_m":1900,"sektoren_frei":[],"sektoren_blockiert":["S"],"erste_kollision_m":{"S":2},"flaeche_m2":1094,"neigung_grad":10.6,"ausrichtung_grad":148,"weg_abstand_m":9,"wald_hinweis":false}},{"type":"Feature","geometry":{"type":"Point","coordinates":[11.436407,46.634639]},"properties":{"id":2603,"hoehe_m":1900,"sektoren_frei":[],"sektoren_blockiert":["S","W"],"erste_kollision_m":{"S":18,"W":8},"flaeche_m2":1162,"neigung_grad":12.9,"ausrichtung_grad":200,"weg_abstand_m":55,"wald_hinweis":false}},{"type":"Feature","geometry":{"type":"Point","coordinates":[11.444152,46.590464]},"properties":{"id":2604,"hoehe_m":1900,"sektoren_frei":[],"sektoren_blockiert":["SSW"],"erste_kollision_m":{"SSW":6},"flaeche_m2":156,"neigung_grad":8.6,"ausrichtung_grad":175,"weg_abstand_m":137,"wald_hinweis":false}},{"type":"Feature","geometry":{"type":"Point","coordinates":[11.425569,46.61066]},"properties":{"id":2605,"hoehe_m":1900,"sektoren_frei":[],"sektoren_blockiert":["WSW","W","WNW","NW"],"erste_kollision_m":{"WSW":36,"W":170,"WNW":32,"NW":11},"flaeche_m2":981,"neigung_grad":17.9,"ausrichtung_grad":283,"weg_abstand_m":347,"wald_hinweis":false}},{"type":"Feature","geometry":{"type":"Point","coordinates":[11.483473,46.618889]},"properties":{"id":2606,"hoehe_m":1900,"sektoren_frei":[],"sektoren_blockiert":["O","S"],"erste_kollision_m":{"O":2,"S":2},"flaeche_m2":1975,"neigung_grad":9.1,"ausrichtung_grad":150,"weg_abstand_m":112,"wald_hinweis":false}},{"type":"Feature","geometry":{"type":"Point","coordinates":[11.427196,46.60689]},"properties":{"id":2607,"hoehe_m":1900,"sektoren_frei":[],"sektoren_blockiert":["SSW","SW","WSW","W"],"erste_kollision_m":{"SSW":13,"SW":18,"WSW":25,"W":5},"flaeche_m2":1419,"neigung_grad":15.7,"ausrichtung_grad":231,"weg_abstand_m":289,"wald_hinweis":true}},{"type":"Feature","geometry":{"type":"Point","coordinates":[11.443581,46.592299]},"properties":{"id":2608,"hoehe_m":1899,"sektoren_frei":[],"sektoren_blockiert":["N","N","NNO","NNW"],"erste_kollision_m":{"N":2,"NNO":6,"NNW":6},"flaeche_m2":825,"neigung_grad":8.1,"ausrichtung_grad":7,"weg_abstand_m":47,"wald_hinweis":false}},{"type":"Feature","geometry":{"type":"Point","coordinates":[11.466616,46.641709]},"properties":{"id":2609,"hoehe_m":1898,"sektoren_frei":[],"sektoren_blockiert":["ONO","O","OSO","SO"],"erste_kollision_m":{"ONO":6,"O":8,"OSO":10,"SO":6},"flaeche_m2":356,"neigung_grad":17.2,"ausrichtung_grad":106,"weg_abstand_m":53,"wald_hinweis":true}},{"type":"Feature","geometry":{"type":"Point","coordinates":[11.42732,46.628645]},"properties":{"id":2610,"hoehe_m":1897,"sektoren_frei":["SSO","S"],"sektoren_blockiert":[],"erste_kollision_m":{},"flaeche_m2":361119,"neigung_grad":18.1,"ausrichtung_grad":152,"weg_abstand_m":24,"wald_hinweis":false}},{"type":"Feature","geometry":{"type":"Point","coordinates":[11.442659,46.590654]},"properties":{"id":2611,"hoehe_m":1897,"sektoren_frei":[],"sektoren_blockiert":["SW","WSW"],"erste_kollision_m":{"SW":6,"WSW":40},"flaeche_m2":344,"neigung_grad":9.4,"ausrichtung_grad":234,"weg_abstand_m":149,"wald_hinweis":false}},{"type":"Feature","geometry":{"type":"Point","coordinates":[11.450155,46.591146]},"properties":{"id":2612,"hoehe_m":1897,"sektoren_frei":[],"sektoren_blockiert":["OSO"],"erste_kollision_m":{"OSO":6},"flaeche_m2":138,"neigung_grad":11.1,"ausrichtung_grad":134,"weg_abstand_m":40,"wald_hinweis":true}},{"type":"Feature","geometry":{"type":"Point","coordinates":[11.442872,46.592494]},"properties":{"id":2613,"hoehe_m":1897,"sektoren_frei":[],"sektoren_blockiert":["NO"],"erste_kollision_m":{"NO":6},"flaeche_m2":325,"neigung_grad":9.8,"ausrichtung_grad":39,"weg_abstand_m":42,"wald_hinweis":false}},{"type":"Feature","geometry":{"type":"Point","coordinates":[11.447987,46.590832]},"properties":{"id":2614,"hoehe_m":1896,"sektoren_frei":[],"sektoren_blockiert":["SW"],"erste_kollision_m":{"SW":6},"flaeche_m2":1038,"neigung_grad":11.1,"ausrichtung_grad":193,"weg_abstand_m":99,"wald_hinweis":false}},{"type":"Feature","geometry":{"type":"Point","coordinates":[11.440898,46.631371]},"properties":{"id":2615,"hoehe_m":1896,"sektoren_frei":[],"sektoren_blockiert":["SO","SSO","SSW"],"erste_kollision_m":{"SO":6,"SSO":178,"SSW":321},"flaeche_m2":269,"neigung_grad":26.9,"ausrichtung_grad":154,"weg_abstand_m":236,"wald_hinweis":false}},{"type":"Feature","geometry":{"type":"Point","coordinates":[11.430046,46.601992]},"properties":{"id":2616,"hoehe_m":1896,"sektoren_frei":[],"sektoren_blockiert":["OSO"],"erste_kollision_m":{"OSO":20},"flaeche_m2":156,"neigung_grad":18.4,"ausrichtung_grad":150,"weg_abstand_m":184,"wald_hinweis":false}},{"type":"Feature","geometry":{"type":"Point","coordinates":[11.434534,46.634386]},"properties":{"id":2617,"hoehe_m":1895,"sektoren_frei":[],"sektoren_blockiert":["OSO"],"erste_kollision_m":{"OSO":10},"flaeche_m2":125,"neigung_grad":9.9,"ausrichtung_grad":146,"weg_abstand_m":9,"wald_hinweis":false}},{"type":"Feature","geometry":{"type":"Point","coordinates":[11.449591,46.590955]},"properties":{"id":2618,"hoehe_m":1895,"sektoren_frei":[],"sektoren_blockiert":["SSO"],"erste_kollision_m":{"SSO":8},"flaeche_m2":225,"neigung_grad":7.9,"ausrichtung_grad":176,"weg_abstand_m":8,"wald_hinweis":false}},{"type":"Feature","geometry":{"type":"Point","coordinates":[11.477693,46.615302]},"properties":{"id":2619,"hoehe_m":1895,"sektoren_frei":[],"sektoren_blockiert":["SSW"],"erste_kollision_m":{"SSW":6},"flaeche_m2":1050,"neigung_grad":10.2,"ausrichtung_grad":166,"weg_abstand_m":58,"wald_hinweis":false}},{"type":"Feature","geometry":{"type":"Point","coordinates":[11.425328,46.610372]},"properties":{"id":2620,"hoehe_m":1895,"sektoren_frei":[],"sektoren_blockiert":["WSW"],"erste_kollision_m":{"WSW":6},"flaeche_m2":162,"neigung_grad":9.6,"ausrichtung_grad":241,"weg_abstand_m":375,"wald_hinweis":false}},{"type":"Feature","geometry":{"type":"Point","coordinates":[11.451619,46.591047]},"properties":{"id":2621,"hoehe_m":1895,"sektoren_frei":[],"sektoren_blockiert":["S","SSW","SW","WSW"],"erste_kollision_m":{"S":2,"SSW":93,"SW":4,"WSW":28},"flaeche_m2":4569,"neigung_grad":11.3,"ausrichtung_grad":206,"weg_abstand_m":81,"wald_hinweis":false}},{"type":"Feature","geometry":{"type":"Point","coordinates":[11.44394,46.590109]},"properties":{"id":2622,"hoehe_m":1895,"sektoren_frei":[],"sektoren_blockiert":["SSW"],"erste_kollision_m":{"SSW":6},"flaeche_m2":13225,"neigung_grad":8.7,"ausrichtung_grad":177,"weg_abstand_m":179,"wald_hinweis":false}},{"type":"Feature","geometry":{"type":"Point","coordinates":[11.450577,46.591092]},"properties":{"id":2623,"hoehe_m":1894,"sektoren_frei":[],"sektoren_blockiert":["SSO","S"],"erste_kollision_m":{"SSO":12,"S":13},"flaeche_m2":288,"neigung_grad":10.3,"ausrichtung_grad":181,"weg_abstand_m":51,"wald_hinweis":true}},{"type":"Feature","geometry":{"type":"Point","coordinates":[11.478022,46.615362]},"properties":{"id":2624,"hoehe_m":1894,"sektoren_frei":[],"sektoren_blockiert":["O"],"erste_kollision_m":{"O":2},"flaeche_m2":362,"neigung_grad":10.9,"ausrichtung_grad":109,"weg_abstand_m":41,"wald_hinweis":false}},{"type":"Feature","geometry":{"type":"Point","coordinates":[11.425726,46.628049]},"properties":{"id":2625,"hoehe_m":1894,"sektoren_frei":["OSO"],"sektoren_blockiert":[],"erste_kollision_m":{},"flaeche_m2":241525,"neigung_grad":15.4,"ausrichtung_grad":148,"weg_abstand_m":18,"wald_hinweis":false}},{"type":"Feature","geometry":{"type":"Point","coordinates":[11.445874,46.590293]},"properties":{"id":2626,"hoehe_m":1894,"sektoren_frei":[],"sektoren_blockiert":["SO","SSO"],"erste_kollision_m":{"SO":4,"SSO":9},"flaeche_m2":238,"neigung_grad":8.6,"ausrichtung_grad":149,"weg_abstand_m":180,"wald_hinweis":false}},{"type":"Feature","geometry":{"type":"Point","coordinates":[11.434797,46.634426]},"properties":{"id":2627,"hoehe_m":1894,"sektoren_frei":[],"sektoren_blockiert":["O","S"],"erste_kollision_m":{"O":2,"S":8},"flaeche_m2":2250,"neigung_grad":9.5,"ausrichtung_grad":149,"weg_abstand_m":28,"wald_hinweis":false}},{"type":"Feature","geometry":{"type":"Point","coordinates":[11.448369,46.590622]},"properties":{"id":2628,"hoehe_m":1894,"sektoren_frei":[],"sektoren_blockiert":["SO"],"erste_kollision_m":{"SO":4},"flaeche_m2":9631,"neigung_grad":11.6,"ausrichtung_grad":170,"weg_abstand_m":82,"wald_hinweis":false}},{"type":"Feature","geometry":{"type":"Point","coordinates":[11.47846,46.615668]},"properties":{"id":2629,"hoehe_m":1894,"sektoren_frei":[],"sektoren_blockiert":["OSO","OSO","SO","SSO","SSO","S","SSW"],"erste_kollision_m":{"OSO":13,"SO":58,"SSO":9,"S":8,"SSW":6},"flaeche_m2":638,"neigung_grad":9.8,"ausrichtung_grad":184,"weg_abstand_m":2,"wald_hinweis":true}},{"type":"Feature","geometry":{"type":"Point","coordinates":[11.449193,46.590806]},"properties":{"id":2630,"hoehe_m":1894,"sektoren_frei":[],"sektoren_blockiert":["SO"],"erste_kollision_m":{"SO":4},"flaeche_m2":169,"neigung_grad":8.5,"ausrichtung_grad":170,"weg_abstand_m":16,"wald_hinweis":false}},{"type":"Feature","geometry":{"type":"Point","coordinates":[11.425006,46.610492]},"properties":{"id":2631,"hoehe_m":1893,"sektoren_frei":[],"sektoren_blockiert":["NW"],"erste_kollision_m":{"NW":58},"flaeche_m2":406,"neigung_grad":12.7,"ausrichtung_grad":291,"weg_abstand_m":394,"wald_hinweis":false}},{"type":"Feature","geometry":{"type":"Point","coordinates":[11.478059,46.616892]},"properties":{"id":2632,"hoehe_m":1893,"sektoren_frei":[],"sektoren_blockiert":["SO"],"erste_kollision_m":{"SO":6},"flaeche_m2":931,"neigung_grad":11.3,"ausrichtung_grad":96,"weg_abstand_m":55,"wald_hinweis":false}},{"type":"Feature","geometry":{"type":"Point","coordinates":[11.425244,46.610689]},"properties":{"id":2633,"hoehe_m":1893,"sektoren_frei":[],"sektoren_blockiert":["WSW"],"erste_kollision_m":{"WSW":13},"flaeche_m2":156,"neigung_grad":18.6,"ausrichtung_grad":279,"weg_abstand_m":369,"wald_hinweis":false}},{"type":"Feature","geometry":{"type":"Point","coordinates":[11.449648,46.590774]},"properties":{"id":2634,"hoehe_m":1893,"sektoren_frei":[],"sektoren_blockiert":["SSW"],"erste_kollision_m":{"SSW":6},"flaeche_m2":1375,"neigung_grad":10.5,"ausrichtung_grad":177,"weg_abstand_m":16,"wald_hinweis":false}},{"type":"Feature","geometry":{"type":"Point","coordinates":[11.427157,46.604551]},"properties":{"id":2635,"hoehe_m":1893,"sektoren_frei":[],"sektoren_blockiert":["WSW"],"erste_kollision_m":{"WSW":16},"flaeche_m2":1331,"neigung_grad":17.3,"ausrichtung_grad":273,"weg_abstand_m":38,"wald_hinweis":false}},{"type":"Feature","geometry":{"type":"Point","coordinates":[11.443346,46.589964]},"properties":{"id":2636,"hoehe_m":1893,"sektoren_frei":[],"sektoren_blockiert":["SO"],"erste_kollision_m":{"SO":4},"flaeche_m2":300,"neigung_grad":8.4,"ausrichtung_grad":172,"weg_abstand_m":205,"wald_hinweis":false}},{"type":"Feature","geometry":{"type":"Point","coordinates":[11.451934,46.590793]},"properties":{"id":2637,"hoehe_m":1892,"sektoren_frei":[],"sektoren_blockiert":["SSO"],"erste_kollision_m":{"SSO":27},"flaeche_m2":2125,"neigung_grad":14.3,"ausrichtung_grad":190,"weg_abstand_m":88,"wald_hinweis":false}},{"type":"Feature","geometry":{"type":"Point","coordinates":[11.426787,46.602107]},"properties":{"id":2638,"hoehe_m":1892,"sektoren_frei":["SW"],"sektoren_blockiert":[],"erste_kollision_m":{},"flaeche_m2":45644,"neigung_grad":11.9,"ausrichtung_grad":206,"weg_abstand_m":62,"wald_hinweis":false}},{"type":"Feature","geometry":{"type":"Point","coordinates":[11.445375,46.590101]},"properties":{"id":2639,"hoehe_m":1892,"sektoren_frei":[],"sektoren_blockiert":["SSO","SSW"],"erste_kollision_m":{"SSO":6,"SSW":6},"flaeche_m2":381,"neigung_grad":8.4,"ausrichtung_grad":172,"weg_abstand_m":187,"wald_hinweis":false}},{"type":"Feature","geometry":{"type":"Point","coordinates":[11.45106,46.590946]},"properties":{"id":2640,"hoehe_m":1892,"sektoren_frei":[],"sektoren_blockiert":["SSO"],"erste_kollision_m":{"SSO":37},"flaeche_m2":456,"neigung_grad":12.1,"ausrichtung_grad":172,"weg_abstand_m":44,"wald_hinweis":false}},{"type":"Feature","geometry":{"type":"Point","coordinates":[11.446163,46.590196]},"properties":{"id":2641,"hoehe_m":1892,"sektoren_frei":[],"sektoren_blockiert":["O","OSO","S"],"erste_kollision_m":{"O":5,"OSO":8,"S":2},"flaeche_m2":969,"neigung_grad":9.9,"ausrichtung_grad":132,"weg_abstand_m":200,"wald_hinweis":false}},{"type":"Feature","geometry":{"type":"Point","coordinates":[11.421665,46.604375]},"properties":{"id":2642,"hoehe_m":1891,"sektoren_frei":[],"sektoren_blockiert":["O","OSO"],"erste_kollision_m":{"O":8,"OSO":6},"flaeche_m2":219,"neigung_grad":11.2,"ausrichtung_grad":74,"weg_abstand_m":13,"wald_hinweis":true}},{"type":"Feature","geometry":{"type":"Point","coordinates":[11.426246,46.602433]},"properties":{"id":2643,"hoehe_m":1891,"sektoren_frei":[],"sektoren_blockiert":["W"],"erste_kollision_m":{"W":8},"flaeche_m2":131,"neigung_grad":11.7,"ausrichtung_grad":236,"weg_abstand_m":49,"wald_hinweis":false}},{"type":"Feature","geometry":{"type":"Point","coordinates":[11.483263,46.617881]},"properties":{"id":2644,"hoehe_m":1891,"sektoren_frei":[],"sektoren_blockiert":["O","S"],"erste_kollision_m":{"O":2,"S":8},"flaeche_m2":2512,"neigung_grad":12.1,"ausrichtung_grad":113,"weg_abstand_m":94,"wald_hinweis":true}},{"type":"Feature","geometry":{"type":"Point","coordinates":[11.424965,46.61029]},"properties":{"id":2645,"hoehe_m":1891,"sektoren_frei":[],"sektoren_blockiert":["SW","NW"],"erste_kollision_m":{"SW":6,"NW":40},"flaeche_m2":2594,"neigung_grad":17.1,"ausrichtung_grad":256,"weg_abstand_m":405,"wald_hinweis":false}},{"type":"Feature","geometry":{"type":"Point","coordinates":[11.450003,46.590677]},"properties":{"id":2646,"hoehe_m":1891,"sektoren_frei":[],"sektoren_blockiert":["OSO","SO","SO","SSO"],"erste_kollision_m":{"OSO":6,"SO":4,"SSO":6},"flaeche_m2":450,"neigung_grad":9.0,"ausrichtung_grad":133,"weg_abstand_m":9,"wald_hinweis":true}},{"type":"Feature","geometry":{"type":"Point","coordinates":[11.445758,46.58989]},"properties":{"id":2647,"hoehe_m":1890,"sektoren_frei":[],"sektoren_blockiert":["SSW"],"erste_kollision_m":{"SSW":6},"flaeche_m2":331,"neigung_grad":10.1,"ausrichtung_grad":188,"weg_abstand_m":218,"wald_hinweis":false}},{"type":"Feature","geometry":{"type":"Point","coordinates":[11.477573,46.614832]},"properties":{"id":2648,"hoehe_m":1890,"sektoren_frei":[],"sektoren_blockiert":["OSO"],"erste_kollision_m":{"OSO":27},"flaeche_m2":144,"neigung_grad":12.9,"ausrichtung_grad":90,"weg_abstand_m":55,"wald_hinweis":false}},{"type":"Feature","geometry":{"type":"Point","coordinates":[11.443172,46.58972]},"properties":{"id":2649,"hoehe_m":1890,"sektoren_frei":[],"sektoren_blockiert":["SO","SSW","SSW","SSW","SW"],"erste_kollision_m":{"SO":4,"SSW":21,"SW":9},"flaeche_m2":1644,"neigung_grad":9.8,"ausrichtung_grad":183,"weg_abstand_m":235,"wald_hinweis":false}},{"type":"Feature","geometry":{"type":"Point","coordinates":[11.441781,46.627032]},"properties":{"id":2650,"hoehe_m":1889,"sektoren_frei":[],"sektoren_blockiert":["SW","W"],"erste_kollision_m":{"SW":37,"W":24},"flaeche_m2":16556,"neigung_grad":22.7,"ausrichtung_grad":264,"weg_abstand_m":584,"wald_hinweis":false}},{"type":"Feature","geometry":{"type":"Point","coordinates":[11.44374,46.632097]},"properties":{"id":2651,"hoehe_m":1889,"sektoren_frei":[],"sektoren_blockiert":["SSW"],"erste_kollision_m":{"SSW":55},"flaeche_m2":119,"neigung_grad":16.8,"ausrichtung_grad":160,"weg_abstand_m":280,"wald_hinweis":false}},{"type":"Feature","geometry":{"type":"Point","coordinates":[11.444773,46.589776]},"properties":{"id":2652,"hoehe_m":1889,"sektoren_frei":[],"sektoren_blockiert":["SO"],"erste_kollision_m":{"SO":4},"flaeche_m2":238,"neigung_grad":10.8,"ausrichtung_grad":163,"weg_abstand_m":213,"wald_hinweis":false}},{"type":"Feature","geometry":{"type":"Point","coordinates":[11.435998,46.634265]},"properties":{"id":2653,"hoehe_m":1889,"sektoren_frei":[],"sektoren_blockiert":["SSO","W"],"erste_kollision_m":{"SSO":26,"W":2},"flaeche_m2":188,"neigung_grad":13.6,"ausrichtung_grad":180,"weg_abstand_m":83,"wald_hinweis":false}},{"type":"Feature","geometry":{"type":"Point","coordinates":[11.485344,46.619096]},"properties":{"id":2654,"hoehe_m":1889,"sektoren_frei":[],"sektoren_blockiert":["SSO","S"],"erste_kollision_m":{"SSO":8,"S":10},"flaeche_m2":169,"neigung_grad":10.8,"ausrichtung_grad":174,"weg_abstand_m":49,"wald_hinweis":false}},{"type":"Feature","geometry":{"type":"Point","coordinates":[11.424759,46.610789]},"properties":{"id":2655,"hoehe_m":1886,"sektoren_frei":[],"sektoren_blockiert":["NW"],"erste_kollision_m":{"NW":6},"flaeche_m2":1031,"neigung_grad":14.9,"ausrichtung_grad":281,"weg_abstand_m":402,"wald_hinweis":false}},{"type":"Feature","geometry":{"type":"Point","coordinates":[11.47977,46.634337]},"properties":{"id":2656,"hoehe_m":1886,"sektoren_frei":[],"sektoren_blockiert":["N"],"erste_kollision_m":{"N":2},"flaeche_m2":244,"neigung_grad":17.3,"ausrichtung_grad":39,"weg_abstand_m":7,"wald_hinweis":false}},{"type":"Feature","geometry":{"type":"Point","coordinates":[11.478551,46.616948]},"properties":{"id":2657,"hoehe_m":1886,"sektoren_frei":[],"sektoren_blockiert":["NNO"],"erste_kollision_m":{"NNO":33},"flaeche_m2":338,"neigung_grad":17.4,"ausrichtung_grad":60,"weg_abstand_m":89,"wald_hinweis":false}},{"type":"Feature","geometry":{"type":"Point","coordinates":[11.448386,46.590284]},"properties":{"id":2658,"hoehe_m":1886,"sektoren_frei":[],"sektoren_blockiert":["SO"],"erste_kollision_m":{"SO":6},"flaeche_m2":219,"neigung_grad":9.3,"ausrichtung_grad":164,"weg_abstand_m":93,"wald_hinweis":false}},{"type":"Feature","geometry":{"type":"Point","coordinates":[11.449136,46.590268]},"properties":{"id":2659,"hoehe_m":1885,"sektoren_frei":[],"sektoren_blockiert":["OSO"],"erste_kollision_m":{"OSO":10},"flaeche_m2":425,"neigung_grad":9.7,"ausrichtung_grad":149,"weg_abstand_m":38,"wald_hinweis":false}},{"type":"Feature","geometry":{"type":"Point","coordinates":[11.422057,46.604389]},"properties":{"id":2660,"hoehe_m":1885,"sektoren_frei":[],"sektoren_blockiert":["NO","ONO","O","OSO","SO","SSO"],"erste_kollision_m":{"NO":6,"ONO":16,"O":2,"OSO":120,"SO":6,"SSO":6},"flaeche_m2":2431,"neigung_grad":13.2,"ausrichtung_grad":102,"weg_abstand_m":3,"wald_hinweis":true}},{"type":"Feature","geometry":{"type":"Point","coordinates":[11.452247,46.590494]},"properties":{"id":2661,"hoehe_m":1885,"sektoren_frei":[],"sektoren_blockiert":["WSW"],"erste_kollision_m":{"WSW":10},"flaeche_m2":238,"neigung_grad":10.4,"ausrichtung_grad":219,"weg_abstand_m":108,"wald_hinweis":false}},{"type":"Feature","geometry":{"type":"Point","coordinates":[11.424653,46.610612]},"properties":{"id":2662,"hoehe_m":1885,"sektoren_frei":[],"sektoren_blockiert":["SW"],"erste_kollision_m":{"SW":11},"flaeche_m2":169,"neigung_grad":13.0,"ausrichtung_grad":252,"weg_abstand_m":415,"wald_hinweis":false}},{"type":"Feature","geometry":{"type":"Point","coordinates":[11.424606,46.627847]},"properties":{"id":2663,"hoehe_m":1885,"sektoren_frei":[],"sektoren_blockiert":["W","WNW"],"erste_kollision_m":{"W":124,"WNW":34},"flaeche_m2":781,"neigung_grad":21.2,"ausrichtung_grad":254,"weg_abstand_m":48,"wald_hinweis":false}},{"type":"Feature","geometry":{"type":"Point","coordinates":[11.467271,46.641762]},"properties":{"id":2664,"hoehe_m":1884,"sektoren_frei":[],"sektoren_blockiert":["SO"],"erste_kollision_m":{"SO":17},"flaeche_m2":13600,"neigung_grad":19.1,"ausrichtung_grad":111,"weg_abstand_m":67,"wald_hinweis":true}},{"type":"Feature","geometry":{"type":"Point","coordinates":[11.444926,46.589548]},"properties":{"id":2665,"hoehe_m":1884,"sektoren_frei":[],"sektoren_blockiert":["SO","SO","SSO","SSW"],"erste_kollision_m":{"SO":6,"SSO":9,"SSW":6},"flaeche_m2":10656,"neigung_grad":9.0,"ausrichtung_grad":166,"weg_abstand_m":240,"wald_hinweis":false}},{"type":"Feature","geometry":{"type":"Point","coordinates":[11.440889,46.631168]},"properties":{"id":2666,"hoehe_m":1884,"sektoren_frei":[],"sektoren_blockiert":["OSO"],"erste_kollision_m":{"OSO":35},"flaeche_m2":125,"neigung_grad":27.3,"ausrichtung_grad":155,"weg_abstand_m":258,"wald_hinweis":false}},{"type":"Feature","geometry":{"type":"Point","coordinates":[11.479225,46.615246]},"properties":{"id":2667,"hoehe_m":1884,"sektoren_frei":[],"sektoren_blockiert":["O","OSO"],"erste_kollision_m":{"O":2,"OSO":6},"flaeche_m2":1844,"neigung_grad":10.2,"ausrichtung_grad":105,"weg_abstand_m":10,"wald_hinweis":false}},{"type":"Feature","geometry":{"type":"Point","coordinates":[11.466518,46.603641]},"properties":{"id":2668,"hoehe_m":1883,"sektoren_frei":[],"sektoren_blockiert":["S"],"erste_kollision_m":{"S":8},"flaeche_m2":5619,"neigung_grad":19.2,"ausrichtung_grad":161,"weg_abstand_m":118,"wald_hinweis":true}},{"type":"Feature","geometry":{"type":"Point","coordinates":[11.478685,46.616293]},"properties":{"id":2669,"hoehe_m":1883,"sektoren_frei":[],"sektoren_blockiert":["SO","SSO"],"erste_kollision_m":{"SO":17,"SSO":15},"flaeche_m2":1181,"neigung_grad":15.6,"ausrichtung_grad":106,"weg_abstand_m":69,"wald_hinweis":false}},{"type":"Feature","geometry":{"type":"Point","coordinates":[11.444656,46.589351]},"properties":{"id":2670,"hoehe_m":1882,"sektoren_frei":[],"sektoren_blockiert":["SO"],"erste_kollision_m":{"SO":4},"flaeche_m2":250,"neigung_grad":8.5,"ausrichtung_grad":172,"weg_abstand_m":260,"wald_hinweis":false}},{"type":"Feature","geometry":{"type":"Point","coordinates":[11.478783,46.614873]},"properties":{"id":2671,"hoehe_m":1882,"sektoren_frei":[],"sektoren_blockiert":["S"],"erste_kollision_m":{"S":2},"flaeche_m2":1212,"neigung_grad":8.9,"ausrichtung_grad":162,"weg_abstand_m":41,"wald_hinweis":false}},{"type":"Feature","geometry":{"type":"Point","coordinates":[11.426537,46.627941]},"properties":{"id":2672,"hoehe_m":1882,"sektoren_frei":[],"sektoren_blockiert":["O"],"erste_kollision_m":{"O":8},"flaeche_m2":494,"neigung_grad":13.0,"ausrichtung_grad":128,"weg_abstand_m":38,"wald_hinweis":false}},{"type":"Feature","geometry":{"type":"Point","coordinates":[11.465449,46.603102]},"properties":{"id":2673,"hoehe_m":1882,"sektoren_frei":[],"sektoren_blockiert":["OSO"],"erste_kollision_m":{"OSO":17},"flaeche_m2":138,"neigung_grad":22.1,"ausrichtung_grad":148,"weg_abstand_m":121,"wald_hinweis":true}},{"type":"Feature","geometry":{"type":"Point","coordinates":[11.486016,46.618811]},"properties":{"id":2674,"hoehe_m":1881,"sektoren_frei":[],"sektoren_blockiert":["SSO","S","SSW"],"erste_kollision_m":{"SSO":6,"S":8,"SSW":9},"flaeche_m2":762,"neigung_grad":10.8,"ausrichtung_grad":174,"weg_abstand_m":34,"wald_hinweis":false}},{"type":"Feature","geometry":{"type":"Point","coordinates":[11.426683,46.605641]},"properties":{"id":2675,"hoehe_m":1881,"sektoren_frei":[],"sektoren_blockiert":["SW","SW","SW","WSW","WNW"],"erste_kollision_m":{"SW":27,"WSW":29,"WNW":16},"flaeche_m2":1588,"neigung_grad":14.8,"ausrichtung_grad":265,"weg_abstand_m":162,"wald_hinweis":true}},{"type":"Feature","geometry":{"type":"Point","coordinates":[11.425571,46.627512]},"properties":{"id":2676,"hoehe_m":1880,"sektoren_frei":["SO"],"sektoren_blockiert":["SW"],"erste_kollision_m":{"SW":6},"flaeche_m2":344044,"neigung_grad":17.8,"ausrichtung_grad":164,"weg_abstand_m":15,"wald_hinweis":false}},{"type":"Feature","geometry":{"type":"Point","coordinates":[11.483339,46.617385]},"properties":{"id":2677,"hoehe_m":1880,"sektoren_frei":[],"sektoren_blockiert":["S"],"erste_kollision_m":{"S":2},"flaeche_m2":2862,"neigung_grad":10.6,"ausrichtung_grad":155,"weg_abstand_m":40,"wald_hinweis":true}},{"type":"Feature","geometry":{"type":"Point","coordinates":[11.485617,46.61864]},"properties":{"id":2678,"hoehe_m":1880,"sektoren_frei":[],"sektoren_blockiert":["SO","SSO","SSW"],"erste_kollision_m":{"SO":4,"SSO":20,"SSW":6},"flaeche_m2":519,"neigung_grad":12.0,"ausrichtung_grad":162,"weg_abstand_m":19,"wald_hinweis":false}},{"type":"Feature","geometry":{"type":"Point","coordinates":[11.44111,46.627361]},"properties":{"id":2679,"hoehe_m":1880,"sektoren_frei":[],"sektoren_blockiert":["WSW"],"erste_kollision_m":{"WSW":12},"flaeche_m2":269,"neigung_grad":18.7,"ausrichtung_grad":285,"weg_abstand_m":599,"wald_hinweis":false}},{"type":"Feature","geometry":{"type":"Point","coordinates":[11.482866,46.617035]},"properties":{"id":2680,"hoehe_m":1879,"sektoren_frei":[],"sektoren_blockiert":["O","OSO"],"erste_kollision_m":{"O":8,"OSO":10},"flaeche_m2":3494,"neigung_grad":10.2,"ausrichtung_grad":134,"weg_abstand_m":11,"wald_hinweis":false}},{"type":"Feature","geometry":{"type":"Point","coordinates":[11.479436,46.614859]},"properties":{"id":2681,"hoehe_m":1879,"sektoren_frei":[],"sektoren_blockiert":["O"],"erste_kollision_m":{"O":2},"flaeche_m2":419,"neigung_grad":11.5,"ausrichtung_grad":119,"weg_abstand_m":26,"wald_hinweis":false}},{"type":"Feature","geometry":{"type":"Point","coordinates":[11.445368,46.589201]},"properties":{"id":2682,"hoehe_m":1879,"sektoren_frei":[],"sektoren_blockiert":["SSW"],"erste_kollision_m":{"SSW":23},"flaeche_m2":219,"neigung_grad":10.7,"ausrichtung_grad":179,"weg_abstand_m":283,"wald_hinweis":false}},{"type":"Feature","geometry":{"type":"Point","coordinates":[11.425593,46.603887]},"properties":{"id":2683,"hoehe_m":1879,"sektoren_frei":[],"sektoren_blockiert":["N","N"],"erste_kollision_m":{"N":8},"flaeche_m2":2281,"neigung_grad":14.6,"ausrichtung_grad":319,"weg_abstand_m":8,"wald_hinweis":false}},{"type":"Feature","geometry":{"type":"Point","coordinates":[11.441196,46.627089]},"properties":{"id":2684,"hoehe_m":1878,"sektoren_frei":[],"sektoren_blockiert":["SSW","SSW"],"erste_kollision_m":{"SSW":48},"flaeche_m2":2825,"neigung_grad":17.2,"ausrichtung_grad":217,"weg_abstand_m":613,"wald_hinweis":false}},{"type":"Feature","geometry":{"type":"Point","coordinates":[11.466876,46.603611]},"properties":{"id":2685,"hoehe_m":1878,"sektoren_frei":[],"sektoren_blockiert":["SSW"],"erste_kollision_m":{"SSW":16},"flaeche_m2":2638,"neigung_grad":15.4,"ausrichtung_grad":185,"weg_abstand_m":93,"wald_hinweis":true}},{"type":"Feature","geometry":{"type":"Point","coordinates":[11.478502,46.61443]},"properties":{"id":2686,"hoehe_m":1878,"sektoren_frei":[],"sektoren_blockiert":["OSO","SSO","S"],"erste_kollision_m":{"OSO":6,"SSO":30,"S":23},"flaeche_m2":1225,"neigung_grad":12.5,"ausrichtung_grad":165,"weg_abstand_m":5,"wald_hinweis":false}},{"type":"Feature","geometry":{"type":"Point","coordinates":[11.441353,46.626231]},"properties":{"id":2687,"hoehe_m":1878,"sektoren_frei":[],"sektoren_blockiert":["WNW","NW"],"erste_kollision_m":{"WNW":122,"NW":84},"flaeche_m2":2738,"neigung_grad":23.7,"ausrichtung_grad":282,"weg_abstand_m":670,"wald_hinweis":false}},{"type":"Feature","geometry":{"type":"Point","coordinates":[11.424317,46.610416]},"properties":{"id":2688,"hoehe_m":1878,"sektoren_frei":[],"sektoren_blockiert":["SSW"],"erste_kollision_m":{"SSW":37},"flaeche_m2":775,"neigung_grad":20.0,"ausrichtung_grad":242,"weg_abstand_m":410,"wald_hinweis":false}},{"type":"Feature","geometry":{"type":"Point","coordinates":[11.467709,46.598958]},"properties":{"id":2689,"hoehe_m":1878,"sektoren_frei":[],"sektoren_blockiert":["NO","ONO","O","OSO"],"erste_kollision_m":{"NO":4,"ONO":6,"O":18,"OSO":18},"flaeche_m2":1019,"neigung_grad":18.5,"ausrichtung_grad":86,"weg_abstand_m":28,"wald_hinweis":false}},{"type":"Feature","geometry":{"type":"Point","coordinates":[11.464807,46.602621]},"properties":{"id":2690,"hoehe_m":1877,"sektoren_frei":[],"sektoren_blockiert":["S"],"erste_kollision_m":{"S":37},"flaeche_m2":112,"neigung_grad":20.2,"ausrichtung_grad":143,"weg_abstand_m":89,"wald_hinweis":false}},{"type":"Feature","geometry":{"type":"Point","coordinates":[11.44137,46.626613]},"properties":{"id":2691,"hoehe_m":1877,"sektoren_frei":[],"sektoren_blockiert":["WNW"],"erste_kollision_m":{"WNW":57},"flaeche_m2":125,"neigung_grad":27.6,"ausrichtung_grad":279,"weg_abstand_m":639,"wald_hinweis":false}},{"type":"Feature","geometry":{"type":"Point","coordinates":[11.484666,46.617851]},"properties":{"id":2692,"hoehe_m":1877,"sektoren_frei":[],"sektoren_blockiert":["OSO","S"],"erste_kollision_m":{"OSO":8,"S":8},"flaeche_m2":3725,"neigung_grad":8.5,"ausrichtung_grad":160,"weg_abstand_m":10,"wald_hinweis":false}},{"type":"Feature","geometry":{"type":"Point","coordinates":[11.467097,46.603449]},"properties":{"id":2693,"hoehe_m":1876,"sektoren_frei":[],"sektoren_blockiert":["SW"],"erste_kollision_m":{"SW":11},"flaeche_m2":1394,"neigung_grad":14.7,"ausrichtung_grad":231,"weg_abstand_m":87,"wald_hinweis":true}},{"type":"Feature","geometry":{"type":"Point","coordinates":[11.444802,46.588966]},"properties":{"id":2694,"hoehe_m":1876,"sektoren_frei":[],"sektoren_blockiert":["SW"],"erste_kollision_m":{"SW":9},"flaeche_m2":3125,"neigung_grad":11.3,"ausrichtung_grad":198,"weg_abstand_m":303,"wald_hinweis":false}},{"type":"Feature","geometry":{"type":"Point","coordinates":[11.465269,46.601283]},"properties":{"id":2695,"hoehe_m":1876,"sektoren_frei":[],"sektoren_blockiert":["N","NNO","NO"],"erste_kollision_m":{"N":8,"NNO":6,"NO":4},"flaeche_m2":1531,"neigung_grad":21.1,"ausrichtung_grad":30,"weg_abstand_m":35,"wald_hinweis":true}},{"type":"Feature","geometry":{"type":"Point","coordinates":[11.478961,46.614487]},"properties":{"id":2696,"hoehe_m":1876,"sektoren_frei":[],"sektoren_blockiert":["S"],"erste_kollision_m":{"S":8},"flaeche_m2":788,"neigung_grad":9.8,"ausrichtung_grad":155,"weg_abstand_m":4,"wald_hinweis":false}},{"type":"Feature","geometry":{"type":"Point","coordinates":[11.441347,46.626816]},"properties":{"id":2697,"hoehe_m":1875,"sektoren_frei":["WSW"],"sektoren_blockiert":[],"erste_kollision_m":{},"flaeche_m2":20131,"neigung_grad":21.4,"ausrichtung_grad":250,"weg_abstand_m":624,"wald_hinweis":false}},{"type":"Feature","geometry":{"type":"Point","coordinates":[11.447505,46.58956]},"properties":{"id":2698,"hoehe_m":1875,"sektoren_frei":[],"sektoren_blockiert":["SSO","S","SSW"],"erste_kollision_m":{"SSO":9,"S":16,"SSW":6},"flaeche_m2":2206,"neigung_grad":9.4,"ausrichtung_grad":170,"weg_abstand_m":176,"wald_hinweis":false}},{"type":"Feature","geometry":{"type":"Point","coordinates":[11.444247,46.588955]},"properties":{"id":2699,"hoehe_m":1875,"sektoren_frei":[],"sektoren_blockiert":["SO"],"erste_kollision_m":{"SO":4},"flaeche_m2":212,"neigung_grad":9.9,"ausrichtung_grad":172,"weg_abstand_m":304,"wald_hinweis":false}},{"type":"Feature","geometry":{"type":"Point","coordinates":[11.425958,46.627414]},"properties":{"id":2700,"hoehe_m":1874,"sektoren_frei":["SO"],"sektoren_blockiert":[],"erste_kollision_m":{},"flaeche_m2":344044,"neigung_grad":18.7,"ausrichtung_grad":160,"weg_abstand_m":38,"wald_hinweis":false}},{"type":"Feature","geometry":{"type":"Point","coordinates":[11.422599,46.604085]},"properties":{"id":2701,"hoehe_m":1874,"sektoren_frei":[],"sektoren_blockiert":["S","SSW"],"erste_kollision_m":{"S":8,"SSW":16},"flaeche_m2":1431,"neigung_grad":14.4,"ausrichtung_grad":163,"weg_abstand_m":22,"wald_hinweis":false}},{"type":"Feature","geometry":{"type":"Point","coordinates":[11.44776,46.58942]},"properties":{"id":2702,"hoehe_m":1873,"sektoren_frei":[],"sektoren_blockiert":["SO"],"erste_kollision_m":{"SO":6},"flaeche_m2":2850,"neigung_grad":10.3,"ausrichtung_grad":160,"weg_abstand_m":163,"wald_hinweis":false}},{"type":"Feature","geometry":{"type":"Point","coordinates":[11.467898,46.598797]},"properties":{"id":2703,"hoehe_m":1873,"sektoren_frei":[],"sektoren_blockiert":["SO"],"erste_kollision_m":{"SO":6},"flaeche_m2":356,"neigung_grad":14.5,"ausrichtung_grad":99,"weg_abstand_m":27,"wald_hinweis":false}},{"type":"Feature","geometry":{"type":"Point","coordinates":[11.467012,46.603001]},"properties":{"id":2704,"hoehe_m":1873,"sektoren_frei":[],"sektoren_blockiert":["WSW"],"erste_kollision_m":{"WSW":8},"flaeche_m2":638,"neigung_grad":19.8,"ausrichtung_grad":222,"weg_abstand_m":125,"wald_hinweis":false}},{"type":"Feature","geometry":{"type":"Point","coordinates":[11.467764,46.641819]},"properties":{"id":2705,"hoehe_m":1872,"sektoren_frei":[],"sektoren_blockiert":["SSO"],"erste_kollision_m":{"SSO":26},"flaeche_m2":9331,"neigung_grad":12.8,"ausrichtung_grad":127,"weg_abstand_m":80,"wald_hinweis":false}},{"type":"Feature","geometry":{"type":"Point","coordinates":[11.480143,46.634621]},"properties":{"id":2706,"hoehe_m":1872,"sektoren_frei":[],"sektoren_blockiert":["O"],"erste_kollision_m":{"O":16},"flaeche_m2":475,"neigung_grad":18.6,"ausrichtung_grad":55,"weg_abstand_m":27,"wald_hinweis":true}},{"type":"Feature","geometry":{"type":"Point","coordinates":[11.463442,46.58834]},"properties":{"id":2707,"hoehe_m":1872,"sektoren_frei":[],"sektoren_blockiert":["O","OSO","SO","SSO"],"erste_kollision_m":{"O":2,"OSO":8,"SO":6,"SSO":10},"flaeche_m2":938,"neigung_grad":16.4,"ausrichtung_grad":130,"weg_abstand_m":142,"wald_hinweis":true}},{"type":"Feature","geometry":{"type":"Point","coordinates":[11.483847,46.617081]},"properties":{"id":2708,"hoehe_m":1872,"sektoren_frei":[],"sektoren_blockiert":["SSW"],"erste_kollision_m":{"SSW":12},"flaeche_m2":338,"neigung_grad":9.3,"ausrichtung_grad":163,"weg_abstand_m":4,"wald_hinweis":false}},{"type":"Feature","geometry":{"type":"Point","coordinates":[11.446712,46.589352]},"properties":{"id":2709,"hoehe_m":1872,"sektoren_frei":[],"sektoren_blockiert":["SSO"],"erste_kollision_m":{"SSO":23},"flaeche_m2":288,"neigung_grad":9.5,"ausrichtung_grad":147,"weg_abstand_m":241,"wald_hinweis":false}},{"type":"Feature","geometry":{"type":"Point","coordinates":[11.484344,46.617228]},"properties":{"id":2710,"hoehe_m":1871,"sektoren_frei":[],"sektoren_blockiert":["O"],"erste_kollision_m":{"O":8},"flaeche_m2":212,"neigung_grad":9.3,"ausrichtung_grad":116,"weg_abstand_m":5,"wald_hinweis":false}},{"type":"Feature","geometry":{"type":"Point","coordinates":[11.448018,46.589347]},"properties":{"id":2711,"hoehe_m":1871,"sektoren_frei":[],"sektoren_blockiert":["SSW"],"erste_kollision_m":{"SSW":6},"flaeche_m2":169,"neigung_grad":9.0,"ausrichtung_grad":163,"weg_abstand_m":147,"wald_hinweis":false}},{"type":"Feature","geometry":{"type":"Point","coordinates":[11.422842,46.604418]},"properties":{"id":2712,"hoehe_m":1870,"sektoren_frei":[],"sektoren_blockiert":["NNO"],"erste_kollision_m":{"NNO":20},"flaeche_m2":344,"neigung_grad":11.5,"ausrichtung_grad":50,"weg_abstand_m":18,"wald_hinweis":false}},{"type":"Feature","geometry":{"type":"Point","coordinates":[11.423604,46.603929]},"properties":{"id":2713,"hoehe_m":1870,"sektoren_frei":[],"sektoren_blockiert":["N","NNO","NO","ONO","O","SW","WSW","W"],"erste_kollision_m":{"N":16,"NNO":108,"NO":78,"ONO":59,"O":2,"SW":6,"WSW":38,"W":35},"flaeche_m2":5312,"neigung_grad":14.8,"ausrichtung_grad":52,"weg_abstand_m":27,"wald_hinweis":false}},{"type":"Feature","geometry":{"type":"Point","coordinates":[11.465194,46.592443]},"properties":{"id":2714,"hoehe_m":1870,"sektoren_frei":[],"sektoren_blockiert":["O","OSO","OSO","SO","SO","SSO","SSO"],"erste_kollision_m":{"O":8,"OSO":41,"SO":22,"SSO":10},"flaeche_m2":394,"neigung_grad":10.4,"ausrichtung_grad":134,"weg_abstand_m":62,"wald_hinweis":false}},{"type":"Feature","geometry":{"type":"Point","coordinates":[11.485307,46.617589]},"properties":{"id":2715,"hoehe_m":1870,"sektoren_frei":[],"sektoren_blockiert":["O","OSO"],"erste_kollision_m":{"O":2,"OSO":6},"flaeche_m2":1525,"neigung_grad":10.2,"ausrichtung_grad":133,"weg_abstand_m":7,"wald_hinweis":true}},{"type":"Feature","geometry":{"type":"Point","coordinates":[11.425652,46.604471]},"properties":{"id":2716,"hoehe_m":1870,"sektoren_frei":[],"sektoren_blockiert":["WSW"],"erste_kollision_m":{"WSW":9},"flaeche_m2":569,"neigung_grad":12.7,"ausrichtung_grad":283,"weg_abstand_m":57,"wald_hinweis":false}},{"type":"Feature","geometry":{"type":"Point","coordinates":[11.447485,46.589111]},"properties":{"id":2717,"hoehe_m":1869,"sektoren_frei":[],"sektoren_blockiert":["SSO","S","SSW","SW"],"erste_kollision_m":{"SSO":10,"S":5,"SSW":6,"SW":17},"flaeche_m2":9312,"neigung_grad":8.6,"ausrichtung_grad":166,"weg_abstand_m":184,"wald_hinweis":false}},{"type":"Feature","geometry":{"type":"Point","coordinates":[11.437189,46.630235]},"properties":{"id":2718,"hoehe_m":1869,"sektoren_frei":["SSW","SW"],"sektoren_blockiert":[],"erste_kollision_m":{},"flaeche_m2":4294,"neigung_grad":19.9,"ausrichtung_grad":241,"weg_abstand_m":450,"wald_hinweis":false}},{"type":"Feature","geometry":{"type":"Point","coordinates":[11.485983,46.618092]},"properties":{"id":2719,"hoehe_m":1869,"sektoren_frei":[],"sektoren_blockiert":["OSO","SO","SSO","S"],"erste_kollision_m":{"OSO":20,"SO":4,"SSO":21,"S":18},"flaeche_m2":1025,"neigung_grad":12.4,"ausrichtung_grad":146,"weg_abstand_m":25,"wald_hinweis":true}},{"type":"Feature","geometry":{"type":"Point","coordinates":[11.449035,46.589482]},"properties":{"id":2720,"hoehe_m":1868,"sektoren_frei":[],"sektoren_blockiert":["SSW"],"erste_kollision_m":{"SSW":6},"flaeche_m2":206,"neigung_grad":9.0,"ausrichtung_grad":177,"weg_abstand_m":68,"wald_hinweis":false}},{"type":"Feature","geometry":{"type":"Point","coordinates":[11.446567,46.589018]},"properties":{"id":2721,"hoehe_m":1868,"sektoren_frei":[],"sektoren_blockiert":["SO"],"erste_kollision_m":{"SO":4},"flaeche_m2":450,"neigung_grad":12.0,"ausrichtung_grad":128,"weg_abstand_m":229,"wald_hinweis":false}},{"type":"Feature","geometry":{"type":"Point","coordinates":[11.465408,46.601483]},"properties":{"id":2722,"hoehe_m":1867,"sektoren_frei":[],"sektoren_blockiert":["ONO"],"erste_kollision_m":{"ONO":15},"flaeche_m2":1538,"neigung_grad":17.8,"ausrichtung_grad":38,"weg_abstand_m":23,"wald_hinweis":false}},{"type":"Feature","geometry":{"type":"Point","coordinates":[11.447805,46.588969]},"properties":{"id":2723,"hoehe_m":1866,"sektoren_frei":[],"sektoren_blockiert":["OSO","OSO","SO"],"erste_kollision_m":{"OSO":13,"SO":4},"flaeche_m2":2019,"neigung_grad":9.6,"ausrichtung_grad":152,"weg_abstand_m":156,"wald_hinweis":false}},{"type":"Feature","geometry":{"type":"Point","coordinates":[11.423427,46.60436]},"properties":{"id":2724,"hoehe_m":1866,"sektoren_frei":[],"sektoren_blockiert":["N"],"erste_kollision_m":{"N":8},"flaeche_m2":119,"neigung_grad":9.2,"ausrichtung_grad":14,"weg_abstand_m":14,"wald_hinweis":false}},{"type":"Feature","geometry":{"type":"Point","coordinates":[11.467157,46.602615]},"properties":{"id":2725,"hoehe_m":1865,"sektoren_frei":[],"sektoren_blockiert":["SSO","S","W"],"erste_kollision_m":{"SSO":31,"S":12,"W":2},"flaeche_m2":1475,"neigung_grad":18.6,"ausrichtung_grad":146,"weg_abstand_m":90,"wald_hinweis":true}},{"type":"Feature","geometry":{"type":"Point","coordinates":[11.423584,46.610814]},"properties":{"id":2726,"hoehe_m":1865,"sektoren_frei":[],"sektoren_blockiert":["WSW","W"],"erste_kollision_m":{"WSW":6,"W":2},"flaeche_m2":6069,"neigung_grad":20.0,"ausrichtung_grad":268,"weg_abstand_m":422,"wald_hinweis":true}},{"type":"Feature","geometry":{"type":"Point","coordinates":[11.440676,46.627145]},"properties":{"id":2727,"hoehe_m":1864,"sektoren_frei":[],"sektoren_blockiert":["WSW","W","WNW","WNW"],"erste_kollision_m":{"WSW":10,"W":10,"WNW":12},"flaeche_m2":219,"neigung_grad":24.1,"ausrichtung_grad":273,"weg_abstand_m":640,"wald_hinweis":false}},{"type":"Feature","geometry":{"type":"Point","coordinates":[11.448363,46.589047]},"properties":{"id":2728,"hoehe_m":1864,"sektoren_frei":[],"sektoren_blockiert":["SSW"],"erste_kollision_m":{"SSW":6},"flaeche_m2":2394,"neigung_grad":9.0,"ausrichtung_grad":175,"weg_abstand_m":131,"wald_hinweis":false}},{"type":"Feature","geometry":{"type":"Point","coordinates":[11.486068,46.617798]},"properties":{"id":2729,"hoehe_m":1864,"sektoren_frei":[],"sektoren_blockiert":["OSO"],"erste_kollision_m":{"OSO":64},"flaeche_m2":138,"neigung_grad":15.7,"ausrichtung_grad":131,"weg_abstand_m":14,"wald_hinweis":false}},{"type":"Feature","geometry":{"type":"Point","coordinates":[11.443706,46.588539]},"properties":{"id":2730,"hoehe_m":1864,"sektoren_frei":[],"sektoren_blockiert":["SSO"],"erste_kollision_m":{"SSO":22},"flaeche_m2":175,"neigung_grad":14.5,"ausrichtung_grad":190,"weg_abstand_m":354,"wald_hinweis":false}},{"type":"Feature","geometry":{"type":"Point","coordinates":[11.440825,46.626827]},"properties":{"id":2731,"hoehe_m":1864,"sektoren_frei":["WSW"],"sektoren_blockiert":[],"erste_kollision_m":{},"flaeche_m2":20131,"neigung_grad":20.1,"ausrichtung_grad":239,"weg_abstand_m":653,"wald_hinweis":false}},{"type":"Feature","geometry":{"type":"Point","coordinates":[11.466915,46.602305]},"properties":{"id":2732,"hoehe_m":1864,"sektoren_frei":[],"sektoren_blockiert":["OSO","SO","S","SSW","SW"],"erste_kollision_m":{"OSO":43,"SO":54,"S":5,"SSW":6,"SW":6},"flaeche_m2":1775,"neigung_grad":22.6,"ausrichtung_grad":141,"weg_abstand_m":66,"wald_hinweis":true}},{"type":"Feature","geometry":{"type":"Point","coordinates":[11.44898,46.588966]},"properties":{"id":2733,"hoehe_m":1863,"sektoren_frei":[],"sektoren_blockiert":["SO","SW"],"erste_kollision_m":{"SO":6,"SW":4},"flaeche_m2":1819,"neigung_grad":11.8,"ausrichtung_grad":155,"weg_abstand_m":87,"wald_hinweis":false}},{"type":"Feature","geometry":{"type":"Point","coordinates":[11.485022,46.617055]},"properties":{"id":2734,"hoehe_m":1862,"sektoren_frei":[],"sektoren_blockiert":["SSW"],"erste_kollision_m":{"SSW":6},"flaeche_m2":200,"neigung_grad":9.8,"ausrichtung_grad":167,"weg_abstand_m":6,"wald_hinweis":false}},{"type":"Feature","geometry":{"type":"Point","coordinates":[11.487028,46.618092]},"properties":{"id":2735,"hoehe_m":1861,"sektoren_frei":[],"sektoren_blockiert":["SO","SSO","S"],"erste_kollision_m":{"SO":6,"SSO":6,"S":2},"flaeche_m2":1438,"neigung_grad":11.8,"ausrichtung_grad":156,"weg_abstand_m":5,"wald_hinweis":true}},{"type":"Feature","geometry":{"type":"Point","coordinates":[11.479932,46.615726]},"properties":{"id":2736,"hoehe_m":1860,"sektoren_frei":[],"sektoren_blockiert":["O","OSO"],"erste_kollision_m":{"O":5,"OSO":6},"flaeche_m2":225,"neigung_grad":11.3,"ausrichtung_grad":91,"weg_abstand_m":9,"wald_hinweis":false}},{"type":"Feature","geometry":{"type":"Point","coordinates":[11.480669,46.6347]},"properties":{"id":2737,"hoehe_m":1859,"sektoren_frei":[],"sektoren_blockiert":["NNO","NO","ONO"],"erste_kollision_m":{"NNO":15,"NO":6,"ONO":9},"flaeche_m2":1450,"neigung_grad":16.3,"ausrichtung_grad":57,"weg_abstand_m":56,"wald_hinweis":true}},{"type":"Feature","geometry":{"type":"Point","coordinates":[11.449794,46.588926]},"properties":{"id":2738,"hoehe_m":1859,"sektoren_frei":[],"sektoren_blockiert":["OSO","S","SSW"],"erste_kollision_m":{"OSO":6,"S":8,"SSW":6},"flaeche_m2":10312,"neigung_grad":10.5,"ausrichtung_grad":161,"weg_abstand_m":27,"wald_hinweis":false}},{"type":"Feature","geometry":{"type":"Point","coordinates":[11.468575,46.641689]},"properties":{"id":2739,"hoehe_m":1859,"sektoren_frei":[],"sektoren_blockiert":["O"],"erste_kollision_m":{"O":2},"flaeche_m2":531,"neigung_grad":12.4,"ausrichtung_grad":130,"weg_abstand_m":63,"wald_hinweis":false}},{"type":"Feature","geometry":{"type":"Point","coordinates":[11.484443,46.616551]},"properties":{"id":2740,"hoehe_m":1859,"sektoren_frei":[],"sektoren_blockiert":["SO","SSO","S"],"erste_kollision_m":{"SO":37,"SSO":35,"S":2},"flaeche_m2":650,"neigung_grad":13.8,"ausrichtung_grad":154,"weg_abstand_m":4,"wald_hinweis":false}},{"type":"Feature","geometry":{"type":"Point","coordinates":[11.439145,46.590166]},"properties":{"id":2741,"hoehe_m":1858,"sektoren_frei":[],"sektoren_blockiert":["SSW","SW"],"erste_kollision_m":{"SSW":8,"SW":6},"flaeche_m2":17838,"neigung_grad":14.9,"ausrichtung_grad":194,"weg_abstand_m":292,"wald_hinweis":true}},{"type":"Feature","geometry":{"type":"Point","coordinates":[11.437636,46.63]},"properties":{"id":2742,"hoehe_m":1857,"sektoren_frei":[],"sektoren_blockiert":["SO","SSO","S"],"erste_kollision_m":{"SO":4,"SSO":6,"S":5},"flaeche_m2":156,"neigung_grad":28.3,"ausrichtung_grad":157,"weg_abstand_m":453,"wald_hinweis":false}},{"type":"Feature","geometry":{"type":"Point","coordinates":[11.438849,46.590128]},"properties":{"id":2743,"hoehe_m":1856,"sektoren_frei":[],"sektoren_blockiert":["SSO","S"],"erste_kollision_m":{"SSO":26,"S":8},"flaeche_m2":16881,"neigung_grad":14.9,"ausrichtung_grad":192,"weg_abstand_m":298,"wald_hinweis":true}},{"type":"Feature","geometry":{"type":"Point","coordinates":[11.469204,46.641878]},"properties":{"id":2744,"hoehe_m":1856,"sektoren_frei":[],"sektoren_blockiert":["S"],"erste_kollision_m":{"S":5},"flaeche_m2":1238,"neigung_grad":14.3,"ausrichtung_grad":144,"weg_abstand_m":51,"wald_hinweis":false}},{"type":"Feature","geometry":{"type":"Point","coordinates":[11.48607,46.617123]},"properties":{"id":2745,"hoehe_m":1856,"sektoren_frei":[],"sektoren_blockiert":["OSO","SO","SSO","S"],"erste_kollision_m":{"OSO":13,"SO":4,"SSO":6,"S":5},"flaeche_m2":1944,"neigung_grad":9.1,"ausrichtung_grad":130,"weg_abstand_m":40,"wald_hinweis":true}},{"type":"Feature","geometry":{"type":"Point","coordinates":[11.480616,46.634971]},"properties":{"id":2746,"hoehe_m":1856,"sektoren_frei":[],"sektoren_blockiert":["NNO"],"erste_kollision_m":{"NNO":6},"flaeche_m2":144,"neigung_grad":18.3,"ausrichtung_grad":50,"weg_abstand_m":39,"wald_hinweis":true}},{"type":"Feature","geometry":{"type":"Point","coordinates":[11.466064,46.601536]},"properties":{"id":2747,"hoehe_m":1855,"sektoren_frei":[],"sektoren_blockiert":["NNO","O"],"erste_kollision_m":{"NNO":6,"O":2},"flaeche_m2":125,"neigung_grad":20.4,"ausrichtung_grad":55,"weg_abstand_m":19,"wald_hinweis":false}},{"type":"Feature","geometry":{"type":"Point","coordinates":[11.42326,46.610866]},"properties":{"id":2748,"hoehe_m":1855,"sektoren_frei":[],"sektoren_blockiert":["SSW","SW"],"erste_kollision_m":{"SSW":16,"SW":22},"flaeche_m2":5388,"neigung_grad":20.3,"ausrichtung_grad":241,"weg_abstand_m":415,"wald_hinweis":true}},{"type":"Feature","geometry":{"type":"Point","coordinates":[11.425442,46.626817]},"properties":{"id":2749,"hoehe_m":1855,"sektoren_frei":[],"sektoren_blockiert":["OSO","SW"],"erste_kollision_m":{"OSO":48,"SW":84},"flaeche_m2":431,"neigung_grad":18.7,"ausrichtung_grad":152,"weg_abstand_m":26,"wald_hinweis":false}},{"type":"Feature","geometry":{"type":"Point","coordinates":[11.450836,46.588881]},"properties":{"id":2750,"hoehe_m":1855,"sektoren_frei":[],"sektoren_blockiert":["SO","SSO"],"erste_kollision_m":{"SO":30,"SSO":32},"flaeche_m2":63056,"neigung_grad":10.2,"ausrichtung_grad":152,"weg_abstand_m":41,"wald_hinweis":false}},{"type":"Feature","geometry":{"type":"Point","coordinates":[11.440756,46.626019]},"properties":{"id":2751,"hoehe_m":1854,"sektoren_frei":[],"sektoren_blockiert":["WNW"],"erste_kollision_m":{"WNW":124},"flaeche_m2":4744,"neigung_grad":25.6,"ausrichtung_grad":271,"weg_abstand_m":719,"wald_hinweis":true}},{"type":"Feature","geometry":{"type":"Point","coordinates":[11.450569,46.588752]},"properties":{"id":2752,"hoehe_m":1854,"sektoren_frei":[],"sektoren_blockiert":["OSO","S"],"erste_kollision_m":{"OSO":6,"S":2},"flaeche_m2":54788,"neigung_grad":10.9,"ausrichtung_grad":158,"weg_abstand_m":16,"wald_hinweis":false}},{"type":"Feature","geometry":{"type":"Point","coordinates":[11.465664,46.602085]},"properties":{"id":2753,"hoehe_m":1854,"sektoren_frei":[],"sektoren_blockiert":["OSO"],"erste_kollision_m":{"OSO":6},"flaeche_m2":256,"neigung_grad":8.9,"ausrichtung_grad":124,"weg_abstand_m":7,"wald_hinweis":false}},{"type":"Feature","geometry":{"type":"Point","coordinates":[11.440636,46.589212]},"properties":{"id":2754,"hoehe_m":1854,"sektoren_frei":[],"sektoren_blockiert":["WSW"],"erste_kollision_m":{"WSW":13},"flaeche_m2":3544,"neigung_grad":17.3,"ausrichtung_grad":215,"weg_abstand_m":360,"wald_hinweis":true}},{"type":"Feature","geometry":{"type":"Point","coordinates":[11.486942,46.617644]},"properties":{"id":2755,"hoehe_m":1853,"sektoren_frei":[],"sektoren_blockiert":["OSO"],"erste_kollision_m":{"OSO":6},"flaeche_m2":256,"neigung_grad":8.4,"ausrichtung_grad":143,"weg_abstand_m":24,"wald_hinweis":false}},{"type":"Feature","geometry":{"type":"Point","coordinates":[11.485091,46.616424]},"properties":{"id":2756,"hoehe_m":1853,"sektoren_frei":[],"sektoren_blockiert":["OSO","SO","SSO","S","SSW"],"erste_kollision_m":{"OSO":13,"SO":4,"SSO":6,"S":2,"SSW":6},"flaeche_m2":731,"neigung_grad":11.0,"ausrichtung_grad":156,"weg_abstand_m":43,"wald_hinweis":false}},{"type":"Feature","geometry":{"type":"Point","coordinates":[11.440299,46.627491]},"properties":{"id":2757,"hoehe_m":1853,"sektoren_frei":[],"sektoren_blockiert":["SSW","SW"],"erste_kollision_m":{"SSW":13,"SW":4},"flaeche_m2":2150,"neigung_grad":20.1,"ausrichtung_grad":222,"weg_abstand_m":641,"wald_hinweis":false}},{"type":"Feature","geometry":{"type":"Point","coordinates":[11.487305,46.617726]},"properties":{"id":2758,"hoehe_m":1852,"sektoren_frei":[],"sektoren_blockiert":["OSO","S"],"erste_kollision_m":{"OSO":15,"S":2},"flaeche_m2":344,"neigung_grad":10.0,"ausrichtung_grad":142,"weg_abstand_m":12,"wald_hinweis":true}},{"type":"Feature","geometry":{"type":"Point","coordinates":[11.440926,46.630538]},"properties":{"id":2759,"hoehe_m":1852,"sektoren_frei":[],"sektoren_blockiert":["OSO"],"erste_kollision_m":{"OSO":40},"flaeche_m2":231,"neigung_grad":21.4,"ausrichtung_grad":148,"weg_abstand_m":328,"wald_hinweis":false}},{"type":"Feature","geometry":{"type":"Point","coordinates":[11.466421,46.602203]},"properties":{"id":2760,"hoehe_m":1851,"sektoren_frei":[],"sektoren_blockiert":["SSO"],"erste_kollision_m":{"SSO":6},"flaeche_m2":1862,"neigung_grad":10.1,"ausrichtung_grad":188,"weg_abstand_m":39,"wald_hinweis":false}},{"type":"Feature","geometry":{"type":"Point","coordinates":[11.448855,46.588384]},"properties":{"id":2761,"hoehe_m":1850,"sektoren_frei":[],"sektoren_blockiert":["SO","SSO"],"erste_kollision_m":{"SO":11,"SSO":13},"flaeche_m2":5531,"neigung_grad":11.3,"ausrichtung_grad":156,"weg_abstand_m":60,"wald_hinweis":true}},{"type":"Feature","geometry":{"type":"Point","coordinates":[11.437068,46.62972]},"properties":{"id":2762,"hoehe_m":1850,"sektoren_frei":[],"sektoren_blockiert":["OSO"],"erste_kollision_m":{"OSO":85},"flaeche_m2":3556,"neigung_grad":27.2,"ausrichtung_grad":153,"weg_abstand_m":503,"wald_hinweis":false}},{"type":"Feature","geometry":{"type":"Point","coordinates":[11.436378,46.59252]},"properties":{"id":2763,"hoehe_m":1850,"sektoren_frei":[],"sektoren_blockiert":["WSW","W","WNW"],"erste_kollision_m":{"WSW":9,"W":2,"WNW":12},"flaeche_m2":1375,"neigung_grad":12.4,"ausrichtung_grad":251,"weg_abstand_m":3,"wald_hinweis":false}},{"type":"Feature","geometry":{"type":"Point","coordinates":[11.424593,46.626813]},"properties":{"id":2764,"hoehe_m":1850,"sektoren_frei":[],"sektoren_blockiert":["W"],"erste_kollision_m":{"W":37},"flaeche_m2":112,"neigung_grad":20.8,"ausrichtung_grad":240,"weg_abstand_m":33,"wald_hinweis":false}},{"type":"Feature","geometry":{"type":"Point","coordinates":[11.453556,46.588418]},"properties":{"id":2765,"hoehe_m":1849,"sektoren_frei":[],"sektoren_blockiert":["WSW"],"erste_kollision_m":{"WSW":6},"flaeche_m2":144,"neigung_grad":10.4,"ausrichtung_grad":252,"weg_abstand_m":215,"wald_hinweis":false}},{"type":"Feature","geometry":{"type":"Point","coordinates":[11.467198,46.602074]},"properties":{"id":2766,"hoehe_m":1849,"sektoren_frei":[],"sektoren_blockiert":["O"],"erste_kollision_m":{"O":8},"flaeche_m2":188,"neigung_grad":9.6,"ausrichtung_grad":122,"weg_abstand_m":48,"wald_hinweis":false}},{"type":"Feature","geometry":{"type":"Point","coordinates":[11.450721,46.588501]},"properties":{"id":2767,"hoehe_m":1848,"sektoren_frei":[],"sektoren_blockiert":["SSW"],"erste_kollision_m":{"SSW":6},"flaeche_m2":175,"neigung_grad":8.6,"ausrichtung_grad":165,"weg_abstand_m":13,"wald_hinweis":false}},{"type":"Feature","geometry":{"type":"Point","coordinates":[11.439315,46.5896]},"properties":{"id":2768,"hoehe_m":1848,"sektoren_frei":[],"sektoren_blockiert":["SSO","WSW"],"erste_kollision_m":{"SSO":6,"WSW":48},"flaeche_m2":281,"neigung_grad":16.8,"ausrichtung_grad":193,"weg_abstand_m":351,"wald_hinweis":true}},{"type":"Feature","geometry":{"type":"Point","coordinates":[11.434574,46.63236]},"properties":{"id":2769,"hoehe_m":1848,"sektoren_frei":[],"sektoren_blockiert":["OSO","SO","SSO","S"],"erste_kollision_m":{"OSO":13,"SO":4,"SSO":6,"S":2},"flaeche_m2":669,"neigung_grad":22.6,"ausrichtung_grad":152,"weg_abstand_m":161,"wald_hinweis":false}},{"type":"Feature","geometry":{"type":"Point","coordinates":[11.467026,46.601875]},"properties":{"id":2770,"hoehe_m":1848,"sektoren_frei":[],"sektoren_blockiert":["SSW"],"erste_kollision_m":{"SSW":30},"flaeche_m2":319,"neigung_grad":14.8,"ausrichtung_grad":179,"weg_abstand_m":23,"wald_hinweis":false}},{"type":"Feature","geometry":{"type":"Point","coordinates":[11.480252,46.635586]},"properties":{"id":2771,"hoehe_m":1847,"sektoren_frei":[],"sektoren_blockiert":["N","NNO","NO","ONO"],"erste_kollision_m":{"N":8,"NNO":6,"NO":6,"ONO":8},"flaeche_m2":5550,"neigung_grad":12.1,"ausrichtung_grad":23,"weg_abstand_m":0,"wald_hinweis":false}},{"type":"Feature","geometry":{"type":"Point","coordinates":[11.438024,46.58992]},"properties":{"id":2772,"hoehe_m":1847,"sektoren_frei":[],"sektoren_blockiert":["SSO"],"erste_kollision_m":{"SSO":6},"flaeche_m2":888,"neigung_grad":14.2,"ausrichtung_grad":183,"weg_abstand_m":267,"wald_hinweis":true}},{"type":"Feature","geometry":{"type":"Point","coordinates":[11.423943,46.604957]},"properties":{"id":2773,"hoehe_m":1846,"sektoren_frei":[],"sektoren_blockiert":["NNW"],"erste_kollision_m":{"NNW":6},"flaeche_m2":744,"neigung_grad":12.8,"ausrichtung_grad":7,"weg_abstand_m":12,"wald_hinweis":false}},{"type":"Feature","geometry":{"type":"Point","coordinates":[11.486272,46.616556]},"properties":{"id":2774,"hoehe_m":1846,"sektoren_frei":[],"sektoren_blockiert":["SO"],"erste_kollision_m":{"SO":6},"flaeche_m2":325,"neigung_grad":11.2,"ausrichtung_grad":141,"weg_abstand_m":102,"wald_hinweis":false}},{"type":"Feature","geometry":{"type":"Point","coordinates":[11.48607,46.616425]},"properties":{"id":2775,"hoehe_m":1846,"sektoren_frei":[],"sektoren_blockiert":["SO","S","SSW"],"erste_kollision_m":{"SO":4,"S":8,"SSW":6},"flaeche_m2":475,"neigung_grad":12.7,"ausrichtung_grad":169,"weg_abstand_m":101,"wald_hinweis":true}},{"type":"Feature","geometry":{"type":"Point","coordinates":[11.437225,46.599747]},"properties":{"id":2776,"hoehe_m":1845,"sektoren_frei":[],"sektoren_blockiert":["SW","WSW","W","WNW"],"erste_kollision_m":{"SW":4,"WSW":24,"W":2,"WNW":25},"flaeche_m2":2044,"neigung_grad":23.6,"ausrichtung_grad":267,"weg_abstand_m":371,"wald_hinweis":false}},{"type":"Feature","geometry":{"type":"Point","coordinates":[11.436138,46.592975]},"properties":{"id":2777,"hoehe_m":1845,"sektoren_frei":[],"sektoren_blockiert":["WSW","NW"],"erste_kollision_m":{"WSW":6,"NW":4},"flaeche_m2":462,"neigung_grad":8.5,"ausrichtung_grad":282,"weg_abstand_m":22,"wald_hinweis":false}},{"type":"Feature","geometry":{"type":"Point","coordinates":[11.450875,46.588295]},"properties":{"id":2778,"hoehe_m":1845,"sektoren_frei":[],"sektoren_blockiert":["SSW"],"erste_kollision_m":{"SSW":6},"flaeche_m2":325,"neigung_grad":9.5,"ausrichtung_grad":165,"weg_abstand_m":16,"wald_hinweis":false}},{"type":"Feature","geometry":{"type":"Point","coordinates":[11.449928,46.588293]},"properties":{"id":2779,"hoehe_m":1844,"sektoren_frei":[],"sektoren_blockiert":["SSW"],"erste_kollision_m":{"SSW":6},"flaeche_m2":7781,"neigung_grad":10.0,"ausrichtung_grad":176,"weg_abstand_m":4,"wald_hinweis":true}},{"type":"Feature","geometry":{"type":"Point","coordinates":[11.441795,46.629529]},"properties":{"id":2780,"hoehe_m":1844,"sektoren_frei":[],"sektoren_blockiert":["WSW","W"],"erste_kollision_m":{"WSW":6,"W":45},"flaeche_m2":256,"neigung_grad":25.4,"ausrichtung_grad":270,"weg_abstand_m":440,"wald_hinweis":false}},{"type":"Feature","geometry":{"type":"Point","coordinates":[11.43844,46.589731]},"properties":{"id":2781,"hoehe_m":1843,"sektoren_frei":[],"sektoren_blockiert":["WSW"],"erste_kollision_m":{"WSW":18},"flaeche_m2":406,"neigung_grad":10.0,"ausrichtung_grad":208,"weg_abstand_m":297,"wald_hinweis":false}},{"type":"Feature","geometry":{"type":"Point","coordinates":[11.440313,46.626343]},"properties":{"id":2782,"hoehe_m":1843,"sektoren_frei":[],"sektoren_blockiert":["SSW"],"erste_kollision_m":{"SSW":15},"flaeche_m2":112,"neigung_grad":20.4,"ausrichtung_grad":236,"weg_abstand_m":718,"wald_hinweis":false}},{"type":"Feature","geometry":{"type":"Point","coordinates":[11.423789,46.605163]},"properties":{"id":2783,"hoehe_m":1842,"sektoren_frei":[],"sektoren_blockiert":["NNO","NW"],"erste_kollision_m":{"NNO":6,"NW":11},"flaeche_m2":169,"neigung_grad":13.7,"ausrichtung_grad":358,"weg_abstand_m":10,"wald_hinweis":false}},{"type":"Feature","geometry":{"type":"Point","coordinates":[11.470379,46.641852]},"properties":{"id":2784,"hoehe_m":1842,"sektoren_frei":[],"sektoren_blockiert":["O"],"erste_kollision_m":{"O":8},"flaeche_m2":1569,"neigung_grad":11.4,"ausrichtung_grad":114,"weg_abstand_m":30,"wald_hinweis":false}},{"type":"Feature","geometry":{"type":"Point","coordinates":[11.43715,46.599546]},"properties":{"id":2785,"hoehe_m":1841,"sektoren_frei":[],"sektoren_blockiert":["WSW"],"erste_kollision_m":{"WSW":16},"flaeche_m2":1275,"neigung_grad":23.1,"ausrichtung_grad":255,"weg_abstand_m":369,"wald_hinweis":true}},{"type":"Feature","geometry":{"type":"Point","coordinates":[11.440455,46.625868]},"properties":{"id":2786,"hoehe_m":1841,"sektoren_frei":[],"sektoren_blockiert":["NW"],"erste_kollision_m":{"NW":28},"flaeche_m2":569,"neigung_grad":18.3,"ausrichtung_grad":276,"weg_abstand_m":722,"wald_hinweis":false}},{"type":"Feature","geometry":{"type":"Point","coordinates":[11.436368,46.629397]},"properties":{"id":2787,"hoehe_m":1841,"sektoren_frei":[],"sektoren_blockiert":["SW"],"erste_kollision_m":{"SW":45},"flaeche_m2":981,"neigung_grad":12.3,"ausrichtung_grad":224,"weg_abstand_m":501,"wald_hinweis":false}},{"type":"Feature","geometry":{"type":"Point","coordinates":[11.422612,46.61097]},"properties":{"id":2788,"hoehe_m":1841,"sektoren_frei":[],"sektoren_blockiert":["W"],"erste_kollision_m":{"W":8},"flaeche_m2":238,"neigung_grad":18.2,"ausrichtung_grad":231,"weg_abstand_m":401,"wald_hinweis":false}},{"type":"Feature","geometry":{"type":"Point","coordinates":[11.43711,46.599367]},"properties":{"id":2789,"hoehe_m":1838,"sektoren_frei":[],"sektoren_blockiert":["SSW"],"erste_kollision_m":{"SSW":38},"flaeche_m2":369,"neigung_grad":20.5,"ausrichtung_grad":230,"weg_abstand_m":370,"wald_hinweis":false}},{"type":"Feature","geometry":{"type":"Point","coordinates":[11.437263,46.589689]},"properties":{"id":2790,"hoehe_m":1838,"sektoren_frei":[],"sektoren_blockiert":["SSW","SW"],"erste_kollision_m":{"SSW":20,"SW":20},"flaeche_m2":156,"neigung_grad":15.8,"ausrichtung_grad":208,"weg_abstand_m":207,"wald_hinweis":true}},{"type":"Feature","geometry":{"type":"Point","coordinates":[11.439811,46.589005]},"properties":{"id":2791,"hoehe_m":1837,"sektoren_frei":[],"sektoren_blockiert":["SSO"],"erste_kollision_m":{"SSO":18},"flaeche_m2":2156,"neigung_grad":17.8,"ausrichtung_grad":194,"weg_abstand_m":405,"wald_hinweis":false}},{"type":"Feature","geometry":{"type":"Point","coordinates":[11.423106,46.61033]},"properties":{"id":2792,"hoehe_m":1837,"sektoren_frei":[],"sektoren_blockiert":["W"],"erste_kollision_m":{"W":5},"flaeche_m2":119,"neigung_grad":26.9,"ausrichtung_grad":245,"weg_abstand_m":357,"wald_hinweis":true}},{"type":"Feature","geometry":{"type":"Point","coordinates":[11.43849,46.589393]},"properties":{"id":2793,"hoehe_m":1837,"sektoren_frei":[],"sektoren_blockiert":["SO"],"erste_kollision_m":{"SO":6},"flaeche_m2":256,"neigung_grad":11.5,"ausrichtung_grad":170,"weg_abstand_m":301,"wald_hinweis":false}},{"type":"Feature","geometry":{"type":"Point","coordinates":[11.42279,46.610584]},"properties":{"id":2794,"hoehe_m":1836,"sektoren_frei":[],"sektoren_blockiert":["S"],"erste_kollision_m":{"S":41},"flaeche_m2":1275,"neigung_grad":21.7,"ausrichtung_grad":218,"weg_abstand_m":371,"wald_hinweis":false}},{"type":"Feature","geometry":{"type":"Point","coordinates":[11.441443,46.629694]},"properties":{"id":2795,"hoehe_m":1836,"sektoren_frei":[],"sektoren_blockiert":["W","WNW"],"erste_kollision_m":{"W":16,"WNW":43},"flaeche_m2":938,"neigung_grad":21.4,"ausrichtung_grad":289,"weg_abstand_m":426,"wald_hinweis":false}},{"type":"Feature","geometry":{"type":"Point","coordinates":[11.492447,46.619481]},"properties":{"id":2796,"hoehe_m":1835,"sektoren_frei":[],"sektoren_blockiert":["ONO","O","OSO","SO"],"erste_kollision_m":{"ONO":10,"O":10,"OSO":27,"SO":6},"flaeche_m2":600,"neigung_grad":15.4,"ausrichtung_grad":93,"weg_abstand_m":242,"wald_hinweis":true}},{"type":"Feature","geometry":{"type":"Point","coordinates":[11.423378,46.605464]},"properties":{"id":2797,"hoehe_m":1834,"sektoren_frei":[],"sektoren_blockiert":["NNO"],"erste_kollision_m":{"NNO":18},"flaeche_m2":781,"neigung_grad":14.3,"ausrichtung_grad":21,"weg_abstand_m":10,"wald_hinweis":false}},{"type":"Feature","geometry":{"type":"Point","coordinates":[11.44095,46.598385]},"properties":{"id":2798,"hoehe_m":1834,"sektoren_frei":[],"sektoren_blockiert":["SSO","S","SSW"],"erste_kollision_m":{"SSO":40,"S":40,"SSW":6},"flaeche_m2":4788,"neigung_grad":20.3,"ausrichtung_grad":177,"weg_abstand_m":542,"wald_hinweis":true}},{"type":"Feature","geometry":{"type":"Point","coordinates":[11.43913,46.629811]},"properties":{"id":2799,"hoehe_m":1834,"sektoren_frei":[],"sektoren_blockiert":["SSO","S"],"erste_kollision_m":{"SSO":23,"S":23},"flaeche_m2":356,"neigung_grad":26.2,"ausrichtung_grad":168,"weg_abstand_m":426,"wald_hinweis":false}},{"type":"Feature","geometry":{"type":"Point","coordinates":[11.43974,46.62667]},"properties":{"id":2800,"hoehe_m":1832,"sektoren_frei":[],"sektoren_blockiert":["S"],"erste_kollision_m":{"S":21},"flaeche_m2":225,"neigung_grad":11.1,"ausrichtung_grad":201,"weg_abstand_m":721,"wald_hinweis":false}},{"type":"Feature","geometry":{"type":"Point","coordinates":[11.435316,46.592858]},"properties":{"id":2801,"hoehe_m":1831,"sektoren_frei":[],"sektoren_blockiert":["W"],"erste_kollision_m":{"W":12},"flaeche_m2":5831,"neigung_grad":14.2,"ausrichtung_grad":266,"weg_abstand_m":13,"wald_hinweis":false}},{"type":"Feature","geometry":{"type":"Point","coordinates":[11.439948,46.629838]},"properties":{"id":2802,"hoehe_m":1831,"sektoren_frei":[],"sektoren_blockiert":["SSO","S","S"],"erste_kollision_m":{"SSO":72,"S":8},"flaeche_m2":312,"neigung_grad":27.3,"ausrichtung_grad":149,"weg_abstand_m":410,"wald_hinweis":false}},{"type":"Feature","geometry":{"type":"Point","coordinates":[11.440057,46.625741]},"properties":{"id":2803,"hoehe_m":1831,"sektoren_frei":[],"sektoren_blockiert":["NW"],"erste_kollision_m":{"NW":6},"flaeche_m2":156,"neigung_grad":13.5,"ausrichtung_grad":290,"weg_abstand_m":688,"wald_hinweis":true}},{"type":"Feature","geometry":{"type":"Point","coordinates":[11.423289,46.605668]},"properties":{"id":2804,"hoehe_m":1830,"sektoren_frei":[],"sektoren_blockiert":["NNW"],"erste_kollision_m":{"NNW":9},"flaeche_m2":144,"neigung_grad":12.5,"ausrichtung_grad":11,"weg_abstand_m":1,"wald_hinweis":false}},{"type":"Feature","geometry":{"type":"Point","coordinates":[11.439463,46.627059]},"properties":{"id":2805,"hoehe_m":1830,"sektoren_frei":[],"sektoren_blockiert":["WNW"],"erste_kollision_m":{"WNW":9},"flaeche_m2":994,"neigung_grad":18.5,"ausrichtung_grad":270,"weg_abstand_m":721,"wald_hinweis":false}},{"type":"Feature","geometry":{"type":"Point","coordinates":[11.440027,46.628689]},"properties":{"id":2806,"hoehe_m":1829,"sektoren_frei":[],"sektoren_blockiert":["W","WNW","NW","NNW"],"erste_kollision_m":{"W":146,"WNW":15,"NW":6,"NNW":15},"flaeche_m2":1512,"neigung_grad":20.6,"ausrichtung_grad":300,"weg_abstand_m":536,"wald_hinweis":false}},{"type":"Feature","geometry":{"type":"Point","coordinates":[11.434991,46.593607]},"properties":{"id":2807,"hoehe_m":1829,"sektoren_frei":[],"sektoren_blockiert":["WSW","WNW"],"erste_kollision_m":{"WSW":6,"WNW":9},"flaeche_m2":5444,"neigung_grad":15.4,"ausrichtung_grad":269,"weg_abstand_m":90,"wald_hinweis":false}},{"type":"Feature","geometry":{"type":"Point","coordinates":[11.441304,46.629494]},"properties":{"id":2808,"hoehe_m":1829,"sektoren_frei":[],"sektoren_blockiert":["NW"],"erste_kollision_m":{"NW":17},"flaeche_m2":719,"neigung_grad":20.7,"ausrichtung_grad":314,"weg_abstand_m":446,"wald_hinweis":false}},{"type":"Feature","geometry":{"type":"Point","coordinates":[11.482579,46.634321]},"properties":{"id":2809,"hoehe_m":1828,"sektoren_frei":[],"sektoren_blockiert":["NNO","NO","NO","ONO","O"],"erste_kollision_m":{"NNO":6,"NO":6,"ONO":8,"O":2},"flaeche_m2":825,"neigung_grad":11.5,"ausrichtung_grad":78,"weg_abstand_m":5,"wald_hinweis":true}},{"type":"Feature","geometry":{"type":"Point","coordinates":[11.438436,46.629623]},"properties":{"id":2810,"hoehe_m":1827,"sektoren_frei":[],"sektoren_blockiert":["SSO","S"],"erste_kollision_m":{"SSO":6,"S":2},"flaeche_m2":412,"neigung_grad":25.9,"ausrichtung_grad":171,"weg_abstand_m":463,"wald_hinweis":false}},{"type":"Feature","geometry":{"type":"Point","coordinates":[11.423004,46.605854]},"properties":{"id":2811,"hoehe_m":1827,"sektoren_frei":[],"sektoren_blockiert":["NO"],"erste_kollision_m":{"NO":4},"flaeche_m2":412,"neigung_grad":13.2,"ausrichtung_grad":25,"weg_abstand_m":10,"wald_hinweis":false}},{"type":"Feature","geometry":{"type":"Point","coordinates":[11.441532,46.59826]},"properties":{"id":2812,"hoehe_m":1827,"sektoren_frei":[],"sektoren_blockiert":["SO","SSO","S"],"erste_kollision_m":{"SO":9,"SSO":29,"S":2},"flaeche_m2":4288,"neigung_grad":21.2,"ausrichtung_grad":171,"weg_abstand_m":504,"wald_hinweis":true}},{"type":"Feature","geometry":{"type":"Point","coordinates":[11.436052,46.628909]},"properties":{"id":2813,"hoehe_m":1826,"sektoren_frei":[],"sektoren_blockiert":["OSO"],"erste_kollision_m":{"OSO":22},"flaeche_m2":244,"neigung_grad":20.4,"ausrichtung_grad":155,"weg_abstand_m":511,"wald_hinweis":false}},{"type":"Feature","geometry":{"type":"Point","coordinates":[11.489033,46.617666]},"properties":{"id":2814,"hoehe_m":1826,"sektoren_frei":[],"sektoren_blockiert":["O","OSO","SO","SSO","S"],"erste_kollision_m":{"O":8,"OSO":45,"SO":11,"SSO":28,"S":24},"flaeche_m2":3300,"neigung_grad":15.8,"ausrichtung_grad":198,"weg_abstand_m":34,"wald_hinweis":true}},{"type":"Feature","geometry":{"type":"Point","coordinates":[11.4312,46.600798]},"properties":{"id":2815,"hoehe_m":1826,"sektoren_frei":[],"sektoren_blockiert":["OSO","SO"],"erste_kollision_m":{"OSO":10,"SO":6},"flaeche_m2":3475,"neigung_grad":20.3,"ausrichtung_grad":145,"weg_abstand_m":50,"wald_hinweis":true}},{"type":"Feature","geometry":{"type":"Point","coordinates":[11.435063,46.593021]},"properties":{"id":2816,"hoehe_m":1826,"sektoren_frei":[],"sektoren_blockiert":["SW"],"erste_kollision_m":{"SW":6},"flaeche_m2":875,"neigung_grad":9.9,"ausrichtung_grad":234,"weg_abstand_m":39,"wald_hinweis":false}},{"type":"Feature","geometry":{"type":"Point","coordinates":[11.434747,46.593253]},"properties":{"id":2817,"hoehe_m":1826,"sektoren_frei":[],"sektoren_blockiert":["NW"],"erste_kollision_m":{"NW":4},"flaeche_m2":112,"neigung_grad":13.6,"ausrichtung_grad":277,"weg_abstand_m":74,"wald_hinweis":false}},{"type":"Feature","geometry":{"type":"Point","coordinates":[11.422082,46.610801]},"properties":{"id":2818,"hoehe_m":1824,"sektoren_frei":[],"sektoren_blockiert":["SW","W"],"erste_kollision_m":{"SW":4,"W":5},"flaeche_m2":606,"neigung_grad":23.9,"ausrichtung_grad":245,"weg_abstand_m":366,"wald_hinweis":false}},{"type":"Feature","geometry":{"type":"Point","coordinates":[11.440318,46.598129]},"properties":{"id":2819,"hoehe_m":1824,"sektoren_frei":[],"sektoren_blockiert":["SO"],"erste_kollision_m":{"SO":4},"flaeche_m2":1200,"neigung_grad":22.4,"ausrichtung_grad":169,"weg_abstand_m":579,"wald_hinweis":true}},{"type":"Feature","geometry":{"type":"Point","coordinates":[11.440808,46.62937]},"properties":{"id":2820,"hoehe_m":1824,"sektoren_frei":[],"sektoren_blockiert":["NNW"],"erste_kollision_m":{"NNW":48},"flaeche_m2":188,"neigung_grad":24.8,"ausrichtung_grad":318,"weg_abstand_m":458,"wald_hinweis":false}},{"type":"Feature","geometry":{"type":"Point","coordinates":[11.438954,46.627362]},"properties":{"id":2821,"hoehe_m":1823,"sektoren_frei":[],"sektoren_blockiert":["SW"],"erste_kollision_m":{"SW":4},"flaeche_m2":738,"neigung_grad":17.7,"ausrichtung_grad":226,"weg_abstand_m":694,"wald_hinweis":true}},{"type":"Feature","geometry":{"type":"Point","coordinates":[11.440946,46.629525]},"properties":{"id":2822,"hoehe_m":1822,"sektoren_frei":[],"sektoren_blockiert":["W"],"erste_kollision_m":{"W":41},"flaeche_m2":269,"neigung_grad":20.8,"ausrichtung_grad":302,"weg_abstand_m":441,"wald_hinweis":false}},{"type":"Feature","geometry":{"type":"Point","coordinates":[11.439507,46.625843]},"properties":{"id":2823,"hoehe_m":1822,"sektoren_frei":[],"sektoren_blockiert":["SW"],"erste_kollision_m":{"SW":4},"flaeche_m2":338,"neigung_grad":9.3,"ausrichtung_grad":257,"weg_abstand_m":657,"wald_hinweis":false}},{"type":"Feature","geometry":{"type":"Point","coordinates":[11.473048,46.640917]},"properties":{"id":2824,"hoehe_m":1821,"sektoren_frei":[],"sektoren_blockiert":["NNO","NNO","NO","ONO","O","OSO"],"erste_kollision_m":{"NNO":6,"NO":6,"ONO":63,"O":8,"OSO":6},"flaeche_m2":6619,"neigung_grad":8.9,"ausrichtung_grad":63,"weg_abstand_m":78,"wald_hinweis":false}},{"type":"Feature","geometry":{"type":"Point","coordinates":[11.43908,46.627967]},"properties":{"id":2825,"hoehe_m":1820,"sektoren_frei":[],"sektoren_blockiert":["WSW","W","WNW","NW","NNW"],"erste_kollision_m":{"WSW":34,"W":149,"WNW":134,"NW":29,"NNW":27},"flaeche_m2":3850,"neigung_grad":19.8,"ausrichtung_grad":291,"weg_abstand_m":626,"wald_hinweis":true}},{"type":"Feature","geometry":{"type":"Point","coordinates":[11.439328,46.628412]},"properties":{"id":2826,"hoehe_m":1819,"sektoren_frei":[],"sektoren_blockiert":["SW","WSW"],"erste_kollision_m":{"SW":27,"WSW":31},"flaeche_m2":800,"neigung_grad":17.0,"ausrichtung_grad":253,"weg_abstand_m":574,"wald_hinweis":false}},{"type":"Feature","geometry":{"type":"Point","coordinates":[11.436514,46.59992]},"properties":{"id":2827,"hoehe_m":1819,"sektoren_frei":[],"sektoren_blockiert":["WSW"],"erste_kollision_m":{"WSW":19},"flaeche_m2":9906,"neigung_grad":26.3,"ausrichtung_grad":269,"weg_abstand_m":314,"wald_hinweis":false}},{"type":"Feature","geometry":{"type":"Point","coordinates":[11.430497,46.600408]},"properties":{"id":2828,"hoehe_m":1819,"sektoren_frei":["SSO","S"],"sektoren_blockiert":["SSW"],"erste_kollision_m":{"SSW":6},"flaeche_m2":34881,"neigung_grad":24.3,"ausrichtung_grad":166,"weg_abstand_m":10,"wald_hinweis":true}},{"type":"Feature","geometry":{"type":"Point","coordinates":[11.489683,46.617584]},"properties":{"id":2829,"hoehe_m":1819,"sektoren_frei":[],"sektoren_blockiert":["SSW"],"erste_kollision_m":{"SSW":27},"flaeche_m2":2650,"neigung_grad":15.4,"ausrichtung_grad":199,"weg_abstand_m":22,"wald_hinweis":false}},{"type":"Feature","geometry":{"type":"Point","coordinates":[11.43568,46.628624]},"properties":{"id":2830,"hoehe_m":1819,"sektoren_frei":[],"sektoren_blockiert":["OSO"],"erste_kollision_m":{"OSO":13},"flaeche_m2":3494,"neigung_grad":15.0,"ausrichtung_grad":146,"weg_abstand_m":509,"wald_hinweis":false}},{"type":"Feature","geometry":{"type":"Point","coordinates":[11.436494,46.59947]},"properties":{"id":2831,"hoehe_m":1818,"sektoren_frei":[],"sektoren_blockiert":["SW","W","WNW","WNW"],"erste_kollision_m":{"SW":4,"W":2,"WNW":6},"flaeche_m2":7519,"neigung_grad":26.3,"ausrichtung_grad":262,"weg_abstand_m":322,"wald_hinweis":false}},{"type":"Feature","geometry":{"type":"Point","coordinates":[11.434373,46.592203]},"properties":{"id":2832,"hoehe_m":1818,"sektoren_frei":[],"sektoren_blockiert":["SW","W","WNW","NW"],"erste_kollision_m":{"SW":4,"W":2,"WNW":6,"NW":6},"flaeche_m2":59400,"neigung_grad":14.0,"ausrichtung_grad":258,"weg_abstand_m":7,"wald_hinweis":false}},{"type":"Feature","geometry":{"type":"Point","coordinates":[11.490004,46.617465]},"properties":{"id":2833,"hoehe_m":1818,"sektoren_frei":[],"sektoren_blockiert":["SW"],"erste_kollision_m":{"SW":37},"flaeche_m2":206,"neigung_grad":16.0,"ausrichtung_grad":207,"weg_abstand_m":21,"wald_hinweis":false}},{"type":"Feature","geometry":{"type":"Point","coordinates":[11.490455,46.617342]},"properties":{"id":2834,"hoehe_m":1817,"sektoren_frei":[],"sektoren_blockiert":["SSO","SW"],"erste_kollision_m":{"SSO":12,"SW":57},"flaeche_m2":1594,"neigung_grad":15.4,"ausrichtung_grad":194,"weg_abstand_m":11,"wald_hinweis":false}},{"type":"Feature","geometry":{"type":"Point","coordinates":[11.473196,46.641296]},"properties":{"id":2835,"hoehe_m":1816,"sektoren_frei":[],"sektoren_blockiert":["O"],"erste_kollision_m":{"O":8},"flaeche_m2":344,"neigung_grad":9.3,"ausrichtung_grad":56,"weg_abstand_m":72,"wald_hinweis":false}},{"type":"Feature","geometry":{"type":"Point","coordinates":[11.422747,46.625704]},"properties":{"id":2836,"hoehe_m":1814,"sektoren_frei":[],"sektoren_blockiert":["OSO","SO"],"erste_kollision_m":{"OSO":9,"SO":6},"flaeche_m2":138,"neigung_grad":20.2,"ausrichtung_grad":132,"weg_abstand_m":26,"wald_hinweis":true}},{"type":"Feature","geometry":{"type":"Point","coordinates":[11.480161,46.637163]},"properties":{"id":2837,"hoehe_m":1813,"sektoren_frei":[],"sektoren_blockiert":["N","NNO","NO"],"erste_kollision_m":{"N":2,"NNO":9,"NO":4},"flaeche_m2":612,"neigung_grad":11.4,"ausrichtung_grad":17,"weg_abstand_m":26,"wald_hinweis":false}},{"type":"Feature","geometry":{"type":"Point","coordinates":[11.431689,46.600787]},"properties":{"id":2838,"hoehe_m":1813,"sektoren_frei":[],"sektoren_blockiert":["OSO","SO"],"erste_kollision_m":{"OSO":45,"SO":41},"flaeche_m2":138,"neigung_grad":23.6,"ausrichtung_grad":104,"weg_abstand_m":45,"wald_hinweis":true}},{"type":"Feature","geometry":{"type":"Point","coordinates":[11.441517,46.597923]},"properties":{"id":2839,"hoehe_m":1813,"sektoren_frei":[],"sektoren_blockiert":["SW"],"erste_kollision_m":{"SW":6},"flaeche_m2":1456,"neigung_grad":15.7,"ausrichtung_grad":189,"weg_abstand_m":488,"wald_hinweis":false}},{"type":"Feature","geometry":{"type":"Point","coordinates":[11.483849,46.632808]},"properties":{"id":2840,"hoehe_m":1813,"sektoren_frei":[],"sektoren_blockiert":["ONO","O","OSO"],"erste_kollision_m":{"ONO":6,"O":2,"OSO":6},"flaeche_m2":4812,"neigung_grad":18.4,"ausrichtung_grad":106,"weg_abstand_m":18,"wald_hinweis":true}},{"type":"Feature","geometry":{"type":"Point","coordinates":[11.484109,46.6335]},"properties":{"id":2841,"hoehe_m":1812,"sektoren_frei":[],"sektoren_blockiert":["SO"],"erste_kollision_m":{"SO":4},"flaeche_m2":1919,"neigung_grad":20.7,"ausrichtung_grad":113,"weg_abstand_m":1,"wald_hinweis":true}},{"type":"Feature","geometry":{"type":"Point","coordinates":[11.490967,46.617106]},"properties":{"id":2842,"hoehe_m":1811,"sektoren_frei":[],"sektoren_blockiert":["SSO"],"erste_kollision_m":{"SSO":16},"flaeche_m2":231,"neigung_grad":10.5,"ausrichtung_grad":184,"weg_abstand_m":13,"wald_hinweis":false}},{"type":"Feature","geometry":{"type":"Point","coordinates":[11.473908,46.641168]},"properties":{"id":2843,"hoehe_m":1810,"sektoren_frei":[],"sektoren_blockiert":["OSO"],"erste_kollision_m":{"OSO":6},"flaeche_m2":188,"neigung_grad":8.3,"ausrichtung_grad":77,"weg_abstand_m":15,"wald_hinweis":false}},{"type":"Feature","geometry":{"type":"Point","coordinates":[11.438873,46.628466]},"properties":{"id":2844,"hoehe_m":1810,"sektoren_frei":[],"sektoren_blockiert":["W","W","WNW"],"erste_kollision_m":{"W":8,"WNW":51},"flaeche_m2":412,"neigung_grad":19.1,"ausrichtung_grad":281,"weg_abstand_m":575,"wald_hinweis":false}},{"type":"Feature","geometry":{"type":"Point","coordinates":[11.433971,46.592707]},"properties":{"id":2845,"hoehe_m":1809,"sektoren_frei":[],"sektoren_blockiert":["NNW"],"erste_kollision_m":{"NNW":6},"flaeche_m2":994,"neigung_grad":11.4,"ausrichtung_grad":314,"weg_abstand_m":66,"wald_hinweis":false}},{"type":"Feature","geometry":{"type":"Point","coordinates":[11.482395,46.613175]},"properties":{"id":2846,"hoehe_m":1808,"sektoren_frei":[],"sektoren_blockiert":["SO"],"erste_kollision_m":{"SO":6},"flaeche_m2":138,"neigung_grad":20.5,"ausrichtung_grad":99,"weg_abstand_m":44,"wald_hinweis":false}},{"type":"Feature","geometry":{"type":"Point","coordinates":[11.473433,46.602794]},"properties":{"id":2847,"hoehe_m":1807,"sektoren_frei":[],"sektoren_blockiert":["OSO","SO","SSO","S"],"erste_kollision_m":{"OSO":40,"SO":9,"SSO":80,"S":2},"flaeche_m2":2825,"neigung_grad":16.6,"ausrichtung_grad":136,"weg_abstand_m":57,"wald_hinweis":true}},{"type":"Feature","geometry":{"type":"Point","coordinates":[11.434118,46.591601]},"properties":{"id":2848,"hoehe_m":1807,"sektoren_frei":[],"sektoren_blockiert":["S","SSW"],"erste_kollision_m":{"S":8,"SSW":53},"flaeche_m2":2594,"neigung_grad":12.0,"ausrichtung_grad":221,"weg_abstand_m":8,"wald_hinweis":false}},{"type":"Feature","geometry":{"type":"Point","coordinates":[11.433631,46.592399]},"properties":{"id":2849,"hoehe_m":1807,"sektoren_frei":[],"sektoren_blockiert":["SSW","WNW"],"erste_kollision_m":{"SSW":10,"WNW":6},"flaeche_m2":2962,"neigung_grad":10.7,"ausrichtung_grad":262,"weg_abstand_m":67,"wald_hinweis":false}},{"type":"Feature","geometry":{"type":"Point","coordinates":[11.434315,46.590899]},"properties":{"id":2850,"hoehe_m":1806,"sektoren_frei":[],"sektoren_blockiert":["W","WNW"],"erste_kollision_m":{"W":12,"WNW":13},"flaeche_m2":9038,"neigung_grad":17.8,"ausrichtung_grad":256,"weg_abstand_m":14,"wald_hinweis":true}},{"type":"Feature","geometry":{"type":"Point","coordinates":[11.438702,46.626108]},"properties":{"id":2851,"hoehe_m":1806,"sektoren_frei":[],"sektoren_blockiert":["W","WNW"],"erste_kollision_m":{"W":8,"WNW":54},"flaeche_m2":125,"neigung_grad":24.9,"ausrichtung_grad":278,"weg_abstand_m":620,"wald_hinweis":false}},{"type":"Feature","geometry":{"type":"Point","coordinates":[11.433705,46.591857]},"properties":{"id":2852,"hoehe_m":1804,"sektoren_frei":[],"sektoren_blockiert":["WNW"],"erste_kollision_m":{"WNW":12},"flaeche_m2":412,"neigung_grad":11.3,"ausrichtung_grad":273,"weg_abstand_m":36,"wald_hinweis":false}},{"type":"Feature","geometry":{"type":"Point","coordinates":[11.474543,46.64147]},"properties":{"id":2853,"hoehe_m":1802,"sektoren_frei":[],"sektoren_blockiert":["OSO"],"erste_kollision_m":{"OSO":6},"flaeche_m2":250,"neigung_grad":7.9,"ausrichtung_grad":95,"weg_abstand_m":13,"wald_hinweis":false}},{"type":"Feature","geometry":{"type":"Point","coordinates":[11.433368,46.591617]},"properties":{"id":2854,"hoehe_m":1798,"sektoren_frei":["WSW"],"sektoren_blockiert":["WNW"],"erste_kollision_m":{"WNW":16},"flaeche_m2":60200,"neigung_grad":14.6,"ausrichtung_grad":246,"weg_abstand_m":65,"wald_hinweis":false}},{"type":"Feature","geometry":{"type":"Point","coordinates":[11.484632,46.633511]},"properties":{"id":2855,"hoehe_m":1798,"sektoren_frei":[],"sektoren_blockiert":["ONO","SO"],"erste_kollision_m":{"ONO":6,"SO":4},"flaeche_m2":3650,"neigung_grad":12.2,"ausrichtung_grad":89,"weg_abstand_m":38,"wald_hinweis":true}},{"type":"Feature","geometry":{"type":"Point","coordinates":[11.433988,46.590884]},"properties":{"id":2856,"hoehe_m":1798,"sektoren_frei":[],"sektoren_blockiert":["SSW"],"erste_kollision_m":{"SSW":57},"flaeche_m2":25806,"neigung_grad":13.2,"ausrichtung_grad":228,"weg_abstand_m":11,"wald_hinweis":false}},{"type":"Feature","geometry":{"type":"Point","coordinates":[11.438469,46.626]},"properties":{"id":2857,"hoehe_m":1796,"sektoren_frei":[],"sektoren_blockiert":["WSW","W","WNW"],"erste_kollision_m":{"WSW":16,"W":8,"WNW":8},"flaeche_m2":675,"neigung_grad":22.0,"ausrichtung_grad":261,"weg_abstand_m":599,"wald_hinweis":false}},{"type":"Feature","geometry":{"type":"Point","coordinates":[11.438284,46.625532]},"properties":{"id":2858,"hoehe_m":1796,"sektoren_frei":[],"sektoren_blockiert":["WSW","W","WNW","NW"],"erste_kollision_m":{"WSW":13,"W":8,"WNW":6,"NW":4},"flaeche_m2":525,"neigung_grad":22.2,"ausrichtung_grad":285,"weg_abstand_m":558,"wald_hinweis":false}},{"type":"Feature","geometry":{"type":"Point","coordinates":[11.435515,46.627863]},"properties":{"id":2859,"hoehe_m":1795,"sektoren_frei":[],"sektoren_blockiert":["SO","SSO"],"erste_kollision_m":{"SO":39,"SSO":8},"flaeche_m2":156,"neigung_grad":27.5,"ausrichtung_grad":158,"weg_abstand_m":535,"wald_hinweis":false}},{"type":"Feature","geometry":{"type":"Point","coordinates":[11.485337,46.632506]},"properties":{"id":2860,"hoehe_m":1793,"sektoren_frei":[],"sektoren_blockiert":["O","OSO","SO","SO","SSO"],"erste_kollision_m":{"O":2,"OSO":11,"SO":11,"SSO":60},"flaeche_m2":10756,"neigung_grad":13.9,"ausrichtung_grad":115,"weg_abstand_m":6,"wald_hinweis":false}},{"type":"Feature","geometry":{"type":"Point","coordinates":[11.436133,46.59869]},"properties":{"id":2861,"hoehe_m":1793,"sektoren_frei":[],"sektoren_blockiert":["S","SSW","SW"],"erste_kollision_m":{"S":2,"SSW":6,"SW":4},"flaeche_m2":5931,"neigung_grad":25.0,"ausrichtung_grad":219,"weg_abstand_m":324,"wald_hinweis":true}},{"type":"Feature","geometry":{"type":"Point","coordinates":[11.433319,46.591258]},"properties":{"id":2862,"hoehe_m":1792,"sektoren_frei":[],"sektoren_blockiert":["WNW"],"erste_kollision_m":{"WNW":8},"flaeche_m2":150,"neigung_grad":14.8,"ausrichtung_grad":253,"weg_abstand_m":68,"wald_hinweis":false}},{"type":"Feature","geometry":{"type":"Point","coordinates":[11.471891,46.601905]},"properties":{"id":2863,"hoehe_m":1792,"sektoren_frei":[],"sektoren_blockiert":["SO","SSO","S"],"erste_kollision_m":{"SO":11,"SSO":10,"S":5},"flaeche_m2":50606,"neigung_grad":20.3,"ausrichtung_grad":157,"weg_abstand_m":2,"wald_hinweis":true}},{"type":"Feature","geometry":{"type":"Point","coordinates":[11.434533,46.58995]},"properties":{"id":2864,"hoehe_m":1792,"sektoren_frei":[],"sektoren_blockiert":["S","W"],"erste_kollision_m":{"S":15,"W":24},"flaeche_m2":8231,"neigung_grad":13.3,"ausrichtung_grad":236,"weg_abstand_m":12,"wald_hinweis":false}},{"type":"Feature","geometry":{"type":"Point","coordinates":[11.48501,46.63321]},"properties":{"id":2865,"hoehe_m":1792,"sektoren_frei":[],"sektoren_blockiert":["NO"],"erste_kollision_m":{"NO":4},"flaeche_m2":5712,"neigung_grad":8.2,"ausrichtung_grad":60,"weg_abstand_m":69,"wald_hinweis":false}},{"type":"Feature","geometry":{"type":"Point","coordinates":[11.438386,46.626339]},"properties":{"id":2866,"hoehe_m":1791,"sektoren_frei":[],"sektoren_blockiert":["SW"],"erste_kollision_m":{"SW":15},"flaeche_m2":200,"neigung_grad":15.7,"ausrichtung_grad":243,"weg_abstand_m":616,"wald_hinweis":false}},{"type":"Feature","geometry":{"type":"Point","coordinates":[11.485721,46.633037]},"properties":{"id":2867,"hoehe_m":1790,"sektoren_frei":[],"sektoren_blockiert":["N","NNO"],"erste_kollision_m":{"N":2,"NNO":6},"flaeche_m2":2075,"neigung_grad":11.0,"ausrichtung_grad":50,"weg_abstand_m":12,"wald_hinweis":false}},{"type":"Feature","geometry":{"type":"Point","coordinates":[11.433775,46.590506]},"properties":{"id":2868,"hoehe_m":1789,"sektoren_frei":[],"sektoren_blockiert":["S"],"erste_kollision_m":{"S":8},"flaeche_m2":112,"neigung_grad":10.6,"ausrichtung_grad":192,"weg_abstand_m":31,"wald_hinweis":false}},{"type":"Feature","geometry":{"type":"Point","coordinates":[11.484007,46.63627]},"properties":{"id":2869,"hoehe_m":1789,"sektoren_frei":[],"sektoren_blockiert":["NO","ONO","O"],"erste_kollision_m":{"NO":6,"ONO":13,"O":2},"flaeche_m2":388,"neigung_grad":14.6,"ausrichtung_grad":63,"weg_abstand_m":155,"wald_hinweis":false}},{"type":"Feature","geometry":{"type":"Point","coordinates":[11.485877,46.632877]},"properties":{"id":2870,"hoehe_m":1789,"sektoren_frei":[],"sektoren_blockiert":["ONO"],"erste_kollision_m":{"ONO":76},"flaeche_m2":7719,"neigung_grad":13.4,"ausrichtung_grad":88,"weg_abstand_m":6,"wald_hinweis":false}},{"type":"Feature","geometry":{"type":"Point","coordinates":[11.436106,46.62794]},"properties":{"id":2871,"hoehe_m":1788,"sektoren_frei":[],"sektoren_blockiert":["SO","SSO","S"],"erste_kollision_m":{"SO":6,"SSO":15,"S":18},"flaeche_m2":1600,"neigung_grad":20.0,"ausrichtung_grad":152,"weg_abstand_m":580,"wald_hinweis":true}},{"type":"Feature","geometry":{"type":"Point","coordinates":[11.483385,46.612681]},"properties":{"id":2872,"hoehe_m":1787,"sektoren_frei":[],"sektoren_blockiert":["OSO"],"erste_kollision_m":{"OSO":8},"flaeche_m2":175,"neigung_grad":11.0,"ausrichtung_grad":104,"weg_abstand_m":10,"wald_hinweis":false}},{"type":"Feature","geometry":{"type":"Point","coordinates":[11.493104,46.616722]},"properties":{"id":2873,"hoehe_m":1786,"sektoren_frei":[],"sektoren_blockiert":["OSO","SO"],"erste_kollision_m":{"OSO":6,"SO":4},"flaeche_m2":294,"neigung_grad":11.8,"ausrichtung_grad":142,"weg_abstand_m":0,"wald_hinweis":false}},{"type":"Feature","geometry":{"type":"Point","coordinates":[11.47241,46.601827]},"properties":{"id":2874,"hoehe_m":1786,"sektoren_frei":[],"sektoren_blockiert":["SSW"],"erste_kollision_m":{"SSW":26},"flaeche_m2":988,"neigung_grad":19.8,"ausrichtung_grad":173,"weg_abstand_m":3,"wald_hinweis":false}},{"type":"Feature","geometry":{"type":"Point","coordinates":[11.43266,46.591857]},"properties":{"id":2875,"hoehe_m":1785,"sektoren_frei":[],"sektoren_blockiert":["WNW"],"erste_kollision_m":{"WNW":16},"flaeche_m2":319,"neigung_grad":13.6,"ausrichtung_grad":256,"weg_abstand_m":116,"wald_hinweis":false}},{"type":"Feature","geometry":{"type":"Point","coordinates":[11.49368,46.617182]},"properties":{"id":2876,"hoehe_m":1785,"sektoren_frei":[],"sektoren_blockiert":["SO"],"erste_kollision_m":{"SO":41},"flaeche_m2":112,"neigung_grad":17.8,"ausrichtung_grad":119,"weg_abstand_m":24,"wald_hinweis":true}},{"type":"Feature","geometry":{"type":"Point","coordinates":[11.493186,46.61636]},"properties":{"id":2877,"hoehe_m":1784,"sektoren_frei":[],"sektoren_blockiert":["O"],"erste_kollision_m":{"O":2},"flaeche_m2":244,"neigung_grad":12.4,"ausrichtung_grad":90,"weg_abstand_m":16,"wald_hinweis":false}},{"type":"Feature","geometry":{"type":"Point","coordinates":[11.433076,46.590926]},"properties":{"id":2878,"hoehe_m":1784,"sektoren_frei":[],"sektoren_blockiert":["S"],"erste_kollision_m":{"S":2},"flaeche_m2":500,"neigung_grad":10.3,"ausrichtung_grad":196,"weg_abstand_m":81,"wald_hinweis":false}},{"type":"Feature","geometry":{"type":"Point","coordinates":[11.47759,46.604459]},"properties":{"id":2879,"hoehe_m":1784,"sektoren_frei":[],"sektoren_blockiert":["O","OSO","SO","SSO"],"erste_kollision_m":{"O":8,"OSO":6,"SO":17,"SSO":16},"flaeche_m2":2300,"neigung_grad":23.3,"ausrichtung_grad":120,"weg_abstand_m":93,"wald_hinweis":true}},{"type":"Feature","geometry":{"type":"Point","coordinates":[11.432834,46.591358]},"properties":{"id":2880,"hoehe_m":1784,"sektoren_frei":[],"sektoren_blockiert":["SSW"],"erste_kollision_m":{"SSW":6},"flaeche_m2":331,"neigung_grad":9.5,"ausrichtung_grad":234,"weg_abstand_m":107,"wald_hinweis":false}},{"type":"Feature","geometry":{"type":"Point","coordinates":[11.485239,46.631788]},"properties":{"id":2881,"hoehe_m":1783,"sektoren_frei":[],"sektoren_blockiert":["SSO"],"erste_kollision_m":{"SSO":18},"flaeche_m2":350,"neigung_grad":10.8,"ausrichtung_grad":129,"weg_abstand_m":61,"wald_hinweis":false}},{"type":"Feature","geometry":{"type":"Point","coordinates":[11.471051,46.601384]},"properties":{"id":2882,"hoehe_m":1783,"sektoren_frei":[],"sektoren_blockiert":["S"],"erste_kollision_m":{"S":2},"flaeche_m2":156,"neigung_grad":14.4,"ausrichtung_grad":156,"weg_abstand_m":52,"wald_hinweis":true}},{"type":"Feature","geometry":{"type":"Point","coordinates":[11.485298,46.634509]},"properties":{"id":2883,"hoehe_m":1783,"sektoren_frei":[],"sektoren_blockiert":["NO","ONO","O"],"erste_kollision_m":{"NO":11,"ONO":19,"O":2},"flaeche_m2":3319,"neigung_grad":9.7,"ausrichtung_grad":69,"weg_abstand_m":46,"wald_hinweis":false}},{"type":"Feature","geometry":{"type":"Point","coordinates":[11.471384,46.601511]},"properties":{"id":2884,"hoehe_m":1782,"sektoren_frei":[],"sektoren_blockiert":["OSO"],"erste_kollision_m":{"OSO":10},"flaeche_m2":250,"neigung_grad":14.5,"ausrichtung_grad":146,"weg_abstand_m":39,"wald_hinweis":false}},{"type":"Feature","geometry":{"type":"Point","coordinates":[11.471715,46.601617]},"properties":{"id":2885,"hoehe_m":1782,"sektoren_frei":[],"sektoren_blockiert":["OSO"],"erste_kollision_m":{"OSO":33},"flaeche_m2":13094,"neigung_grad":13.8,"ausrichtung_grad":134,"weg_abstand_m":29,"wald_hinweis":false}},{"type":"Feature","geometry":{"type":"Point","coordinates":[11.485908,46.633551]},"properties":{"id":2886,"hoehe_m":1782,"sektoren_frei":[],"sektoren_blockiert":["O"],"erste_kollision_m":{"O":8},"flaeche_m2":419,"neigung_grad":12.1,"ausrichtung_grad":58,"weg_abstand_m":4,"wald_hinweis":false}},{"type":"Feature","geometry":{"type":"Point","coordinates":[11.485216,46.634848]},"properties":{"id":2887,"hoehe_m":1781,"sektoren_frei":[],"sektoren_blockiert":["OSO"],"erste_kollision_m":{"OSO":6},"flaeche_m2":188,"neigung_grad":10.0,"ausrichtung_grad":75,"weg_abstand_m":63,"wald_hinweis":false}},{"type":"Feature","geometry":{"type":"Point","coordinates":[11.433783,46.589966]},"properties":{"id":2888,"hoehe_m":1781,"sektoren_frei":[],"sektoren_blockiert":["S"],"erste_kollision_m":{"S":5},"flaeche_m2":356,"neigung_grad":9.1,"ausrichtung_grad":216,"weg_abstand_m":42,"wald_hinweis":false}},{"type":"Feature","geometry":{"type":"Point","coordinates":[11.485472,46.63473]},"properties":{"id":2889,"hoehe_m":1779,"sektoren_frei":[],"sektoren_blockiert":["OSO","OSO"],"erste_kollision_m":{"OSO":6},"flaeche_m2":1362,"neigung_grad":12.9,"ausrichtung_grad":87,"weg_abstand_m":40,"wald_hinweis":false}},{"type":"Feature","geometry":{"type":"Point","coordinates":[11.437422,46.626697]},"properties":{"id":2890,"hoehe_m":1778,"sektoren_frei":[],"sektoren_blockiert":["SSW","SW","WSW","W"],"erste_kollision_m":{"SSW":6,"SW":4,"WSW":6,"W":8},"flaeche_m2":2794,"neigung_grad":19.9,"ausrichtung_grad":237,"weg_abstand_m":588,"wald_hinweis":true}},{"type":"Feature","geometry":{"type":"Point","coordinates":[11.471606,46.601372]},"properties":{"id":2891,"hoehe_m":1777,"sektoren_frei":[],"sektoren_blockiert":["O"],"erste_kollision_m":{"O":8},"flaeche_m2":219,"neigung_grad":12.1,"ausrichtung_grad":125,"weg_abstand_m":56,"wald_hinweis":false}},{"type":"Feature","geometry":{"type":"Point","coordinates":[11.433358,46.589952]},"properties":{"id":2892,"hoehe_m":1777,"sektoren_frei":["WSW"],"sektoren_blockiert":["WNW","WNW"],"erste_kollision_m":{"WNW":32},"flaeche_m2":60200,"neigung_grad":14.5,"ausrichtung_grad":237,"weg_abstand_m":74,"wald_hinweis":false}},{"type":"Feature","geometry":{"type":"Point","coordinates":[11.494128,46.61697]},"properties":{"id":2893,"hoehe_m":1777,"sektoren_frei":[],"sektoren_blockiert":["ONO","O","OSO","SO"],"erste_kollision_m":{"ONO":9,"O":8,"OSO":36,"SO":25},"flaeche_m2":319,"neigung_grad":14.6,"ausrichtung_grad":111,"weg_abstand_m":6,"wald_hinweis":true}},{"type":"Feature","geometry":{"type":"Point","coordinates":[11.486437,46.632279]},"properties":{"id":2894,"hoehe_m":1776,"sektoren_frei":[],"sektoren_blockiert":["NO"],"erste_kollision_m":{"NO":6},"flaeche_m2":1494,"neigung_grad":14.7,"ausrichtung_grad":81,"weg_abstand_m":1,"wald_hinweis":false}},{"type":"Feature","geometry":{"type":"Point","coordinates":[11.432895,46.590524]},"properties":{"id":2895,"hoehe_m":1776,"sektoren_frei":[],"sektoren_blockiert":["S"],"erste_kollision_m":{"S":8},"flaeche_m2":988,"neigung_grad":10.8,"ausrichtung_grad":212,"weg_abstand_m":98,"wald_hinweis":false}},{"type":"Feature","geometry":{"type":"Point","coordinates":[11.486211,46.633747]},"properties":{"id":2896,"hoehe_m":1776,"sektoren_frei":[],"sektoren_blockiert":["NO","ONO","O","OSO"],"erste_kollision_m":{"NO":4,"ONO":8,"O":2,"OSO":6},"flaeche_m2":5044,"neigung_grad":13.9,"ausrichtung_grad":70,"weg_abstand_m":34,"wald_hinweis":false}},{"type":"Feature","geometry":{"type":"Point","coordinates":[11.485512,46.631332]},"properties":{"id":2897,"hoehe_m":1775,"sektoren_frei":[],"sektoren_blockiert":["O"],"erste_kollision_m":{"O":10},"flaeche_m2":131,"neigung_grad":10.0,"ausrichtung_grad":85,"weg_abstand_m":112,"wald_hinweis":false}},{"type":"Feature","geometry":{"type":"Point","coordinates":[11.436591,46.627818]},"properties":{"id":2898,"hoehe_m":1775,"sektoren_frei":[],"sektoren_blockiert":["SSW"],"erste_kollision_m":{"SSW":39},"flaeche_m2":750,"neigung_grad":23.4,"ausrichtung_grad":173,"weg_abstand_m":610,"wald_hinweis":false}},{"type":"Feature","geometry":{"type":"Point","coordinates":[11.436903,46.624593]},"properties":{"id":2899,"hoehe_m":1775,"sektoren_frei":[],"sektoren_blockiert":["WSW","W"],"erste_kollision_m":{"WSW":23,"W":2},"flaeche_m2":981,"neigung_grad":10.5,"ausrichtung_grad":246,"weg_abstand_m":415,"wald_hinweis":false}},{"type":"Feature","geometry":{"type":"Point","coordinates":[11.485748,46.631484]},"properties":{"id":2900,"hoehe_m":1774,"sektoren_frei":[],"sektoren_blockiert":["O"],"erste_kollision_m":{"O":2},"flaeche_m2":600,"neigung_grad":12.5,"ausrichtung_grad":102,"weg_abstand_m":87,"wald_hinweis":false}},{"type":"Feature","geometry":{"type":"Point","coordinates":[11.435539,46.598546]},"properties":{"id":2901,"hoehe_m":1774,"sektoren_frei":[],"sektoren_blockiert":["S"],"erste_kollision_m":{"S":5},"flaeche_m2":2162,"neigung_grad":21.7,"ausrichtung_grad":216,"weg_abstand_m":292,"wald_hinweis":false}},{"type":"Feature","geometry":{"type":"Point","coordinates":[11.485945,46.63436]},"properties":{"id":2902,"hoehe_m":1774,"sektoren_frei":[],"sektoren_blockiert":["NO"],"erste_kollision_m":{"NO":4},"flaeche_m2":1794,"neigung_grad":10.5,"ausrichtung_grad":75,"weg_abstand_m":6,"wald_hinweis":false}},{"type":"Feature","geometry":{"type":"Point","coordinates":[11.4343,46.589122]},"properties":{"id":2903,"hoehe_m":1774,"sektoren_frei":[],"sektoren_blockiert":["SSW"],"erste_kollision_m":{"SSW":47},"flaeche_m2":206,"neigung_grad":9.0,"ausrichtung_grad":177,"weg_abstand_m":1,"wald_hinweis":true}},{"type":"Feature","geometry":{"type":"Point","coordinates":[11.49831,46.641155]},"properties":{"id":2904,"hoehe_m":1773,"sektoren_frei":[],"sektoren_blockiert":["S"],"erste_kollision_m":{"S":2},"flaeche_m2":150,"neigung_grad":10.0,"ausrichtung_grad":167,"weg_abstand_m":148,"wald_hinweis":true}},{"type":"Feature","geometry":{"type":"Point","coordinates":[11.486773,46.631755]},"properties":{"id":2905,"hoehe_m":1773,"sektoren_frei":[],"sektoren_blockiert":["OSO","S","SSW"],"erste_kollision_m":{"OSO":6,"S":68,"SSW":53},"flaeche_m2":4519,"neigung_grad":14.6,"ausrichtung_grad":169,"weg_abstand_m":35,"wald_hinweis":false}},{"type":"Feature","geometry":{"type":"Point","coordinates":[11.435033,46.599636]},"properties":{"id":2906,"hoehe_m":1771,"sektoren_frei":[],"sektoren_blockiert":["SSW"],"erste_kollision_m":{"SSW":11},"flaeche_m2":125,"neigung_grad":21.7,"ausrichtung_grad":242,"weg_abstand_m":208,"wald_hinweis":false}},{"type":"Feature","geometry":{"type":"Point","coordinates":[11.436724,46.624957]},"properties":{"id":2907,"hoehe_m":1771,"sektoren_frei":[],"sektoren_blockiert":["SSW","SW","SW","WSW","W","W","WNW"],"erste_kollision_m":{"SSW":13,"SW":7,"WSW":9,"W":8,"WNW":13},"flaeche_m2":7125,"neigung_grad":12.8,"ausrichtung_grad":257,"weg_abstand_m":423,"wald_hinweis":false}},{"type":"Feature","geometry":{"type":"Point","coordinates":[11.47249,46.601442]},"properties":{"id":2908,"hoehe_m":1771,"sektoren_frei":[],"sektoren_blockiert":["OSO"],"erste_kollision_m":{"OSO":20},"flaeche_m2":275,"neigung_grad":13.2,"ausrichtung_grad":147,"weg_abstand_m":45,"wald_hinweis":false}},{"type":"Feature","geometry":{"type":"Point","coordinates":[11.473449,46.601714]},"properties":{"id":2909,"hoehe_m":1770,"sektoren_frei":[],"sektoren_blockiert":["S"],"erste_kollision_m":{"S":13},"flaeche_m2":17644,"neigung_grad":21.0,"ausrichtung_grad":152,"weg_abstand_m":7,"wald_hinweis":true}},{"type":"Feature","geometry":{"type":"Point","coordinates":[11.434644,46.588777]},"properties":{"id":2910,"hoehe_m":1770,"sektoren_frei":[],"sektoren_blockiert":["SSW"],"erste_kollision_m":{"SSW":9},"flaeche_m2":444,"neigung_grad":11.2,"ausrichtung_grad":203,"weg_abstand_m":32,"wald_hinweis":true}},{"type":"Feature","geometry":{"type":"Point","coordinates":[11.434258,46.588898]},"properties":{"id":2911,"hoehe_m":1769,"sektoren_frei":[],"sektoren_blockiert":["S"],"erste_kollision_m":{"S":2},"flaeche_m2":1556,"neigung_grad":9.6,"ausrichtung_grad":177,"weg_abstand_m":8,"wald_hinweis":false}},{"type":"Feature","geometry":{"type":"Point","coordinates":[11.477731,46.603984]},"properties":{"id":2912,"hoehe_m":1769,"sektoren_frei":[],"sektoren_blockiert":["SSO"],"erste_kollision_m":{"SSO":6},"flaeche_m2":356,"neigung_grad":24.3,"ausrichtung_grad":122,"weg_abstand_m":43,"wald_hinweis":true}},{"type":"Feature","geometry":{"type":"Point","coordinates":[11.435205,46.599115]},"properties":{"id":2913,"hoehe_m":1768,"sektoren_frei":[],"sektoren_blockiert":["WNW"],"erste_kollision_m":{"WNW":6},"flaeche_m2":769,"neigung_grad":22.8,"ausrichtung_grad":262,"weg_abstand_m":239,"wald_hinweis":false}},{"type":"Feature","geometry":{"type":"Point","coordinates":[11.436387,46.627642]},"properties":{"id":2914,"hoehe_m":1768,"sektoren_frei":[],"sektoren_blockiert":["SO"],"erste_kollision_m":{"SO":42},"flaeche_m2":438,"neigung_grad":25.0,"ausrichtung_grad":169,"weg_abstand_m":588,"wald_hinweis":false}},{"type":"Feature","geometry":{"type":"Point","coordinates":[11.477939,46.604249]},"properties":{"id":2915,"hoehe_m":1768,"sektoren_frei":[],"sektoren_blockiert":["SSO"],"erste_kollision_m":{"SSO":6},"flaeche_m2":781,"neigung_grad":23.6,"ausrichtung_grad":119,"weg_abstand_m":59,"wald_hinweis":false}},{"type":"Feature","geometry":{"type":"Point","coordinates":[11.43209,46.591509]},"properties":{"id":2916,"hoehe_m":1768,"sektoren_frei":[],"sektoren_blockiert":["W","WNW"],"erste_kollision_m":{"W":23,"WNW":6},"flaeche_m2":206,"neigung_grad":13.6,"ausrichtung_grad":266,"weg_abstand_m":89,"wald_hinweis":false}},{"type":"Feature","geometry":{"type":"Point","coordinates":[11.434249,46.588696]},"properties":{"id":2917,"hoehe_m":1767,"sektoren_frei":[],"sektoren_blockiert":["SSO"],"erste_kollision_m":{"SSO":6},"flaeche_m2":338,"neigung_grad":9.4,"ausrichtung_grad":168,"weg_abstand_m":1,"wald_hinweis":false}},{"type":"Feature","geometry":{"type":"Point","coordinates":[11.486789,46.631394]},"properties":{"id":2918,"hoehe_m":1767,"sektoren_frei":[],"sektoren_blockiert":["SW"],"erste_kollision_m":{"SW":30},"flaeche_m2":1250,"neigung_grad":18.1,"ausrichtung_grad":195,"weg_abstand_m":73,"wald_hinweis":false}},{"type":"Feature","geometry":{"type":"Point","coordinates":[11.489448,46.628141]},"properties":{"id":2919,"hoehe_m":1765,"sektoren_frei":[],"sektoren_blockiert":["OSO","SO","SO","SSO"],"erste_kollision_m":{"OSO":6,"SO":41,"SSO":32},"flaeche_m2":450,"neigung_grad":21.7,"ausrichtung_grad":149,"weg_abstand_m":30,"wald_hinweis":true}},{"type":"Feature","geometry":{"type":"Point","coordinates":[11.486607,46.634548]},"properties":{"id":2920,"hoehe_m":1765,"sektoren_frei":[],"sektoren_blockiert":["SO"],"erste_kollision_m":{"SO":6},"flaeche_m2":162,"neigung_grad":14.4,"ausrichtung_grad":100,"weg_abstand_m":49,"wald_hinweis":false}},{"type":"Feature","geometry":{"type":"Point","coordinates":[11.431762,46.591471]},"properties":{"id":2921,"hoehe_m":1764,"sektoren_frei":[],"sektoren_blockiert":["WSW","W","W","WNW","WNW"],"erste_kollision_m":{"WSW":10,"W":2,"WNW":12},"flaeche_m2":369,"neigung_grad":19.3,"ausrichtung_grad":263,"weg_abstand_m":64,"wald_hinweis":true}},{"type":"Feature","geometry":{"type":"Point","coordinates":[11.437114,46.626389]},"properties":{"id":2922,"hoehe_m":1764,"sektoren_frei":[],"sektoren_blockiert":["WNW"],"erste_kollision_m":{"WNW":9},"flaeche_m2":131,"neigung_grad":15.5,"ausrichtung_grad":256,"weg_abstand_m":547,"wald_hinweis":false}},{"type":"Feature","geometry":{"type":"Point","coordinates":[11.43226,46.5902]},"properties":{"id":2923,"hoehe_m":1764,"sektoren_frei":["WSW"],"sektoren_blockiert":[],"erste_kollision_m":{},"flaeche_m2":60200,"neigung_grad":13.9,"ausrichtung_grad":234,"weg_abstand_m":50,"wald_hinweis":false}},{"type":"Feature","geometry":{"type":"Point","coordinates":[11.489216,46.628057]},"properties":{"id":2924,"hoehe_m":1763,"sektoren_frei":[],"sektoren_blockiert":["OSO"],"erste_kollision_m":{"OSO":33},"flaeche_m2":119,"neigung_grad":17.1,"ausrichtung_grad":137,"weg_abstand_m":27,"wald_hinweis":true}},{"type":"Feature","geometry":{"type":"Point","coordinates":[11.480934,46.609787]},"properties":{"id":2925,"hoehe_m":1763,"sektoren_frei":[],"sektoren_blockiert":["SSO","S","SSW"],"erste_kollision_m":{"SSO":34,"S":8,"SSW":9},"flaeche_m2":2650,"neigung_grad":10.7,"ausrichtung_grad":177,"weg_abstand_m":80,"wald_hinweis":false}},{"type":"Feature","geometry":{"type":"Point","coordinates":[11.434831,46.599506]},"properties":{"id":2926,"hoehe_m":1763,"sektoren_frei":[],"sektoren_blockiert":["SSW"],"erste_kollision_m":{"SSW":15},"flaeche_m2":281,"neigung_grad":22.0,"ausrichtung_grad":240,"weg_abstand_m":197,"wald_hinweis":false}},{"type":"Feature","geometry":{"type":"Point","coordinates":[11.483713,46.611301]},"properties":{"id":2927,"hoehe_m":1763,"sektoren_frei":[],"sektoren_blockiert":["ONO","O","OSO","SO"],"erste_kollision_m":{"ONO":12,"O":29,"OSO":72,"SO":26},"flaeche_m2":1556,"neigung_grad":15.8,"ausrichtung_grad":96,"weg_abstand_m":15,"wald_hinweis":true}},{"type":"Feature","geometry":{"type":"Point","coordinates":[11.432027,46.590835]},"properties":{"id":2928,"hoehe_m":1763,"sektoren_frei":["WSW","WSW"],"sektoren_blockiert":["SSW"],"erste_kollision_m":{"SSW":8},"flaeche_m2":60200,"neigung_grad":11.2,"ausrichtung_grad":247,"weg_abstand_m":65,"wald_hinweis":false}},{"type":"Feature","geometry":{"type":"Point","coordinates":[11.481292,46.609757]},"properties":{"id":2929,"hoehe_m":1762,"sektoren_frei":[],"sektoren_blockiert":["OSO","SO","SW"],"erste_kollision_m":{"OSO":6,"SO":11,"SW":4},"flaeche_m2":1869,"neigung_grad":12.4,"ausrichtung_grad":151,"weg_abstand_m":73,"wald_hinweis":true}},{"type":"Feature","geometry":{"type":"Point","coordinates":[11.435935,46.624839]},"properties":{"id":2930,"hoehe_m":1762,"sektoren_frei":[],"sektoren_blockiert":["SW"],"erste_kollision_m":{"SW":6},"flaeche_m2":6075,"neigung_grad":20.9,"ausrichtung_grad":261,"weg_abstand_m":366,"wald_hinweis":false}},{"type":"Feature","geometry":{"type":"Point","coordinates":[11.487402,46.631246]},"properties":{"id":2931,"hoehe_m":1761,"sektoren_frei":[],"sektoren_blockiert":["SSO","WSW"],"erste_kollision_m":{"SSO":6,"WSW":6},"flaeche_m2":206,"neigung_grad":16.4,"ausrichtung_grad":210,"weg_abstand_m":109,"wald_hinweis":false}},{"type":"Feature","geometry":{"type":"Point","coordinates":[11.484339,46.61212]},"properties":{"id":2932,"hoehe_m":1761,"sektoren_frei":[],"sektoren_blockiert":["O","OSO","SO","SSO"],"erste_kollision_m":{"O":15,"OSO":23,"SO":4,"SSO":6},"flaeche_m2":2306,"neigung_grad":13.3,"ausrichtung_grad":133,"weg_abstand_m":69,"wald_hinweis":true}},{"type":"Feature","geometry":{"type":"Point","coordinates":[11.431534,46.592218]},"properties":{"id":2933,"hoehe_m":1761,"sektoren_frei":[],"sektoren_blockiert":["WNW","NW"],"erste_kollision_m":{"WNW":16,"NW":12},"flaeche_m2":20312,"neigung_grad":20.7,"ausrichtung_grad":274,"weg_abstand_m":45,"wald_hinweis":true}},{"type":"Feature","geometry":{"type":"Point","coordinates":[11.486021,46.636023]},"properties":{"id":2934,"hoehe_m":1761,"sektoren_frei":[],"sektoren_blockiert":["NNO","NO","NO","ONO","ONO","O","O"],"erste_kollision_m":{"NNO":30,"NO":7,"ONO":8,"O":8},"flaeche_m2":14488,"neigung_grad":14.0,"ausrichtung_grad":62,"weg_abstand_m":8,"wald_hinweis":true}},{"type":"Feature","geometry":{"type":"Point","coordinates":[11.498013,46.640374]},"properties":{"id":2935,"hoehe_m":1761,"sektoren_frei":[],"sektoren_blockiert":["S"],"erste_kollision_m":{"S":8},"flaeche_m2":1294,"neigung_grad":9.4,"ausrichtung_grad":179,"weg_abstand_m":76,"wald_hinweis":false}},{"type":"Feature","geometry":{"type":"Point","coordinates":[11.497748,46.64029]},"properties":{"id":2936,"hoehe_m":1761,"sektoren_frei":[],"sektoren_blockiert":["SSO","SSW","SW"],"erste_kollision_m":{"SSO":6,"SSW":20,"SW":4},"flaeche_m2":1262,"neigung_grad":10.1,"ausrichtung_grad":184,"weg_abstand_m":62,"wald_hinweis":false}},{"type":"Feature","geometry":{"type":"Point","coordinates":[11.487794,46.631237]},"properties":{"id":2937,"hoehe_m":1760,"sektoren_frei":[],"sektoren_blockiert":["SO","SSO"],"erste_kollision_m":{"SO":21,"SSO":6},"flaeche_m2":656,"neigung_grad":9.6,"ausrichtung_grad":169,"weg_abstand_m":86,"wald_hinweis":false}},{"type":"Feature","geometry":{"type":"Point","coordinates":[11.474236,46.601787]},"properties":{"id":2938,"hoehe_m":1760,"sektoren_frei":[],"sektoren_blockiert":["OSO","SO","SSO"],"erste_kollision_m":{"OSO":10,"SO":9,"SSO":13},"flaeche_m2":288,"neigung_grad":20.7,"ausrichtung_grad":137,"weg_abstand_m":5,"wald_hinweis":true}},{"type":"Feature","geometry":{"type":"Point","coordinates":[11.485937,46.63634]},"properties":{"id":2939,"hoehe_m":1760,"sektoren_frei":[],"sektoren_blockiert":["OSO","OSO"],"erste_kollision_m":{"OSO":8},"flaeche_m2":6569,"neigung_grad":16.2,"ausrichtung_grad":70,"weg_abstand_m":8,"wald_hinweis":false}},{"type":"Feature","geometry":{"type":"Point","coordinates":[11.482992,46.610507]},"properties":{"id":2940,"hoehe_m":1759,"sektoren_frei":[],"sektoren_blockiert":["O","OSO","SO","SSO","S"],"erste_kollision_m":{"O":5,"OSO":8,"SO":6,"SSO":6,"S":8},"flaeche_m2":4412,"neigung_grad":10.7,"ausrichtung_grad":128,"weg_abstand_m":27,"wald_hinweis":true}},{"type":"Feature","geometry":{"type":"Point","coordinates":[11.489974,46.62822]},"properties":{"id":2941,"hoehe_m":1759,"sektoren_frei":[],"sektoren_blockiert":["SSO","S"],"erste_kollision_m":{"SSO":37,"S":32},"flaeche_m2":350,"neigung_grad":21.5,"ausrichtung_grad":149,"weg_abstand_m":30,"wald_hinweis":false}},{"type":"Feature","geometry":{"type":"Point","coordinates":[11.472534,46.600969]},"properties":{"id":2942,"hoehe_m":1759,"sektoren_frei":[],"sektoren_blockiert":["S"],"erste_kollision_m":{"S":15},"flaeche_m2":4125,"neigung_grad":20.7,"ausrichtung_grad":144,"weg_abstand_m":80,"wald_hinweis":true}},{"type":"Feature","geometry":{"type":"Point","coordinates":[11.436793,46.626508]},"properties":{"id":2943,"hoehe_m":1758,"sektoren_frei":[],"sektoren_blockiert":["SSW"],"erste_kollision_m":{"SSW":23},"flaeche_m2":381,"neigung_grad":15.4,"ausrichtung_grad":218,"weg_abstand_m":540,"wald_hinweis":false}},{"type":"Feature","geometry":{"type":"Point","coordinates":[11.473634,46.601463]},"properties":{"id":2944,"hoehe_m":1757,"sektoren_frei":[],"sektoren_blockiert":["OSO","SSW"],"erste_kollision_m":{"OSO":15,"SSW":30},"flaeche_m2":2456,"neigung_grad":19.4,"ausrichtung_grad":132,"weg_abstand_m":33,"wald_hinweis":true}},{"type":"Feature","geometry":{"type":"Point","coordinates":[11.473102,46.601249]},"properties":{"id":2945,"hoehe_m":1757,"sektoren_frei":[],"sektoren_blockiert":["S"],"erste_kollision_m":{"S":2},"flaeche_m2":669,"neigung_grad":18.7,"ausrichtung_grad":147,"weg_abstand_m":56,"wald_hinweis":true}},{"type":"Feature","geometry":{"type":"Point","coordinates":[11.481113,46.6094]},"properties":{"id":2946,"hoehe_m":1756,"sektoren_frei":[],"sektoren_blockiert":["SO"],"erste_kollision_m":{"SO":9},"flaeche_m2":144,"neigung_grad":10.2,"ausrichtung_grad":155,"weg_abstand_m":97,"wald_hinweis":false}},{"type":"Feature","geometry":{"type":"Point","coordinates":[11.491527,46.641393]},"properties":{"id":2947,"hoehe_m":1756,"sektoren_frei":[],"sektoren_blockiert":["S","SSW","SW"],"erste_kollision_m":{"S":41,"SSW":41,"SW":34},"flaeche_m2":400,"neigung_grad":20.5,"ausrichtung_grad":214,"weg_abstand_m":4,"wald_hinweis":false}},{"type":"Feature","geometry":{"type":"Point","coordinates":[11.485877,46.637151]},"properties":{"id":2948,"hoehe_m":1755,"sektoren_frei":[],"sektoren_blockiert":["NNO"],"erste_kollision_m":{"NNO":10},"flaeche_m2":338,"neigung_grad":13.4,"ausrichtung_grad":63,"weg_abstand_m":4,"wald_hinweis":false}},{"type":"Feature","geometry":{"type":"Point","coordinates":[11.483592,46.610787]},"properties":{"id":2949,"hoehe_m":1754,"sektoren_frei":[],"sektoren_blockiert":["O","OSO","SO"],"erste_kollision_m":{"O":2,"OSO":52,"SO":6},"flaeche_m2":750,"neigung_grad":12.2,"ausrichtung_grad":109,"weg_abstand_m":10,"wald_hinweis":true}},{"type":"Feature","geometry":{"type":"Point","coordinates":[11.433147,46.588877]},"properties":{"id":2950,"hoehe_m":1754,"sektoren_frei":[],"sektoren_blockiert":["WNW"],"erste_kollision_m":{"WNW":37},"flaeche_m2":300,"neigung_grad":17.4,"ausrichtung_grad":254,"weg_abstand_m":77,"wald_hinweis":false}},{"type":"Feature","geometry":{"type":"Point","coordinates":[11.435035,46.598241]},"properties":{"id":2951,"hoehe_m":1754,"sektoren_frei":[],"sektoren_blockiert":["SSO"],"erste_kollision_m":{"SSO":6},"flaeche_m2":138,"neigung_grad":25.9,"ausrichtung_grad":198,"weg_abstand_m":278,"wald_hinweis":false}},{"type":"Feature","geometry":{"type":"Point","coordinates":[11.431323,46.591143]},"properties":{"id":2952,"hoehe_m":1753,"sektoren_frei":[],"sektoren_blockiert":["W","WNW"],"erste_kollision_m":{"W":2,"WNW":6},"flaeche_m2":1662,"neigung_grad":12.0,"ausrichtung_grad":266,"weg_abstand_m":25,"wald_hinweis":true}},{"type":"Feature","geometry":{"type":"Point","coordinates":[11.491107,46.614471]},"properties":{"id":2953,"hoehe_m":1752,"sektoren_frei":[],"sektoren_blockiert":["SSO","SSO","S","S","SSW","SSW"],"erste_kollision_m":{"SSO":60,"S":37,"SSW":6},"flaeche_m2":5500,"neigung_grad":21.0,"ausrichtung_grad":180,"weg_abstand_m":151,"wald_hinweis":true}},{"type":"Feature","geometry":{"type":"Point","coordinates":[11.48424,46.611403]},"properties":{"id":2954,"hoehe_m":1751,"sektoren_frei":[],"sektoren_blockiert":["SO"],"erste_kollision_m":{"SO":4},"flaeche_m2":125,"neigung_grad":9.1,"ausrichtung_grad":127,"weg_abstand_m":56,"wald_hinweis":false}},{"type":"Feature","geometry":{"type":"Point","coordinates":[11.493035,46.640798]},"properties":{"id":2955,"hoehe_m":1751,"sektoren_frei":[],"sektoren_blockiert":["S"],"erste_kollision_m":{"S":12},"flaeche_m2":3362,"neigung_grad":11.0,"ausrichtung_grad":180,"weg_abstand_m":70,"wald_hinweis":true}},{"type":"Feature","geometry":{"type":"Point","coordinates":[11.492123,46.640863]},"properties":{"id":2956,"hoehe_m":1751,"sektoren_frei":[],"sektoren_blockiert":["SO","SSO","SSW","SW","WSW"],"erste_kollision_m":{"SO":4,"SSO":6,"SSW":6,"SW":4,"WSW":16},"flaeche_m2":3288,"neigung_grad":9.6,"ausrichtung_grad":178,"weg_abstand_m":28,"wald_hinweis":false}},{"type":"Feature","geometry":{"type":"Point","coordinates":[11.431608,46.593139]},"properties":{"id":2957,"hoehe_m":1751,"sektoren_frei":[],"sektoren_blockiert":["NW"],"erste_kollision_m":{"NW":34},"flaeche_m2":362,"neigung_grad":13.8,"ausrichtung_grad":294,"weg_abstand_m":13,"wald_hinweis":true}},{"type":"Feature","geometry":{"type":"Point","coordinates":[11.496531,46.640114]},"properties":{"id":2958,"hoehe_m":1751,"sektoren_frei":[],"sektoren_blockiert":["S","SSW","SW"],"erste_kollision_m":{"S":2,"SSW":6,"SW":6},"flaeche_m2":4869,"neigung_grad":12.1,"ausrichtung_grad":192,"weg_abstand_m":47,"wald_hinweis":true}},{"type":"Feature","geometry":{"type":"Point","coordinates":[11.436394,46.626337]},"properties":{"id":2959,"hoehe_m":1750,"sektoren_frei":[],"sektoren_blockiert":["W"],"erste_kollision_m":{"W":2},"flaeche_m2":456,"neigung_grad":13.2,"ausrichtung_grad":270,"weg_abstand_m":505,"wald_hinweis":false}},{"type":"Feature","geometry":{"type":"Point","coordinates":[11.490056,46.614336]},"properties":{"id":2960,"hoehe_m":1749,"sektoren_frei":[],"sektoren_blockiert":["SSO"],"erste_kollision_m":{"SSO":18},"flaeche_m2":150,"neigung_grad":15.9,"ausrichtung_grad":168,"weg_abstand_m":190,"wald_hinweis":false}},{"type":"Feature","geometry":{"type":"Point","coordinates":[11.472386,46.60059]},"properties":{"id":2961,"hoehe_m":1748,"sektoren_frei":[],"sektoren_blockiert":["SSW"],"erste_kollision_m":{"SSW":20},"flaeche_m2":1025,"neigung_grad":23.9,"ausrichtung_grad":176,"weg_abstand_m":39,"wald_hinweis":true}},{"type":"Feature","geometry":{"type":"Point","coordinates":[11.43103,46.591892]},"properties":{"id":2962,"hoehe_m":1748,"sektoren_frei":[],"sektoren_blockiert":["NW"],"erste_kollision_m":{"NW":34},"flaeche_m2":150,"neigung_grad":13.9,"ausrichtung_grad":279,"weg_abstand_m":15,"wald_hinweis":true}},{"type":"Feature","geometry":{"type":"Point","coordinates":[11.493254,46.640591]},"properties":{"id":2963,"hoehe_m":1748,"sektoren_frei":[],"sektoren_blockiert":["SW","SW"],"erste_kollision_m":{"SW":17},"flaeche_m2":556,"neigung_grad":9.6,"ausrichtung_grad":202,"weg_abstand_m":65,"wald_hinweis":true}},{"type":"Feature","geometry":{"type":"Point","coordinates":[11.483492,46.610024]},"properties":{"id":2964,"hoehe_m":1746,"sektoren_frei":[],"sektoren_blockiert":["S"],"erste_kollision_m":{"S":2},"flaeche_m2":125,"neigung_grad":15.9,"ausrichtung_grad":143,"weg_abstand_m":17,"wald_hinweis":false}},{"type":"Feature","geometry":{"type":"Point","coordinates":[11.43121,46.59299]},"properties":{"id":2965,"hoehe_m":1746,"sektoren_frei":[],"sektoren_blockiert":["NNW"],"erste_kollision_m":{"NNW":8},"flaeche_m2":2969,"neigung_grad":18.5,"ausrichtung_grad":305,"weg_abstand_m":3,"wald_hinweis":true}},{"type":"Feature","geometry":{"type":"Point","coordinates":[11.484807,46.63875]},"properties":{"id":2966,"hoehe_m":1746,"sektoren_frei":[],"sektoren_blockiert":["N","NNO","NO"],"erste_kollision_m":{"N":5,"NNO":6,"NO":4},"flaeche_m2":350,"neigung_grad":9.9,"ausrichtung_grad":25,"weg_abstand_m":3,"wald_hinweis":true}},{"type":"Feature","geometry":{"type":"Point","coordinates":[11.474681,46.60153]},"properties":{"id":2967,"hoehe_m":1744,"sektoren_frei":[],"sektoren_blockiert":["O"],"erste_kollision_m":{"O":8},"flaeche_m2":212,"neigung_grad":13.8,"ausrichtung_grad":118,"weg_abstand_m":12,"wald_hinweis":true}},{"type":"Feature","geometry":{"type":"Point","coordinates":[11.483093,46.609875]},"properties":{"id":2968,"hoehe_m":1744,"sektoren_frei":[],"sektoren_blockiert":["OSO"],"erste_kollision_m":{"OSO":6},"flaeche_m2":356,"neigung_grad":10.6,"ausrichtung_grad":140,"weg_abstand_m":39,"wald_hinweis":false}},{"type":"Feature","geometry":{"type":"Point","coordinates":[11.472946,46.60069]},"properties":{"id":2969,"hoehe_m":1743,"sektoren_frei":[],"sektoren_blockiert":["O"],"erste_kollision_m":{"O":8},"flaeche_m2":169,"neigung_grad":13.6,"ausrichtung_grad":130,"weg_abstand_m":43,"wald_hinweis":false}},{"type":"Feature","geometry":{"type":"Point","coordinates":[11.430717,46.592191]},"properties":{"id":2970,"hoehe_m":1742,"sektoren_frei":[],"sektoren_blockiert":["SW"],"erste_kollision_m":{"SW":6},"flaeche_m2":844,"neigung_grad":13.5,"ausrichtung_grad":263,"weg_abstand_m":14,"wald_hinweis":false}},{"type":"Feature","geometry":{"type":"Point","coordinates":[11.473212,46.600797]},"properties":{"id":2971,"hoehe_m":1742,"sektoren_frei":[],"sektoren_blockiert":["O"],"erste_kollision_m":{"O":8},"flaeche_m2":1100,"neigung_grad":17.8,"ausrichtung_grad":125,"weg_abstand_m":36,"wald_hinweis":true}},{"type":"Feature","geometry":{"type":"Point","coordinates":[11.480652,46.640752]},"properties":{"id":2972,"hoehe_m":1742,"sektoren_frei":[],"sektoren_blockiert":["O","OSO","SO","SSO","S","SSW","SW"],"erste_kollision_m":{"O":2,"OSO":6,"SO":4,"SSO":6,"S":35,"SSW":18,"SW":6},"flaeche_m2":744,"neigung_grad":14.0,"ausrichtung_grad":103,"weg_abstand_m":9,"wald_hinweis":false}},{"type":"Feature","geometry":{"type":"Point","coordinates":[11.496222,46.639784]},"properties":{"id":2973,"hoehe_m":1742,"sektoren_frei":[],"sektoren_blockiert":["SSO"],"erste_kollision_m":{"SSO":23},"flaeche_m2":281,"neigung_grad":13.9,"ausrichtung_grad":191,"weg_abstand_m":17,"wald_hinweis":false}},{"type":"Feature","geometry":{"type":"Point","coordinates":[11.483886,46.610083]},"properties":{"id":2974,"hoehe_m":1742,"sektoren_frei":[],"sektoren_blockiert":["S"],"erste_kollision_m":{"S":5},"flaeche_m2":662,"neigung_grad":12.2,"ausrichtung_grad":161,"weg_abstand_m":1,"wald_hinweis":false}},{"type":"Feature","geometry":{"type":"Point","coordinates":[11.435216,46.624832]},"properties":{"id":2975,"hoehe_m":1741,"sektoren_frei":[],"sektoren_blockiert":["SSW"],"erste_kollision_m":{"SSW":25},"flaeche_m2":1688,"neigung_grad":18.6,"ausrichtung_grad":229,"weg_abstand_m":322,"wald_hinweis":false}},{"type":"Feature","geometry":{"type":"Point","coordinates":[11.493975,46.639945]},"properties":{"id":2976,"hoehe_m":1739,"sektoren_frei":[],"sektoren_blockiert":["S","SSW","SW"],"erste_kollision_m":{"S":2,"SSW":9,"SW":4},"flaeche_m2":3106,"neigung_grad":10.2,"ausrichtung_grad":189,"weg_abstand_m":32,"wald_hinweis":true}},{"type":"Feature","geometry":{"type":"Point","coordinates":[11.474339,46.601177]},"properties":{"id":2977,"hoehe_m":1739,"sektoren_frei":[],"sektoren_blockiert":["SSW"],"erste_kollision_m":{"SSW":16},"flaeche_m2":544,"neigung_grad":13.3,"ausrichtung_grad":173,"weg_abstand_m":10,"wald_hinweis":true}},{"type":"Feature","geometry":{"type":"Point","coordinates":[11.430535,46.592487]},"properties":{"id":2978,"hoehe_m":1739,"sektoren_frei":[],"sektoren_blockiert":["SW"],"erste_kollision_m":{"SW":6},"flaeche_m2":925,"neigung_grad":11.9,"ausrichtung_grad":262,"weg_abstand_m":36,"wald_hinweis":false}},{"type":"Feature","geometry":{"type":"Point","coordinates":[11.49208,46.639941]},"properties":{"id":2979,"hoehe_m":1738,"sektoren_frei":[],"sektoren_blockiert":["SO","SSO","S"],"erste_kollision_m":{"SO":4,"SSO":6,"S":5},"flaeche_m2":7119,"neigung_grad":9.6,"ausrichtung_grad":155,"weg_abstand_m":37,"wald_hinweis":false}},{"type":"Feature","geometry":{"type":"Point","coordinates":[11.494621,46.639773]},"properties":{"id":2980,"hoehe_m":1738,"sektoren_frei":[],"sektoren_blockiert":["SSO","S","SSW"],"erste_kollision_m":{"SSO":6,"S":10,"SSW":10},"flaeche_m2":2756,"neigung_grad":9.6,"ausrichtung_grad":190,"weg_abstand_m":19,"wald_hinweis":true}},{"type":"Feature","geometry":{"type":"Point","coordinates":[11.493258,46.639983]},"properties":{"id":2981,"hoehe_m":1737,"sektoren_frei":[],"sektoren_blockiert":["S","SSW"],"erste_kollision_m":{"S":2,"SSW":12},"flaeche_m2":125,"neigung_grad":12.1,"ausrichtung_grad":196,"weg_abstand_m":8,"wald_hinweis":false}},{"type":"Feature","geometry":{"type":"Point","coordinates":[11.434956,46.597928]},"properties":{"id":2982,"hoehe_m":1737,"sektoren_frei":[],"sektoren_blockiert":["WSW"],"erste_kollision_m":{"WSW":23},"flaeche_m2":2756,"neigung_grad":22.8,"ausrichtung_grad":210,"weg_abstand_m":291,"wald_hinweis":false}},{"type":"Feature","geometry":{"type":"Point","coordinates":[11.491094,46.614178]},"properties":{"id":2983,"hoehe_m":1737,"sektoren_frei":[],"sektoren_blockiert":["SO"],"erste_kollision_m":{"SO":60},"flaeche_m2":519,"neigung_grad":20.3,"ausrichtung_grad":170,"weg_abstand_m":123,"wald_hinweis":true}},{"type":"Feature","geometry":{"type":"Point","coordinates":[11.492538,46.639954]},"properties":{"id":2984,"hoehe_m":1736,"sektoren_frei":[],"sektoren_blockiert":["SSW"],"erste_kollision_m":{"SSW":6},"flaeche_m2":6388,"neigung_grad":9.5,"ausrichtung_grad":177,"weg_abstand_m":23,"wald_hinweis":false}},{"type":"Feature","geometry":{"type":"Point","coordinates":[11.43038,46.59195]},"properties":{"id":2985,"hoehe_m":1736,"sektoren_frei":["WSW","WSW","W"],"sektoren_blockiert":["SW"],"erste_kollision_m":{"SW":6},"flaeche_m2":22081,"neigung_grad":15.8,"ausrichtung_grad":266,"weg_abstand_m":35,"wald_hinweis":true}},{"type":"Feature","geometry":{"type":"Point","coordinates":[11.484809,46.610265]},"properties":{"id":2986,"hoehe_m":1735,"sektoren_frei":[],"sektoren_blockiert":["SO","SSO"],"erste_kollision_m":{"SO":4,"SSO":6},"flaeche_m2":388,"neigung_grad":10.7,"ausrichtung_grad":144,"weg_abstand_m":71,"wald_hinweis":false}},{"type":"Feature","geometry":{"type":"Point","coordinates":[11.492927,46.639878]},"properties":{"id":2987,"hoehe_m":1735,"sektoren_frei":[],"sektoren_blockiert":["SW"],"erste_kollision_m":{"SW":4},"flaeche_m2":3662,"neigung_grad":10.2,"ausrichtung_grad":190,"weg_abstand_m":16,"wald_hinweis":false}},{"type":"Feature","geometry":{"type":"Point","coordinates":[11.478297,46.603499]},"properties":{"id":2988,"hoehe_m":1734,"sektoren_frei":[],"sektoren_blockiert":["O","SO","SSO","S"],"erste_kollision_m":{"O":8,"SO":9,"SSO":8,"S":5},"flaeche_m2":6575,"neigung_grad":16.6,"ausrichtung_grad":142,"weg_abstand_m":26,"wald_hinweis":true}},{"type":"Feature","geometry":{"type":"Point","coordinates":[11.472897,46.600331]},"properties":{"id":2989,"hoehe_m":1734,"sektoren_frei":[],"sektoren_blockiert":["SW"],"erste_kollision_m":{"SW":11},"flaeche_m2":162,"neigung_grad":16.6,"ausrichtung_grad":187,"weg_abstand_m":45,"wald_hinweis":false}},{"type":"Feature","geometry":{"type":"Point","coordinates":[11.430215,46.592629]},"properties":{"id":2990,"hoehe_m":1734,"sektoren_frei":[],"sektoren_blockiert":["SW"],"erste_kollision_m":{"SW":11},"flaeche_m2":125,"neigung_grad":16.5,"ausrichtung_grad":261,"weg_abstand_m":62,"wald_hinweis":false}},{"type":"Feature","geometry":{"type":"Point","coordinates":[11.495097,46.639471]},"properties":{"id":2991,"hoehe_m":1732,"sektoren_frei":[],"sektoren_blockiert":["SO"],"erste_kollision_m":{"SO":6},"flaeche_m2":119,"neigung_grad":11.0,"ausrichtung_grad":163,"weg_abstand_m":19,"wald_hinweis":false}},{"type":"Feature","geometry":{"type":"Point","coordinates":[11.474788,46.60101]},"properties":{"id":2992,"hoehe_m":1732,"sektoren_frei":[],"sektoren_blockiert":["OSO"],"erste_kollision_m":{"OSO":6},"flaeche_m2":19444,"neigung_grad":17.6,"ausrichtung_grad":139,"weg_abstand_m":28,"wald_hinweis":true}},{"type":"Feature","geometry":{"type":"Point","coordinates":[11.496783,46.639209]},"properties":{"id":2993,"hoehe_m":1732,"sektoren_frei":[],"sektoren_blockiert":["SSO"],"erste_kollision_m":{"SSO":6},"flaeche_m2":3788,"neigung_grad":16.0,"ausrichtung_grad":184,"weg_abstand_m":55,"wald_hinweis":false}},{"type":"Feature","geometry":{"type":"Point","coordinates":[11.434084,46.598127]},"properties":{"id":2994,"hoehe_m":1730,"sektoren_frei":[],"sektoren_blockiert":["S","SSW","SW","WSW","W"],"erste_kollision_m":{"S":10,"SSW":6,"SW":6,"WSW":6,"W":10},"flaeche_m2":3844,"neigung_grad":25.7,"ausrichtung_grad":222,"weg_abstand_m":223,"wald_hinweis":false}},{"type":"Feature","geometry":{"type":"Point","coordinates":[11.491836,46.613982]},"properties":{"id":2995,"hoehe_m":1730,"sektoren_frei":[],"sektoren_blockiert":["SW"],"erste_kollision_m":{"SW":11},"flaeche_m2":906,"neigung_grad":24.3,"ausrichtung_grad":191,"weg_abstand_m":82,"wald_hinweis":true}},{"type":"Feature","geometry":{"type":"Point","coordinates":[11.477482,46.602819]},"properties":{"id":2996,"hoehe_m":1730,"sektoren_frei":[],"sektoren_blockiert":["O","OSO"],"erste_kollision_m":{"O":8,"OSO":15},"flaeche_m2":6219,"neigung_grad":15.6,"ausrichtung_grad":130,"weg_abstand_m":64,"wald_hinweis":true}},{"type":"Feature","geometry":{"type":"Point","coordinates":[11.430354,46.598656]},"properties":{"id":2997,"hoehe_m":1729,"sektoren_frei":[],"sektoren_blockiert":["SW"],"erste_kollision_m":{"SW":9},"flaeche_m2":894,"neigung_grad":23.6,"ausrichtung_grad":185,"weg_abstand_m":41,"wald_hinweis":true}},{"type":"Feature","geometry":{"type":"Point","coordinates":[11.47893,46.603778]},"properties":{"id":2998,"hoehe_m":1728,"sektoren_frei":[],"sektoren_blockiert":["SSO"],"erste_kollision_m":{"SSO":48},"flaeche_m2":675,"neigung_grad":14.5,"ausrichtung_grad":137,"weg_abstand_m":32,"wald_hinweis":true}},{"type":"Feature","geometry":{"type":"Point","coordinates":[11.434622,46.62471]},"properties":{"id":2999,"hoehe_m":1727,"sektoren_frei":[],"sektoren_blockiert":["S"],"erste_kollision_m":{"S":25},"flaeche_m2":369,"neigung_grad":17.1,"ausrichtung_grad":216,"weg_abstand_m":280,"wald_hinweis":false}},{"type":"Feature","geometry":{"type":"Point","coordinates":[11.496873,46.639027]},"properties":{"id":3000,"hoehe_m":1727,"sektoren_frei":[],"sektoren_blockiert":["SW"],"erste_kollision_m":{"SW":9},"flaeche_m2":919,"neigung_grad":15.1,"ausrichtung_grad":187,"weg_abstand_m":44,"wald_hinweis":false}},{"type":"Feature","geometry":{"type":"Point","coordinates":[11.475428,46.601446]},"properties":{"id":3001,"hoehe_m":1726,"sektoren_frei":[],"sektoren_blockiert":["O"],"erste_kollision_m":{"O":29},"flaeche_m2":7369,"neigung_grad":14.8,"ausrichtung_grad":117,"weg_abstand_m":43,"wald_hinweis":true}},{"type":"Feature","geometry":{"type":"Point","coordinates":[11.49524,46.63904]},"properties":{"id":3002,"hoehe_m":1725,"sektoren_frei":[],"sektoren_blockiert":["SO"],"erste_kollision_m":{"SO":38},"flaeche_m2":244,"neigung_grad":13.4,"ausrichtung_grad":167,"weg_abstand_m":7,"wald_hinweis":false}},{"type":"Feature","geometry":{"type":"Point","coordinates":[11.47747,46.60255]},"properties":{"id":3003,"hoehe_m":1723,"sektoren_frei":[],"sektoren_blockiert":["SO","SSO"],"erste_kollision_m":{"SO":6,"SSO":6},"flaeche_m2":188,"neigung_grad":11.9,"ausrichtung_grad":137,"weg_abstand_m":47,"wald_hinweis":true}},{"type":"Feature","geometry":{"type":"Point","coordinates":[11.424393,46.59894]},"properties":{"id":3004,"hoehe_m":1722,"sektoren_frei":[],"sektoren_blockiert":["SO"],"erste_kollision_m":{"SO":4},"flaeche_m2":8138,"neigung_grad":22.1,"ausrichtung_grad":172,"weg_abstand_m":230,"wald_hinweis":true}},{"type":"Feature","geometry":{"type":"Point","coordinates":[11.491141,46.613795]},"properties":{"id":3005,"hoehe_m":1722,"sektoren_frei":[],"sektoren_blockiert":["SO"],"erste_kollision_m":{"SO":9},"flaeche_m2":4856,"neigung_grad":19.7,"ausrichtung_grad":153,"weg_abstand_m":88,"wald_hinweis":true}},{"type":"Feature","geometry":{"type":"Point","coordinates":[11.490699,46.613399]},"properties":{"id":3006,"hoehe_m":1721,"sektoren_frei":[],"sektoren_blockiert":["ONO","O","OSO"],"erste_kollision_m":{"ONO":20,"O":64,"OSO":88},"flaeche_m2":4106,"neigung_grad":19.1,"ausrichtung_grad":108,"weg_abstand_m":99,"wald_hinweis":true}},{"type":"Feature","geometry":{"type":"Point","coordinates":[11.424685,46.598911]},"properties":{"id":3007,"hoehe_m":1720,"sektoren_frei":["SSO"],"sektoren_blockiert":[],"erste_kollision_m":{},"flaeche_m2":12494,"neigung_grad":22.0,"ausrichtung_grad":173,"weg_abstand_m":219,"wald_hinweis":true}},{"type":"Feature","geometry":{"type":"Point","coordinates":[11.429937,46.592995]},"properties":{"id":3008,"hoehe_m":1719,"sektoren_frei":[],"sektoren_blockiert":["N"],"erste_kollision_m":{"N":8},"flaeche_m2":288,"neigung_grad":16.3,"ausrichtung_grad":324,"weg_abstand_m":91,"wald_hinweis":true}},{"type":"Feature","geometry":{"type":"Point","coordinates":[11.474305,46.600436]},"properties":{"id":3009,"hoehe_m":1719,"sektoren_frei":[],"sektoren_blockiert":["SSW"],"erste_kollision_m":{"SSW":6},"flaeche_m2":1700,"neigung_grad":9.7,"ausrichtung_grad":168,"weg_abstand_m":49,"wald_hinweis":false}},{"type":"Feature","geometry":{"type":"Point","coordinates":[11.497253,46.638771]},"properties":{"id":3010,"hoehe_m":1719,"sektoren_frei":[],"sektoren_blockiert":["S"],"erste_kollision_m":{"S":16},"flaeche_m2":1731,"neigung_grad":15.2,"ausrichtung_grad":174,"weg_abstand_m":30,"wald_hinweis":false}},{"type":"Feature","geometry":{"type":"Point","coordinates":[11.473221,46.596702]},"properties":{"id":3011,"hoehe_m":1719,"sektoren_frei":[],"sektoren_blockiert":["N","NNO"],"erste_kollision_m":{"N":21,"NNO":6},"flaeche_m2":138,"neigung_grad":15.0,"ausrichtung_grad":14,"weg_abstand_m":126,"wald_hinweis":true}},{"type":"Feature","geometry":{"type":"Point","coordinates":[11.429598,46.59271]},"properties":{"id":3012,"hoehe_m":1718,"sektoren_frei":[],"sektoren_blockiert":["SW"],"erste_kollision_m":{"SW":22},"flaeche_m2":562,"neigung_grad":18.6,"ausrichtung_grad":259,"weg_abstand_m":110,"wald_hinweis":true}},{"type":"Feature","geometry":{"type":"Point","coordinates":[11.497511,46.638698]},"properties":{"id":3013,"hoehe_m":1717,"sektoren_frei":[],"sektoren_blockiert":["SSW"],"erste_kollision_m":{"SSW":20},"flaeche_m2":1394,"neigung_grad":15.5,"ausrichtung_grad":179,"weg_abstand_m":28,"wald_hinweis":false}},{"type":"Feature","geometry":{"type":"Point","coordinates":[11.477522,46.602256]},"properties":{"id":3014,"hoehe_m":1717,"sektoren_frei":[],"sektoren_blockiert":["OSO","SO","SSO","S"],"erste_kollision_m":{"OSO":6,"SO":4,"SSO":6,"S":2},"flaeche_m2":6819,"neigung_grad":18.6,"ausrichtung_grad":156,"weg_abstand_m":14,"wald_hinweis":true}},{"type":"Feature","geometry":{"type":"Point","coordinates":[11.430342,46.598386]},"properties":{"id":3015,"hoehe_m":1716,"sektoren_frei":[],"sektoren_blockiert":["SO"],"erste_kollision_m":{"SO":17},"flaeche_m2":2094,"neigung_grad":25.0,"ausrichtung_grad":173,"weg_abstand_m":16,"wald_hinweis":false}},{"type":"Feature","geometry":{"type":"Point","coordinates":[11.475198,46.600686]},"properties":{"id":3016,"hoehe_m":1716,"sektoren_frei":[],"sektoren_blockiert":["O"],"erste_kollision_m":{"O":71},"flaeche_m2":131,"neigung_grad":17.0,"ausrichtung_grad":133,"weg_abstand_m":76,"wald_hinweis":false}},{"type":"Feature","geometry":{"type":"Point","coordinates":[11.429461,46.598405]},"properties":{"id":3017,"hoehe_m":1715,"sektoren_frei":[],"sektoren_blockiert":["SO"],"erste_kollision_m":{"SO":6},"flaeche_m2":181,"neigung_grad":23.0,"ausrichtung_grad":176,"weg_abstand_m":49,"wald_hinweis":false}},{"type":"Feature","geometry":{"type":"Point","coordinates":[11.498128,46.638617]},"properties":{"id":3018,"hoehe_m":1715,"sektoren_frei":[],"sektoren_blockiert":["SW"],"erste_kollision_m":{"SW":11},"flaeche_m2":325,"neigung_grad":12.4,"ausrichtung_grad":193,"weg_abstand_m":35,"wald_hinweis":false}},{"type":"Feature","geometry":{"type":"Point","coordinates":[11.434378,46.624355]},"properties":{"id":3019,"hoehe_m":1714,"sektoren_frei":[],"sektoren_blockiert":["W"],"erste_kollision_m":{"W":23},"flaeche_m2":388,"neigung_grad":10.5,"ausrichtung_grad":264,"weg_abstand_m":239,"wald_hinweis":false}},{"type":"Feature","geometry":{"type":"Point","coordinates":[11.477186,46.602061]},"properties":{"id":3020,"hoehe_m":1714,"sektoren_frei":[],"sektoren_blockiert":["SSW"],"erste_kollision_m":{"SSW":37},"flaeche_m2":350,"neigung_grad":18.2,"ausrichtung_grad":164,"weg_abstand_m":3,"wald_hinweis":false}},{"type":"Feature","geometry":{"type":"Point","coordinates":[11.490956,46.613304]},"properties":{"id":3021,"hoehe_m":1714,"sektoren_frei":[],"sektoren_blockiert":["SSO"],"erste_kollision_m":{"SSO":30},"flaeche_m2":1212,"neigung_grad":13.3,"ausrichtung_grad":120,"weg_abstand_m":78,"wald_hinweis":false}},{"type":"Feature","geometry":{"type":"Point","coordinates":[11.425073,46.598813]},"properties":{"id":3022,"hoehe_m":1713,"sektoren_frei":["S"],"sektoren_blockiert":[],"erste_kollision_m":{},"flaeche_m2":12856,"neigung_grad":20.7,"ausrichtung_grad":172,"weg_abstand_m":199,"wald_hinweis":true}},{"type":"Feature","geometry":{"type":"Point","coordinates":[11.424416,46.598737]},"properties":{"id":3023,"hoehe_m":1712,"sektoren_frei":["SSO"],"sektoren_blockiert":[],"erste_kollision_m":{},"flaeche_m2":12494,"neigung_grad":21.3,"ausrichtung_grad":172,"weg_abstand_m":209,"wald_hinweis":true}},{"type":"Feature","geometry":{"type":"Point","coordinates":[11.424056,46.5987]},"properties":{"id":3024,"hoehe_m":1712,"sektoren_frei":[],"sektoren_blockiert":["SO","SSO"],"erste_kollision_m":{"SO":4,"SSO":6},"flaeche_m2":125,"neigung_grad":16.9,"ausrichtung_grad":168,"weg_abstand_m":219,"wald_hinweis":true}},{"type":"Feature","geometry":{"type":"Point","coordinates":[11.433464,46.59814]},"properties":{"id":3025,"hoehe_m":1711,"sektoren_frei":[],"sektoren_blockiert":["SSW"],"erste_kollision_m":{"SSW":32},"flaeche_m2":131,"neigung_grad":19.2,"ausrichtung_grad":236,"weg_abstand_m":181,"wald_hinweis":false}},{"type":"Feature","geometry":{"type":"Point","coordinates":[11.433762,46.624458]},"properties":{"id":3026,"hoehe_m":1711,"sektoren_frei":[],"sektoren_blockiert":["SSW"],"erste_kollision_m":{"SSW":8},"flaeche_m2":1156,"neigung_grad":11.8,"ausrichtung_grad":215,"weg_abstand_m":216,"wald_hinweis":false}},{"type":"Feature","geometry":{"type":"Point","coordinates":[11.484338,46.608543]},"properties":{"id":3027,"hoehe_m":1709,"sektoren_frei":[],"sektoren_blockiert":["OSO","SO"],"erste_kollision_m":{"OSO":13,"SO":22},"flaeche_m2":481,"neigung_grad":11.1,"ausrichtung_grad":108,"weg_abstand_m":9,"wald_hinweis":true}},{"type":"Feature","geometry":{"type":"Point","coordinates":[11.475995,46.600984]},"properties":{"id":3028,"hoehe_m":1708,"sektoren_frei":[],"sektoren_blockiert":["ONO","S"],"erste_kollision_m":{"ONO":6,"S":8},"flaeche_m2":806,"neigung_grad":9.7,"ausrichtung_grad":154,"weg_abstand_m":105,"wald_hinweis":false}},{"type":"Feature","geometry":{"type":"Point","coordinates":[11.430268,46.598208]},"properties":{"id":3029,"hoehe_m":1707,"sektoren_frei":[],"sektoren_blockiert":["SW"],"erste_kollision_m":{"SW":12},"flaeche_m2":7775,"neigung_grad":20.7,"ausrichtung_grad":190,"weg_abstand_m":0,"wald_hinweis":false}},{"type":"Feature","geometry":{"type":"Point","coordinates":[11.484455,46.608248]},"properties":{"id":3030,"hoehe_m":1705,"sektoren_frei":[],"sektoren_blockiert":["SO"],"erste_kollision_m":{"SO":6},"flaeche_m2":281,"neigung_grad":9.8,"ausrichtung_grad":107,"weg_abstand_m":9,"wald_hinweis":true}},{"type":"Feature","geometry":{"type":"Point","coordinates":[11.475203,46.600079]},"properties":{"id":3031,"hoehe_m":1704,"sektoren_frei":[],"sektoren_blockiert":["O"],"erste_kollision_m":{"O":8},"flaeche_m2":225,"neigung_grad":11.6,"ausrichtung_grad":129,"weg_abstand_m":18,"wald_hinweis":false}},{"type":"Feature","geometry":{"type":"Point","coordinates":[11.492325,46.613274]},"properties":{"id":3032,"hoehe_m":1704,"sektoren_frei":[],"sektoren_blockiert":["SO"],"erste_kollision_m":{"SO":34},"flaeche_m2":181,"neigung_grad":22.1,"ausrichtung_grad":165,"weg_abstand_m":15,"wald_hinweis":true}},{"type":"Feature","geometry":{"type":"Point","coordinates":[11.433488,46.624171]},"properties":{"id":3033,"hoehe_m":1702,"sektoren_frei":[],"sektoren_blockiert":["S"],"erste_kollision_m":{"S":5},"flaeche_m2":344,"neigung_grad":12.0,"ausrichtung_grad":215,"weg_abstand_m":178,"wald_hinweis":false}},{"type":"Feature","geometry":{"type":"Point","coordinates":[11.493441,46.614105]},"properties":{"id":3034,"hoehe_m":1700,"sektoren_frei":[],"sektoren_blockiert":["SSO"],"erste_kollision_m":{"SSO":10},"flaeche_m2":781,"neigung_grad":21.4,"ausrichtung_grad":143,"weg_abstand_m":63,"wald_hinweis":false}},{"type":"Feature","geometry":{"type":"Point","coordinates":[11.475162,46.59774]},"properties":{"id":3035,"hoehe_m":1699,"sektoren_frei":[],"sektoren_blockiert":["NO"],"erste_kollision_m":{"NO":6},"flaeche_m2":206,"neigung_grad":8.2,"ausrichtung_grad":53,"weg_abstand_m":6,"wald_hinweis":true}},{"type":"Feature","geometry":{"type":"Point","coordinates":[11.429094,46.59092]},"properties":{"id":3036,"hoehe_m":1699,"sektoren_frei":[],"sektoren_blockiert":["SSW"],"erste_kollision_m":{"SSW":10},"flaeche_m2":506,"neigung_grad":13.1,"ausrichtung_grad":238,"weg_abstand_m":98,"wald_hinweis":true}},{"type":"Feature","geometry":{"type":"Point","coordinates":[11.483717,46.607094]},"properties":{"id":3037,"hoehe_m":1698,"sektoren_frei":[],"sektoren_blockiert":["O","OSO","SO","SSO"],"erste_kollision_m":{"O":2,"OSO":33,"SO":4,"SSO":29},"flaeche_m2":6844,"neigung_grad":11.2,"ausrichtung_grad":127,"weg_abstand_m":4,"wald_hinweis":true}},{"type":"Feature","geometry":{"type":"Point","coordinates":[11.475224,46.599831]},"properties":{"id":3038,"hoehe_m":1697,"sektoren_frei":[],"sektoren_blockiert":["SSW"],"erste_kollision_m":{"SSW":12},"flaeche_m2":981,"neigung_grad":19.5,"ausrichtung_grad":170,"weg_abstand_m":26,"wald_hinweis":false}},{"type":"Feature","geometry":{"type":"Point","coordinates":[11.483985,46.607246]},"properties":{"id":3039,"hoehe_m":1696,"sektoren_frei":[],"sektoren_blockiert":["O"],"erste_kollision_m":{"O":16},"flaeche_m2":775,"neigung_grad":9.8,"ausrichtung_grad":114,"weg_abstand_m":3,"wald_hinweis":true}},{"type":"Feature","geometry":{"type":"Point","coordinates":[11.424922,46.598366]},"properties":{"id":3040,"hoehe_m":1696,"sektoren_frei":["SSW"],"sektoren_blockiert":[],"erste_kollision_m":{},"flaeche_m2":7550,"neigung_grad":21.2,"ausrichtung_grad":174,"weg_abstand_m":156,"wald_hinweis":false}},{"type":"Feature","geometry":{"type":"Point","coordinates":[11.429083,46.597985]},"properties":{"id":3041,"hoehe_m":1695,"sektoren_frei":[],"sektoren_blockiert":["SW"],"erste_kollision_m":{"SW":17},"flaeche_m2":794,"neigung_grad":23.0,"ausrichtung_grad":185,"weg_abstand_m":34,"wald_hinweis":true}},{"type":"Feature","geometry":{"type":"Point","coordinates":[11.424266,46.59829]},"properties":{"id":3042,"hoehe_m":1694,"sektoren_frei":["SSW"],"sektoren_blockiert":[],"erste_kollision_m":{},"flaeche_m2":7550,"neigung_grad":18.9,"ausrichtung_grad":177,"weg_abstand_m":171,"wald_hinweis":false}},{"type":"Feature","geometry":{"type":"Point","coordinates":[11.483706,46.606847]},"properties":{"id":3043,"hoehe_m":1694,"sektoren_frei":[],"sektoren_blockiert":["O","O"],"erste_kollision_m":{"O":29},"flaeche_m2":231,"neigung_grad":13.0,"ausrichtung_grad":122,"weg_abstand_m":30,"wald_hinweis":false}},{"type":"Feature","geometry":{"type":"Point","coordinates":[11.428861,46.590835]},"properties":{"id":3044,"hoehe_m":1694,"sektoren_frei":[],"sektoren_blockiert":["WNW"],"erste_kollision_m":{"WNW":6},"flaeche_m2":350,"neigung_grad":18.3,"ausrichtung_grad":254,"weg_abstand_m":78,"wald_hinweis":false}},{"type":"Feature","geometry":{"type":"Point","coordinates":[11.483531,46.606603]},"properties":{"id":3045,"hoehe_m":1694,"sektoren_frei":[],"sektoren_blockiert":["SSO"],"erste_kollision_m":{"SSO":12},"flaeche_m2":175,"neigung_grad":13.9,"ausrichtung_grad":131,"weg_abstand_m":52,"wald_hinweis":false}},{"type":"Feature","geometry":{"type":"Point","coordinates":[11.483056,46.606208]},"properties":{"id":3046,"hoehe_m":1694,"sektoren_frei":[],"sektoren_blockiert":["SSO"],"erste_kollision_m":{"SSO":13},"flaeche_m2":400,"neigung_grad":12.4,"ausrichtung_grad":127,"weg_abstand_m":84,"wald_hinweis":true}},{"type":"Feature","geometry":{"type":"Point","coordinates":[11.484204,46.607038]},"properties":{"id":3047,"hoehe_m":1692,"sektoren_frei":[],"sektoren_blockiert":["S"],"erste_kollision_m":{"S":2},"flaeche_m2":156,"neigung_grad":11.8,"ausrichtung_grad":152,"weg_abstand_m":17,"wald_hinweis":false}},{"type":"Feature","geometry":{"type":"Point","coordinates":[11.493463,46.613879]},"properties":{"id":3048,"hoehe_m":1692,"sektoren_frei":[],"sektoren_blockiert":["SO"],"erste_kollision_m":{"SO":11},"flaeche_m2":425,"neigung_grad":23.5,"ausrichtung_grad":128,"weg_abstand_m":39,"wald_hinweis":false}},{"type":"Feature","geometry":{"type":"Point","coordinates":[11.477916,46.601595]},"properties":{"id":3049,"hoehe_m":1689,"sektoren_frei":[],"sektoren_blockiert":["O"],"erste_kollision_m":{"O":45},"flaeche_m2":144,"neigung_grad":17.5,"ausrichtung_grad":131,"weg_abstand_m":58,"wald_hinweis":false}},{"type":"Feature","geometry":{"type":"Point","coordinates":[11.4851,46.607356]},"properties":{"id":3050,"hoehe_m":1689,"sektoren_frei":[],"sektoren_blockiert":["S","SSW"],"erste_kollision_m":{"S":2,"SSW":6},"flaeche_m2":2044,"neigung_grad":9.4,"ausrichtung_grad":171,"weg_abstand_m":49,"wald_hinweis":true}},{"type":"Feature","geometry":{"type":"Point","coordinates":[11.496331,46.614469]},"properties":{"id":3051,"hoehe_m":1689,"sektoren_frei":[],"sektoren_blockiert":["SO"],"erste_kollision_m":{"SO":28},"flaeche_m2":138,"neigung_grad":20.4,"ausrichtung_grad":156,"weg_abstand_m":58,"wald_hinweis":true}},{"type":"Feature","geometry":{"type":"Point","coordinates":[11.491733,46.612454]},"properties":{"id":3052,"hoehe_m":1689,"sektoren_frei":[],"sektoren_blockiert":["O","OSO","SO"],"erste_kollision_m":{"O":2,"OSO":6,"SO":4},"flaeche_m2":438,"neigung_grad":22.3,"ausrichtung_grad":106,"weg_abstand_m":86,"wald_hinweis":false}},{"type":"Feature","geometry":{"type":"Point","coordinates":[11.425572,46.598307]},"properties":{"id":3053,"hoehe_m":1688,"sektoren_frei":[],"sektoren_blockiert":["SO","SSW"],"erste_kollision_m":{"SO":15,"SSW":16},"flaeche_m2":712,"neigung_grad":24.7,"ausrichtung_grad":177,"weg_abstand_m":133,"wald_hinweis":false}},{"type":"Feature","geometry":{"type":"Point","coordinates":[11.424127,46.598113]},"properties":{"id":3054,"hoehe_m":1688,"sektoren_frei":["SW"],"sektoren_blockiert":[],"erste_kollision_m":{},"flaeche_m2":238,"neigung_grad":16.0,"ausrichtung_grad":188,"weg_abstand_m":162,"wald_hinweis":false}},{"type":"Feature","geometry":{"type":"Point","coordinates":[11.484151,46.60659]},"properties":{"id":3055,"hoehe_m":1686,"sektoren_frei":[],"sektoren_blockiert":["O"],"erste_kollision_m":{"O":5},"flaeche_m2":219,"neigung_grad":9.5,"ausrichtung_grad":91,"weg_abstand_m":19,"wald_hinweis":false}},{"type":"Feature","geometry":{"type":"Point","coordinates":[11.485857,46.607497]},"properties":{"id":3056,"hoehe_m":1686,"sektoren_frei":[],"sektoren_blockiert":["S"],"erste_kollision_m":{"S":8},"flaeche_m2":125,"neigung_grad":11.2,"ausrichtung_grad":163,"weg_abstand_m":8,"wald_hinweis":false}},{"type":"Feature","geometry":{"type":"Point","coordinates":[11.48442,46.606764]},"properties":{"id":3057,"hoehe_m":1686,"sektoren_frei":[],"sektoren_blockiert":["O"],"erste_kollision_m":{"O":8},"flaeche_m2":700,"neigung_grad":13.8,"ausrichtung_grad":116,"weg_abstand_m":3,"wald_hinweis":true}},{"type":"Feature","geometry":{"type":"Point","coordinates":[11.423471,46.598037]},"properties":{"id":3058,"hoehe_m":1685,"sektoren_frei":["S","SW"],"sektoren_blockiert":[],"erste_kollision_m":{},"flaeche_m2":12856,"neigung_grad":22.8,"ausrichtung_grad":177,"weg_abstand_m":186,"wald_hinweis":true}},{"type":"Feature","geometry":{"type":"Point","coordinates":[11.42613,46.598363]},"properties":{"id":3059,"hoehe_m":1684,"sektoren_frei":[],"sektoren_blockiert":["SSW"],"erste_kollision_m":{"SSW":15},"flaeche_m2":619,"neigung_grad":20.9,"ausrichtung_grad":186,"weg_abstand_m":126,"wald_hinweis":false}},{"type":"Feature","geometry":{"type":"Point","coordinates":[11.430508,46.59773]},"properties":{"id":3060,"hoehe_m":1684,"sektoren_frei":[],"sektoren_blockiert":["SO"],"erste_kollision_m":{"SO":34},"flaeche_m2":1031,"neigung_grad":17.9,"ausrichtung_grad":168,"weg_abstand_m":55,"wald_hinweis":false}},{"type":"Feature","geometry":{"type":"Point","coordinates":[11.478907,46.601843]},"properties":{"id":3061,"hoehe_m":1684,"sektoren_frei":[],"sektoren_blockiert":["OSO"],"erste_kollision_m":{"OSO":6},"flaeche_m2":200,"neigung_grad":14.6,"ausrichtung_grad":150,"weg_abstand_m":10,"wald_hinweis":true}},{"type":"Feature","geometry":{"type":"Point","coordinates":[11.486907,46.608307]},"properties":{"id":3062,"hoehe_m":1684,"sektoren_frei":[],"sektoren_blockiert":["O","OSO","SO"],"erste_kollision_m":{"O":2,"OSO":6,"SO":4},"flaeche_m2":1956,"neigung_grad":15.4,"ausrichtung_grad":107,"weg_abstand_m":43,"wald_hinweis":false}},{"type":"Feature","geometry":{"type":"Point","coordinates":[11.485152,46.607063]},"properties":{"id":3063,"hoehe_m":1683,"sektoren_frei":[],"sektoren_blockiert":["O","OSO","SO","SSW"],"erste_kollision_m":{"O":2,"OSO":6,"SO":4,"SSW":12},"flaeche_m2":1506,"neigung_grad":9.9,"ausrichtung_grad":135,"weg_abstand_m":55,"wald_hinweis":true}},{"type":"Feature","geometry":{"type":"Point","coordinates":[11.48635,46.607554]},"properties":{"id":3064,"hoehe_m":1682,"sektoren_frei":[],"sektoren_blockiert":["O","OSO","SO"],"erste_kollision_m":{"O":5,"OSO":6,"SO":4},"flaeche_m2":194,"neigung_grad":8.7,"ausrichtung_grad":116,"weg_abstand_m":14,"wald_hinweis":true}},{"type":"Feature","geometry":{"type":"Point","coordinates":[11.483659,46.605835]},"properties":{"id":3065,"hoehe_m":1680,"sektoren_frei":[],"sektoren_blockiert":["OSO","OSO","SO","SO","SSO"],"erste_kollision_m":{"OSO":18,"SO":45,"SSO":6},"flaeche_m2":219,"neigung_grad":14.7,"ausrichtung_grad":130,"weg_abstand_m":39,"wald_hinweis":true}},{"type":"Feature","geometry":{"type":"Point","coordinates":[11.486992,46.608035]},"properties":{"id":3066,"hoehe_m":1679,"sektoren_frei":[],"sektoren_blockiert":["ONO"],"erste_kollision_m":{"ONO":6},"flaeche_m2":275,"neigung_grad":14.9,"ausrichtung_grad":101,"weg_abstand_m":23,"wald_hinweis":true}},{"type":"Feature","geometry":{"type":"Point","coordinates":[11.491796,46.610991]},"properties":{"id":3067,"hoehe_m":1678,"sektoren_frei":[],"sektoren_blockiert":["OSO","SO","SSO"],"erste_kollision_m":{"OSO":6,"SO":17,"SSO":20},"flaeche_m2":288,"neigung_grad":15.2,"ausrichtung_grad":147,"weg_abstand_m":109,"wald_hinweis":true}},{"type":"Feature","geometry":{"type":"Point","coordinates":[11.493611,46.613539]},"properties":{"id":3068,"hoehe_m":1678,"sektoren_frei":[],"sektoren_blockiert":["SSO"],"erste_kollision_m":{"SSO":6},"flaeche_m2":162,"neigung_grad":20.7,"ausrichtung_grad":132,"weg_abstand_m":1,"wald_hinweis":false}},{"type":"Feature","geometry":{"type":"Point","coordinates":[11.428741,46.597633]},"properties":{"id":3069,"hoehe_m":1677,"sektoren_frei":[],"sektoren_blockiert":["SW"],"erste_kollision_m":{"SW":15},"flaeche_m2":169,"neigung_grad":21.1,"ausrichtung_grad":187,"weg_abstand_m":18,"wald_hinweis":false}},{"type":"Feature","geometry":{"type":"Point","coordinates":[11.496447,46.614152]},"properties":{"id":3070,"hoehe_m":1676,"sektoren_frei":[],"sektoren_blockiert":["OSO","SO","SSO","S"],"erste_kollision_m":{"OSO":96,"SO":34,"SSO":8,"S":8},"flaeche_m2":4494,"neigung_grad":21.5,"ausrichtung_grad":134,"weg_abstand_m":58,"wald_hinweis":true}},{"type":"Feature","geometry":{"type":"Point","coordinates":[11.430367,46.597486]},"properties":{"id":3071,"hoehe_m":1676,"sektoren_frei":[],"sektoren_blockiert":["SW"],"erste_kollision_m":{"SW":6},"flaeche_m2":162,"neigung_grad":20.1,"ausrichtung_grad":186,"weg_abstand_m":72,"wald_hinweis":false}},{"type":"Feature","geometry":{"type":"Point","coordinates":[11.428446,46.588842]},"properties":{"id":3072,"hoehe_m":1675,"sektoren_frei":[],"sektoren_blockiert":["SW","WSW","W","WNW"],"erste_kollision_m":{"SW":17,"WSW":16,"W":2,"WNW":6},"flaeche_m2":1094,"neigung_grad":18.7,"ausrichtung_grad":264,"weg_abstand_m":3,"wald_hinweis":true}},{"type":"Feature","geometry":{"type":"Point","coordinates":[11.485646,46.606445]},"properties":{"id":3073,"hoehe_m":1674,"sektoren_frei":[],"sektoren_blockiert":["O","OSO","OSO","SO","SO","SSO","SSO","S","SSW"],"erste_kollision_m":{"O":2,"OSO":6,"SO":9,"SSO":8,"S":8,"SSW":6},"flaeche_m2":49825,"neigung_grad":10.6,"ausrichtung_grad":132,"weg_abstand_m":12,"wald_hinweis":false}},{"type":"Feature","geometry":{"type":"Point","coordinates":[11.481818,46.60484]},"properties":{"id":3074,"hoehe_m":1672,"sektoren_frei":[],"sektoren_blockiert":["SO","SSO","S","SSW"],"erste_kollision_m":{"SO":6,"SSO":8,"S":8,"SSW":9},"flaeche_m2":2706,"neigung_grad":12.9,"ausrichtung_grad":171,"weg_abstand_m":2,"wald_hinweis":true}},{"type":"Feature","geometry":{"type":"Point","coordinates":[11.428241,46.589363]},"properties":{"id":3075,"hoehe_m":1671,"sektoren_frei":[],"sektoren_blockiert":["WNW"],"erste_kollision_m":{"WNW":12},"flaeche_m2":162,"neigung_grad":18.5,"ausrichtung_grad":267,"weg_abstand_m":2,"wald_hinweis":true}},{"type":"Feature","geometry":{"type":"Point","coordinates":[11.481424,46.604781]},"properties":{"id":3076,"hoehe_m":1671,"sektoren_frei":[],"sektoren_blockiert":["SW"],"erste_kollision_m":{"SW":20},"flaeche_m2":594,"neigung_grad":13.6,"ausrichtung_grad":201,"weg_abstand_m":3,"wald_hinweis":true}},{"type":"Feature","geometry":{"type":"Point","coordinates":[11.485135,46.605983]},"properties":{"id":3077,"hoehe_m":1669,"sektoren_frei":[],"sektoren_blockiert":["OSO"],"erste_kollision_m":{"OSO":8},"flaeche_m2":16825,"neigung_grad":13.2,"ausrichtung_grad":138,"weg_abstand_m":0,"wald_hinweis":true}},{"type":"Feature","geometry":{"type":"Point","coordinates":[11.497305,46.614335]},"properties":{"id":3078,"hoehe_m":1669,"sektoren_frei":[],"sektoren_blockiert":["SSO","S"],"erste_kollision_m":{"SSO":27,"S":2},"flaeche_m2":1288,"neigung_grad":18.5,"ausrichtung_grad":160,"weg_abstand_m":123,"wald_hinweis":true}},{"type":"Feature","geometry":{"type":"Point","coordinates":[11.428091,46.589659]},"properties":{"id":3079,"hoehe_m":1667,"sektoren_frei":[],"sektoren_blockiert":["WSW","W","WNW"],"erste_kollision_m":{"WSW":6,"W":5,"WNW":20},"flaeche_m2":469,"neigung_grad":22.9,"ausrichtung_grad":273,"weg_abstand_m":5,"wald_hinweis":false}},{"type":"Feature","geometry":{"type":"Point","coordinates":[11.430615,46.59721]},"properties":{"id":3080,"hoehe_m":1666,"sektoren_frei":[],"sektoren_blockiert":["SW"],"erste_kollision_m":{"SW":9},"flaeche_m2":381,"neigung_grad":14.1,"ausrichtung_grad":192,"weg_abstand_m":108,"wald_hinweis":false}},{"type":"Feature","geometry":{"type":"Point","coordinates":[11.424957,46.59769]},"properties":{"id":3081,"hoehe_m":1665,"sektoren_frei":[],"sektoren_blockiert":["OSO"],"erste_kollision_m":{"OSO":44},"flaeche_m2":175,"neigung_grad":20.0,"ausrichtung_grad":151,"weg_abstand_m":87,"wald_hinweis":false}},{"type":"Feature","geometry":{"type":"Point","coordinates":[11.486088,46.60612]},"properties":{"id":3082,"hoehe_m":1664,"sektoren_frei":[],"sektoren_blockiert":["O","S","SSW"],"erste_kollision_m":{"O":12,"S":8,"SSW":6},"flaeche_m2":1075,"neigung_grad":9.7,"ausrichtung_grad":179,"weg_abstand_m":37,"wald_hinweis":false}},{"type":"Feature","geometry":{"type":"Point","coordinates":[11.485349,46.605664]},"properties":{"id":3083,"hoehe_m":1661,"sektoren_frei":[],"sektoren_blockiert":["O"],"erste_kollision_m":{"O":2},"flaeche_m2":356,"neigung_grad":10.6,"ausrichtung_grad":123,"weg_abstand_m":37,"wald_hinweis":false}},{"type":"Feature","geometry":{"type":"Point","coordinates":[11.484746,46.605317]},"properties":{"id":3084,"hoehe_m":1661,"sektoren_frei":[],"sektoren_blockiert":["O","S","SSW","SW"],"erste_kollision_m":{"O":34,"S":5,"SSW":6,"SW":4},"flaeche_m2":4694,"neigung_grad":10.0,"ausrichtung_grad":195,"weg_abstand_m":46,"wald_hinweis":true}},{"type":"Feature","geometry":{"type":"Point","coordinates":[11.496989,46.61387]},"properties":{"id":3085,"hoehe_m":1660,"sektoren_frei":[],"sektoren_blockiert":["O","SSW"],"erste_kollision_m":{"O":32,"SSW":9},"flaeche_m2":800,"neigung_grad":16.7,"ausrichtung_grad":109,"weg_abstand_m":82,"wald_hinweis":false}},{"type":"Feature","geometry":{"type":"Point","coordinates":[11.48381,46.604842]},"properties":{"id":3086,"hoehe_m":1659,"sektoren_frei":[],"sektoren_blockiert":["OSO","S"],"erste_kollision_m":{"OSO":26,"S":16},"flaeche_m2":1156,"neigung_grad":15.0,"ausrichtung_grad":154,"weg_abstand_m":41,"wald_hinweis":true}},{"type":"Feature","geometry":{"type":"Point","coordinates":[11.484183,46.605149]},"properties":{"id":3087,"hoehe_m":1658,"sektoren_frei":[],"sektoren_blockiert":["SSO"],"erste_kollision_m":{"SSO":18},"flaeche_m2":169,"neigung_grad":9.6,"ausrichtung_grad":141,"weg_abstand_m":38,"wald_hinweis":true}},{"type":"Feature","geometry":{"type":"Point","coordinates":[11.48301,46.604477]},"properties":{"id":3088,"hoehe_m":1657,"sektoren_frei":[],"sektoren_blockiert":["O","O","OSO","S"],"erste_kollision_m":{"O":21,"OSO":28,"S":5},"flaeche_m2":10012,"neigung_grad":12.1,"ausrichtung_grad":132,"weg_abstand_m":59,"wald_hinweis":true}},{"type":"Feature","geometry":{"type":"Point","coordinates":[11.481845,46.603985]},"properties":{"id":3089,"hoehe_m":1657,"sektoren_frei":[],"sektoren_blockiert":["S"],"erste_kollision_m":{"S":5},"flaeche_m2":3762,"neigung_grad":9.2,"ausrichtung_grad":169,"weg_abstand_m":56,"wald_hinweis":false}},{"type":"Feature","geometry":{"type":"Point","coordinates":[11.430667,46.596917]},"properties":{"id":3090,"hoehe_m":1656,"sektoren_frei":[],"sektoren_blockiert":["SW"],"erste_kollision_m":{"SW":7},"flaeche_m2":2725,"neigung_grad":24.3,"ausrichtung_grad":189,"weg_abstand_m":91,"wald_hinweis":false}},{"type":"Feature","geometry":{"type":"Point","coordinates":[11.482202,46.603954]},"properties":{"id":3091,"hoehe_m":1655,"sektoren_frei":[],"sektoren_blockiert":["SSW"],"erste_kollision_m":{"SSW":6},"flaeche_m2":594,"neigung_grad":8.0,"ausrichtung_grad":165,"weg_abstand_m":81,"wald_hinweis":false}},{"type":"Feature","geometry":{"type":"Point","coordinates":[11.497143,46.613664]},"properties":{"id":3092,"hoehe_m":1654,"sektoren_frei":[],"sektoren_blockiert":["ONO"],"erste_kollision_m":{"ONO":28},"flaeche_m2":219,"neigung_grad":18.1,"ausrichtung_grad":106,"weg_abstand_m":86,"wald_hinweis":false}},{"type":"Feature","geometry":{"type":"Point","coordinates":[11.496488,46.612913]},"properties":{"id":3093,"hoehe_m":1654,"sektoren_frei":[],"sektoren_blockiert":["OSO","SO","SSO"],"erste_kollision_m":{"OSO":6,"SO":6,"SSO":11},"flaeche_m2":4944,"neigung_grad":17.2,"ausrichtung_grad":117,"weg_abstand_m":28,"wald_hinweis":true}},{"type":"Feature","geometry":{"type":"Point","coordinates":[11.427422,46.597323]},"properties":{"id":3094,"hoehe_m":1654,"sektoren_frei":[],"sektoren_blockiert":["S","SSW","SW"],"erste_kollision_m":{"S":5,"SSW":6,"SW":4},"flaeche_m2":962,"neigung_grad":22.1,"ausrichtung_grad":198,"weg_abstand_m":7,"wald_hinweis":true}},{"type":"Feature","geometry":{"type":"Point","coordinates":[11.427705,46.58906]},"properties":{"id":3095,"hoehe_m":1653,"sektoren_frei":[],"sektoren_blockiert":["WSW","W","WNW"],"erste_kollision_m":{"WSW":16,"W":2,"WNW":6},"flaeche_m2":344,"neigung_grad":24.2,"ausrichtung_grad":260,"weg_abstand_m":51,"wald_hinweis":true}},{"type":"Feature","geometry":{"type":"Point","coordinates":[11.427034,46.597421]},"properties":{"id":3096,"hoehe_m":1653,"sektoren_frei":[],"sektoren_blockiert":["SSO"],"erste_kollision_m":{"SSO":6},"flaeche_m2":762,"neigung_grad":22.3,"ausrichtung_grad":189,"weg_abstand_m":16,"wald_hinweis":true}},{"type":"Feature","geometry":{"type":"Point","coordinates":[11.48269,46.603921]},"properties":{"id":3097,"hoehe_m":1652,"sektoren_frei":[],"sektoren_blockiert":["O"],"erste_kollision_m":{"O":2},"flaeche_m2":844,"neigung_grad":8.7,"ausrichtung_grad":113,"weg_abstand_m":103,"wald_hinweis":false}},{"type":"Feature","geometry":{"type":"Point","coordinates":[11.496474,46.612599]},"properties":{"id":3098,"hoehe_m":1650,"sektoren_frei":[],"sektoren_blockiert":["O"],"erste_kollision_m":{"O":2},"flaeche_m2":3312,"neigung_grad":18.5,"ausrichtung_grad":112,"weg_abstand_m":25,"wald_hinweis":true}},{"type":"Feature","geometry":{"type":"Point","coordinates":[11.496359,46.612241]},"properties":{"id":3099,"hoehe_m":1650,"sektoren_frei":[],"sektoren_blockiert":["ONO","SO"],"erste_kollision_m":{"ONO":6,"SO":73},"flaeche_m2":1719,"neigung_grad":16.8,"ausrichtung_grad":107,"weg_abstand_m":9,"wald_hinweis":true}},{"type":"Feature","geometry":{"type":"Point","coordinates":[11.484948,46.60475]},"properties":{"id":3100,"hoehe_m":1650,"sektoren_frei":[],"sektoren_blockiert":["SSW"],"erste_kollision_m":{"SSW":8},"flaeche_m2":831,"neigung_grad":11.8,"ausrichtung_grad":171,"weg_abstand_m":111,"wald_hinweis":true}},{"type":"Feature","geometry":{"type":"Point","coordinates":[11.485351,46.604988]},"properties":{"id":3101,"hoehe_m":1649,"sektoren_frei":[],"sektoren_blockiert":["O","S"],"erste_kollision_m":{"O":8,"S":8},"flaeche_m2":2388,"neigung_grad":13.3,"ausrichtung_grad":125,"weg_abstand_m":98,"wald_hinweis":false}},{"type":"Feature","geometry":{"type":"Point","coordinates":[11.482611,46.603608]},"properties":{"id":3102,"hoehe_m":1648,"sektoren_frei":[],"sektoren_blockiert":["OSO"],"erste_kollision_m":{"OSO":6},"flaeche_m2":294,"neigung_grad":9.4,"ausrichtung_grad":147,"weg_abstand_m":68,"wald_hinweis":false}},{"type":"Feature","geometry":{"type":"Point","coordinates":[11.487607,46.607212]},"properties":{"id":3103,"hoehe_m":1648,"sektoren_frei":[],"sektoren_blockiert":["O","OSO","SO","SSO","S"],"erste_kollision_m":{"O":2,"OSO":6,"SO":4,"SSO":18,"S":8},"flaeche_m2":34762,"neigung_grad":13.9,"ausrichtung_grad":128,"weg_abstand_m":47,"wald_hinweis":true}},{"type":"Feature","geometry":{"type":"Point","coordinates":[11.484547,46.604533]},"properties":{"id":3104,"hoehe_m":1644,"sektoren_frei":[],"sektoren_blockiert":["SSW"],"erste_kollision_m":{"SSW":9},"flaeche_m2":312,"neigung_grad":9.1,"ausrichtung_grad":175,"weg_abstand_m":102,"wald_hinweis":true}},{"type":"Feature","geometry":{"type":"Point","coordinates":[11.488004,46.607316]},"properties":{"id":3105,"hoehe_m":1643,"sektoren_frei":[],"sektoren_blockiert":["SSO","S"],"erste_kollision_m":{"SSO":18,"S":25},"flaeche_m2":1625,"neigung_grad":14.5,"ausrichtung_grad":156,"weg_abstand_m":30,"wald_hinweis":true}},{"type":"Feature","geometry":{"type":"Point","coordinates":[11.497136,46.612809]},"properties":{"id":3106,"hoehe_m":1642,"sektoren_frei":[],"sektoren_blockiert":["NO","ONO","O"],"erste_kollision_m":{"NO":6,"ONO":55,"O":8},"flaeche_m2":1219,"neigung_grad":14.2,"ausrichtung_grad":108,"weg_abstand_m":76,"wald_hinweis":true}},{"type":"Feature","geometry":{"type":"Point","coordinates":[11.483162,46.603529]},"properties":{"id":3107,"hoehe_m":1642,"sektoren_frei":[],"sektoren_blockiert":["O"],"erste_kollision_m":{"O":2},"flaeche_m2":238,"neigung_grad":11.1,"ausrichtung_grad":122,"weg_abstand_m":52,"wald_hinweis":false}},{"type":"Feature","geometry":{"type":"Point","coordinates":[11.484002,46.60405]},"properties":{"id":3108,"hoehe_m":1642,"sektoren_frei":[],"sektoren_blockiert":["SSO"],"erste_kollision_m":{"SSO":8},"flaeche_m2":488,"neigung_grad":11.3,"ausrichtung_grad":140,"weg_abstand_m":66,"wald_hinweis":false}},{"type":"Feature","geometry":{"type":"Point","coordinates":[11.478684,46.598383]},"properties":{"id":3109,"hoehe_m":1642,"sektoren_frei":[],"sektoren_blockiert":["N","NNO","NO"],"erste_kollision_m":{"N":30,"NNO":30,"NO":15},"flaeche_m2":1344,"neigung_grad":13.5,"ausrichtung_grad":14,"weg_abstand_m":36,"wald_hinweis":false}},{"type":"Feature","geometry":{"type":"Point","coordinates":[11.483768,46.60392]},"properties":{"id":3110,"hoehe_m":1641,"sektoren_frei":[],"sektoren_blockiert":["OSO"],"erste_kollision_m":{"OSO":12},"flaeche_m2":312,"neigung_grad":11.1,"ausrichtung_grad":141,"weg_abstand_m":59,"wald_hinweis":false}},{"type":"Feature","geometry":{"type":"Point","coordinates":[11.490063,46.610938]},"properties":{"id":3111,"hoehe_m":1640,"sektoren_frei":[],"sektoren_blockiert":["SW","WSW"],"erste_kollision_m":{"SW":4,"WSW":6},"flaeche_m2":156,"neigung_grad":26.5,"ausrichtung_grad":232,"weg_abstand_m":24,"wald_hinweis":false}},{"type":"Feature","geometry":{"type":"Point","coordinates":[11.497225,46.612605]},"properties":{"id":3112,"hoehe_m":1640,"sektoren_frei":[],"sektoren_blockiert":["ONO"],"erste_kollision_m":{"ONO":65},"flaeche_m2":125,"neigung_grad":14.8,"ausrichtung_grad":79,"weg_abstand_m":83,"wald_hinweis":false}},{"type":"Feature","geometry":{"type":"Point","coordinates":[11.480447,46.598413]},"properties":{"id":3113,"hoehe_m":1640,"sektoren_frei":[],"sektoren_blockiert":["N","NNO","NO","NW","NNW"],"erste_kollision_m":{"N":73,"NNO":16,"NO":6,"NW":4,"NNW":34},"flaeche_m2":4569,"neigung_grad":11.2,"ausrichtung_grad":8,"weg_abstand_m":16,"wald_hinweis":true}},{"type":"Feature","geometry":{"type":"Point","coordinates":[11.497557,46.61343]},"properties":{"id":3114,"hoehe_m":1639,"sektoren_frei":[],"sektoren_blockiert":["O"],"erste_kollision_m":{"O":37},"flaeche_m2":662,"neigung_grad":18.9,"ausrichtung_grad":112,"weg_abstand_m":115,"wald_hinweis":true}},{"type":"Feature","geometry":{"type":"Point","coordinates":[11.429974,46.596729]},"properties":{"id":3115,"hoehe_m":1639,"sektoren_frei":[],"sektoren_blockiert":["S"],"erste_kollision_m":{"S":40},"flaeche_m2":4294,"neigung_grad":20.6,"ausrichtung_grad":200,"weg_abstand_m":53,"wald_hinweis":false}},{"type":"Feature","geometry":{"type":"Point","coordinates":[11.487485,46.606675]},"properties":{"id":3116,"hoehe_m":1639,"sektoren_frei":[],"sektoren_blockiert":["O"],"erste_kollision_m":{"O":16},"flaeche_m2":400,"neigung_grad":13.6,"ausrichtung_grad":127,"weg_abstand_m":87,"wald_hinweis":true}},{"type":"Feature","geometry":{"type":"Point","coordinates":[11.485355,46.604358]},"properties":{"id":3117,"hoehe_m":1638,"sektoren_frei":[],"sektoren_blockiert":["O"],"erste_kollision_m":{"O":25},"flaeche_m2":425,"neigung_grad":15.0,"ausrichtung_grad":121,"weg_abstand_m":84,"wald_hinweis":false}},{"type":"Feature","geometry":{"type":"Point","coordinates":[11.484088,46.603778]},"properties":{"id":3118,"hoehe_m":1636,"sektoren_frei":[],"sektoren_blockiert":["S"],"erste_kollision_m":{"S":16},"flaeche_m2":3731,"neigung_grad":11.2,"ausrichtung_grad":164,"weg_abstand_m":35,"wald_hinweis":false}},{"type":"Feature","geometry":{"type":"Point","coordinates":[11.430358,46.596563]},"properties":{"id":3119,"hoehe_m":1636,"sektoren_frei":[],"sektoren_blockiert":["WSW"],"erste_kollision_m":{"WSW":6},"flaeche_m2":500,"neigung_grad":14.4,"ausrichtung_grad":225,"weg_abstand_m":48,"wald_hinweis":false}},{"type":"Feature","geometry":{"type":"Point","coordinates":[11.485811,46.604349]},"properties":{"id":3120,"hoehe_m":1633,"sektoren_frei":[],"sektoren_blockiert":["O","S"],"erste_kollision_m":{"O":2,"S":2},"flaeche_m2":112,"neigung_grad":9.8,"ausrichtung_grad":122,"weg_abstand_m":71,"wald_hinweis":false}},{"type":"Feature","geometry":{"type":"Point","coordinates":[11.487366,46.605507]},"properties":{"id":3121,"hoehe_m":1633,"sektoren_frei":[],"sektoren_blockiert":["O"],"erste_kollision_m":{"O":2},"flaeche_m2":6988,"neigung_grad":19.4,"ausrichtung_grad":89,"weg_abstand_m":151,"wald_hinweis":false}},{"type":"Feature","geometry":{"type":"Point","coordinates":[11.485072,46.603892]},"properties":{"id":3122,"hoehe_m":1633,"sektoren_frei":[],"sektoren_blockiert":["SSO"],"erste_kollision_m":{"SSO":15},"flaeche_m2":138,"neigung_grad":8.9,"ausrichtung_grad":147,"weg_abstand_m":36,"wald_hinweis":false}},{"type":"Feature","geometry":{"type":"Point","coordinates":[11.429579,46.59667]},"properties":{"id":3123,"hoehe_m":1632,"sektoren_frei":[],"sektoren_blockiert":["SSO"],"erste_kollision_m":{"SSO":6},"flaeche_m2":119,"neigung_grad":24.7,"ausrichtung_grad":180,"weg_abstand_m":33,"wald_hinweis":false}},{"type":"Feature","geometry":{"type":"Point","coordinates":[11.49497,46.628179]},"properties":{"id":3124,"hoehe_m":1632,"sektoren_frei":[],"sektoren_blockiert":["OSO"],"erste_kollision_m":{"OSO":6},"flaeche_m2":150,"neigung_grad":26.8,"ausrichtung_grad":129,"weg_abstand_m":43,"wald_hinweis":true}},{"type":"Feature","geometry":{"type":"Point","coordinates":[11.497728,46.612886]},"properties":{"id":3125,"hoehe_m":1632,"sektoren_frei":[],"sektoren_blockiert":["NNO"],"erste_kollision_m":{"NNO":8},"flaeche_m2":112,"neigung_grad":9.9,"ausrichtung_grad":62,"weg_abstand_m":114,"wald_hinweis":false}},{"type":"Feature","geometry":{"type":"Point","coordinates":[11.484033,46.603307]},"properties":{"id":3126,"hoehe_m":1631,"sektoren_frei":[],"sektoren_blockiert":["OSO","S"],"erste_kollision_m":{"OSO":10,"S":8},"flaeche_m2":794,"neigung_grad":9.0,"ausrichtung_grad":126,"weg_abstand_m":8,"wald_hinweis":false}},{"type":"Feature","geometry":{"type":"Point","coordinates":[11.483634,46.603136]},"properties":{"id":3127,"hoehe_m":1631,"sektoren_frei":[],"sektoren_blockiert":["SSO"],"erste_kollision_m":{"SSO":13},"flaeche_m2":525,"neigung_grad":12.6,"ausrichtung_grad":148,"weg_abstand_m":4,"wald_hinweis":true}},{"type":"Feature","geometry":{"type":"Point","coordinates":[11.486275,46.604496]},"properties":{"id":3128,"hoehe_m":1631,"sektoren_frei":[],"sektoren_blockiert":["S"],"erste_kollision_m":{"S":5},"flaeche_m2":700,"neigung_grad":9.4,"ausrichtung_grad":152,"weg_abstand_m":80,"wald_hinweis":false}},{"type":"Feature","geometry":{"type":"Point","coordinates":[11.487836,46.606509]},"properties":{"id":3129,"hoehe_m":1631,"sektoren_frei":[],"sektoren_blockiert":["S"],"erste_kollision_m":{"S":2},"flaeche_m2":425,"neigung_grad":10.5,"ausrichtung_grad":159,"weg_abstand_m":97,"wald_hinweis":false}},{"type":"Feature","geometry":{"type":"Point","coordinates":[11.485595,46.603903]},"properties":{"id":3130,"hoehe_m":1630,"sektoren_frei":[],"sektoren_blockiert":["O","SO"],"erste_kollision_m":{"O":20,"SO":6},"flaeche_m2":538,"neigung_grad":11.1,"ausrichtung_grad":122,"weg_abstand_m":31,"wald_hinweis":false}},{"type":"Feature","geometry":{"type":"Point","coordinates":[11.486001,46.604209]},"properties":{"id":3131,"hoehe_m":1630,"sektoren_frei":[],"sektoren_blockiert":["O"],"erste_kollision_m":{"O":5},"flaeche_m2":494,"neigung_grad":9.1,"ausrichtung_grad":116,"weg_abstand_m":51,"wald_hinweis":false}},{"type":"Feature","geometry":{"type":"Point","coordinates":[11.422044,46.596042]},"properties":{"id":3132,"hoehe_m":1630,"sektoren_frei":[],"sektoren_blockiert":["SSW","SW","WSW","W"],"erste_kollision_m":{"SSW":15,"SW":52,"WSW":33,"W":8},"flaeche_m2":5006,"neigung_grad":12.2,"ausrichtung_grad":238,"weg_abstand_m":37,"wald_hinweis":false}},{"type":"Feature","geometry":{"type":"Point","coordinates":[11.486635,46.604511]},"properties":{"id":3133,"hoehe_m":1628,"sektoren_frei":[],"sektoren_blockiert":["ONO"],"erste_kollision_m":{"ONO":6},"flaeche_m2":119,"neigung_grad":8.6,"ausrichtung_grad":101,"weg_abstand_m":83,"wald_hinweis":false}},{"type":"Feature","geometry":{"type":"Point","coordinates":[11.488297,46.606589]},"properties":{"id":3134,"hoehe_m":1628,"sektoren_frei":[],"sektoren_blockiert":["O"],"erste_kollision_m":{"O":8},"flaeche_m2":631,"neigung_grad":11.5,"ausrichtung_grad":118,"weg_abstand_m":65,"wald_hinweis":true}},{"type":"Feature","geometry":{"type":"Point","coordinates":[11.485249,46.603483]},"properties":{"id":3135,"hoehe_m":1627,"sektoren_frei":[],"sektoren_blockiert":["SSW"],"erste_kollision_m":{"SSW":12},"flaeche_m2":275,"neigung_grad":12.2,"ausrichtung_grad":170,"weg_abstand_m":11,"wald_hinweis":false}},{"type":"Feature","geometry":{"type":"Point","coordinates":[11.485861,46.60401]},"properties":{"id":3136,"hoehe_m":1627,"sektoren_frei":[],"sektoren_blockiert":["OSO"],"erste_kollision_m":{"OSO":9},"flaeche_m2":212,"neigung_grad":10.1,"ausrichtung_grad":110,"weg_abstand_m":35,"wald_hinweis":false}},{"type":"Feature","geometry":{"type":"Point","coordinates":[11.487584,46.605997]},"properties":{"id":3137,"hoehe_m":1627,"sektoren_frei":[],"sektoren_blockiert":["ONO"],"erste_kollision_m":{"ONO":6},"flaeche_m2":212,"neigung_grad":9.5,"ausrichtung_grad":105,"weg_abstand_m":125,"wald_hinweis":false}},{"type":"Feature","geometry":{"type":"Point","coordinates":[11.429893,46.596393]},"properties":{"id":3138,"hoehe_m":1625,"sektoren_frei":[],"sektoren_blockiert":["WSW"],"erste_kollision_m":{"WSW":10},"flaeche_m2":212,"neigung_grad":15.8,"ausrichtung_grad":209,"weg_abstand_m":17,"wald_hinweis":false}},{"type":"Feature","geometry":{"type":"Point","coordinates":[11.428656,46.596464]},"properties":{"id":3139,"hoehe_m":1625,"sektoren_frei":[],"sektoren_blockiert":["SSO"],"erste_kollision_m":{"SSO":55},"flaeche_m2":206,"neigung_grad":15.4,"ausrichtung_grad":159,"weg_abstand_m":1,"wald_hinweis":true}},{"type":"Feature","geometry":{"type":"Point","coordinates":[11.487707,46.605815]},"properties":{"id":3140,"hoehe_m":1624,"sektoren_frei":[],"sektoren_blockiert":["SSO"],"erste_kollision_m":{"SSO":13},"flaeche_m2":1088,"neigung_grad":10.9,"ausrichtung_grad":127,"weg_abstand_m":145,"wald_hinweis":false}},{"type":"Feature","geometry":{"type":"Point","coordinates":[11.480743,46.599171]},"properties":{"id":3141,"hoehe_m":1624,"sektoren_frei":[],"sektoren_blockiert":["N","NNO","NO","ONO"],"erste_kollision_m":{"N":8,"NNO":23,"NO":11,"ONO":8},"flaeche_m2":369,"neigung_grad":8.4,"ausrichtung_grad":32,"weg_abstand_m":4,"wald_hinweis":true}},{"type":"Feature","geometry":{"type":"Point","coordinates":[11.422022,46.595548]},"properties":{"id":3142,"hoehe_m":1623,"sektoren_frei":[],"sektoren_blockiert":["S","SSW"],"erste_kollision_m":{"S":378,"SSW":393},"flaeche_m2":5338,"neigung_grad":23.5,"ausrichtung_grad":204,"weg_abstand_m":5,"wald_hinweis":false}},{"type":"Feature","geometry":{"type":"Point","coordinates":[11.488213,46.606186]},"properties":{"id":3143,"hoehe_m":1623,"sektoren_frei":[],"sektoren_blockiert":["OSO","OSO"],"erste_kollision_m":{"OSO":6},"flaeche_m2":188,"neigung_grad":12.0,"ausrichtung_grad":146,"weg_abstand_m":100,"wald_hinweis":false}},{"type":"Feature","geometry":{"type":"Point","coordinates":[11.479875,46.600877]},"properties":{"id":3144,"hoehe_m":1623,"sektoren_frei":[],"sektoren_blockiert":["NO","ONO","O","OSO","SO"],"erste_kollision_m":{"NO":6,"ONO":6,"O":2,"OSO":55,"SO":41},"flaeche_m2":2956,"neigung_grad":12.5,"ausrichtung_grad":103,"weg_abstand_m":50,"wald_hinweis":true}},{"type":"Feature","geometry":{"type":"Point","coordinates":[11.497261,46.611254]},"properties":{"id":3145,"hoehe_m":1622,"sektoren_frei":[],"sektoren_blockiert":["O","OSO"],"erste_kollision_m":{"O":2,"OSO":6},"flaeche_m2":588,"neigung_grad":23.7,"ausrichtung_grad":115,"weg_abstand_m":20,"wald_hinweis":true}},{"type":"Feature","geometry":{"type":"Point","coordinates":[11.49482,46.636282]},"properties":{"id":3146,"hoehe_m":1622,"sektoren_frei":[],"sektoren_blockiert":["SO","SSO","S"],"erste_kollision_m":{"SO":27,"SSO":38,"S":2},"flaeche_m2":844,"neigung_grad":18.6,"ausrichtung_grad":173,"weg_abstand_m":53,"wald_hinweis":false}},{"type":"Feature","geometry":{"type":"Point","coordinates":[11.488482,46.60636]},"properties":{"id":3147,"hoehe_m":1622,"sektoren_frei":[],"sektoren_blockiert":["ONO"],"erste_kollision_m":{"ONO":6},"flaeche_m2":125,"neigung_grad":10.4,"ausrichtung_grad":107,"weg_abstand_m":71,"wald_hinweis":false}},{"type":"Feature","geometry":{"type":"Point","coordinates":[11.495149,46.636342]},"properties":{"id":3148,"hoehe_m":1622,"sektoren_frei":[],"sektoren_blockiert":["SSW"],"erste_kollision_m":{"SSW":9},"flaeche_m2":462,"neigung_grad":19.2,"ausrichtung_grad":173,"weg_abstand_m":48,"wald_hinweis":true}},{"type":"Feature","geometry":{"type":"Point","coordinates":[11.481005,46.599188]},"properties":{"id":3149,"hoehe_m":1622,"sektoren_frei":[],"sektoren_blockiert":["N","NNO","NO"],"erste_kollision_m":{"N":2,"NNO":6,"NO":6},"flaeche_m2":1206,"neigung_grad":8.3,"ausrichtung_grad":26,"weg_abstand_m":4,"wald_hinweis":false}},{"type":"Feature","geometry":{"type":"Point","coordinates":[11.429177,46.596431]},"properties":{"id":3150,"hoehe_m":1621,"sektoren_frei":[],"sektoren_blockiert":["SW"],"erste_kollision_m":{"SW":4},"flaeche_m2":3606,"neigung_grad":16.3,"ausrichtung_grad":202,"weg_abstand_m":3,"wald_hinweis":false}},{"type":"Feature","geometry":{"type":"Point","coordinates":[11.429627,46.596286]},"properties":{"id":3151,"hoehe_m":1620,"sektoren_frei":[],"sektoren_blockiert":["WSW"],"erste_kollision_m":{"WSW":38},"flaeche_m2":688,"neigung_grad":15.2,"ausrichtung_grad":215,"weg_abstand_m":3,"wald_hinweis":false}},{"type":"Feature","geometry":{"type":"Point","coordinates":[11.481432,46.599246]},"properties":{"id":3152,"hoehe_m":1619,"sektoren_frei":[],"sektoren_blockiert":["N","NO","ONO"],"erste_kollision_m":{"N":8,"NO":6,"ONO":10},"flaeche_m2":1062,"neigung_grad":11.5,"ausrichtung_grad":21,"weg_abstand_m":3,"wald_hinweis":false}},{"type":"Feature","geometry":{"type":"Point","coordinates":[11.480341,46.601092]},"properties":{"id":3153,"hoehe_m":1619,"sektoren_frei":[],"sektoren_blockiert":["SSO"],"erste_kollision_m":{"SSO":40},"flaeche_m2":538,"neigung_grad":20.5,"ausrichtung_grad":130,"weg_abstand_m":28,"wald_hinweis":true}},{"type":"Feature","geometry":{"type":"Point","coordinates":[11.428913,46.596369]},"properties":{"id":3154,"hoehe_m":1617,"sektoren_frei":[],"sektoren_blockiert":["SSO"],"erste_kollision_m":{"SSO":6},"flaeche_m2":256,"neigung_grad":21.1,"ausrichtung_grad":179,"weg_abstand_m":11,"wald_hinweis":false}},{"type":"Feature","geometry":{"type":"Point","coordinates":[11.425316,46.588908]},"properties":{"id":3155,"hoehe_m":1614,"sektoren_frei":[],"sektoren_blockiert":["N","NNO","NO"],"erste_kollision_m":{"N":2,"NNO":18,"NO":11},"flaeche_m2":588,"neigung_grad":12.6,"ausrichtung_grad":20,"weg_abstand_m":97,"wald_hinweis":false}},{"type":"Feature","geometry":{"type":"Point","coordinates":[11.421628,46.595489]},"properties":{"id":3156,"hoehe_m":1614,"sektoren_frei":[],"sektoren_blockiert":["W"],"erste_kollision_m":{"W":12},"flaeche_m2":131,"neigung_grad":24.1,"ausrichtung_grad":238,"weg_abstand_m":15,"wald_hinweis":false}},{"type":"Feature","geometry":{"type":"Point","coordinates":[11.425675,46.5889]},"properties":{"id":3157,"hoehe_m":1612,"sektoren_frei":[],"sektoren_blockiert":["NNW"],"erste_kollision_m":{"NNW":12},"flaeche_m2":369,"neigung_grad":11.8,"ausrichtung_grad":13,"weg_abstand_m":119,"wald_hinweis":false}},{"type":"Feature","geometry":{"type":"Point","coordinates":[11.426502,46.590615]},"properties":{"id":3158,"hoehe_m":1611,"sektoren_frei":[],"sektoren_blockiert":["SW","WSW","W","WNW"],"erste_kollision_m":{"SW":7,"WSW":6,"W":5,"WNW":6},"flaeche_m2":1675,"neigung_grad":20.7,"ausrichtung_grad":266,"weg_abstand_m":103,"wald_hinweis":true}},{"type":"Feature","geometry":{"type":"Point","coordinates":[11.428056,46.596185]},"properties":{"id":3159,"hoehe_m":1609,"sektoren_frei":[],"sektoren_blockiert":["SSO"],"erste_kollision_m":{"SSO":53},"flaeche_m2":150,"neigung_grad":27.2,"ausrichtung_grad":159,"weg_abstand_m":39,"wald_hinweis":false}},{"type":"Feature","geometry":{"type":"Point","coordinates":[11.428771,46.596102]},"properties":{"id":3160,"hoehe_m":1606,"sektoren_frei":[],"sektoren_blockiert":["WSW"],"erste_kollision_m":{"WSW":22},"flaeche_m2":888,"neigung_grad":13.5,"ausrichtung_grad":215,"weg_abstand_m":41,"wald_hinweis":false}},{"type":"Feature","geometry":{"type":"Point","coordinates":[11.483423,46.599248]},"properties":{"id":3161,"hoehe_m":1606,"sektoren_frei":[],"sektoren_blockiert":["N","NNO","NNW"],"erste_kollision_m":{"N":33,"NNO":13,"NNW":22},"flaeche_m2":275,"neigung_grad":26.2,"ausrichtung_grad":2,"weg_abstand_m":5,"wald_hinweis":false}},{"type":"Feature","geometry":{"type":"Point","coordinates":[11.488839,46.605588]},"properties":{"id":3162,"hoehe_m":1603,"sektoren_frei":[],"sektoren_blockiert":["SSO"],"erste_kollision_m":{"SSO":13},"flaeche_m2":3875,"neigung_grad":14.4,"ausrichtung_grad":132,"weg_abstand_m":97,"wald_hinweis":true}},{"type":"Feature","geometry":{"type":"Point","coordinates":[11.495355,46.635843]},"properties":{"id":3163,"hoehe_m":1597,"sektoren_frei":[],"sektoren_blockiert":["SSO","S"],"erste_kollision_m":{"SSO":39,"S":8},"flaeche_m2":219,"neigung_grad":15.7,"ausrichtung_grad":171,"weg_abstand_m":103,"wald_hinweis":true}},{"type":"Feature","geometry":{"type":"Point","coordinates":[11.422582,46.594928]},"properties":{"id":3164,"hoehe_m":1594,"sektoren_frei":[],"sektoren_blockiert":["SO","SSO"],"erste_kollision_m":{"SO":11,"SSO":28},"flaeche_m2":1269,"neigung_grad":14.7,"ausrichtung_grad":168,"weg_abstand_m":86,"wald_hinweis":false}},{"type":"Feature","geometry":{"type":"Point","coordinates":[11.489354,46.605441]},"properties":{"id":3165,"hoehe_m":1594,"sektoren_frei":[],"sektoren_blockiert":["O"],"erste_kollision_m":{"O":2},"flaeche_m2":1494,"neigung_grad":15.8,"ausrichtung_grad":118,"weg_abstand_m":67,"wald_hinweis":true}},{"type":"Feature","geometry":{"type":"Point","coordinates":[11.495634,46.635521]},"properties":{"id":3166,"hoehe_m":1585,"sektoren_frei":[],"sektoren_blockiert":["SSO","S","SSW"],"erste_kollision_m":{"SSO":6,"S":8,"SSW":6},"flaeche_m2":419,"neigung_grad":19.5,"ausrichtung_grad":177,"weg_abstand_m":125,"wald_hinweis":true}},{"type":"Feature","geometry":{"type":"Point","coordinates":[11.489545,46.604605]},"properties":{"id":3167,"hoehe_m":1577,"sektoren_frei":[],"sektoren_blockiert":["O","SSO","SSO","S"],"erste_kollision_m":{"O":2,"SSO":108,"S":8},"flaeche_m2":12519,"neigung_grad":12.3,"ausrichtung_grad":138,"weg_abstand_m":5,"wald_hinweis":true}},{"type":"Feature","geometry":{"type":"Point","coordinates":[11.489454,46.604044]},"properties":{"id":3168,"hoehe_m":1569,"sektoren_frei":[],"sektoren_blockiert":["O"],"erste_kollision_m":{"O":8},"flaeche_m2":1919,"neigung_grad":12.9,"ausrichtung_grad":124,"weg_abstand_m":40,"wald_hinweis":true}},{"type":"Feature","geometry":{"type":"Point","coordinates":[11.489232,46.603487]},"properties":{"id":3169,"hoehe_m":1564,"sektoren_frei":[],"sektoren_blockiert":["S"],"erste_kollision_m":{"S":8},"flaeche_m2":969,"neigung_grad":11.7,"ausrichtung_grad":149,"weg_abstand_m":68,"wald_hinweis":false}},{"type":"Feature","geometry":{"type":"Point","coordinates":[11.498447,46.634898]},"properties":{"id":3170,"hoehe_m":1557,"sektoren_frei":[],"sektoren_blockiert":["SO","SSO","S","SSW","SSW","SW"],"erste_kollision_m":{"SO":6,"SSO":9,"S":15,"SSW":6,"SW":15},"flaeche_m2":2712,"neigung_grad":20.6,"ausrichtung_grad":190,"weg_abstand_m":3,"wald_hinweis":false}},{"type":"Feature","geometry":{"type":"Point","coordinates":[11.490184,46.603601]},"properties":{"id":3171,"hoehe_m":1554,"sektoren_frei":[],"sektoren_blockiert":["S"],"erste_kollision_m":{"S":5},"flaeche_m2":1225,"neigung_grad":12.1,"ausrichtung_grad":144,"weg_abstand_m":109,"wald_hinweis":false}},{"type":"Feature","geometry":{"type":"Point","coordinates":[11.423928,46.592177]},"properties":{"id":3172,"hoehe_m":1554,"sektoren_frei":[],"sektoren_blockiert":["SSW","SW","WSW","W"],"erste_kollision_m":{"SSW":15,"SW":4,"WSW":6,"W":2},"flaeche_m2":500,"neigung_grad":26.9,"ausrichtung_grad":240,"weg_abstand_m":147,"wald_hinweis":false}},{"type":"Feature","geometry":{"type":"Point","coordinates":[11.495633,46.624137]},"properties":{"id":3173,"hoehe_m":1552,"sektoren_frei":[],"sektoren_blockiert":["NNO","NO","ONO","O"],"erste_kollision_m":{"NNO":48,"NO":58,"ONO":43,"O":24},"flaeche_m2":1112,"neigung_grad":13.0,"ausrichtung_grad":50,"weg_abstand_m":4,"wald_hinweis":true}},{"type":"Feature","geometry":{"type":"Point","coordinates":[11.495414,46.624344]},"properties":{"id":3174,"hoehe_m":1551,"sektoren_frei":[],"sektoren_blockiert":["O"],"erste_kollision_m":{"O":16},"flaeche_m2":131,"neigung_grad":12.7,"ausrichtung_grad":56,"weg_abstand_m":15,"wald_hinweis":true}},{"type":"Feature","geometry":{"type":"Point","coordinates":[11.496379,46.625448]},"properties":{"id":3175,"hoehe_m":1549,"sektoren_frei":[],"sektoren_blockiert":["O","OSO","SO","SSO"],"erste_kollision_m":{"O":2,"OSO":23,"SO":58,"SSO":40},"flaeche_m2":1406,"neigung_grad":14.3,"ausrichtung_grad":124,"weg_abstand_m":57,"wald_hinweis":true}},{"type":"Feature","geometry":{"type":"Point","coordinates":[11.497692,46.634824]},"properties":{"id":3176,"hoehe_m":1549,"sektoren_frei":[],"sektoren_blockiert":["S"],"erste_kollision_m":{"S":2},"flaeche_m2":112,"neigung_grad":17.4,"ausrichtung_grad":171,"weg_abstand_m":7,"wald_hinweis":false}},{"type":"Feature","geometry":{"type":"Point","coordinates":[11.49624,46.625271]},"properties":{"id":3177,"hoehe_m":1546,"sektoren_frei":[],"sektoren_blockiert":["O"],"erste_kollision_m":{"O":8},"flaeche_m2":150,"neigung_grad":9.3,"ausrichtung_grad":117,"weg_abstand_m":57,"wald_hinweis":true}},{"type":"Feature","geometry":{"type":"Point","coordinates":[11.494377,46.597525]},"properties":{"id":3178,"hoehe_m":1545,"sektoren_frei":[],"sektoren_blockiert":["NNO","NO","ONO"],"erste_kollision_m":{"NNO":20,"NO":17,"ONO":30},"flaeche_m2":1094,"neigung_grad":17.9,"ausrichtung_grad":51,"weg_abstand_m":83,"wald_hinweis":true}},{"type":"Feature","geometry":{"type":"Point","coordinates":[11.497779,46.634575]},"properties":{"id":3179,"hoehe_m":1541,"sektoren_frei":[],"sektoren_blockiert":["OSO"],"erste_kollision_m":{"OSO":8},"flaeche_m2":738,"neigung_grad":9.0,"ausrichtung_grad":145,"weg_abstand_m":35,"wald_hinweis":false}},{"type":"Feature","geometry":{"type":"Point","coordinates":[11.421417,46.593693]},"properties":{"id":3180,"hoehe_m":1535,"sektoren_frei":[],"sektoren_blockiert":["SSW","SW","WSW"],"erste_kollision_m":{"SSW":6,"SW":41,"WSW":18},"flaeche_m2":269,"neigung_grad":27.0,"ausrichtung_grad":211,"weg_abstand_m":211,"wald_hinweis":true}},{"type":"Feature","geometry":{"type":"Point","coordinates":[11.49455,46.597723]},"properties":{"id":3181,"hoehe_m":1534,"sektoren_frei":[],"sektoren_blockiert":["O"],"erste_kollision_m":{"O":8},"flaeche_m2":162,"neigung_grad":11.7,"ausrichtung_grad":70,"weg_abstand_m":59,"wald_hinweis":true}},{"type":"Feature","geometry":{"type":"Point","coordinates":[11.494841,46.597672]},"properties":{"id":3182,"hoehe_m":1531,"sektoren_frei":[],"sektoren_blockiert":["NNO"],"erste_kollision_m":{"NNO":22},"flaeche_m2":144,"neigung_grad":14.9,"ausrichtung_grad":47,"weg_abstand_m":61,"wald_hinweis":true}},{"type":"Feature","geometry":{"type":"Point","coordinates":[11.495097,46.597554]},"properties":{"id":3183,"hoehe_m":1530,"sektoren_frei":[],"sektoren_blockiert":["ONO"],"erste_kollision_m":{"ONO":15},"flaeche_m2":112,"neigung_grad":15.8,"ausrichtung_grad":54,"weg_abstand_m":68,"wald_hinweis":true}},{"type":"Feature","geometry":{"type":"Point","coordinates":[11.49572,46.59691]},"properties":{"id":3184,"hoehe_m":1530,"sektoren_frei":[],"sektoren_blockiert":["NO","ONO","O","OSO"],"erste_kollision_m":{"NO":22,"ONO":16,"O":18,"OSO":20},"flaeche_m2":5931,"neigung_grad":20.9,"ausrichtung_grad":76,"weg_abstand_m":96,"wald_hinweis":true}},{"type":"Feature","geometry":{"type":"Point","coordinates":[11.495415,46.597367]},"properties":{"id":3185,"hoehe_m":1527,"sektoren_frei":[],"sektoren_blockiert":["NNO","NO","ONO","O"],"erste_kollision_m":{"NNO":6,"NO":6,"ONO":51,"O":2},"flaeche_m2":881,"neigung_grad":12.3,"ausrichtung_grad":62,"weg_abstand_m":83,"wald_hinweis":false}},{"type":"Feature","geometry":{"type":"Point","coordinates":[11.496254,46.596449]},"properties":{"id":3186,"hoehe_m":1521,"sektoren_frei":[],"sektoren_blockiert":["NNO"],"erste_kollision_m":{"NNO":45},"flaeche_m2":244,"neigung_grad":18.0,"ausrichtung_grad":54,"weg_abstand_m":107,"wald_hinweis":false}},{"type":"Feature","geometry":{"type":"Point","coordinates":[11.496478,46.596354]},"properties":{"id":3187,"hoehe_m":1517,"sektoren_frei":[],"sektoren_blockiert":["OSO"],"erste_kollision_m":{"OSO":30},"flaeche_m2":3812,"neigung_grad":13.7,"ausrichtung_grad":95,"weg_abstand_m":102,"wald_hinweis":false}},{"type":"Feature","geometry":{"type":"Point","coordinates":[11.496595,46.596779]},"properties":{"id":3188,"hoehe_m":1514,"sektoren_frei":[],"sektoren_blockiert":["OSO"],"erste_kollision_m":{"OSO":37},"flaeche_m2":256,"neigung_grad":10.4,"ausrichtung_grad":105,"weg_abstand_m":62,"wald_hinweis":true}},{"type":"Feature","geometry":{"type":"Point","coordinates":[11.496899,46.596277]},"properties":{"id":3189,"hoehe_m":1509,"sektoren_frei":[],"sektoren_blockiert":["SO"],"erste_kollision_m":{"SO":6},"flaeche_m2":1344,"neigung_grad":12.3,"ausrichtung_grad":124,"weg_abstand_m":82,"wald_hinweis":true}},{"type":"Feature","geometry":{"type":"Point","coordinates":[11.497191,46.596248]},"properties":{"id":3190,"hoehe_m":1506,"sektoren_frei":[],"sektoren_blockiert":["NO","ONO"],"erste_kollision_m":{"NO":6,"ONO":60},"flaeche_m2":1950,"neigung_grad":18.1,"ausrichtung_grad":84,"weg_abstand_m":64,"wald_hinweis":false}},{"type":"Feature","geometry":{"type":"Point","coordinates":[11.497207,46.596585]},"properties":{"id":3191,"hoehe_m":1504,"sektoren_frei":[],"sektoren_blockiert":["NO","O"],"erste_kollision_m":{"NO":6,"O":15},"flaeche_m2":275,"neigung_grad":17.5,"ausrichtung_grad":61,"weg_abstand_m":42,"wald_hinweis":false}},{"type":"Feature","geometry":{"type":"Point","coordinates":[11.49829,46.627229]},"properties":{"id":3192,"hoehe_m":1495,"sektoren_frei":[],"sektoren_blockiert":["SO","SSO"],"erste_kollision_m":{"SO":28,"SSO":6},"flaeche_m2":5188,"neigung_grad":20.4,"ausrichtung_grad":117,"weg_abstand_m":80,"wald_hinweis":false}},{"type":"Feature","geometry":{"type":"Point","coordinates":[11.498652,46.627288]},"properties":{"id":3193,"hoehe_m":1488,"sektoren_frei":[],"sektoren_blockiert":["ONO"],"erste_kollision_m":{"ONO":12},"flaeche_m2":156,"neigung_grad":14.7,"ausrichtung_grad":107,"weg_abstand_m":68,"wald_hinweis":false}},{"type":"Feature","geometry":{"type":"Point","coordinates":[11.498308,46.624798]},"properties":{"id":3194,"hoehe_m":1474,"sektoren_frei":[],"sektoren_blockiert":["NO","ONO","O"],"erste_kollision_m":{"NO":6,"ONO":6,"O":8},"flaeche_m2":381,"neigung_grad":15.1,"ausrichtung_grad":80,"weg_abstand_m":2,"wald_hinweis":false}},{"type":"Feature","geometry":{"type":"Point","coordinates":[11.499222,46.626916]},"properties":{"id":3195,"hoehe_m":1463,"sektoren_frei":["OSO"],"sektoren_blockiert":[],"erste_kollision_m":{},"flaeche_m2":5456,"neigung_grad":25.3,"ausrichtung_grad":125,"weg_abstand_m":17,"wald_hinweis":false}},{"type":"Feature","geometry":{"type":"Point","coordinates":[11.499488,46.627]},"properties":{"id":3196,"hoehe_m":1457,"sektoren_frei":["O","OSO"],"sektoren_blockiert":["ONO"],"erste_kollision_m":{"ONO":22},"flaeche_m2":5456,"neigung_grad":25.8,"ausrichtung_grad":119,"weg_abstand_m":37,"wald_hinweis":false}},{"type":"Feature","geometry":{"type":"Point","coordinates":[11.500022,46.627258]},"properties":{"id":3197,"hoehe_m":1444,"sektoren_frei":[],"sektoren_blockiert":["SSO"],"erste_kollision_m":{"SSO":6},"flaeche_m2":112,"neigung_grad":25.0,"ausrichtung_grad":122,"weg_abstand_m":87,"wald_hinweis":false}}]}