{"type": "FeatureCollection", "name": "wege_strassen", "quelle": "© OpenStreetMap-Mitwirkende, ODbL 1.0", "abgerufen": "2026-10-04", "features": [{"type": "Feature", "geometry": {"type": "LineString", "coordinates": [[11.2822121, 46.6870892], [11.282343, 46.6870924], [11.2825423, 46.68717], [11.2826811, 46.6872503], [11.2827982, 46.6873515], [11.2829175, 46.6873976], [11.2830085, 46.6874065], [11.2830736, 46.6873886], [11.2833013, 46.6872964], [11.283401, 46.6873128], [11.2834531, 46.6873321], [11.2838217, 46.6876088], [11.2839475, 46.6876668], [11.2840581, 46.6876713], [11.2844809, 46.687643], [11.284585, 46.6876519], [11.2846631, 46.6876861], [11.2848929, 46.6878051], [11.2855977, 46.6879465], [11.2860739, 46.6880012], [11.2862671, 46.6880495], [11.286415, 46.6880414], [11.2866719, 46.6879465], [11.2867946, 46.6879423], [11.2868866, 46.6879738], [11.287043, 46.6881127], [11.2871741, 46.6881599], [11.2873926, 46.6882452], [11.2876708, 46.6885333], [11.2877238, 46.6885881], [11.2878495, 46.6886575], [11.2880182, 46.6886996], [11.2886867, 46.688769], [11.2888646, 46.6887711]]}, "properties": {"osm_id": "way/25380771", "bicycle": "yes", "foot": "yes", "highway": "track", "name": "Kirchsteigeralm - Malga Kirchsteiger", "name:de": "Kirchsteigeralm", "name:it": "Malga Kirchsteiger", "ref:hiking": "14", "surface": "gravel", "tracktype": "grade3"}}, {"type": "Feature", "geometry": {"type": "LineString", "coordinates": [[11.3029489, 46.6906992], [11.3029889, 46.6905966], [11.3031448, 46.6904343], [11.3034762, 46.6902635], [11.3036919, 46.6900833], [11.3038953, 46.6898951], [11.3042165, 46.6896247]]}, "properties": {"osm_id": "way/25380798", "bicycle": "yes", "foot": "yes", "highway": "track", "name": "Kesselberg - Costa Valcanova", "name:de": "Kesselberg", "name:it": "Costa Valcanova", "ref:hiking": "13", "source": "Geobrowser der Autonomen Provinz Bozen", "surface": "gravel", "tracktype": "grade3"}}, {"type": "Feature", "geometry": {"type": "LineString", "coordinates": [[11.2988555, 46.6899305], [11.2984695, 46.6898948], [11.2983307, 46.6898323], [11.2980922, 46.689636], [11.2974627, 46.6892825], [11.2973983, 46.6892195], [11.2972291, 46.6889041], [11.2969085, 46.688567]]}, "properties": {"osm_id": "way/25380986", "highway": "track", "name": "Stichweg Staubecken - Sentiero d'accesso ai Serbatoi", "name:de": "Stichweg Staubecken", "name:it": "Sentiero d'accesso ai Serbatoi", "source": "Geobrowser der Autonomen Provinz Bozen", "surface": "gravel", "tracktype": "grade5"}}, {"type": "Feature", "geometry": {"type": "LineString", "coordinates": [[11.3029489, 46.6906992], [11.3027739, 46.6908994], [11.3021809, 46.6911517], [11.3019852, 46.6912031], [11.3017452, 46.6912435], [11.3015494, 46.6913226], [11.3013667, 46.6913737], [11.3011014, 46.6913834], [11.3008303, 46.6914056], [11.3005623, 46.6913502], [11.3002931, 46.6913219], [11.3000379, 46.6913052], [11.2998019, 46.6913209], [11.2996235, 46.691376], [11.2994528, 46.6914731], [11.2990897, 46.691579], [11.2988649, 46.6916029], [11.2985508, 46.6916577], [11.2983865, 46.6916891], [11.2981687, 46.6916681], [11.2976141, 46.6916905], [11.2972637, 46.6917129], [11.2964794, 46.6918645], [11.296185, 46.6919298], [11.2958121, 46.6920822], [11.2955484, 46.6922582], [11.29507, 46.6923857], [11.2948438, 46.6924468], [11.2946802, 46.6925958], [11.2944595, 46.6927101], [11.2941894, 46.6927908], [11.2938959, 46.6928269], [11.2935347, 46.6928073], [11.2930456, 46.692761], [11.2928747, 46.6928332], [11.2926227, 46.6927632], [11.292509, 46.6928211], [11.2923038, 46.6928938], [11.2920603, 46.6929657], [11.2916949, 46.6929913], [11.2913353, 46.692978], [11.2909332, 46.6930327], [11.2903993, 46.6930213], [11.289414, 46.6931434], [11.2892421, 46.6931394], [11.2890704, 46.6931689], [11.2887405, 46.6931348], [11.2883924, 46.6931374], [11.2881517, 46.6931845], [11.2879756, 46.69323], [11.2878312, 46.6932792], [11.2878147, 46.6933072]]}, "properties": {"osm_id": "way/25381675", "foot": "yes", "highway": "path", "incline": "down", "mtb:scale": "1", "mtb:scale:uphill": "3", "sac_scale": "hiking"}}, {"type": "Feature", "geometry": {"type": "LineString", "coordinates": [[11.2709679, 46.6858558], [11.271035, 46.6858608], [11.271126, 46.6858671], [11.271308, 46.6858904], [11.2715102, 46.6859213], [11.2716637, 46.6859503], [11.2718007, 46.6859976], [11.2718991, 46.6860446], [11.2721173, 46.6861933], [11.272282, 46.6863015], [11.2723669, 46.6863419], [11.2724892, 46.6863898], [11.2726408, 46.6864352], [11.2727851, 46.6864623], [11.2729386, 46.6864831], [11.2730158, 46.6864869], [11.2730756, 46.6864806], [11.2731215, 46.6864661], [11.2731427, 46.6864497], [11.2731399, 46.6864201], [11.2731353, 46.6863854], [11.2731059, 46.6863331], [11.2730397, 46.6862398], [11.2729745, 46.6861464], [11.2729258, 46.6860392], [11.2729055, 46.6859806], [11.2728908, 46.6858766], [11.272889, 46.6856691], [11.2728853, 46.6855777], [11.2728743, 46.6855228], [11.2728468, 46.6854515], [11.2728053, 46.685386], [11.2727235, 46.6852769], [11.2726206, 46.6851722], [11.2725857, 46.6851325], [11.2725645, 46.6850865], [11.2725645, 46.6850228]]}, "properties": {"osm_id": "way/25381791", "highway": "track", "mtb:scale": "1", "ref:hiking": "3B", "surface": "gravel", "tracktype": "grade3", "width": "3"}}, {"type": "Feature", "geometry": {"type": "LineString", "coordinates": [[11.2583812, 46.6919528], [11.2584361, 46.6919538], [11.2584448, 46.6918931], [11.2584988, 46.6919444], [11.2585429, 46.6919809], [11.258582, 46.6919635], [11.2586115, 46.6920072], [11.2586476, 46.6919702], [11.2587013, 46.692023], [11.258749, 46.6920101], [11.2587887, 46.6920431], [11.2588436, 46.6920531], [11.2588782, 46.6919856], [11.2589531, 46.6920694], [11.2589924, 46.6920343], [11.2591371, 46.692158], [11.2592144, 46.6920742], [11.2592785, 46.6921513], [11.2594136, 46.6921302], [11.2594593, 46.6921998], [11.2595153, 46.692173], [11.2596078, 46.6922342], [11.259632, 46.6921656], [11.2597179, 46.6921781], [11.2596743, 46.6922206], [11.2598112, 46.6922305], [11.2598533, 46.6921846], [11.2599893, 46.6922898], [11.260043, 46.6922434], [11.2601746, 46.6923174], [11.2602581, 46.6923015], [11.2603153, 46.6922545], [11.2604403, 46.692341], [11.2604937, 46.6923403], [11.2605263, 46.6922957], [11.2605089, 46.6921916], [11.2606981, 46.6922749], [11.2607172, 46.6922237], [11.260789, 46.6922632], [11.2608591, 46.6923434], [11.2609295, 46.6923588], [11.2610047, 46.6923567], [11.2610411, 46.6922882], [11.2610742, 46.692202], [11.2611184, 46.6922258], [11.2611503, 46.6922264], [11.2611738, 46.692254], [11.2612246, 46.6922485], [11.2614038, 46.6923729], [11.2615977, 46.6924005], [11.2617242, 46.692392], [11.2618435, 46.6924199], [11.2618821, 46.6923938], [11.261935, 46.6923846], [11.2620177, 46.6923938], [11.2621582, 46.6923673], [11.2622612, 46.6923407], [11.2623604, 46.6923487], [11.2624056, 46.69232]]}, "properties": {"osm_id": "way/25385505", "foot": "yes", "highway": "path", "sac_scale": "mountain_hiking"}}, {"type": "Feature", "geometry": {"type": "LineString", "coordinates": [[11.281375, 46.6865249], [11.2814268, 46.6866052], [11.2815145, 46.6867414], [11.2815986, 46.6868652], [11.2817462, 46.6870181], [11.2819958, 46.6871765]]}, "properties": {"osm_id": "way/25385674", "highway": "track", "surface": "gravel", "tracktype": "grade3"}}, {"type": "Feature", "geometry": {"type": "LineString", "coordinates": [[11.2688735, 46.6754084], [11.2688749, 46.6755258], [11.2688615, 46.6756336], [11.2689083, 46.6758453], [11.2692195, 46.6761232], [11.2694039, 46.6763737], [11.2697033, 46.676639], [11.269986, 46.6769142], [11.2702259, 46.6771241], [11.2702783, 46.6772533], [11.2702153, 46.6773805], [11.2701943, 46.677518], [11.2702889, 46.6776714], [11.2704729, 46.6778021], [11.2704518, 46.6779607], [11.2704709, 46.6781011], [11.2705294, 46.6782229], [11.2706583, 46.678333], [11.2707405, 46.6785309], [11.2708251, 46.6786554], [11.2710054, 46.6788451], [11.2713964, 46.6792061], [11.2715443, 46.6793686], [11.2717585, 46.679491], [11.2718958, 46.6795301]]}, "properties": {"osm_id": "way/25385689", "check_date:surface": "2021-06-05", "highway": "track", "name": "Premstallweg", "ref:hiking": "17", "sac_scale": "hiking", "source": "GPS", "surface": "gravel", "tracktype": "grade3"}}, {"type": "Feature", "geometry": {"type": "LineString", "coordinates": [[11.3273912, 46.6512152], [11.3273382, 46.6511534], [11.3267609, 46.6508097], [11.326228, 46.6504973], [11.3253834, 46.6499802], [11.3248772, 46.6496802], [11.3245714, 46.6496241], [11.3244778, 46.6495835], [11.3244402, 46.6495171], [11.3244385, 46.6494584], [11.3244802, 46.6494032], [11.324553, 46.6493786], [11.3246324, 46.6493748], [11.324731, 46.6494013], [11.3249344, 46.6494914], [11.3251009, 46.6495566], [11.3252363, 46.6495952], [11.3260948, 46.6496512], [11.3265448, 46.6496948], [11.3267174, 46.6497461], [11.327406, 46.650005], [11.3277773, 46.6501826], [11.328257, 46.6505504], [11.3284731, 46.6506599], [11.3288407, 46.6507967], [11.3290819, 46.6508589], [11.3292859, 46.6508697], [11.3297121, 46.6509007], [11.3301822, 46.6510323], [11.3306493, 46.6511321], [11.3310243, 46.6511605], [11.3312709, 46.6511414], [11.331721, 46.6510523], [11.3320059, 46.6510376], [11.3324726, 46.6510396], [11.3329148, 46.6510891], [11.333229, 46.6511514], [11.3334488, 46.6512231], [11.3337268, 46.6513326], [11.3344818, 46.6517053], [11.334682, 46.6517657], [11.3348193, 46.6517887], [11.3350795, 46.6517777], [11.3353826, 46.6517066], [11.3355394, 46.6516891], [11.3356942, 46.6517104], [11.3364543, 46.6519189], [11.3376709, 46.6522237], [11.3378139, 46.6522258], [11.3379456, 46.6521884], [11.3384848, 46.6519573], [11.3387451, 46.6518854], [11.3389247, 46.6518688], [11.3390435, 46.6518249], [11.3396221, 46.6515581], [11.3400141, 46.651499], [11.3404175, 46.6514283], [11.3408638, 46.651446], [11.3411407, 46.6514534], [11.3412716, 46.6514415], [11.3413531, 46.6514048], [11.3413957, 46.6513253], [11.3413789, 46.6512613], [11.3413049, 46.6511989], [11.3411763, 46.6511687], [11.3409497, 46.6511632], [11.3406755, 46.651195], [11.3404055, 46.651225], [11.3401195, 46.6512436], [11.3391586, 46.651247], [11.3385621, 46.6512137], [11.3382086, 46.6512121], [11.3380578, 46.6511908], [11.3379575, 46.6511478], [11.3376654, 46.6509921], [11.3373019, 46.6507567], [11.3370959, 46.6506035], [11.3370016, 46.6505127], [11.3369247, 46.650431], [11.3367624, 46.6501379], [11.3366499, 46.6499578], [11.3365391, 46.6498552], [11.3363749, 46.6497492], [11.3358926, 46.6495012], [11.3357828, 46.6494284], [11.3357168, 46.6493702], [11.335636, 46.6492403], [11.3354975, 46.6490137], [11.3354235, 46.6488932], [11.3353351, 46.648827], [11.3351967, 46.6487527], [11.3350327, 46.6486462], [11.3349223, 46.6485375], [11.3346507, 46.6480267], [11.3346426, 46.6477332], [11.3346229, 46.6475161], [11.3345746, 46.6473914], [11.334463, 46.647218], [11.3343257, 46.6470609], [11.3342142, 46.6469969], [11.3339166, 46.6469363], [11.3331785, 46.6468083], [11.3330792, 46.6467789], [11.3329672, 46.6467188], [11.3327777, 46.6465911], [11.3326609, 46.6465363], [11.3325219, 46.6464796], [11.3323916, 46.6464443], [11.3322337, 46.6464292], [11.3320319, 46.6464084], [11.331924, 46.646376], [11.3318583, 46.6463315], [11.3318372, 46.6462752], [11.3318701, 46.6462155], [11.3319023, 46.6461742], [11.3320171, 46.6461462], [11.3321434, 46.6461727], [11.3324524, 46.6462434], [11.3328301, 46.6463553], [11.3331477, 46.6464378], [11.3334309, 46.6464673], [11.333697, 46.6464614], [11.3340146, 46.6464732], [11.3343236, 46.6464977], [11.3347807, 46.6464047], [11.3352274, 46.6463357], [11.3355074, 46.6463217], [11.3358263, 46.6463346], [11.3361988, 46.6463983], [11.3365914, 46.6464367], [11.336933, 46.6464431], [11.3371859, 46.6464576], [11.3373276, 46.6465144], [11.337422, 46.6466971], [11.3375937, 46.6469092], [11.3376961, 46.6470102], [11.3377911, 46.6470447], [11.3380572, 46.6471036], [11.3384422, 46.6471855], [11.3387463, 46.6472473], [11.3391731, 46.6473588], [11.3394488, 46.6474217], [11.3396863, 46.6475093], [11.3399309, 46.6475949], [11.340355, 46.6477487], [11.3407002, 46.6479009], [11.3409346, 46.6479829], [11.3411727, 46.6480503], [11.341642, 46.6481184], [11.3419931, 46.6481887], [11.3422584, 46.6482291], [11.3426638, 46.6482361], [11.343102, 46.6482145], [11.3434183, 46.6481829], [11.3436586, 46.6481387], [11.3440079, 46.6480853], [11.3443412, 46.6480458], [11.3446404, 46.6480522], [11.3448914, 46.6480913], [11.3451004, 46.6481312], [11.3452963, 46.6481406], [11.3453915, 46.6481237], [11.3456202, 46.6480337], [11.3458825, 46.6479627], [11.3461527, 46.6479345], [11.3464545, 46.6479357], [11.346815, 46.6479416], [11.347124, 46.647971], [11.3473986, 46.6480123], [11.3476921, 46.6480787], [11.3478707, 46.6481124], [11.3481196, 46.6481478], [11.3483148, 46.6481478], [11.348416, 46.648125], [11.3484993, 46.648062], [11.348606, 46.6478946], [11.3486887, 46.6477848], [11.3488017, 46.6477054], [11.3489633, 46.6476225], [11.3491332, 46.6476027], [11.3493642, 46.6476175], [11.3497332, 46.6476411], [11.3501452, 46.6476293], [11.3504027, 46.6476293], [11.3506993, 46.647638], [11.3508811, 46.6476689], [11.3509879, 46.6477208], [11.3511348, 46.647845], [11.3512953, 46.6479828], [11.3514756, 46.6481242], [11.3516558, 46.6482479], [11.3518362, 46.6483843], [11.3519992, 46.6484895], [11.3521708, 46.648625], [11.3523253, 46.6487252], [11.3524798, 46.6488254], [11.3526343, 46.6489432], [11.3527863, 46.6490682], [11.3529158, 46.649219], [11.3529948, 46.649338], [11.3531322, 46.6495382], [11.3531862, 46.6496449], [11.3532381, 46.6497978], [11.3532551, 46.6498893], [11.3532793, 46.6499466], [11.3533321, 46.6499839], [11.3534271, 46.649999], [11.3535137, 46.6499761], [11.3535775, 46.6499102], [11.353592, 46.6498414], [11.3535784, 46.6497681], [11.3534793, 46.6495804], [11.3534183, 46.6494281], [11.3534401, 46.6492203], [11.3534803, 46.6490044], [11.3535082, 46.6488022], [11.3535054, 46.6486264], [11.3534839, 46.6484503], [11.3534753, 46.6483426], [11.3534407, 46.6482849], [11.3533589, 46.6482285], [11.3531665, 46.6481478], [11.3529776, 46.6480299], [11.3529127, 46.6479881], [11.35283, 46.647898], [11.3527459, 46.6477294], [11.3526633, 46.6475696], [11.352578, 46.6473981], [11.3525118, 46.647198], [11.3524738, 46.6469814], [11.3524639, 46.6466905], [11.3524673, 46.6464999], [11.3524663, 46.6463601], [11.3524279, 46.6462455], [11.3523565, 46.6461431], [11.3522784, 46.6460519], [11.3521466, 46.6459748], [11.351991, 46.6459168], [11.3518157, 46.6458764], [11.3515444, 46.6458368], [11.3511692, 46.6457949], [11.3508283, 46.6457729], [11.3504891, 46.6457342], [11.3501239, 46.6456776], [11.3497901, 46.6456009], [11.3495609, 46.6455247], [11.3493496, 46.6454339], [11.3491723, 46.6453365], [11.3489755, 46.645236], [11.3487166, 46.64515], [11.3484229, 46.6450918], [11.3481489, 46.6450377], [11.3479128, 46.6449697], [11.3476747, 46.6448597], [11.3474406, 46.6447443], [11.3472808, 46.6446565], [11.3471166, 46.6445462], [11.3468967, 46.6443809], [11.3465881, 46.6441358], [11.3463714, 46.6440038], [11.3460323, 46.6438651], [11.3459483, 46.6438042], [11.3458514, 46.6436946], [11.3456885, 46.6434505], [11.3456588, 46.6433746]]}, "properties": {"osm_id": "way/26776237", "highway": "unclassified"}}, {"type": "Feature", "geometry": {"type": "LineString", "coordinates": [[11.356794, 46.6524122], [11.3566996, 46.6522885], [11.3564874, 46.6520336], [11.356437, 46.6519845], [11.356382, 46.6519586], [11.3562998, 46.6519493], [11.3560824, 46.65197], [11.3560067, 46.6519694], [11.3559615, 46.6519527], [11.3558799, 46.6518703]]}, "properties": {"osm_id": "way/30778380", "highway": "service"}}, {"type": "Feature", "geometry": {"type": "LineString", "coordinates": [[11.3557726, 46.6562004], [11.3561777, 46.6554437], [11.3562162, 46.6553688], [11.3562935, 46.6551593], [11.3563188, 46.6551105], [11.3563478, 46.6550643], [11.3564073, 46.655018], [11.3564976, 46.6549784], [11.3565925, 46.6549674], [11.3566763, 46.6549842], [11.3567431, 46.6550169], [11.3568238, 46.6550835], [11.3570429, 46.6553553], [11.3572982, 46.6555725], [11.3576844, 46.6558958], [11.3577724, 46.6559488], [11.3578797, 46.6560003], [11.3580207, 46.6560379], [11.3581897, 46.6560571], [11.3583228, 46.6560711], [11.3584738, 46.6560698], [11.3586789, 46.6560523], [11.3588265, 46.6560431], [11.3590384, 46.6560412], [11.3591483, 46.656032], [11.3592798, 46.6560265], [11.3593377, 46.6560173], [11.3594589, 46.6560307]]}, "properties": {"osm_id": "way/30779055", "highway": "residential", "surface": "asphalt"}}, {"type": "Feature", "geometry": {"type": "LineString", "coordinates": [[11.3579777, 46.6617668], [11.3580179, 46.6619557], [11.3581129, 46.6622123], [11.3582183, 46.662336], [11.3582784, 46.662389], [11.3584243, 46.6624774], [11.3584586, 46.6625539], [11.3584586, 46.6625893], [11.3583985, 46.6625893], [11.3582526, 46.662548], [11.357935, 46.6623301], [11.3576346, 46.6621063], [11.3572088, 46.6618975], [11.3567045, 46.6614778], [11.3563612, 46.6612201], [11.3558891, 46.6608887], [11.3552669, 46.6605721], [11.3549557, 46.6603807], [11.3547733, 46.6602849], [11.3545997, 46.660255]]}, "properties": {"osm_id": "way/30781595", "highway": "service"}}, {"type": "Feature", "geometry": {"type": "LineString", "coordinates": [[11.3588448, 46.6635259], [11.3588191, 46.6632078], [11.3587762, 46.6630428], [11.3587075, 46.6629722], [11.3582183, 46.6626423], [11.3580209, 46.662495], [11.3579264, 46.6624008], [11.357935, 46.6623301]]}, "properties": {"osm_id": "way/30781656", "highway": "service"}}, {"type": "Feature", "geometry": {"type": "LineString", "coordinates": [[11.3564879, 46.6659372], [11.3566335, 46.6655282], [11.356658, 46.6653623], [11.3566647, 46.6650868], [11.3566862, 46.6646833], [11.3566819, 46.6645802], [11.3566669, 46.6644816], [11.3566476, 46.6642975], [11.3566132, 46.6637556], [11.3565703, 46.6634375], [11.3564502, 46.6630723], [11.3563901, 46.6628485], [11.3563234, 46.6626521]]}, "properties": {"osm_id": "way/30781670", "highway": "residential"}}, {"type": "Feature", "geometry": {"type": "LineString", "coordinates": [[11.3560218, 46.6793268], [11.3560639, 46.6794983], [11.3561446, 46.6795719], [11.3562154, 46.6795834], [11.3563619, 46.6795841], [11.3565171, 46.6795525], [11.356594, 46.6795001], [11.356639, 46.6794217], [11.3568106, 46.6791862], [11.3569909, 46.6789918], [11.3571711, 46.6788623], [11.3572927, 46.6788113], [11.3574472, 46.6788113], [11.3575145, 46.678721], [11.3576947, 46.6786739], [11.3578149, 46.6786326], [11.3578149, 46.6787269], [11.3577771, 46.678837], [11.3578512, 46.6788889], [11.3579865, 46.6787504], [11.3581839, 46.6785914], [11.3583813, 46.678509], [11.3587676, 46.6783912], [11.3591796, 46.6781969], [11.3593512, 46.6780496], [11.3595057, 46.6779613], [11.359659, 46.6778598], [11.3597636, 46.6778506], [11.3596402, 46.6779706], [11.3593512, 46.6782204], [11.3593341, 46.6783205], [11.3593942, 46.6783323], [11.3595229, 46.6782499], [11.3596173, 46.6781674], [11.3597804, 46.6780732], [11.3600894, 46.6779319], [11.3604499, 46.6778141], [11.3606215, 46.6777729], [11.3606902, 46.6778435], [11.3605357, 46.6779201], [11.360158, 46.678085], [11.3599864, 46.6783088], [11.3598319, 46.6785737], [11.3597461, 46.6788505], [11.3598233, 46.6790272], [11.3598491, 46.6791273], [11.3596774, 46.6792392], [11.3594456, 46.6794394], [11.3591967, 46.6796102], [11.3590766, 46.6798045], [11.3589822, 46.6800224], [11.3589412, 46.6804003], [11.3590311, 46.6807654], [11.3591538, 46.6809528], [11.3592397, 46.6810764], [11.3592397, 46.6811883], [11.3591109, 46.6812413], [11.3589564, 46.6812472], [11.3586785, 46.6812373], [11.3583728, 46.6811589], [11.3581668, 46.6811117], [11.358038, 46.6811883], [11.3578664, 46.6813826], [11.3575145, 46.6818184], [11.3575831, 46.6821952], [11.3578406, 46.6825544], [11.3580294, 46.6827605], [11.3582784, 46.6830137], [11.3584843, 46.6832257], [11.3585616, 46.6833611], [11.3585015, 46.68342], [11.3584929, 46.6834847], [11.3585959, 46.6835377], [11.3586989, 46.6834847], [11.3587504, 46.6833729], [11.3586989, 46.6832492], [11.358593, 46.6830403], [11.3584929, 46.6828429], [11.3583985, 46.6824602], [11.3584504, 46.6823216], [11.3588457, 46.6821975], [11.3592196, 46.6822134], [11.3596764, 46.6822547], [11.3602072, 46.6822485], [11.3604904, 46.6822909], [11.3606241, 46.6823381], [11.3608735, 46.682493], [11.3609329, 46.6825067], [11.3610365, 46.6825001], [11.3611522, 46.6824719], [11.3612125, 46.6824889], [11.3612567, 46.6825426], [11.361276, 46.6826066], [11.3612567, 46.6826781], [11.3612006, 46.6827161], [11.3611185, 46.682746], [11.3610055, 46.6827668], [11.3608958, 46.6827488], [11.3606579, 46.6827177], [11.3604524, 46.6827551], [11.3602249, 46.6828033], [11.3599521, 46.68289]]}, "properties": {"osm_id": "way/30783330", "highway": "residential"}}, {"type": "Feature", "geometry": {"type": "LineString", "coordinates": [[11.3574918, 46.6839581], [11.3575561, 46.6838772], [11.3577321, 46.683826], [11.3579778, 46.6838794], [11.3581582, 46.6838439], [11.3583985, 46.6838145], [11.3587075, 46.6838145], [11.3589135, 46.6837792], [11.3589736, 46.6836555], [11.3589736, 46.6834612], [11.3588706, 46.6833199], [11.358759, 46.6831609], [11.358593, 46.6830403]]}, "properties": {"osm_id": "way/30783361", "highway": "service"}}, {"type": "Feature", "geometry": {"type": "LineString", "coordinates": [[11.3557301, 46.6842316], [11.3557417, 46.6840399], [11.3558244, 46.6839063], [11.3559453, 46.6837609], [11.3561067, 46.6834609], [11.3561469, 46.6832033], [11.3561405, 46.683041], [11.3562699, 46.6827016], [11.3564714, 46.6825133], [11.3566412, 46.6825274], [11.3570166, 46.6826427], [11.3572827, 46.6827252], [11.3574231, 46.6827499], [11.3574494, 46.6826844], [11.3574115, 46.6825367], [11.3573943, 46.6822482], [11.3574286, 46.6820598], [11.3575145, 46.6818184]]}, "properties": {"osm_id": "way/30783375", "highway": "service"}}, {"type": "Feature", "geometry": {"type": "LineString", "coordinates": [[11.3503261, 46.6886129], [11.3504241, 46.6886261], [11.3505372, 46.6886494]]}, "properties": {"osm_id": "way/30783396", "highway": "unclassified"}}, {"type": "Feature", "geometry": {"type": "LineString", "coordinates": [[11.3475504, 46.6824609], [11.3475826, 46.6825585], [11.3475852, 46.6825944], [11.3475846, 46.6826353], [11.3475799, 46.6826771], [11.3475204, 46.6829364], [11.34758, 46.6831083], [11.3477212, 46.684368], [11.3477212, 46.6848449], [11.3475667, 46.6851158], [11.3475667, 46.6854161], [11.347589, 46.6855047], [11.347671, 46.6856992], [11.3476923, 46.6857698], [11.3476989, 46.6858168], [11.3477012, 46.6858822], [11.3477007, 46.6859321], [11.3476525, 46.6861372], [11.3476525, 46.6861992], [11.3476701, 46.6862463], [11.347701, 46.6862924], [11.347764, 46.6863539], [11.3480336, 46.6865758], [11.3481622, 46.6866703], [11.3482456, 46.6867574], [11.3483316, 46.6869381], [11.3484152, 46.6871968], [11.3484295, 46.687387], [11.3485269, 46.6875393], [11.3485611, 46.6876266], [11.3485797, 46.6877432], [11.3485725, 46.6879083], [11.3485366, 46.688095], [11.3485471, 46.688128], [11.3485829, 46.6881492], [11.3486482, 46.6881514], [11.3486887, 46.6881256], [11.3487649, 46.6880213], [11.348847, 46.6878572], [11.3489629, 46.687723], [11.3490427, 46.6876086], [11.3491029, 46.6873607], [11.3491455, 46.6872981], [11.3492623, 46.6871819], [11.3493223, 46.6871074], [11.3494353, 46.6867887], [11.3494996, 46.6864376], [11.3495732, 46.6860459], [11.3495996, 46.6859069], [11.3495728, 46.6856226], [11.3495354, 46.6854562], [11.3494174, 46.6852807], [11.3493436, 46.6851352], [11.3493128, 46.6850006], [11.3493137, 46.6848872], [11.349407, 46.6846859], [11.3496038, 46.6843788], [11.3498606, 46.6840528], [11.350133, 46.6836732], [11.3501788, 46.6836165], [11.3502378, 46.6835757], [11.3503143, 46.683537], [11.3504007, 46.683507], [11.35058, 46.6834819], [11.3508758, 46.6834865], [11.3512477, 46.683561], [11.35137, 46.6835683], [11.3515077, 46.6835498], [11.3517575, 46.6834703], [11.3518208, 46.6834612], [11.3518646, 46.6834686]]}, "properties": {"osm_id": "way/30783447", "highway": "residential"}}, {"type": "Feature", "geometry": {"type": "LineString", "coordinates": [[11.350339, 46.6854102], [11.3506035, 46.6857152]]}, "properties": {"osm_id": "way/30783453", "highway": "service"}}, {"type": "Feature", "geometry": {"type": "LineString", "coordinates": [[11.3451732, 46.6944493], [11.3450961, 46.6945822], [11.3451337, 46.6946389], [11.3452561, 46.6946421], [11.3455109, 46.6946277], [11.3459819, 46.6947665], [11.3461579, 46.694841], [11.3463725, 46.6949006], [11.3466527, 46.6949711], [11.3467771, 46.6950247], [11.3468488, 46.6950824], [11.3469075, 46.6951779], [11.3469265, 46.6953776], [11.3469518, 46.6954239], [11.3470262, 46.6954536], [11.3470939, 46.6954514], [11.3471665, 46.6954214], [11.3472577, 46.6953306], [11.347395, 46.6951775], [11.3474648, 46.6950676], [11.3474959, 46.6949959], [11.3475169, 46.6949174], [11.3475254, 46.6948551], [11.3475223, 46.6947914], [11.3474822, 46.6945795], [11.3474846, 46.6945271], [11.3474926, 46.694483], [11.3475434, 46.6944249]]}, "properties": {"osm_id": "way/30783460", "highway": "service"}}, {"type": "Feature", "geometry": {"type": "LineString", "coordinates": [[11.3505107, 46.6933525], [11.3502618, 46.693482], [11.3498069, 46.6939353], [11.3492197, 46.6943151], [11.3491418, 46.6943322], [11.3489244, 46.6943677], [11.3487366, 46.6943567], [11.3480201, 46.6943503], [11.3479285, 46.694358]]}, "properties": {"osm_id": "way/30783465", "highway": "residential"}}, {"type": "Feature", "geometry": {"type": "LineString", "coordinates": [[11.3445283, 46.6884071], [11.3446189, 46.6880692], [11.3446978, 46.6875163], [11.3447817, 46.6873607], [11.344882, 46.6871825], [11.3450049, 46.6867652], [11.3451561, 46.6865402], [11.3452063, 46.6862055], [11.3451712, 46.6860147], [11.3451484, 46.6858903], [11.3451709, 46.6857597], [11.345275, 46.6857105], [11.3455411, 46.6855161], [11.3456704, 46.6854494], [11.3457258, 46.685381], [11.3457364, 46.6853159], [11.3457117, 46.6851783], [11.3457642, 46.6850333], [11.3459102, 46.684892], [11.3460753, 46.6848206], [11.3461555, 46.6847543], [11.3462621, 46.6846153], [11.3464819, 46.6842547], [11.3465882, 46.683785], [11.3466981, 46.6831311], [11.3466956, 46.6829619], [11.3466388, 46.6827565]]}, "properties": {"osm_id": "way/30783502", "highway": "residential"}}, {"type": "Feature", "geometry": {"type": "LineString", "coordinates": [[11.3468017, 46.687498], [11.3468146, 46.6873702], [11.3468148, 46.6871919], [11.3467942, 46.6868939], [11.3468163, 46.6867837], [11.3468485, 46.6866976], [11.3468818, 46.6866266], [11.346929, 46.6865321], [11.3469717, 46.6864776], [11.3470272, 46.6864212], [11.3470946, 46.6863719], [11.347173, 46.6863329], [11.3473653, 46.6862441], [11.3474312, 46.6862012], [11.3474806, 46.6861556], [11.3475132, 46.6860984], [11.3475753, 46.685946], [11.347597, 46.6859115], [11.3476321, 46.6858893], [11.3477012, 46.6858822]]}, "properties": {"osm_id": "way/30783516", "highway": "residential"}}, {"type": "Feature", "geometry": {"type": "LineString", "coordinates": [[11.3337222, 46.7009405], [11.3339282, 46.7008228], [11.33422, 46.7007345], [11.3340998, 46.7005815], [11.3343831, 46.7006344], [11.3345805, 46.7006403], [11.3347865, 46.7004814], [11.3349925, 46.700193], [11.3357564, 46.699104], [11.3362714, 46.6982092], [11.3362027, 46.6981327], [11.3361684, 46.6979973], [11.3359795, 46.6975381], [11.3357735, 46.6975028], [11.335765, 46.6973321], [11.3356191, 46.6971614], [11.3356022, 46.6970077], [11.3356877, 46.6969141], [11.3359409, 46.6966486], [11.3363229, 46.696243], [11.3365632, 46.6959781], [11.3370267, 46.6957839], [11.3372337, 46.6956359], [11.337507, 46.6953505], [11.3379024, 46.6952065], [11.3381406, 46.6950328], [11.3382315, 46.6948338], [11.3380861, 46.6946912], [11.3379917, 46.6945926], [11.3380719, 46.6945696], [11.3382111, 46.6946241], [11.3383828, 46.6947654], [11.3385528, 46.6949664], [11.3385974, 46.6951598], [11.3385373, 46.6954836], [11.3384686, 46.6956838], [11.3384686, 46.695878], [11.3385177, 46.6959398], [11.3386543, 46.6959582], [11.3387816, 46.6959238], [11.3388524, 46.6958449], [11.3389522, 46.6958329], [11.339078, 46.6958663], [11.3391124, 46.695931], [11.339063, 46.6960055], [11.3390788, 46.6961399], [11.3389664, 46.6962842], [11.3388546, 46.6965572], [11.3385976, 46.6967571], [11.3384202, 46.6968715], [11.3384514, 46.696951], [11.3385259, 46.6969605], [11.3388205, 46.6968023], [11.3390677, 46.6967262], [11.3393502, 46.6967207], [11.3396419, 46.6966504], [11.3399497, 46.6966444], [11.3402638, 46.6966449], [11.3404689, 46.6965665], [11.3405753, 46.6964755], [11.3405163, 46.6963263], [11.3405286, 46.6961724], [11.340896, 46.6954721], [11.3408257, 46.6953303], [11.3406276, 46.6950533], [11.3405367, 46.6949528]]}, "properties": {"osm_id": "way/30783539", "highway": "track"}}, {"type": "Feature", "geometry": {"type": "LineString", "coordinates": [[11.3305437, 46.6996976], [11.3306972, 46.6994722], [11.3310271, 46.6992452], [11.3312331, 46.6990039], [11.3314219, 46.6988096], [11.3314776, 46.6986617], [11.3314144, 46.6984844], [11.331392, 46.6983057], [11.3312764, 46.6981499], [11.3312292, 46.6979889], [11.3311586, 46.6980164], [11.3311196, 46.6981724], [11.3310099, 46.6983917], [11.3307095, 46.6986742], [11.3303662, 46.6987979], [11.3300315, 46.6989215], [11.3296896, 46.6989721], [11.3293023, 46.6989711], [11.3288213, 46.6989215], [11.3285454, 46.69891], [11.3285034, 46.6988634], [11.32856, 46.6988413], [11.3289568, 46.698793], [11.3291982, 46.6987406], [11.3293221, 46.6986677], [11.3295165, 46.6984564], [11.3297396, 46.6982681], [11.3298684, 46.6981798], [11.3298868, 46.6981036], [11.3298374, 46.6980602]]}, "properties": {"osm_id": "way/30783592", "highway": "track", "name": "Thaleralpe", "source": "Geobrowser der Autonomen Provinz Bozen"}}, {"type": "Feature", "geometry": {"type": "LineString", "coordinates": [[11.2436916, 46.6474569], [11.2440266, 46.6478281], [11.2443248, 46.6481678], [11.2444664, 46.6482797], [11.2449966, 46.6485792], [11.2453551, 46.64873], [11.2459071, 46.6489227], [11.2463538, 46.6490208], [11.246832, 46.6490584], [11.2471429, 46.6490647], [11.2476772, 46.6490589], [11.2482034, 46.648996], [11.2483917, 46.6489967], [11.2487045, 46.6489169], [11.248856, 46.6489136], [11.2490764, 46.6489389], [11.2495655, 46.6488942], [11.2497442, 46.6489438], [11.2499315, 46.648996], [11.2503276, 46.6489826], [11.2507609, 46.6489958], [11.2513576, 46.6489483], [11.2518136, 46.6488527], [11.2521676, 46.6488303], [11.252798, 46.6486463], [11.2536508, 46.6483052], [11.2549129, 46.6478447], [11.2554167, 46.6475762], [11.2559824, 46.6474075], [11.2563013, 46.6473576], [11.2571736, 46.6470912], [11.2572715, 46.6471223], [11.2573176, 46.6471936], [11.257135, 46.6474623], [11.2570015, 46.6476015], [11.256926, 46.6477873], [11.2566709, 46.6480927], [11.2559472, 46.6487413], [11.2555551, 46.6492911], [11.2553563, 46.6496185], [11.2548617, 46.6501813], [11.2547698, 46.6511217], [11.254693, 46.6515197], [11.2551501, 46.6522628], [11.2552853, 46.6529286], [11.2556633, 46.6536607], [11.256076, 46.654091], [11.2568522, 46.6546124], [11.2572626, 46.6548621], [11.2574203, 46.655048], [11.2576177, 46.6553448], [11.2577749, 46.6555042], [11.2580303, 46.6556088], [11.258107, 46.655555], [11.2581005, 46.65534], [11.2580887, 46.6551636], [11.2581579, 46.655051], [11.2582486, 46.6550134], [11.258394, 46.6550929], [11.258726, 46.655386], [11.2590903, 46.6554144], [11.261096, 46.654981], [11.2639671, 46.6535972], [11.2648908, 46.6530979], [11.2656633, 46.6527076], [11.2662217, 46.6523523], [11.2664578, 46.6521534], [11.2666396, 46.6519123], [11.2667764, 46.6517153], [11.2668971, 46.6515698], [11.2669956, 46.6514857], [11.2671444, 46.6513286], [11.2674233, 46.6510635], [11.2676374, 46.6507634], [11.2677983, 46.6504835]]}, "properties": {"osm_id": "way/34233922", "highway": "track", "name": "Giggusmöser", "source": "Geobrowser der Autonomen Provinz Bozen", "tracktype": "grade3"}}, {"type": "Feature", "geometry": {"type": "LineString", "coordinates": [[11.3203664, 46.6513105], [11.3204024, 46.6513347], [11.3206221, 46.6514578], [11.3208464, 46.6515723], [11.3208775, 46.6515711], [11.3209605, 46.6515415], [11.3210682, 46.6514576], [11.321155, 46.6514153], [11.3212829, 46.6513944], [11.3218278, 46.6513987], [11.3220438, 46.65151], [11.3221683, 46.6515886], [11.3221204, 46.6518803]]}, "properties": {"osm_id": "way/34234141", "highway": "service"}}, {"type": "Feature", "geometry": {"type": "LineString", "coordinates": [[11.3221683, 46.6515886], [11.3223889, 46.6516444]]}, "properties": {"osm_id": "way/34234142", "highway": "track", "tracktype": "grade2"}}, {"type": "Feature", "geometry": {"type": "LineString", "coordinates": [[11.264606, 46.6637709], [11.2645533, 46.6640348], [11.2645317, 46.6643532], [11.2643968, 46.6645421], [11.2635874, 46.6648497], [11.263064, 46.6651464], [11.26294, 46.6652668], [11.2628949, 46.6653495], [11.2628832, 46.6654101]]}, "properties": {"osm_id": "way/34261354", "highway": "track", "sac_scale": "hiking", "surface": "gravel"}}, {"type": "Feature", "geometry": {"type": "LineString", "coordinates": [[11.2637655, 46.6559599], [11.2637562, 46.6560079], [11.2633905, 46.6566344], [11.2628161, 46.6573255], [11.2626384, 46.6575952], [11.2624965, 46.6579146], [11.2622851, 46.6581503], [11.2621625, 46.6584713], [11.2621187, 46.6585352], [11.2620979, 46.6585816], [11.2621031, 46.658618], [11.2621492, 46.6586387], [11.2621918, 46.6586102], [11.2624699, 46.658267], [11.2632963, 46.6575814], [11.2634451, 46.6574655], [11.2643049, 46.6569379], [11.264972, 46.6565098], [11.2655019, 46.6562158], [11.2661416, 46.6558462], [11.2662676, 46.6557351], [11.2663535, 46.6556556], [11.2666382, 46.6554648], [11.2667565, 46.6554338], [11.2670967, 46.655356], [11.2673212, 46.6553293], [11.2674967, 46.6553181], [11.2676162, 46.6553213], [11.2676953, 46.6553378], [11.2680032, 46.6554425], [11.268455, 46.655655], [11.2686291, 46.6557251], [11.2687951, 46.6557763], [11.2689075, 46.6558076], [11.2694277, 46.6559229], [11.2695232, 46.6559782], [11.2696477, 46.6560139], [11.2698049, 46.656051], [11.2704445, 46.656171], [11.2709414, 46.6562359], [11.271273, 46.6562851], [11.2713956, 46.6563082], [11.271518, 46.6563181], [11.272223, 46.6563102], [11.2726513, 46.6562791], [11.2729809, 46.6562867], [11.2735446, 46.6563139], [11.2737435, 46.6563084], [11.2748097, 46.6561983], [11.2749859, 46.6561793], [11.2759207, 46.656149], [11.2764389, 46.6561346], [11.27675, 46.656142], [11.2771169, 46.6562057], [11.2773602, 46.656288], [11.2775431, 46.6563715]]}, "properties": {"osm_id": "way/34481003", "highway": "path", "name": "Mitteregg", "sac_scale": "mountain_hiking"}}, {"type": "Feature", "geometry": {"type": "LineString", "coordinates": [[11.2731427, 46.6864497], [11.2732511, 46.6865121], [11.2734856, 46.6866752], [11.2736261, 46.6868031], [11.2737903, 46.6868973], [11.2740079, 46.6869788], [11.274146, 46.6870524], [11.274437, 46.6873172], [11.2745665, 46.687494], [11.2749158, 46.68814], [11.2749612, 46.6882635], [11.2750458, 46.6883098], [11.2752477, 46.6883446], [11.2753877, 46.6884311], [11.2754337, 46.6884395], [11.2756343, 46.6884626]]}, "properties": {"osm_id": "way/34499720", "highway": "track", "surface": "compacted", "tracktype": "grade3"}}, {"type": "Feature", "geometry": {"type": "LineString", "coordinates": [[11.2795475, 46.6844951], [11.2791291, 46.6844015], [11.2790815, 46.684433], [11.2790742, 46.6844967], [11.279085, 46.6846559], [11.2790111, 46.6848981], [11.278927, 46.685028], [11.2789324, 46.685064], [11.278953, 46.6851109], [11.2792653, 46.6853161], [11.2793617, 46.6854734], [11.2793922, 46.6856155], [11.2795257, 46.6857912], [11.2794439, 46.6859272], [11.2790448, 46.6859714], [11.2788408, 46.6860353], [11.2787904, 46.6861919], [11.2788605, 46.686267]]}, "properties": {"osm_id": "way/34499722", "highway": "path"}}, {"type": "Feature", "geometry": {"type": "LineString", "coordinates": [[11.3009087, 46.684869], [11.3010083, 46.6848515], [11.3013253, 46.6848662], [11.3015768, 46.6849293], [11.3018559, 46.6850218], [11.3020877, 46.6850948], [11.3021932, 46.6851077], [11.3022315, 46.6851329], [11.3022438, 46.6851581], [11.3022837, 46.6851687], [11.3023128, 46.6851676], [11.3023542, 46.6851518], [11.3024053, 46.6851445], [11.3024493, 46.6851624], [11.3024631, 46.6851844], [11.3024907, 46.6852034], [11.3025167, 46.6852034], [11.302552, 46.6851971], [11.3025842, 46.6852076], [11.3026563, 46.6852034], [11.3027907, 46.6852004], [11.3029616, 46.6852509], [11.3031025, 46.6852598], [11.303283, 46.6852554]]}, "properties": {"osm_id": "way/40610386", "foot": "yes", "highway": "path", "mtb:scale": "3", "sac_scale": "mountain_hiking"}}, {"type": "Feature", "geometry": {"type": "LineString", "coordinates": [[11.2820003, 46.6805441], [11.2820194, 46.6808255], [11.28205, 46.6809096], [11.2820884, 46.6809959], [11.2821942, 46.6811274], [11.282231, 46.6811937], [11.2822097, 46.6812595], [11.2822018, 46.6813388], [11.2822248, 46.681463], [11.2822218, 46.6816786], [11.2822371, 46.681748], [11.2822923, 46.6818396], [11.2823127, 46.6819072], [11.2822494, 46.6820016], [11.2822248, 46.6821078], [11.282231, 46.6823024], [11.2821804, 46.6823729], [11.2820594, 46.6824566], [11.2820485, 46.6825338], [11.2820881, 46.6826287]]}, "properties": {"osm_id": "way/40921014", "highway": "track", "mtb": "yes", "mtb:scale": "0", "surface": "gravel", "tracktype": "grade3", "width": "3"}}, {"type": "Feature", "geometry": {"type": "LineString", "coordinates": [[11.2973324, 46.6807186], [11.2974071, 46.6806311], [11.2975011, 46.6804969], [11.2975475, 46.6804157], [11.2975923, 46.6803529], [11.297673, 46.6802879], [11.2978324, 46.6801517], [11.297992, 46.6800277], [11.2980855, 46.6799652], [11.2982015, 46.6798763], [11.2982962, 46.6798172], [11.2984197, 46.6797393], [11.29861, 46.6796589], [11.2990372, 46.679403], [11.2993474, 46.6791538], [11.2995225, 46.6790114], [11.2996086, 46.6788947], [11.2996732, 46.6787962], [11.2997195, 46.6787024], [11.2997598, 46.6786337], [11.2998047, 46.6785441], [11.2998674, 46.6784656], [11.2999275, 46.6782912], [11.299948, 46.6781625], [11.2998974, 46.6780434], [11.2997138, 46.6778182]]}, "properties": {"osm_id": "way/40921015", "highway": "track", "ref:hiking": "10", "sac_scale": "mountain_hiking", "source": "https://www.meran2000.com/it/inverno/escursioni.html", "surface": "gravel", "tracktype": "grade3", "width": "1"}}, {"type": "Feature", "geometry": {"type": "LineString", "coordinates": [[11.3070249, 46.6601987], [11.3069077, 46.6602294], [11.3068061, 46.6602816], [11.3065595, 46.6602914], [11.3063516, 46.6604238], [11.3062478, 46.6605344], [11.3057527, 46.6608361], [11.3051215, 46.6610844], [11.3049228, 46.6611511], [11.3048077, 46.6612411], [11.3047517, 46.6613718], [11.3044791, 46.6618011]]}, "properties": {"osm_id": "way/41066398", "highway": "path", "mtb:scale": "1", "name": "Opferwank", "sac_scale": "hiking", "surface": "ground", "trail_visibility": "excellent"}}, {"type": "Feature", "geometry": {"type": "LineString", "coordinates": [[11.3160367, 46.6557622], [11.3151712, 46.6558006], [11.3136327, 46.6556748], [11.3135462, 46.6555158], [11.3143154, 46.6552112], [11.3146135, 46.6549133], [11.3147097, 46.6546948], [11.3140446, 46.6545515]]}, "properties": {"osm_id": "way/41066400", "highway": "path"}}, {"type": "Feature", "geometry": {"type": "LineString", "coordinates": [[11.2810213, 46.6683607], [11.2810578, 46.6683046], [11.2810834, 46.6682623], [11.2812333, 46.6679339], [11.2815234, 46.6675345], [11.281547, 46.6675055], [11.2815853, 46.6674605], [11.2816316, 46.6673417], [11.2817504, 46.6671785], [11.2818803, 46.6670256], [11.2819328, 46.6669523], [11.2819628, 46.6668608], [11.2820353, 46.6667312], [11.2822702, 46.6663099], [11.2824207, 46.666152], [11.2824826, 46.6661027], [11.2825649, 46.6660088], [11.2826826, 46.665822], [11.2827336, 46.6657695], [11.2828297, 46.6656938], [11.2829371, 46.6656079], [11.2829815, 46.6655648], [11.2830237, 46.6654741], [11.2831342, 46.6653704], [11.2832448, 46.665295], [11.2832906, 46.6652533], [11.2833591, 46.6651607], [11.2834458, 46.6650616], [11.2834857, 46.6650326], [11.2835332, 46.6650039], [11.2835831, 46.6649925], [11.2836331, 46.6649811], [11.2836657, 46.6649674], [11.2836889, 46.6649385], [11.28372, 46.664847], [11.2838283, 46.664583], [11.2838783, 46.664504], [11.2839875, 46.6643844], [11.2841094, 46.6641937], [11.2841423, 46.6640747], [11.2842543, 46.6639356], [11.284277, 46.6638222], [11.2843667, 46.6637016], [11.2843936, 46.6636471], [11.2844092, 46.6635969], [11.2844126, 46.6635702], [11.2844184, 46.6635218], [11.2844314, 46.6634896], [11.2844659, 46.6634014], [11.2846291, 46.6632295], [11.2848152, 46.6630459], [11.2848485, 46.6630154], [11.2848866, 46.6629991], [11.2848949, 46.6629795], [11.2848819, 46.6629182], [11.2848211, 46.6628176], [11.2848077, 46.6627796], [11.2848011, 46.6627416], [11.2848126, 46.6627011], [11.2848277, 46.6626748], [11.2849479, 46.6625206], [11.2849723, 46.6624713], [11.2849936, 46.6624021], [11.2849975, 46.6623568], [11.2849896, 46.6623125], [11.2849835, 46.6622628], [11.2850094, 46.6621525], [11.2850596, 46.6620152], [11.2850769, 46.661971], [11.2850989, 46.6619514], [11.2852038, 46.6618804], [11.285265, 46.6618167], [11.2853083, 46.6617714], [11.2853434, 46.6617507], [11.2855136, 46.6616478], [11.2855575, 46.6616039], [11.285579, 46.6615714], [11.285637, 46.6614331], [11.2856477, 46.6613986], [11.2856481, 46.6613739], [11.2856549, 46.6613484], [11.2857322, 46.6612631], [11.2857583, 46.6612281], [11.2859734, 46.6607892], [11.2860217, 46.6606488], [11.2860458, 46.6605349], [11.2860862, 46.66036], [11.2861107, 46.6602557], [11.2861299, 46.6601288], [11.2861751, 46.6599952], [11.2861959, 46.6599375], [11.286216, 46.6598586], [11.2862099, 46.6598312], [11.2862099, 46.6598028], [11.2862273, 46.6597569], [11.2862474, 46.6596573], [11.2862712, 46.6595708], [11.2863162, 46.6594801], [11.2863879, 46.6593894], [11.2870341, 46.6587081], [11.2870863, 46.6586343], [11.2871041, 46.6585896], [11.2871109, 46.6585412], [11.2870972, 46.6583011], [11.2870861, 46.6582614], [11.2870952, 46.658244], [11.2871146, 46.6582248], [11.287144, 46.6582149], [11.2873791, 46.6581367], [11.28748, 46.6580999], [11.2876496, 46.6579859], [11.2877233, 46.6578942], [11.2878368, 46.6577498], [11.2879475, 46.6576148], [11.288093, 46.6574755], [11.2882555, 46.6573513], [11.2884222, 46.6571864], [11.2885506, 46.6570754], [11.2886298, 46.6570446], [11.2887094, 46.6570062], [11.2887849, 46.6569477], [11.2888603, 46.6568723], [11.2889067, 46.6568213], [11.289002, 46.6567487], [11.289072, 46.656694], [11.2891825, 46.6566253], [11.2892386, 46.6565835], [11.2892756, 46.6565519], [11.2893201, 46.6565314], [11.2893796, 46.65649], [11.2894193, 46.656446], [11.2894659, 46.6563643], [11.2894888, 46.6562984], [11.2895118, 46.6562389], [11.2895798, 46.6561653], [11.2896529, 46.6561162], [11.2897465, 46.656061]]}, "properties": {"osm_id": "way/41067568", "highway": "path", "mtb": "yes", "mtb:scale": "1", "sac_scale": "hiking", "surface": "ground", "trail_visibility": "excellent", "width": "1"}}, {"type": "Feature", "geometry": {"type": "LineString", "coordinates": [[11.306106, 46.6493261], [11.3063465, 46.6496227], [11.3064349, 46.6496817], [11.3069079, 46.6498525], [11.3072036, 46.6499927], [11.3072283, 46.6500689], [11.3071995, 46.6502104], [11.3072369, 46.650271], [11.3075429, 46.6503539], [11.3080449, 46.6508158], [11.3083501, 46.650877], [11.3087044, 46.6511625], [11.3091147, 46.6514523], [11.309576, 46.6516764], [11.3102581, 46.6521013], [11.3106722, 46.6523227], [11.3113361, 46.6529461], [11.3117206, 46.6531851], [11.3123702, 46.6533549], [11.3126407, 46.6535045], [11.3129624, 46.6537312], [11.3130979, 46.6539349], [11.3131625, 46.6539622], [11.3132194, 46.6539434], [11.3132266, 46.6538961], [11.3130068, 46.6535387], [11.3129088, 46.6533592], [11.3127815, 46.6532101], [11.3126605, 46.6530565], [11.3124821, 46.6529496], [11.3122769, 46.6528375], [11.312168, 46.6526969], [11.3121829, 46.6525245], [11.3121159, 46.6524211], [11.3121036, 46.6522832], [11.3120532, 46.6521604], [11.3119413, 46.6519381], [11.311964, 46.6519101], [11.3120324, 46.6518925]]}, "properties": {"osm_id": "way/41126820", "highway": "track", "tracktype": "grade2"}}, {"type": "Feature", "geometry": {"type": "LineString", "coordinates": [[11.3191322, 46.6514981], [11.3189326, 46.6514875], [11.3183348, 46.651518], [11.3174398, 46.6516035], [11.3170975, 46.6516722], [11.3166557, 46.6518262], [11.3162801, 46.6518732], [11.3160156, 46.6518998], [11.3156115, 46.6519458], [11.3152358, 46.6519442], [11.3149141, 46.651956], [11.3146607, 46.6519602], [11.3141539, 46.6520742], [11.31378, 46.6521991], [11.3134602, 46.6522464], [11.3131502, 46.6522498], [11.3128181, 46.652189], [11.312643, 46.6521156], [11.3125261, 46.6520452], [11.3123257, 46.6519436], [11.3122215, 46.6518988]]}, "properties": {"osm_id": "way/41126831", "highway": "track", "sac_scale": "hiking", "surface": "gravel", "tracktype": "grade2"}}, {"type": "Feature", "geometry": {"type": "LineString", "coordinates": [[11.3200976, 46.6514341], [11.3196705, 46.651475], [11.3192564, 46.651479], [11.3191322, 46.6514981]]}, "properties": {"osm_id": "way/41126832", "highway": "unclassified", "sac_scale": "hiking", "vehicle": "destination"}}, {"type": "Feature", "geometry": {"type": "LineString", "coordinates": [[11.3084954, 46.6591544], [11.3085334, 46.6598963]]}, "properties": {"osm_id": "way/41130220", "highway": "path"}}, {"type": "Feature", "geometry": {"type": "LineString", "coordinates": [[11.3025399, 46.6622137], [11.3024332, 46.6623434], [11.3021781, 46.6625471], [11.3020673, 46.6627156], [11.3017556, 46.662881], [11.3010651, 46.6633353], [11.3007954, 46.6634112], [11.3005333, 46.6636356], [11.3003341, 46.663744], [11.3000839, 46.663828], [11.2997589, 46.6640233], [11.2995592, 46.6641442]]}, "properties": {"osm_id": "way/41130233", "highway": "track", "name": "Opferwank", "ref": "2A", "sac_scale": "hiking", "surface": "fine_gravel", "tracktype": "grade3"}}, {"type": "Feature", "geometry": {"type": "LineString", "coordinates": [[11.2954477, 46.7035808], [11.2953973, 46.7034706], [11.2952793, 46.7032846], [11.2950402, 46.7031473], [11.2948329, 46.7030491], [11.294647, 46.702939], [11.2946459, 46.7028807], [11.2947048, 46.7028102], [11.2947929, 46.7027722], [11.294864, 46.7026293], [11.2953625, 46.7025278], [11.2956908, 46.7024433], [11.2958242, 46.70243], [11.2959493, 46.7023856], [11.2959978, 46.7023365], [11.296118, 46.7022488], [11.2961849, 46.7021837], [11.2962101, 46.7020945], [11.2962409, 46.7019708], [11.2962254, 46.7018665], [11.2961844, 46.7017599], [11.2960976, 46.7016911], [11.296003, 46.7016052], [11.2959695, 46.7015443], [11.2959697, 46.7014789], [11.2960263, 46.7013791], [11.2960643, 46.7013176], [11.2961393, 46.7012801], [11.2961891, 46.7012963], [11.296228, 46.7013404], [11.2962715, 46.7014105], [11.2963094, 46.7014503], [11.2964479, 46.7015263], [11.2966056, 46.7016096], [11.2967804, 46.7016806], [11.2970114, 46.7018216], [11.2970611, 46.7018869], [11.2971026, 46.7020015], [11.2972731, 46.7021393], [11.2973455, 46.7022576], [11.2974206, 46.7023415], [11.2976064, 46.7024365], [11.2977598, 46.7024979], [11.2978099, 46.7025026], [11.2978672, 46.7024856], [11.2979273, 46.7024128], [11.2979969, 46.7022539], [11.2979989, 46.7021804], [11.2979401, 46.7020805], [11.2979196, 46.7020051], [11.2978813, 46.7019665], [11.2978416, 46.701934], [11.2978033, 46.7018893], [11.2977828, 46.7018402], [11.2977749, 46.7017471], [11.2977611, 46.7016955], [11.2977726, 46.7015219], [11.2978263, 46.7014079], [11.2978301, 46.7013062], [11.2978224, 46.7011716], [11.2977803, 46.701044], [11.2977483, 46.7009247], [11.2977138, 46.700873], [11.2976867, 46.7008124], [11.2977111, 46.7007635]]}, "properties": {"osm_id": "way/48821841", "highway": "track", "mtb:scale": "3", "mtb:scale:uphill": "3", "tracktype": "grade3"}}, {"type": "Feature", "geometry": {"type": "LineString", "coordinates": [[11.3301998, 46.7027668], [11.3301739, 46.70273], [11.3301315, 46.7026705], [11.3300945, 46.7026211], [11.3299819, 46.7025894], [11.3296457, 46.7025983], [11.329509, 46.7026135], [11.3293336, 46.7027478], [11.3291156, 46.7029327], [11.3290325, 46.7030277], [11.328918, 46.7031505], [11.3288626, 46.7031911], [11.328798, 46.7032189], [11.3286945, 46.703224], [11.32858, 46.7032265], [11.3284027, 46.7032493], [11.3283085, 46.7032823], [11.3281534, 46.7033089], [11.3280998, 46.7032772], [11.3281257, 46.7032227], [11.3281072, 46.7031632], [11.3280352, 46.7030619], [11.3279558, 46.7029099], [11.3278154, 46.7027642], [11.3276621, 46.7026718], [11.3275568, 46.7026008], [11.3275162, 46.7025641], [11.3274515, 46.7024995], [11.3273887, 46.7024311], [11.3273093, 46.7023728], [11.3272318, 46.7023728], [11.3271671, 46.7024374], [11.3270877, 46.7025628], [11.3269972, 46.7026756], [11.3268864, 46.7027908], [11.3268107, 46.702825], [11.3266888, 46.7028478], [11.326541, 46.7028377], [11.3262584, 46.7027516], [11.3261882, 46.7026756], [11.3261199, 46.7025286], [11.3260741, 46.7024591], [11.3260571, 46.7022689], [11.3260169, 46.7021804], [11.3259207, 46.7020781], [11.3258566, 46.7018191], [11.3257065, 46.7016565], [11.325502, 46.7014845], [11.3253216, 46.7013586], [11.3250648, 46.7012614], [11.3249809, 46.701195], [11.3248316, 46.7010012], [11.324709, 46.7009581], [11.3244743, 46.7009416], [11.3241534, 46.7007674], [11.3239135, 46.7006795], [11.3237659, 46.7005933], [11.3235523, 46.7002982], [11.3235048, 46.7001199], [11.3235535, 46.6999915], [11.3236973, 46.6998322], [11.3242415, 46.6995365], [11.3245361, 46.699403], [11.3251863, 46.699134], [11.3252813, 46.6991053], [11.325456, 46.699017], [11.3255426, 46.6989732], [11.3256798, 46.6988663], [11.3259055, 46.6987309], [11.3261297, 46.6986374], [11.3262608, 46.6986235], [11.3264336, 46.6985905], [11.3266203, 46.6984954], [11.3267677, 46.6983375], [11.3269199, 46.6982671], [11.3270656, 46.6981927], [11.3272353, 46.6981628], [11.327524, 46.6981827], [11.3278167, 46.698137], [11.3280937, 46.698122], [11.3285577, 46.6980167], [11.3288715, 46.6980156], [11.3292572, 46.6978527]]}, "properties": {"osm_id": "way/48823503", "highway": "track", "name": "Aspenegg", "source": "Geobrowser der Autonomen Provinz Bozen"}}, {"type": "Feature", "geometry": {"type": "LineString", "coordinates": [[11.3232845, 46.7012883], [11.322977, 46.7009161], [11.3227507, 46.7007709], [11.3226487, 46.7006193], [11.3226379, 46.7003501], [11.3226576, 46.7001994], [11.3226505, 46.6999931], [11.3227158, 46.6998839], [11.3228196, 46.6997986], [11.323287, 46.6996038], [11.3236137, 46.6995693], [11.3238939, 46.6994571], [11.3241345, 46.6994157], [11.3247872, 46.6991884], [11.3249842, 46.699162], [11.3251863, 46.699134]]}, "properties": {"osm_id": "way/48823504", "highway": "track", "name": "Aspenegg", "source": "Geobrowser der Autonomen Provinz Bozen"}}, {"type": "Feature", "geometry": {"type": "LineString", "coordinates": [[11.3546425, 46.6932208], [11.3546025, 46.6929502], [11.3546591, 46.692667], [11.3547667, 46.6924965], [11.3549635, 46.6923518], [11.3550322, 46.6922431], [11.3550319, 46.6921747], [11.3549144, 46.6918349], [11.3549096, 46.6915814], [11.3550575, 46.6912585], [11.3553495, 46.6908589], [11.3553951, 46.690725], [11.3553793, 46.6904804], [11.3554084, 46.6903881], [11.3556278, 46.6901413], [11.3556758, 46.6899387], [11.355788, 46.6893391], [11.3558963, 46.6891523], [11.3560083, 46.6888031], [11.3559989, 46.6887449], [11.3559146, 46.6887046], [11.3558156, 46.6887146], [11.3556425, 46.6888318], [11.3553357, 46.688982], [11.3552261, 46.6891189], [11.3551249, 46.6891449], [11.3550608, 46.6890935], [11.35503, 46.6890343], [11.3549875, 46.6889399], [11.3549757, 46.688835], [11.3550396, 46.6885056], [11.3550508, 46.6882339], [11.3549434, 46.6881392], [11.3549226, 46.6881015], [11.3549512, 46.6880456], [11.3550866, 46.6878511], [11.3551014, 46.6877865], [11.3550614, 46.6877052], [11.3549281, 46.6875132], [11.3549254, 46.6874347], [11.3549676, 46.6873753], [11.3550251, 46.6873151], [11.3551649, 46.6872186], [11.3552429, 46.6871283], [11.3552909, 46.6870378], [11.35529, 46.6863797]]}, "properties": {"osm_id": "way/48823506", "highway": "track", "name": "Weissenegg", "source": "Geobrowser der Autonomen Provinz Bozen"}}, {"type": "Feature", "geometry": {"type": "LineString", "coordinates": [[11.3503914, 46.7151425], [11.3502427, 46.7154533], [11.3501293, 46.7158499], [11.3500066, 46.7159883], [11.3499724, 46.7161619], [11.3499896, 46.7164594], [11.3498389, 46.7167532], [11.3496796, 46.716915], [11.3497088, 46.7171474], [11.3499484, 46.7175369], [11.3500596, 46.7179327], [11.3502051, 46.7180413], [11.3503389, 46.7181569], [11.350407, 46.7184191], [11.3504418, 46.7187391], [11.350496, 46.7190033], [11.350585, 46.7192192], [11.350585, 46.7193975], [11.35078, 46.7197494], [11.3509238, 46.7200145], [11.3509192, 46.7201683], [11.3508451, 46.7205049], [11.3506039, 46.7211558], [11.3506158, 46.7219548], [11.3507619, 46.722072], [11.3514371, 46.7221496], [11.3518512, 46.7221514], [11.3519299, 46.7222645], [11.3518375, 46.7226164], [11.3519642, 46.7228393], [11.3521661, 46.7229918], [11.3521886, 46.7234461], [11.3525659, 46.7239098], [11.3530606, 46.7241318], [11.3537267, 46.7246129], [11.3544284, 46.7250672], [11.3550271, 46.7254927], [11.3553865, 46.7259666], [11.3557297, 46.7262648], [11.3560778, 46.7264827], [11.3563679, 46.7266101], [11.3568786, 46.7266047], [11.3571969, 46.7265789], [11.3573391, 46.7265148], [11.3575186, 46.7264569], [11.3576794, 46.7263161], [11.3579184, 46.7262059], [11.3582783, 46.7262059], [11.3587609, 46.7261543], [11.3591853, 46.7261543], [11.3594248, 46.7260628], [11.3600272, 46.7260088], [11.3605023, 46.7260023], [11.3609869, 46.7258676], [11.3613448, 46.7259032], [11.3615706, 46.7258774], [11.3618718, 46.7259126], [11.3622346, 46.7258727], [11.3622958, 46.7258728], [11.3623851, 46.7259689], [11.3624792, 46.7262638], [11.3624644, 46.7264388], [11.3624216, 46.726529], [11.3623369, 46.726681], [11.3622708, 46.7267424], [11.3622413, 46.7268147], [11.3623197, 46.7269173], [11.3623829, 46.7270525], [11.3623543, 46.7271583], [11.3620166, 46.7273598], [11.3618516, 46.7275431], [11.3617746, 46.7277141], [11.3617551, 46.7279987], [11.3618237, 46.728378], [11.3618798, 46.7285961], [11.3617781, 46.7287967], [11.3618492, 46.7289224], [11.3619096, 46.7291188], [11.3621606, 46.7293885], [11.3622097, 46.7294953], [11.362214, 46.729874], [11.3622574, 46.7299829], [11.362428, 46.7301057], [11.3624672, 46.7302219], [11.3625018, 46.7303669], [11.3626177, 46.7304125], [11.3632828, 46.7306317], [11.363352, 46.7307429], [11.3633736, 46.7308692], [11.3634097, 46.7311117], [11.3634797, 46.7311975], [11.3636543, 46.7312641], [11.364169, 46.731383], [11.3645035, 46.7315463], [11.3648286, 46.7316972], [11.3650915, 46.7317362], [11.3651864, 46.7317825], [11.3652722, 46.7322045], [11.3652041, 46.7324361], [11.3653809, 46.7329016], [11.3654235, 46.7331347], [11.3653396, 46.7334005], [11.3653138, 46.7335687], [11.3656099, 46.7339824], [11.3658663, 46.734195], [11.3662665, 46.734468], [11.3664972, 46.7345642], [11.3665849, 46.7346193], [11.3667209, 46.7348754], [11.3668065, 46.734948], [11.3671415, 46.735417], [11.3675744, 46.7357953], [11.3679582, 46.7360797], [11.3684112, 46.7362514], [11.3685209, 46.7365207], [11.3686521, 46.7366468], [11.3692481, 46.7369718], [11.3698966, 46.7372611], [11.3704564, 46.7374189], [11.3709752, 46.7377282], [11.3713062, 46.73785], [11.3713735, 46.737888], [11.3714368, 46.7379718], [11.371157, 46.7388223], [11.3711731, 46.7390001], [11.3712297, 46.7391973], [11.3711983, 46.7393361], [11.3709628, 46.7395638], [11.3708512, 46.7397774], [11.3708654, 46.7401125], [11.37083, 46.7401943], [11.370789, 46.7403408], [11.3708241, 46.7404245], [11.3709955, 46.7406147], [11.3715113, 46.741018], [11.3717296, 46.7411257], [11.3724102, 46.741299], [11.3726315, 46.7413554], [11.3730677, 46.7416136]]}, "properties": {"osm_id": "way/48823517", "highway": "track", "name": "Mairwald", "source": "Geobrowser der Autonomen Provinz Bozen"}}, {"type": "Feature", "geometry": {"type": "LineString", "coordinates": [[11.33033, 46.7161207], [11.330308, 46.716104], [11.3302952, 46.7160707], [11.3303239, 46.7155556], [11.3303808, 46.7152434], [11.3303776, 46.7151838], [11.3303548, 46.7151324], [11.3303053, 46.7150415], [11.3301583, 46.7148246], [11.3301368, 46.7147784], [11.3301163, 46.7147245], [11.3300977, 46.7146751], [11.3300979, 46.7146386], [11.3301179, 46.7145877], [11.3302277, 46.7143332], [11.3302429, 46.7142445], [11.3302414, 46.7141619], [11.3302329, 46.7140852], [11.3302159, 46.714019], [11.3301752, 46.71394], [11.3301424, 46.7138841], [11.3301294, 46.7138403], [11.3301182, 46.7137777], [11.3301231, 46.7137098], [11.3302047, 46.7134984]]}, "properties": {"osm_id": "way/48823520", "highway": "residential"}}, {"type": "Feature", "geometry": {"type": "LineString", "coordinates": [[11.3374294, 46.7080658], [11.3373114, 46.7082571], [11.3371558, 46.7084719], [11.336945, 46.7086142], [11.3366912, 46.7088302]]}, "properties": {"osm_id": "way/48823521", "highway": "residential"}}, {"type": "Feature", "geometry": {"type": "LineString", "coordinates": [[11.3280885, 46.69168], [11.3280483, 46.6917513], [11.3279138, 46.6919147], [11.3277545, 46.69213], [11.3275443, 46.6922992], [11.3271203, 46.6925861], [11.3270475, 46.6926473], [11.3270461, 46.6928316], [11.3269901, 46.6929427], [11.3270341, 46.6930519], [11.3270917, 46.6931278], [11.3271325, 46.6932457], [11.3271094, 46.6934918], [11.3271698, 46.6935729], [11.3274596, 46.6938235], [11.3275001, 46.6938771], [11.3276078, 46.6940545], [11.3279925, 46.6944593], [11.32827, 46.6946701], [11.3283202, 46.6947614], [11.3283896, 46.6949243], [11.328414, 46.6949815], [11.3285173, 46.6950849], [11.3286467, 46.6955716], [11.3286332, 46.6956666], [11.3285219, 46.6959774], [11.328474, 46.696301], [11.3285165, 46.6965034], [11.3285938, 46.6966159], [11.3287613, 46.696721], [11.3289015, 46.6967874], [11.3290483, 46.6968946], [11.3291421, 46.6970381], [11.3292034, 46.6971632], [11.3293057, 46.6972742], [11.3294148, 46.6973613], [11.3294189, 46.6974177], [11.3293402, 46.6976717], [11.3292572, 46.6978527], [11.3292522, 46.6979399], [11.3291294, 46.6980468], [11.3290591, 46.6981016], [11.3290489, 46.6981342], [11.3290697, 46.6981841], [11.3291353, 46.6982113], [11.3293153, 46.6981929], [11.3298374, 46.6980602], [11.3299994, 46.6978472], [11.3301488, 46.6976988], [11.3303541, 46.6975589], [11.3304851, 46.6974223], [11.3305143, 46.6973045], [11.3304662, 46.6972099], [11.3304071, 46.6971626], [11.3301836, 46.6970309], [11.3299968, 46.6969014], [11.3299515, 46.6968368], [11.3299783, 46.6966896], [11.3299722, 46.6965275], [11.3298285, 46.696286], [11.3297985, 46.6961544], [11.3298138, 46.6960863], [11.3300106, 46.6959684], [11.3303049, 46.6958254], [11.3305173, 46.6956419], [11.3307897, 46.6955512], [11.3308681, 46.6954873], [11.3310047, 46.6950392], [11.3310241, 46.6949178], [11.330993, 46.694576], [11.3310649, 46.6943129], [11.3311293, 46.6941947], [11.331367, 46.6939209], [11.3314877, 46.6938546], [11.3316948, 46.6938034], [11.3317784, 46.6937062], [11.3317624, 46.6935626], [11.3317619, 46.6934127], [11.3318206, 46.6932896], [11.3320466, 46.6929945], [11.3321739, 46.6927571], [11.3322901, 46.692715], [11.3332148, 46.6920177], [11.3333846, 46.6919296], [11.3338309, 46.6917946], [11.3343631, 46.6917947], [11.3346006, 46.6917665], [11.334775, 46.6917062]]}, "properties": {"osm_id": "way/48823522", "highway": "track", "name": "Kesselberg", "source": "Geobrowser der Autonomen Provinz Bozen"}}, {"type": "Feature", "geometry": {"type": "LineString", "coordinates": [[11.3431328, 46.6824113], [11.3428592, 46.6823965], [11.3426715, 46.6824297], [11.3423818, 46.6825253], [11.3418775, 46.6825695], [11.3414859, 46.6826247], [11.3412445, 46.6826321], [11.3406598, 46.6826983], [11.3403379, 46.6827461], [11.3400858, 46.6828382], [11.3398605, 46.6829449], [11.3395977, 46.6830921], [11.3389271, 46.6833092], [11.3388037, 46.6834086], [11.3386267, 46.6835779], [11.338514, 46.6836367], [11.3384229, 46.6835963], [11.3384443, 46.6833755], [11.3384229, 46.6831988], [11.3383478, 46.682989], [11.3382244, 46.682805], [11.3380849, 46.6827057], [11.3379722, 46.6827314], [11.3378596, 46.6828198], [11.3377147, 46.6829706], [11.3376933, 46.6831142], [11.3376075, 46.6832724], [11.3373714, 46.6834748], [11.3372159, 46.6836331], [11.3371783, 46.6837104], [11.3371193, 46.6838097], [11.3365721, 46.6843617], [11.3363629, 46.6845016], [11.3359928, 46.6846782], [11.3357245, 46.6847408], [11.3353759, 46.6848585], [11.33529, 46.6848806], [11.3352418, 46.6848365], [11.3352847, 46.6847629], [11.3354134, 46.6846893], [11.3355261, 46.6846193], [11.3356977, 46.6844206], [11.3358372, 46.6841667], [11.3358157, 46.6840747], [11.3357675, 46.6840636], [11.3356065, 46.6841556], [11.335451, 46.684244], [11.3352793, 46.6843654], [11.334995, 46.6845752], [11.3346946, 46.6847224], [11.3343888, 46.6847592], [11.3340294, 46.6847776], [11.3334071, 46.6853333], [11.3330906, 46.6854437], [11.333037, 46.6855025], [11.3330123, 46.6856155], [11.3329206, 46.6858578], [11.3326697, 46.6861187], [11.3324406, 46.6864638], [11.3321745, 46.6866723], [11.3321516, 46.686752], [11.3321057, 46.6868033], [11.3319724, 46.6868856], [11.3319038, 46.6869701], [11.3317927, 46.6872722], [11.3315433, 46.6874639], [11.3311377, 46.687659], [11.331009, 46.6879199], [11.3309843, 46.6881764], [11.3307969, 46.6884391], [11.3308156, 46.688487], [11.3308619, 46.6885072]]}, "properties": {"osm_id": "way/48823523", "highway": "track", "name": "Graf Bergweg", "source": "Geobrowser der Autonomen Provinz Bozen"}}, {"type": "Feature", "geometry": {"type": "LineString", "coordinates": [[11.3108985, 46.7154997], [11.3106556, 46.7154965], [11.3105608, 46.7155009], [11.3104532, 46.7155109], [11.3102867, 46.7155382], [11.3101752, 46.7155627], [11.3100821, 46.7155704], [11.3100148, 46.7155596], [11.3099387, 46.7155394], [11.3098149, 46.7154714], [11.3096822, 46.7154116], [11.3096215, 46.7153862], [11.3095583, 46.7153748]]}, "properties": {"osm_id": "way/48823545", "highway": "track", "mtb:scale": "1", "name": "Durralmweg", "source": "Geobrowser der Autonomen Provinz Bozen"}}, {"type": "Feature", "geometry": {"type": "LineString", "coordinates": [[11.339964, 46.7113295], [11.3401006, 46.71159], [11.3402802, 46.7116716], [11.3403231, 46.7124808], [11.340645, 46.7128339], [11.3406856, 46.7129377], [11.3405204, 46.7132146], [11.3405055, 46.7133684], [11.3406122, 46.7133732], [11.3410307, 46.7129981], [11.3410861, 46.7128734], [11.3409579, 46.7124641], [11.3411199, 46.7118264], [11.3415462, 46.7113773], [11.3420171, 46.711173], [11.3424184, 46.7108056], [11.342507, 46.710617], [11.3424918, 46.710345], [11.3426002, 46.7101081], [11.3427415, 46.7097987], [11.3429655, 46.7095543], [11.343119, 46.7094039], [11.3433588, 46.7091954], [11.3436776, 46.7090347], [11.3438337, 46.7089579], [11.3439456, 46.7089982], [11.3438575, 46.7090674], [11.3437438, 46.7092241]]}, "properties": {"osm_id": "way/48825851", "highway": "residential"}}, {"type": "Feature", "geometry": {"type": "LineString", "coordinates": [[11.3419657, 46.7083699], [11.3416766, 46.708773], [11.3413117, 46.7093059], [11.3410113, 46.709995], [11.3407094, 46.7103915], [11.3404286, 46.7105564], [11.3403025, 46.7106907], [11.3401349, 46.7111253], [11.339964, 46.7113295], [11.3398936, 46.7113339], [11.3397975, 46.7111171], [11.3397093, 46.7109403], [11.3396404, 46.7107821], [11.3396299, 46.7105834], [11.3396508, 46.710453], [11.3397165, 46.7103057], [11.3397849, 46.7101736], [11.339808, 46.7101035], [11.3398006, 46.7100535], [11.3397666, 46.7100218], [11.3397061, 46.7100196], [11.3396522, 46.7100479], [11.3393536, 46.7102642], [11.3389936, 46.7109673], [11.338933, 46.7113943], [11.338958, 46.7120492], [11.338923, 46.7123248], [11.3388785, 46.7125391], [11.3388204, 46.7126063], [11.3387327, 46.7126562], [11.3385694, 46.7127036], [11.3383875, 46.7127736], [11.3383223, 46.7127688], [11.3382679, 46.7127414], [11.3382534, 46.712661], [11.3382993, 46.7124739], [11.3383761, 46.7121745], [11.3384484, 46.7119431], [11.3383196, 46.7116194], [11.3381757, 46.7114132]]}, "properties": {"osm_id": "way/48825855", "highway": "residential"}}, {"type": "Feature", "geometry": {"type": "LineString", "coordinates": [[11.3404753, 46.7083489], [11.3404013, 46.7084319], [11.3400257, 46.7089173], [11.3397881, 46.7091197], [11.3396365, 46.7094057], [11.3396341, 46.7098653], [11.3393536, 46.7102642]]}, "properties": {"osm_id": "way/48825869", "highway": "residential"}}, {"type": "Feature", "geometry": {"type": "LineString", "coordinates": [[11.3595469, 46.6890302], [11.3590128, 46.6890531], [11.3587411, 46.689209], [11.3585078, 46.6892543], [11.3582154, 46.6898099], [11.3584198, 46.690083], [11.3584439, 46.6902158], [11.3582503, 46.6906382], [11.3579724, 46.6910176], [11.3578453, 46.6912803], [11.3578755, 46.6919969], [11.3576527, 46.69235], [11.3574193, 46.6925774], [11.3573083, 46.6928272], [11.3574295, 46.6930454], [11.3574982, 46.6932316], [11.3573078, 46.6934888], [11.3570234, 46.6936518], [11.3569097, 46.6938862], [11.356943, 46.6941676], [11.3572831, 46.6944616], [11.3579145, 46.6946802], [11.3578903, 46.6947791], [11.3575797, 46.6949973], [11.3569821, 46.6951607], [11.3566265, 46.6952148], [11.3564081, 46.6953193], [11.3559307, 46.6959705], [11.3556346, 46.6961688], [11.355589, 46.696284], [11.3551933, 46.6964416], [11.3546964, 46.6968403], [11.3543884, 46.6971596], [11.3541653, 46.6972899], [11.3539078, 46.697692], [11.3538407, 46.6979621], [11.3537789, 46.6981849], [11.3535671, 46.6984713], [11.3533901, 46.6987873], [11.3535196, 46.69912], [11.3530904, 46.6992819], [11.3526901, 46.6996041], [11.3524803, 46.7002471], [11.3523988, 46.7005654], [11.3521429, 46.7010392], [11.3515378, 46.701431], [11.3513339, 46.7019696], [11.3513851, 46.7021235], [11.351956, 46.7026267], [11.3520513, 46.7027937], [11.351947, 46.7029006], [11.3518342, 46.7029731], [11.3517892, 46.7030571], [11.3518073, 46.7033663], [11.351702, 46.703431]]}, "properties": {"osm_id": "way/48825870", "highway": "residential"}}, {"type": "Feature", "geometry": {"type": "LineString", "coordinates": [[11.3617007, 46.7128252], [11.3616459, 46.7128604], [11.3614816, 46.712959], [11.3613961, 46.713074], [11.361314, 46.7131537], [11.3611599, 46.7132007], [11.3610367, 46.7132922], [11.3609512, 46.7134353], [11.3608999, 46.7135644], [11.3608143, 46.7136395], [11.3607048, 46.7138037], [11.3606671, 46.7139774], [11.360674, 46.7140876], [11.3606808, 46.714212], [11.3606398, 46.7143082], [11.3605884, 46.7144936], [11.3605747, 46.7145781], [11.3605405, 46.7146672], [11.3604241, 46.7147517], [11.3603249, 46.7148197], [11.3601127, 46.7149535], [11.3599484, 46.7151529], [11.3598697, 46.7153852], [11.3597602, 46.7155518], [11.3596575, 46.7156457], [11.3594009, 46.7157677], [11.3592914, 46.715932], [11.3592263, 46.7161713], [11.3592126, 46.7164012], [11.3591784, 46.7167461], [11.3591134, 46.7169151], [11.3589149, 46.7172178], [11.3586993, 46.7173844], [11.3583571, 46.717504], [11.3581243, 46.7176354], [11.3579532, 46.717802], [11.3578266, 46.7179076], [11.3577205, 46.7179686], [11.3574707, 46.7180976], [11.3571695, 46.7183158], [11.3570052, 46.7184989], [11.3568239, 46.7186654], [11.3568444, 46.7187804], [11.3567451, 46.7188907], [11.3565809, 46.7190526], [11.3565775, 46.7191816], [11.3566185, 46.7193107], [11.3565326, 46.7193682], [11.356383, 46.7192181], [11.3563105, 46.7188883], [11.356379, 46.7185458], [11.3565022, 46.7177329], [11.3563949, 46.7173504], [11.3566095, 46.7158646], [11.356352, 46.7153055], [11.3562876, 46.7146729], [11.3553006, 46.7135695], [11.3547856, 46.7124366], [11.3544243, 46.7117426], [11.3544444, 46.7113818], [11.3545638, 46.7110436], [11.3548791, 46.7108595], [11.3550355, 46.7106587], [11.3550803, 46.7103373], [11.3550578, 46.7102185], [11.3550321, 46.710083], [11.3548604, 46.709872], [11.3549115, 46.7096869], [11.3548971, 46.7095514], [11.3549926, 46.7091801], [11.3552636, 46.7087705], [11.3555797, 46.7085636], [11.3557306, 46.7084084], [11.3558154, 46.7082657], [11.3560694, 46.7078387], [11.3566132, 46.7075792], [11.3569916, 46.7075486], [11.3572173, 46.7075101], [11.3573114, 46.7073392], [11.3571174, 46.7071199], [11.3570529, 46.7067326], [11.3573495, 46.7062351], [11.3573567, 46.7059037], [11.3574766, 46.7057477], [11.357581, 46.7056942], [11.3575799, 46.7055373], [11.3574103, 46.7054411], [11.3573689, 46.7054175], [11.3571813, 46.7051386], [11.3573258, 46.7049667], [11.3575701, 46.7047991], [11.3578436, 46.7046035], [11.3580894, 46.7044372], [11.3580436, 46.7043712], [11.3578503, 46.7044567], [11.3575322, 46.7045353], [11.3571459, 46.704592], [11.3568264, 46.7047228], [11.3565771, 46.7049108], [11.3564527, 46.7052919], [11.356352, 46.7054035], [11.3562048, 46.7054446], [11.3556226, 46.7054601], [11.3552985, 46.7057517], [11.3551582, 46.7058623], [11.3550002, 46.7059185], [11.3546463, 46.70592], [11.3544149, 46.7058695], [11.3540977, 46.7058312], [11.353625, 46.7056426], [11.3535139, 46.7056762], [11.3534665, 46.7059705], [11.3531876, 46.7060594], [11.3527686, 46.7061098], [11.3523285, 46.706259], [11.3519909, 46.7064527], [11.3516377, 46.7064297], [11.3510518, 46.7062957], [11.3508908, 46.7064009], [11.3507576, 46.7065404], [11.3506657, 46.7066101], [11.350442, 46.7069155], [11.3503508, 46.7073411], [11.3502795, 46.7074929], [11.3501895, 46.707507], [11.3501507, 46.7071545], [11.3499362, 46.7064924], [11.350258, 46.7057861], [11.3506872, 46.7056242], [11.350805, 46.705521], [11.3507298, 46.7051975], [11.3511807, 46.7048149], [11.3515455, 46.7046678], [11.3515455, 46.704344], [11.3511592, 46.7039934], [11.3512661, 46.7038686], [11.3521559, 46.7038654], [11.352318, 46.7038143], [11.3523609, 46.7036819], [11.3522309, 46.7035166], [11.3520505, 46.7034038], [11.3520066, 46.7032516], [11.3519488, 46.7030714], [11.3520115, 46.7029608], [11.3520868, 46.7028748], [11.3520513, 46.7027937]]}, "properties": {"osm_id": "way/48825875", "highway": "track"}}, {"type": "Feature", "geometry": {"type": "LineString", "coordinates": [[11.3503985, 46.7308864], [11.3496904, 46.7304305], [11.3487033, 46.7297981], [11.3483815, 46.7292391], [11.3476734, 46.7286802], [11.3471584, 46.7284008], [11.3469867, 46.7280331], [11.3464288, 46.7276948], [11.3463215, 46.7271506], [11.3460855, 46.7268417], [11.3456256, 46.7254571], [11.345592, 46.7253561], [11.3453774, 46.7244882], [11.3448195, 46.7235615], [11.344841, 46.7226789], [11.3444118, 46.7222965], [11.3442136, 46.7220389], [11.3440638, 46.7217228], [11.3440354, 46.7215429], [11.3440704, 46.7213916], [11.3443195, 46.7210051], [11.3443344, 46.7209514], [11.3442676, 46.7207629], [11.3441811, 46.7206429], [11.3441553, 46.7204138], [11.3441794, 46.7202271], [11.3441506, 46.7200682], [11.344014, 46.719633], [11.3438016, 46.7193941], [11.3436919, 46.7191437], [11.3435776, 46.7185168], [11.3435016, 46.7182173], [11.3435425, 46.7180157], [11.3436106, 46.7178388], [11.3437366, 46.7176162], [11.3437681, 46.7175155], [11.3436985, 46.7173409], [11.3435418, 46.7170669], [11.3435177, 46.7169003], [11.3435461, 46.71672], [11.3436652, 46.7164601], [11.3436878, 46.7162954], [11.3437155, 46.7161644], [11.343896, 46.7157084], [11.3438991, 46.7156065], [11.3438866, 46.7154622]]}, "properties": {"osm_id": "way/48942228", "highway": "track", "name": "Lobiser Waldweg", "source": "Geobrowser der Autonomen Provinz Bozen"}}, {"type": "Feature", "geometry": {"type": "LineString", "coordinates": [[11.3353909, 46.71409], [11.3354644, 46.7142659], [11.3355078, 46.7146318], [11.3355304, 46.7151089], [11.335603, 46.7153048], [11.3357394, 46.715336]]}, "properties": {"osm_id": "way/48942229", "highway": "service"}}, {"type": "Feature", "geometry": {"type": "LineString", "coordinates": [[11.3403563, 46.7148527], [11.3405065, 46.7142789], [11.3404224, 46.7135833], [11.3405055, 46.7133684]]}, "properties": {"osm_id": "way/48942230", "access": "forestry", "highway": "track"}}, {"type": "Feature", "geometry": {"type": "LineString", "coordinates": [[11.3422807, 46.7204158], [11.3425664, 46.7199061], [11.3425128, 46.7195824], [11.3425677, 46.7195028], [11.3426272, 46.7192067], [11.3425934, 46.7190655], [11.342537, 46.7188615], [11.3424234, 46.7187607], [11.3424153, 46.7187071], [11.3423948, 46.7185747], [11.3423304, 46.7182658], [11.3423496, 46.7181376], [11.3425791, 46.7179407], [11.3426565, 46.7178396], [11.3427361, 46.7175509], [11.3426845, 46.7173905], [11.3424985, 46.7172636], [11.3424806, 46.7168829], [11.3426201, 46.7166402], [11.342942, 46.7161841], [11.3432745, 46.7159193], [11.3433495, 46.715702], [11.3434378, 46.7153938], [11.3435075, 46.715254], [11.3435562, 46.7152378]]}, "properties": {"osm_id": "way/48942232", "highway": "track", "name": "Weissbergweg 2", "source": "Geobrowser der Autonomen Provinz Bozen", "tracktype": "grade5"}}, {"type": "Feature", "geometry": {"type": "LineString", "coordinates": [[11.2874387, 46.693166], [11.2874706, 46.6929773], [11.2875855, 46.6927941], [11.2877065, 46.6926537], [11.2875454, 46.6924006], [11.2874549, 46.6922575], [11.2872714, 46.6919702], [11.2872189, 46.6919055], [11.2872461, 46.6918378], [11.2872244, 46.6917601], [11.2872821, 46.691677], [11.287417, 46.6916594], [11.2874856, 46.6916777], [11.2875633, 46.691674], [11.2876935, 46.6916492], [11.2877207, 46.6916287], [11.2876967, 46.6915913], [11.2879747, 46.6914234], [11.2880987, 46.691296], [11.2880896, 46.6912551], [11.2880345, 46.6912303], [11.2880269, 46.6910901], [11.2879816, 46.691078], [11.2879797, 46.6910055], [11.288039, 46.6909749], [11.2879704, 46.6907617], [11.2878758, 46.6906445], [11.2876857, 46.6905613], [11.2876192, 46.6905107], [11.287474, 46.6904687], [11.2874449, 46.6903576], [11.2873871, 46.6902664], [11.2872972, 46.6902405], [11.287299, 46.6901663], [11.2872898, 46.6900275], [11.2872455, 46.6899934], [11.2869497, 46.6898629]]}, "properties": {"osm_id": "way/49140838", "highway": "path", "mtb:scale": "3", "sac_scale": "mountain_hiking", "surface": "dirt", "trail_visibility": "excellent"}}, {"type": "Feature", "geometry": {"type": "LineString", "coordinates": [[11.3042165, 46.6896247], [11.3043288, 46.6894946], [11.304396, 46.6893624], [11.304438, 46.6892354], [11.3045649, 46.6889794], [11.304545, 46.6887433], [11.3045771, 46.6886017], [11.3046364, 46.6884336], [11.3046374, 46.6883078], [11.3046133, 46.6882008], [11.3045448, 46.6880822], [11.3042294, 46.6879312], [11.3039454, 46.6877936], [11.3037232, 46.6877046], [11.3034244, 46.6876387], [11.3032865, 46.687603], [11.3030025, 46.6875967], [11.3029161, 46.6875437], [11.3028173, 46.6875056], [11.3028019, 46.6874569], [11.3028431, 46.6873861], [11.3028295, 46.6873018], [11.3026692, 46.6872071], [11.3025472, 46.686992], [11.3024686, 46.6869424], [11.3024099, 46.6868578], [11.3021229, 46.6866545], [11.3020531, 46.6866056], [11.3020347, 46.6865614], [11.3020838, 46.6863826], [11.302126, 46.6862882], [11.3021451, 46.686229], [11.3021512, 46.6861365], [11.302093, 46.6860439], [11.3020838, 46.685964], [11.3020623, 46.6859156], [11.3019948, 46.6858125], [11.3016422, 46.6854612], [11.3015379, 46.6853581], [11.3013202, 46.6851519], [11.3009087, 46.684869]]}, "properties": {"osm_id": "way/61635499", "foot": "yes", "highway": "path", "incline": "up", "mtb:scale": "1", "mtb:scale:uphill": "2", "sac_scale": "mountain_hiking", "width": "0.5"}}, {"type": "Feature", "geometry": {"type": "LineString", "coordinates": [[11.2725645, 46.6850228], [11.2728341, 46.6852013], [11.2730556, 46.6853112], [11.2732407, 46.6853744], [11.2734302, 46.6854022], [11.2735255, 46.6853874], [11.2737216, 46.6853609], [11.273869, 46.6853235], [11.2739421, 46.6853292], [11.2740121, 46.6853419], [11.2741764, 46.6854178], [11.2742721, 46.6854639], [11.2742957, 46.685489], [11.2743429, 46.6855784], [11.2743664, 46.6855983], [11.274398, 46.6856104], [11.2745628, 46.685643], [11.2746737, 46.6856813], [11.2747841, 46.6856961], [11.2750302, 46.685696], [11.2752569, 46.6856906], [11.2754217, 46.6856745], [11.2756176, 46.6856567], [11.2758697, 46.6857025], [11.276379, 46.6857836], [11.276559, 46.6858366], [11.2769172, 46.6859187], [11.2769987, 46.6859438], [11.2770485, 46.685984], [11.2770731, 46.6860455], [11.2771136, 46.6861787], [11.2771456, 46.686218], [11.2771831, 46.6862478], [11.2772169, 46.686264], [11.2772849, 46.6862775], [11.2773773, 46.6862958], [11.2774315, 46.686293], [11.2775046, 46.6862642], [11.2776763, 46.686201], [11.2777427, 46.6861822], [11.277804, 46.6861786], [11.2779647, 46.6861981], [11.2782339, 46.6862364], [11.2782915, 46.6862406], [11.2783521, 46.6862338], [11.2784743, 46.6862117], [11.2785319, 46.6862096], [11.2785982, 46.686213], [11.2787453, 46.6862377], [11.2788605, 46.686267], [11.2789398, 46.6862924], [11.2790023, 46.6863281], [11.2790538, 46.6863971], [11.2791949, 46.6865387], [11.2792593, 46.6865917], [11.2793223, 46.6866372], [11.2794195, 46.6866792], [11.2796844, 46.6867959], [11.2799172, 46.6869074], [11.2801931, 46.6870637], [11.2804452, 46.6872176], [11.2805047, 46.687255], [11.280543, 46.6872906], [11.2805733, 46.6873256], [11.280613, 46.6873573], [11.280673, 46.68738], [11.2807273, 46.6873927], [11.2807896, 46.6873936], [11.2809531, 46.6873808], [11.2810177, 46.6873793], [11.2810974, 46.6873909], [11.2812988, 46.6874378], [11.2813747, 46.6874515], [11.2814817, 46.687467], [11.2815686, 46.6874652], [11.2816489, 46.6874595], [11.2817232, 46.6874337], [11.2817939, 46.6873917], [11.2819412, 46.6872093], [11.2819958, 46.6871765]]}, "properties": {"osm_id": "way/61718049", "bicycle": "yes", "foot": "yes", "highway": "track", "mtb": "yes", "mtb:scale": "1", "name": "Waidmannweg", "ref:hiking": "18A", "surface": "pebblestone", "tracktype": "grade3", "width": "3"}}, {"type": "Feature", "geometry": {"type": "LineString", "coordinates": [[11.2766706, 46.6679166], [11.2766034, 46.6678021], [11.2764874, 46.6676373], [11.2764494, 46.6675941], [11.2764177, 46.6675726], [11.2763634, 46.6675486], [11.2763161, 46.6675183], [11.2762754, 46.6674579], [11.2762531, 46.6674049], [11.2762232, 46.6672943], [11.2762028, 46.6672717], [11.2761606, 46.6672537], [11.2761245, 46.6672517], [11.276084, 46.6672646], [11.2760441, 46.6672978], [11.2759921, 46.6673945], [11.2759422, 46.6674852], [11.2758988, 46.6675804], [11.275862, 46.6676816], [11.2757753, 46.667808], [11.2756777, 46.6679107], [11.2755889, 46.6680103], [11.275535, 46.6680913], [11.275449, 46.6681697], [11.2753817, 46.6682607], [11.2753016, 46.6683968], [11.2752313, 46.6685092], [11.2751654, 46.6686213], [11.2750241, 46.6687979], [11.2749, 46.6689173], [11.274845, 46.6689761], [11.2748318, 46.6690074], [11.2748197, 46.6690415], [11.2748176, 46.6691441], [11.2748031, 46.6691729], [11.2747714, 46.6691863], [11.2747117, 46.6691936], [11.2746243, 46.6691937], [11.2744527, 46.6691939], [11.2743991, 46.6691794], [11.2743725, 46.6691557], [11.274253, 46.6689408], [11.2741288, 46.6688053], [11.2740159, 46.668726], [11.2738395, 46.6686386], [11.273736, 46.6685935], [11.2736079, 46.6685409], [11.273526, 46.6684844], [11.2734188, 46.6683847], [11.2732994, 46.6683201], [11.2731149, 46.6682406], [11.2729363, 46.6681636], [11.2727251, 46.6680867], [11.2725505, 46.6680264], [11.2723326, 46.6679452], [11.2720709, 46.6678165], [11.2718656, 46.667687], [11.2716338, 46.6675393], [11.2714722, 46.6674168], [11.2713966, 46.6673622], [11.2713521, 46.6673439], [11.2712562, 46.6673188], [11.2711039, 46.6672961], [11.270917, 46.6672493], [11.2708093, 46.6672388], [11.2706999, 46.667237], [11.2706005, 46.6672302], [11.2705045, 46.6671802], [11.2704217, 46.6671052], [11.2702957, 46.6670561], [11.2701608, 46.6670228], [11.2700176, 46.6669893], [11.269974, 46.6669763], [11.2699121, 46.6669439], [11.2698872, 46.6668988], [11.2698847, 46.6668373], [11.2698999, 46.6667763], [11.2699416, 46.6667104], [11.2700044, 46.6666507], [11.2701411, 46.6665424], [11.270162, 46.6665177], [11.270162, 46.6664928], [11.2701538, 46.6664712], [11.2701342, 46.6664515], [11.2700777, 46.6664399], [11.2699914, 46.6664455], [11.2698683, 46.6664621], [11.2696985, 46.666502], [11.2695581, 46.6665297], [11.2694315, 46.6665689], [11.2693354, 46.6665961], [11.2692493, 46.6666098], [11.2691533, 46.6665961], [11.2691069, 46.6665711], [11.2691003, 46.6665257], [11.2691235, 46.6664871], [11.2691996, 46.6664302], [11.2692593, 46.6663871], [11.2693212, 46.6663306], [11.2693601, 46.6662984], [11.2693957, 46.6662657], [11.2694033, 46.6662144], [11.2693527, 46.6661897], [11.2692679, 46.6661946], [11.2691599, 46.6662075], [11.2690374, 46.666228], [11.2689413, 46.6662302], [11.2688883, 46.6662007], [11.2688784, 46.6661462], [11.2689115, 46.6661075], [11.2689488, 46.6660686], [11.2689919, 46.6660301], [11.2690281, 46.6660066], [11.2690986, 46.6659481], [11.2691078, 46.6659201], [11.2690974, 46.6658891], [11.2690747, 46.6658628], [11.2690345, 46.6658461], [11.2689914, 46.665845], [11.2689483, 46.6658471], [11.2688798, 46.6658579], [11.2688017, 46.6658907], [11.2687598, 46.6659089], [11.2687106, 46.6659225], [11.2686621, 46.66593], [11.2686203, 46.6659259], [11.2685915, 46.6659173], [11.2685604, 46.6658965], [11.2685396, 46.6658698], [11.2685204, 46.6658268], [11.2685114, 46.6657822], [11.2685111, 46.6657799], [11.2685043, 46.6657275], [11.2684975, 46.6655724], [11.2684941, 46.665509], [11.2685068, 46.6654236]]}, "properties": {"osm_id": "way/68433222", "highway": "track", "name": "Locherweg - Via Locher", "name:de": "Locherweg", "name:it": "Via Locher", "source": "GPS", "surface": "unpaved", "tracktype": "grade2"}}, {"type": "Feature", "geometry": {"type": "LineString", "coordinates": [[11.2990763, 46.6657267], [11.2989583, 46.6656953], [11.2988673, 46.6656711], [11.298777, 46.6656632], [11.2986758, 46.6656665], [11.2984183, 46.6657033], [11.2981769, 46.6657548], [11.2979731, 46.6657585], [11.2974742, 46.6656481], [11.296986, 46.6656076], [11.296718, 46.665576], [11.2963954, 46.6654764], [11.2962748, 46.6654513], [11.2961441, 46.665446], [11.2959024, 46.6654822], [11.2957602, 46.6654622], [11.2955961, 46.6654772], [11.2953539, 46.6655285], [11.2952216, 46.6655652], [11.2950683, 46.6656112], [11.294941, 46.6656922], [11.2948229, 46.6657966], [11.2947934, 46.6659024], [11.2947228, 46.6659963], [11.29465, 46.6660841], [11.2945222, 46.6663519], [11.2939287, 46.6667261], [11.2937014, 46.6668358], [11.2934797, 46.6670628], [11.2934096, 46.6672169], [11.2934038, 46.6674292], [11.2932882, 46.6676154], [11.2929912, 46.667837], [11.2929283, 46.6678476], [11.2928783, 46.667848], [11.2928064, 46.6678393], [11.2927077, 46.6677861], [11.2926463, 46.6677311], [11.2925349, 46.6674727], [11.2924538, 46.6673548], [11.2922953, 46.6673419], [11.2922261, 46.6673206], [11.2921015, 46.6673078], [11.2919189, 46.6673347], [11.2917662, 46.667345], [11.2916493, 46.6673629], [11.2915623, 46.6673901], [11.2915264, 46.6674299], [11.2914458, 46.6675403], [11.2914291, 46.6675498], [11.2914016, 46.667546], [11.291366, 46.6675514], [11.2913335, 46.6675894], [11.2912658, 46.6676122], [11.2912014, 46.6676336], [11.2911176, 46.6676408], [11.2910009, 46.667637], [11.2908738, 46.6676268], [11.290741, 46.6676092], [11.2898733, 46.6674785], [11.2896518, 46.6674679], [11.2887993, 46.6675046], [11.2883085, 46.6675812], [11.2877657, 46.6677032], [11.2876268, 46.6677592], [11.2875328, 46.667821], [11.2874138, 46.668009], [11.2872431, 46.6682907], [11.2871473, 46.6683322], [11.2870062, 46.6684271], [11.286989, 46.6684845], [11.2869059, 46.6685038], [11.2869128, 46.6686074], [11.2868692, 46.6687499], [11.2867751, 46.6688589], [11.2867296, 46.668896], [11.2866718, 46.6689234], [11.2866198, 46.668931], [11.286549, 46.6689204], [11.2864889, 46.668886], [11.2864548, 46.6688447], [11.2863561, 46.6686038], [11.2862947, 46.6685034], [11.2860983, 46.6682926], [11.2860707, 46.6682841], [11.2858316, 46.6682249], [11.2858186, 46.6682124], [11.2858103, 46.6681203], [11.2856248, 46.6679311], [11.2854203, 46.6678335], [11.285342, 46.6678148], [11.2851237, 46.6677649], [11.284816, 46.667754], [11.2847666, 46.6677624], [11.2847188, 46.6677808], [11.2846808, 46.6677846], [11.2846084, 46.6677777], [11.2842893, 46.6677805], [11.2836083, 46.6678412], [11.2835795, 46.6678527], [11.283551, 46.667921], [11.2835038, 46.667947], [11.2834787, 46.6679506], [11.2834397, 46.6679401], [11.2833898, 46.6679191], [11.283273, 46.6679337], [11.2831276, 46.6679652], [11.2830375, 46.6679726], [11.282763, 46.6679886], [11.2823888, 46.66804], [11.2822442, 46.6680727], [11.2820082, 46.6681493], [11.2816878, 46.6682028], [11.2816481, 46.6682086], [11.2815966, 46.6682181], [11.2812532, 46.6683209], [11.2812099, 46.6683273], [11.2811191, 46.6683358], [11.2810729, 46.6683401], [11.2810213, 46.6683607]]}, "properties": {"osm_id": "way/68994324", "highway": "path", "ref": "15", "sac_scale": "hiking", "surface": "ground", "trail_visibility": "good"}}, {"type": "Feature", "geometry": {"type": "LineString", "coordinates": [[11.2685068, 46.6654236], [11.2684848, 46.6654195], [11.2684753, 46.6654055], [11.2684724, 46.6653887], [11.2684731, 46.6652962], [11.268463, 46.6652688], [11.2684497, 46.66524], [11.2684306, 46.6652158], [11.2684045, 46.6651955], [11.2683646, 46.6651817], [11.2683147, 46.6651746], [11.2681845, 46.6651626], [11.268124, 46.665155], [11.2680759, 46.6651381], [11.2680413, 46.665109], [11.2680217, 46.6650706], [11.2679741, 46.6648532], [11.2678944, 46.6646901], [11.267657, 46.6645504], [11.2674398, 46.6644674], [11.2668242, 46.6644107], [11.2662749, 46.6642776], [11.2655198, 46.6640378], [11.2651902, 46.6639092], [11.265112, 46.663885], [11.264606, 46.6637709], [11.2643767, 46.6637159], [11.2641908, 46.6637026], [11.2640377, 46.6636684], [11.2636997, 46.6635272], [11.2630331, 46.6634095], [11.2624144, 46.6632336], [11.2621096, 46.6632158], [11.2619562, 46.6632309], [11.2618645, 46.6632334], [11.2611825, 46.6631518], [11.2610938, 46.6631396], [11.2610019, 46.6631338], [11.2606773, 46.6631578], [11.260558, 46.6631651], [11.2604459, 46.6631593], [11.2603506, 46.66315], [11.2602736, 46.6631545], [11.2593695, 46.6632722], [11.259284, 46.663283], [11.2592112, 46.6632871], [11.2589932, 46.663287], [11.2584607, 46.6632933], [11.2581022, 46.6633017], [11.2575168, 46.6633207], [11.2574345, 46.66332], [11.2573671, 46.6633264], [11.2573017, 46.6633408], [11.2572366, 46.6633737], [11.2569529, 46.6635147], [11.2568905, 46.6635566], [11.2568356, 46.6636031], [11.256789, 46.6636651], [11.256752, 46.663747], [11.2567154, 46.6638525], [11.2566943, 46.663947], [11.2566821, 46.6641368], [11.2566956, 46.6645201], [11.2566727, 46.6647289]]}, "properties": {"osm_id": "way/71507390", "highway": "track", "name": "Locherweg - Via Locher", "name:de": "Locherweg", "name:it": "Via Locher", "surface": "gravel", "tracktype": "grade2"}}, {"type": "Feature", "geometry": {"type": "LineString", "coordinates": [[11.2579219, 46.6799127], [11.2579799, 46.6799873], [11.2580605, 46.6800631], [11.2581936, 46.6801615], [11.2583107, 46.6802367], [11.258485, 46.6803292], [11.2586292, 46.6804077], [11.2588391, 46.6805214], [11.2590171, 46.6805998], [11.2593095, 46.6807143], [11.2595062, 46.6807785], [11.2596304, 46.6808145], [11.2597695, 46.6808441], [11.2598997, 46.6808557], [11.2600009, 46.6808499], [11.2600853, 46.680828], [11.2601429, 46.6808027], [11.2601832, 46.6807747], [11.2602155, 46.6807319], [11.2602525, 46.6806754], [11.2602825, 46.680606], [11.2603036, 46.6805613], [11.260342, 46.6805092], [11.2604043, 46.6804539], [11.2608001, 46.6801544], [11.2609529, 46.6800464], [11.2611796, 46.6799069], [11.2612864, 46.6798452], [11.2613895, 46.6798143], [11.2615122, 46.6797996], [11.2616012, 46.6797963], [11.2616912, 46.6798002], [11.2618083, 46.679824], [11.2620652, 46.6799], [11.2622749, 46.679984], [11.2625889, 46.6801476], [11.2629853, 46.6803657], [11.2633108, 46.6805471], [11.2636093, 46.6807403], [11.2639458, 46.6809545], [11.2642419, 46.6811223], [11.2644841, 46.6812877], [11.2647121, 46.681441], [11.2649536, 46.6816429], [11.2651174, 46.6818349], [11.2652327, 46.6819996], [11.2653192, 46.6821489], [11.2655434, 46.6825663], [11.2656615, 46.6828247], [11.2658298, 46.6831323], [11.2659065, 46.6833667], [11.266057, 46.6835594], [11.2660996, 46.6837106], [11.266123, 46.6838979], [11.26618, 46.6840391], [11.2662811, 46.6842006], [11.2663933, 46.684355], [11.2665201, 46.6845032], [11.2665403, 46.6845291], [11.2666396, 46.6846514], [11.2666994, 46.6847107], [11.2667729, 46.6847674], [11.2669245, 46.6848608], [11.2671019, 46.6849566], [11.2671773, 46.6850159], [11.2672931, 46.6851376], [11.2674025, 46.6852731], [11.2674669, 46.6853835], [11.2675027, 46.685497], [11.2675165, 46.6855966], [11.2675285, 46.6857387], [11.2675227, 46.6858436], [11.2675671, 46.6858885], [11.2676386, 46.6859188], [11.2677465, 46.6859324], [11.2678544, 46.6859373], [11.2680464, 46.6859571], [11.2683534, 46.6859861], [11.2687198, 46.6859355], [11.2689812, 46.6859514], [11.2692103, 46.6859545], [11.2694254, 46.6859101], [11.2696799, 46.6858434], [11.2700292, 46.68578], [11.2705871, 46.6857636], [11.2706775, 46.6857763], [11.2708448, 46.685816], [11.2709679, 46.6858558]]}, "properties": {"osm_id": "way/71535968", "highway": "track", "name": "Kuhleitenweg", "source": "Geobrowser der Autonomen Provinz Bozen", "surface": "compacted", "tracktype": "grade2", "width": "3"}}, {"type": "Feature", "geometry": {"type": "LineString", "coordinates": [[11.2712657, 46.6862215], [11.2714202, 46.6863955], [11.2715819, 46.686632], [11.2717481, 46.6869502], [11.2719187, 46.6872295], [11.2720183, 46.6873522], [11.2722282, 46.687556], [11.2725275, 46.6879176], [11.2727462, 46.6881617], [11.2728497, 46.6883329], [11.2729477, 46.6884951], [11.2730616, 46.6887929], [11.2731277, 46.6889421], [11.2731555, 46.6890339], [11.2731655, 46.6892598], [11.2731944, 46.6895308], [11.2732446, 46.689762], [11.2732682, 46.689848], [11.273317, 46.6899286], [11.2735206, 46.6900985], [11.2737177, 46.6902415], [11.2740297, 46.6904362], [11.2742621, 46.6905541], [11.2744855, 46.6906461], [11.2745529, 46.6906996], [11.274583, 46.6907649], [11.274585, 46.6908469], [11.2745604, 46.6909565], [11.2744745, 46.6911932], [11.274435, 46.6912953], [11.274415, 46.691332], [11.2743668, 46.6913818], [11.2740438, 46.6916363], [11.2737037, 46.6919474], [11.273662, 46.6920063], [11.2736076, 46.6921025], [11.2735774, 46.6921928], [11.2735731, 46.6922759], [11.2736003, 46.6923889], [11.2736551, 46.6925027], [11.2736908, 46.6926091], [11.2737435, 46.692792], [11.2737907, 46.692874], [11.2737997, 46.6929142], [11.2737896, 46.6929526], [11.273756, 46.6929838], [11.273711, 46.693004], [11.2736495, 46.6930211], [11.2735582, 46.6930213], [11.2733499, 46.6930011], [11.2732355, 46.6929923], [11.2731187, 46.6930027], [11.273016, 46.6930351], [11.2728254, 46.6931322], [11.2726811, 46.6931789], [11.2724522, 46.6932358], [11.2723519, 46.6932582], [11.2722702, 46.6932626], [11.2721771, 46.6932487], [11.2720896, 46.693218], [11.2719482, 46.693178], [11.27171, 46.6931478], [11.271236, 46.6930954], [11.2711179, 46.6930895], [11.2710095, 46.6931061], [11.2709251, 46.693137], [11.2705909, 46.693313], [11.270399, 46.6934274], [11.2703096, 46.6935132], [11.2702513, 46.6935868], [11.2702155, 46.6936599], [11.2701866, 46.6938049], [11.2701522, 46.6939787], [11.2701235, 46.6940594], [11.2700796, 46.6941086], [11.2700176, 46.694155], [11.2699457, 46.6941964], [11.2699016, 46.6942315], [11.2698753, 46.6942824], [11.2698759, 46.6943435], [11.2698886, 46.6944006], [11.2699126, 46.6944858], [11.2699942, 46.6945893], [11.2701548, 46.6947283], [11.2702231, 46.6947909], [11.2702776, 46.6948598], [11.270309, 46.6949171], [11.270322, 46.6949774], [11.2703091, 46.6950636], [11.2702765, 46.6951983]]}, "properties": {"osm_id": "way/71535970", "highway": "track", "name": "Kuhleitenweg - Sentiero Kuhleiten", "name:de": "Kuhleitenweg", "name:it": "Sentiero Kuhleiten", "source": "GPS", "surface": "gravel", "tracktype": "grade2", "width": "3"}}, {"type": "Feature", "geometry": {"type": "LineString", "coordinates": [[11.2678463, 46.6935993], [11.2679223, 46.6936059], [11.2679756, 46.6936419], [11.2679935, 46.6936812], [11.2680182, 46.69372], [11.268071, 46.6937707], [11.2680985, 46.6938154], [11.268142, 46.6938476], [11.2681653, 46.6939589], [11.2681921, 46.6940017], [11.2682141, 46.6940707], [11.2682346, 46.6941402], [11.2682856, 46.6941662], [11.2683289, 46.6942287], [11.268391, 46.6942837], [11.2683996, 46.6943625], [11.2684473, 46.694407], [11.2684994, 46.6944758], [11.2685415, 46.6945285], [11.2685997, 46.6945625], [11.2686544, 46.6946397], [11.2687818, 46.6947132], [11.2689232, 46.6948157], [11.2690156, 46.6948524], [11.2691249, 46.6949161], [11.2691587, 46.6949695], [11.2693581, 46.695095], [11.2694854, 46.6951071], [11.2695406, 46.6951783], [11.2696779, 46.6951902], [11.26985, 46.6952047], [11.2698685, 46.6952191], [11.2699144, 46.6952193], [11.2699564, 46.6952118], [11.2700488, 46.6952152], [11.2701274, 46.6952073], [11.2702153, 46.6952042], [11.2702765, 46.6951983]]}, "properties": {"osm_id": "way/71535973", "highway": "path", "sac_scale": "mountain_hiking"}}, {"type": "Feature", "geometry": {"type": "LineString", "coordinates": [[11.2702765, 46.6951983], [11.2702765, 46.6952496], [11.270299, 46.6953094], [11.2703653, 46.6953915], [11.2704803, 46.6955044], [11.2705441, 46.6958001], [11.2706067, 46.6959575], [11.2706718, 46.6960544], [11.2707442, 46.6961372], [11.2708595, 46.6962329], [11.2710599, 46.6963691], [11.2711133, 46.6964183], [11.2711278, 46.6964573]]}, "properties": {"osm_id": "way/71535975", "highway": "track", "name": "Kuhleitenweg - Sentiero Kuhleiten", "name:de": "Kuhleitenweg", "name:it": "Sentiero Kuhleiten", "source": "GPS", "surface": "gravel", "tracktype": "grade2", "width": "3"}}, {"type": "Feature", "geometry": {"type": "LineString", "coordinates": [[11.2810123, 46.6918063], [11.2811053, 46.6918215], [11.2811914, 46.6918177], [11.2812884, 46.6918357], [11.281349, 46.6918562], [11.281411, 46.6918729], [11.2814575, 46.6918946], [11.281522, 46.6918981], [11.2816135, 46.691878], [11.2817032, 46.6918399], [11.2817917, 46.6918106], [11.2818683, 46.6917709], [11.2819732, 46.691793], [11.2820898, 46.6917815], [11.2821757, 46.6918036], [11.2823213, 46.6918173], [11.2824173, 46.691842], [11.2825435, 46.6919067], [11.2826476, 46.6919677], [11.2827613, 46.6919782], [11.2829542, 46.6919719], [11.2831873, 46.6919469], [11.2833604, 46.6919075], [11.2836196, 46.691878], [11.2837662, 46.6918489], [11.2839242, 46.6918352]]}, "properties": {"osm_id": "way/71536858", "highway": "path", "incline": "up", "mtb:scale": "1", "mtb:scale:uphill": "2", "sac_scale": "mountain_hiking"}}, {"type": "Feature", "geometry": {"type": "LineString", "coordinates": [[11.2804623, 46.6913986], [11.2804373, 46.6913076], [11.2805135, 46.691217], [11.2805741, 46.6911196], [11.2805817, 46.6910756], [11.2804389, 46.6909738], [11.2802767, 46.6908621], [11.2801939, 46.6907543], [11.2800406, 46.6905457], [11.279898, 46.6904105], [11.2797166, 46.6903298], [11.279479, 46.6902195], [11.2792835, 46.6901567], [11.2791102, 46.6901023], [11.2789766, 46.6900361], [11.2788553, 46.6900039], [11.2787638, 46.690009], [11.2786623, 46.690009], [11.2785262, 46.6899597], [11.2783257, 46.6898867], [11.2780584, 46.6898307], [11.2778271, 46.6897914], [11.2776799, 46.6897073], [11.2774928, 46.6895916], [11.2773556, 46.6894895], [11.2771371, 46.6894128], [11.2769562, 46.6893244], [11.2767641, 46.6891873], [11.2766141, 46.689141], [11.2765268, 46.6891141], [11.2762914, 46.6890515], [11.2760389, 46.6890481], [11.275883, 46.6890804], [11.2757703, 46.6890841], [11.2756406, 46.689051], [11.2754772, 46.6890461], [11.2753141, 46.6890841], [11.2752242, 46.6891105], [11.2751678, 46.6891075], [11.2751114, 46.6890841], [11.2750733, 46.688995], [11.2750385, 46.6888603], [11.2749957, 46.6887375], [11.2749023, 46.688656], [11.2747708, 46.6886397], [11.274675, 46.6886085], [11.2746127, 46.6884966], [11.2745681, 46.6883933], [11.2745031, 46.6883073], [11.2744065, 46.6882312], [11.2742228, 46.6881171], [11.2740169, 46.6880204], [11.2738601, 46.6878955], [11.2736019, 46.6876303], [11.2733231, 46.68745], [11.2730982, 46.68735], [11.2727687, 46.6871621], [11.2724599, 46.6869752], [11.2723221, 46.6868665], [11.2722065, 46.6868111], [11.2720782, 46.6867894], [11.2719974, 46.6867394], [11.2719055, 46.6866525], [11.2717772, 46.6865134], [11.2716261, 46.6863996], [11.2713843, 46.6862681], [11.2712657, 46.6862215]]}, "properties": {"osm_id": "way/71536867", "foot": "yes", "highway": "path", "incline": "down", "mtb:scale": "0", "mtb:scale:uphill": "3", "sac_scale": "mountain_hiking"}}, {"type": "Feature", "geometry": {"type": "LineString", "coordinates": [[11.2862515, 46.6930401], [11.2860918, 46.692895], [11.285961, 46.6927919], [11.2858963, 46.6927236], [11.2858326, 46.6926914], [11.2857049, 46.6926668], [11.2856714, 46.6926558], [11.2856516, 46.6926374], [11.2855969, 46.6925111], [11.2855644, 46.6924852], [11.2853009, 46.6924741], [11.2852214, 46.6924511], [11.2851074, 46.6923826]]}, "properties": {"osm_id": "way/71536876", "bicycle": "yes", "foot": "yes", "highway": "path", "mtb:scale": "0", "sac_scale": "hiking", "sac_scale_ref": "T1", "source": "GPS", "surface": "gravel", "trail_visibility": "good", "width": "0.8"}}, {"type": "Feature", "geometry": {"type": "LineString", "coordinates": [[11.2878147, 46.6933072], [11.2876254, 46.6932668], [11.2874986, 46.6932089], [11.2874387, 46.693166]]}, "properties": {"osm_id": "way/71537212", "foot": "yes", "highway": "path", "source": "GPS"}}, {"type": "Feature", "geometry": {"type": "LineString", "coordinates": [[11.3042165, 46.6896247], [11.3042209, 46.6895079], [11.3041685, 46.6894143], [11.3037676, 46.6891915], [11.3033003, 46.6890448], [11.3030063, 46.6889808], [11.3027699, 46.6889615], [11.3024403, 46.6889868], [11.3022408, 46.6889451], [11.3019551, 46.6888005], [11.3012713, 46.6886577], [11.3006515, 46.6886586], [11.3000604, 46.6887113], [11.2995774, 46.6887281], [11.2990858, 46.6886922], [11.2984507, 46.6885681], [11.2979981, 46.6886158], [11.2975538, 46.6885799], [11.2971569, 46.688607], [11.2969085, 46.688567], [11.2966846, 46.6885123], [11.2965098, 46.6885292], [11.2963442, 46.6885607], [11.2962307, 46.6885418], [11.296151, 46.6884766], [11.2961636, 46.688359]]}, "properties": {"osm_id": "way/71537465", "bicycle": "yes", "foot": "yes", "highway": "track", "name": "Kesselberg - Costa Valcanova", "name:de": "Kesselberg", "name:it": "Costa Valcanova", "ref:hiking": "13", "source": "Geobrowser der Autonomen Provinz Bozen", "tracktype": "grade3"}}, {"type": "Feature", "geometry": {"type": "LineString", "coordinates": [[11.2873679, 46.7243187], [11.287504, 46.7242161], [11.2875793, 46.7241758], [11.2876441, 46.7240922], [11.2878716, 46.723992], [11.2881308, 46.7238494], [11.2882257, 46.7237307], [11.2883866, 46.7236684], [11.2886744, 46.7234371], [11.2887376, 46.7233596], [11.2887708, 46.7232253], [11.2888235, 46.7231623], [11.2889139, 46.7230973], [11.2890782, 46.7228752], [11.2892409, 46.7227079], [11.2894458, 46.7225281], [11.2896718, 46.7222183], [11.2897607, 46.7221614], [11.2900575, 46.7218702], [11.2902218, 46.7214994], [11.2902549, 46.7213269], [11.2901856, 46.7209374], [11.2901193, 46.7208383], [11.2899792, 46.720705], [11.2898707, 46.7204871], [11.2896884, 46.7203652], [11.2896326, 46.720296], [11.2895724, 46.7200419], [11.2895739, 46.7198787], [11.2896176, 46.7196246], [11.289592, 46.7195481], [11.2895015, 46.7194262], [11.2894895, 46.7193725], [11.2895272, 46.7192672], [11.2895151, 46.7192155], [11.2894699, 46.7191442], [11.2892575, 46.7189562], [11.2891987, 46.7188519], [11.289045, 46.7187858], [11.2889806, 46.7186139], [11.2890262, 46.7184439], [11.2890247, 46.7182993], [11.2891904, 46.7183096], [11.2892688, 46.7182838], [11.2893456, 46.7182414], [11.2894541, 46.7181299], [11.289537, 46.717978], [11.2894948, 46.717851], [11.2895324, 46.7176754], [11.2895159, 46.7176392], [11.2896168, 46.7176216], [11.2896439, 46.7175979], [11.289659, 46.7175545], [11.2896394, 46.7175101], [11.2896605, 46.7174842], [11.2897494, 46.7175121], [11.2898624, 46.7174491], [11.2899061, 46.7174109], [11.2899558, 46.7173159], [11.2900086, 46.7172756], [11.2900959, 46.7171051], [11.2902647, 46.7169337], [11.2904093, 46.71685], [11.2905103, 46.7168242], [11.2905299, 46.7167653], [11.2905992, 46.7167446], [11.2906338, 46.7166682], [11.2910211, 46.716162], [11.2910422, 46.7160101], [11.2910693, 46.7159657], [11.2913179, 46.7157953], [11.2914942, 46.7157571], [11.2915318, 46.7157168], [11.2915514, 46.7156248], [11.2916207, 46.7155763], [11.2917217, 46.7154564], [11.2919854, 46.7152829], [11.2921466, 46.7152261], [11.2922008, 46.7151786], [11.292231, 46.7151197], [11.2922942, 46.7150856], [11.2925142, 46.7150246], [11.2927613, 46.7148779], [11.2928407, 46.7149272], [11.2929497, 46.7147447], [11.2930822, 46.714691], [11.2931621, 46.7146042], [11.2933143, 46.7145195], [11.2933941, 46.7145143], [11.2933911, 46.7144513], [11.2934891, 46.7144286], [11.2935599, 46.7144565], [11.293584, 46.7144513], [11.2935975, 46.7144162], [11.2935795, 46.7143036], [11.2935086, 46.7141724], [11.293361, 46.7140525], [11.2933761, 46.7138428], [11.2933595, 46.7137333], [11.2932917, 46.7136114], [11.293132, 46.7135649], [11.2931139, 46.7135412], [11.2931244, 46.7134234], [11.2930672, 46.7132054], [11.2929466, 46.7130257], [11.2928577, 46.7129533], [11.2928638, 46.71291], [11.292924, 46.7128087], [11.2928939, 46.7126878], [11.2928788, 46.7124781], [11.2929406, 46.7124161], [11.2929738, 46.7122922], [11.2928653, 46.7120959], [11.2928668, 46.7120287], [11.2928065, 46.7118304], [11.2927176, 46.7116837], [11.2925896, 46.7115225], [11.2923319, 46.7113624], [11.2921375, 46.7113004], [11.2916057, 46.7111826], [11.2914791, 46.7111702], [11.2912953, 46.7111981], [11.2912305, 46.7111712], [11.2911612, 46.7110876], [11.2910301, 46.7110824], [11.2909066, 46.7110183], [11.2908794, 46.710976], [11.2908809, 46.7109336], [11.2909096, 46.7108923], [11.2909171, 46.7108293], [11.2908719, 46.7107559], [11.290774, 46.7106516], [11.2906519, 46.7105607], [11.290548, 46.7103582], [11.2903702, 46.7101794], [11.290331, 46.7100834], [11.2902587, 46.7099955], [11.2901848, 46.7099604], [11.2901592, 46.7099243], [11.2901622, 46.7098406], [11.2901336, 46.7097869], [11.2900161, 46.7097352], [11.2900131, 46.7097073], [11.2901065, 46.7095999], [11.2901487, 46.70948], [11.290227, 46.709356], [11.2902541, 46.7092899], [11.2902557, 46.7092104], [11.2902074, 46.7091453], [11.2900523, 46.7090089], [11.2898956, 46.7087661], [11.2897419, 46.7085822], [11.2896786, 46.7085347], [11.2894601, 46.7084871], [11.2894541, 46.7084407], [11.2894948, 46.7083797], [11.2894345, 46.7080708], [11.2893953, 46.7079819], [11.2893215, 46.7078579], [11.2890759, 46.7075996], [11.2889599, 46.7073537], [11.288755, 46.7071719], [11.2885742, 46.7070903], [11.2883451, 46.7070252], [11.2879157, 46.7069942], [11.287854, 46.7069632], [11.2877199, 46.7068155], [11.2876475, 46.7067907], [11.2875526, 46.7067297], [11.2874848, 46.706645], [11.287414, 46.7065943], [11.2873251, 46.7062503], [11.2872874, 46.7061955], [11.2872799, 46.7060808], [11.287179, 46.7060209], [11.2871368, 46.7059021], [11.2870433, 46.7057595], [11.2870569, 46.7055312], [11.2868925, 46.7049537], [11.2868407, 46.7048956], [11.2868478, 46.7047568], [11.2867941, 46.7046296], [11.2867254, 46.7045114], [11.2865326, 46.7043484], [11.2863816, 46.7042111], [11.2863298, 46.7040593], [11.2862051, 46.7039883], [11.2861933, 46.7039366]]}, "properties": {"osm_id": "way/71538691", "highway": "path", "name": "Gebirgsjägersteig - Sentiero Cacciatore delle Alpi", "name:de": "Gebirgsjägersteig", "name:it": "Sentiero Cacciatore delle Alpi", "sac_scale": "demanding_mountain_hiking", "source": "http://www.sarntaler-hufeisenrunde.info/it/relazioni-sulle-escursioni/relazioni-sulle-escursioni-jakubowski/gebirgsjaegersteig.html"}}, {"type": "Feature", "geometry": {"type": "LineString", "coordinates": [[11.2861933, 46.7039366], [11.2861603, 46.7038656], [11.2860306, 46.7036679], [11.2860372, 46.7035856], [11.2860888, 46.7035492], [11.2860902, 46.7034765], [11.2861167, 46.703425], [11.2863245, 46.7032239], [11.2863274, 46.7030694], [11.2863539, 46.7030431], [11.2863952, 46.703032], [11.2864158, 46.7030027], [11.2863668, 46.7028743], [11.286361, 46.7027855], [11.2864819, 46.7026256], [11.2865567, 46.7025586], [11.2866775, 46.7024934], [11.2867063, 46.7024461], [11.2868991, 46.7023316], [11.2871091, 46.7022823], [11.2873422, 46.7021284], [11.2874746, 46.7020751], [11.2877249, 46.7020278], [11.2878751, 46.7020155], [11.2879953, 46.7019791], [11.2883182, 46.7018272], [11.2886423, 46.7017762], [11.2888722, 46.7016841], [11.2889688, 46.7015936], [11.2891196, 46.7015823], [11.2892387, 46.7015548], [11.2893389, 46.7015152], [11.2894461, 46.7014279], [11.2895192, 46.7014053], [11.2897066, 46.7013754], [11.2898386, 46.701238], [11.2900472, 46.7011854], [11.2902443, 46.7011552], [11.2902818, 46.7011355], [11.2902818, 46.7010881], [11.2900919, 46.7009619], [11.2899739, 46.7009184], [11.2898559, 46.7008514], [11.2897696, 46.700731], [11.2896487, 46.7006521], [11.2895279, 46.7006205], [11.2894416, 46.7005198], [11.2889726, 46.7003166], [11.2888891, 46.7003087], [11.2888575, 46.7002613], [11.2887625, 46.7001883], [11.2885237, 46.7000344], [11.288469, 46.6999653], [11.2882935, 46.6999022], [11.2881353, 46.6998094], [11.2880432, 46.6997206], [11.2879713, 46.6995352], [11.2876634, 46.6993339], [11.2876289, 46.6992569], [11.2875771, 46.6992194], [11.2874907, 46.6990931], [11.2874188, 46.6990616], [11.2874027, 46.6990028], [11.287344, 46.6986925], [11.2872778, 46.6985879], [11.287085, 46.6983867], [11.2870131, 46.6983393], [11.2870534, 46.698142], [11.2869297, 46.697846], [11.2869441, 46.6977946], [11.287085, 46.6976881], [11.2871167, 46.6975736], [11.2871368, 46.6973112], [11.2872289, 46.6971118], [11.2872174, 46.6969994], [11.2872692, 46.696954], [11.287298, 46.6968948], [11.2873354, 46.696583], [11.2872634, 46.696435], [11.2872884, 46.6963017], [11.2872203, 46.6960166], [11.2872433, 46.6959436], [11.2873152, 46.6959199], [11.2874804, 46.6957482], [11.2874588, 46.6956309], [11.2873683, 46.69555], [11.2873037, 46.695387], [11.287317, 46.6951739], [11.2872404, 46.69487], [11.2872203, 46.6944358], [11.2872634, 46.6943174], [11.2874246, 46.6940411], [11.2875253, 46.6937609], [11.2877699, 46.6934826], [11.2878231, 46.6933852], [11.2878147, 46.6933072]]}, "properties": {"osm_id": "way/71540275", "highway": "path", "mtb:scale": "4", "sac_scale": "alpine_hiking"}}, {"type": "Feature", "geometry": {"type": "LineString", "coordinates": [[11.2677968, 46.6933067], [11.2677329, 46.6933102], [11.2675206, 46.6933523], [11.2674679, 46.6933814], [11.2674025, 46.693427], [11.2673459, 46.6934344], [11.2672779, 46.6934402], [11.2672473, 46.6934863], [11.2672367, 46.6935379], [11.2672491, 46.6935986], [11.2672573, 46.6936435], [11.2672394, 46.6936748], [11.267193, 46.6937059], [11.267145, 46.6937083], [11.2670065, 46.6936895], [11.2668912, 46.6936674], [11.2668542, 46.6936693], [11.2668393, 46.6937099], [11.2668714, 46.6938084], [11.266863, 46.6938358], [11.2668273, 46.693851], [11.266774, 46.6938301], [11.266693, 46.6937893], [11.2666309, 46.6937089], [11.2665852, 46.6936462], [11.2665304, 46.6935655], [11.2664624, 46.6934885], [11.2663279, 46.6933896], [11.2662144, 46.6932602], [11.2661329, 46.6932129], [11.2660664, 46.6931863], [11.2660222, 46.6931879], [11.2660021, 46.6932112], [11.2659444, 46.6932995], [11.2658801, 46.6933615], [11.2658007, 46.6934728], [11.265644, 46.6936389], [11.2655288, 46.6936536], [11.265291, 46.6938487], [11.2651374, 46.6940382], [11.2650374, 46.6942163], [11.2651253, 46.6943261], [11.2650957, 46.6943934], [11.2651138, 46.6944611], [11.2651489, 46.6945029], [11.2651084, 46.6945997], [11.2652422, 46.6947726], [11.2652237, 46.6947947], [11.2652566, 46.6949344], [11.2652727, 46.6949793], [11.2652551, 46.6950328], [11.2651805, 46.6950232], [11.2651552, 46.6950587], [11.2651007, 46.6950129], [11.2649417, 46.6949576], [11.2647829, 46.6949189], [11.2646086, 46.6948453], [11.2645458, 46.6948735], [11.2642945, 46.6948385], [11.2640387, 46.6948822], [11.2638089, 46.6950318], [11.263766, 46.6951364], [11.263748, 46.6952644], [11.2636745, 46.6953356], [11.2635738, 46.6954247], [11.2635065, 46.6954604], [11.2634921, 46.69554], [11.2635175, 46.6956137], [11.2635077, 46.6956829], [11.2634357, 46.6957294], [11.2634149, 46.6957656], [11.2635561, 46.6958756], [11.2634948, 46.6959809], [11.2634118, 46.6960115], [11.2634402, 46.6960988], [11.2633743, 46.6961657], [11.2634226, 46.696219], [11.2633963, 46.6962514], [11.2630884, 46.6963622], [11.2628537, 46.6963597], [11.2627822, 46.6964064], [11.2626893, 46.696392], [11.2625285, 46.6964644], [11.2624323, 46.6964555], [11.262258, 46.6964748], [11.2620019, 46.6965122], [11.2617079, 46.6965865], [11.2615555, 46.6966649], [11.2613858, 46.6966736], [11.2613436, 46.6967147], [11.2611346, 46.696706], [11.2609382, 46.6967746], [11.2609464, 46.6968104], [11.261029, 46.6968685], [11.2612205, 46.6969424], [11.2612177, 46.6969654], [11.2610133, 46.6970226], [11.2609069, 46.6970854], [11.2610319, 46.6971766], [11.2609841, 46.6972163], [11.260806, 46.6972592], [11.2607401, 46.6972827], [11.2607095, 46.6973377], [11.260505, 46.6973772], [11.2605757, 46.697446], [11.2605268, 46.6974677], [11.2605607, 46.6975277], [11.2604188, 46.6976015], [11.2602488, 46.6976907], [11.2601666, 46.6978079], [11.2601936, 46.697877], [11.2601856, 46.6979474], [11.2601316, 46.6980128], [11.2601978, 46.6980593], [11.260204, 46.698116], [11.2601282, 46.6981674], [11.260122, 46.6982189], [11.2601881, 46.6982287], [11.2601745, 46.6982823], [11.2601812, 46.6983589], [11.2600222, 46.6985586], [11.2600452, 46.6986029], [11.2601248, 46.6986314], [11.2602124, 46.6989058], [11.2601451, 46.6989475], [11.2601216, 46.6990414], [11.2600441, 46.6991511], [11.2601403, 46.6992669], [11.2601307, 46.6993406], [11.2601942, 46.6993746], [11.2602341, 46.6994322], [11.2602167, 46.6994732], [11.2603063, 46.6994819], [11.2602929, 46.6996016], [11.2603791, 46.6996876], [11.2603166, 46.6997492], [11.260347, 46.6998847]]}, "properties": {"osm_id": "way/76090990", "highway": "path", "name": "Oswaldscharte - Forcella Sant’Osvaldo", "name:de": "Oswaldscharte", "name:it": "Forcella Sant’Osvaldo", "note": "http://www.suedtirolerland.it/it/sport-e-tempo-libero/montagne-ed-escursioni/escursioni-a-merano-e-dintorni/ascensione-al-monte-ivigna/", "sac_scale": "demanding_mountain_hiking", "source": "GPS", "surface": "ground"}}, {"type": "Feature", "geometry": {"type": "LineString", "coordinates": [[11.3289482, 46.6565939], [11.3294673, 46.656505], [11.3300012, 46.6564012], [11.3303708, 46.6564139], [11.3308258, 46.6564703], [11.3310676, 46.6565738], [11.3313495, 46.6566229], [11.3315589, 46.6566565], [11.331651, 46.656701], [11.331746, 46.656737], [11.3318887, 46.6567752], [11.3320692, 46.6568295], [11.3323205, 46.6569451], [11.332512, 46.6570767], [11.332802, 46.6572603], [11.3333956, 46.6573382], [11.3338339, 46.6572145], [11.3341033, 46.6572012], [11.3342898, 46.657305], [11.3344714, 46.6572766], [11.3346334, 46.6572638], [11.3347402, 46.6572671], [11.3349456, 46.657365], [11.3350551, 46.657462], [11.3352074, 46.6575229], [11.3355196, 46.657575], [11.3357899, 46.6577775], [11.3358894, 46.657825], [11.3359977, 46.6578483], [11.3362101, 46.657869], [11.3364862, 46.657928], [11.336809, 46.6579834], [11.3369194, 46.6580199], [11.3374372, 46.6583441], [11.3375171, 46.6584233], [11.3376165, 46.658557], [11.3376987, 46.6586216], [11.3377741, 46.6586919], [11.3378103, 46.6587508], [11.3378112, 46.6589178], [11.3378802, 46.6590273], [11.3379686, 46.6590686], [11.3380779, 46.6590967], [11.3383497, 46.6591121], [11.3387827, 46.6591287], [11.3391523, 46.6591797], [11.339471, 46.6592689], [11.3398406, 46.6592689], [11.3401465, 46.6591542], [11.3404014, 46.6589757], [11.3406478, 46.6587699], [11.3407387, 46.6586252], [11.3409242, 46.6583512], [11.3411334, 46.658128], [11.3412716, 46.6580359], [11.3414746, 46.6579692], [11.3417199, 46.6579271], [11.3419043, 46.657928], [11.34202, 46.6579051], [11.3423132, 46.6577649], [11.34267, 46.657714], [11.3430396, 46.6576885], [11.3435112, 46.6578542], [11.3438553, 46.6578924], [11.3444671, 46.657714], [11.3445691, 46.6575865], [11.3449132, 46.6574973], [11.3452102, 46.6575369], [11.3452956, 46.6575483], [11.3457544, 46.6575483], [11.346175, 46.6575483], [11.3466083, 46.6575992], [11.3470956, 46.6576603], [11.3472326, 46.6576853], [11.3477818, 46.6578018], [11.3480306, 46.6578949], [11.3481048, 46.6579072], [11.3483597, 46.6579201], [11.3485827, 46.6579604], [11.3488004, 46.6580255], [11.3492039, 46.6581794], [11.3496721, 46.6583565], [11.3498011, 46.6584381], [11.3499635, 46.6585892], [11.3500673, 46.6586764], [11.3502183, 46.658753], [11.3505596, 46.6588638], [11.3508143, 46.6589375], [11.351156, 46.6590331], [11.351418, 46.6591375], [11.3515817, 46.659222], [11.3517222, 46.6593398], [11.3520387, 46.6596536], [11.3521016, 46.6597532], [11.3522035, 46.6599699], [11.3522545, 46.6601993], [11.3524075, 46.6603268], [11.3526496, 46.6605307], [11.3529418, 46.6608015], [11.3531049, 46.6609487], [11.3533795, 46.6610548], [11.3534482, 46.6611078], [11.3535254, 46.6611844], [11.353637, 46.6612197], [11.3537486, 46.6612433], [11.3542035, 46.6612197], [11.3545468, 46.66142], [11.3550704, 46.6616026], [11.3556798, 46.6619973], [11.356066, 46.6625097], [11.3561776, 46.6626275], [11.3562285, 46.6626515], [11.3562806, 46.662657], [11.3563234, 46.6626521], [11.3563553, 46.6626214], [11.3563447, 46.6625753], [11.3562377, 46.6624803], [11.3561776, 46.6623978], [11.3558085, 46.661797], [11.3557656, 46.6616909], [11.3557227, 46.6615496], [11.3547035, 46.6603567], [11.3545997, 46.660255], [11.3545125, 46.6602345], [11.3543408, 46.6602124], [11.3541262, 46.6601829], [11.3540233, 46.6601181], [11.3539546, 46.6600003], [11.3538773, 46.6598236], [11.3538859, 46.6596645], [11.3539288, 46.6595408], [11.3540662, 46.6594112], [11.3541949, 46.6593464], [11.3542807, 46.6592286], [11.3541949, 46.6590283], [11.3540147, 46.658775], [11.3537057, 46.6584687], [11.3535598, 46.6581152], [11.3534482, 46.6578796], [11.3532851, 46.6577146], [11.352959, 46.6575202], [11.35265, 46.6573965], [11.3525751, 46.657372], [11.3524697, 46.6573376], [11.3523753, 46.6571786], [11.3522122, 46.6568074], [11.3521779, 46.6567073], [11.3519891, 46.6566837], [11.351859, 46.6565374], [11.3518663, 46.6564048], [11.3518621, 46.6562647], [11.351786, 46.6561887], [11.3517064, 46.6561333], [11.3516433, 46.6560778], [11.3516437, 46.6560246], [11.3516217, 46.655965], [11.351595, 46.6558851], [11.3515592, 46.6558118], [11.3514825, 46.6557597], [11.3513901, 46.6557223], [11.3511786, 46.6557292], [11.3509589, 46.6557487], [11.3505541, 46.6558094], [11.3502811, 46.6557523], [11.3502528, 46.655693], [11.3503034, 46.6555995], [11.350476, 46.6553635], [11.3505739, 46.655215], [11.3506412, 46.6550678], [11.3505981, 46.6549887], [11.3503942, 46.6548878], [11.3502604, 46.6547953], [11.3501381, 46.6547418], [11.3500358, 46.6547187], [11.3499765, 46.6546729], [11.3499614, 46.6546216], [11.3500023, 46.6545727], [11.3500896, 46.6545759], [11.3502128, 46.6546226], [11.3503239, 46.6546925], [11.3504613, 46.6547808], [11.3505643, 46.6548162], [11.3506673, 46.6548397], [11.3508082, 46.6548437], [11.3509706, 46.6548424], [11.351063, 46.6548897], [11.3510875, 46.6549856], [11.3510268, 46.6550893], [11.3509767, 46.6552017], [11.3510025, 46.6552843], [11.3511013, 46.6553158], [11.351272, 46.6553253], [11.352473, 46.6551562], [11.3526853, 46.6551477], [11.3528037, 46.6551779], [11.3528492, 46.6552186], [11.3528823, 46.6552758], [11.3529125, 46.6553865], [11.3529903, 46.6554541], [11.353235, 46.6555537], [11.3534079, 46.655601], [11.3534976, 46.6556059], [11.3535293, 46.6555551], [11.353493, 46.6555026], [11.3533316, 46.6554328], [11.3532148, 46.6553676], [11.3531716, 46.6553304], [11.3531733, 46.6552646], [11.353242, 46.6551106], [11.3532816, 46.6549904], [11.3532484, 46.654879], [11.3531736, 46.6548007], [11.353095, 46.6547559], [11.3529512, 46.6547306], [11.3527308, 46.6547378], [11.3526122, 46.6547207], [11.3525327, 46.6546941], [11.3524472, 46.6546565], [11.3523461, 46.6545708], [11.3523196, 46.6544827], [11.352379, 46.6542761], [11.3523827, 46.654166], [11.3523188, 46.6540719], [11.3521845, 46.6540042], [11.3520013, 46.6539776], [11.3518265, 46.6539661], [11.3515291, 46.6539425], [11.3513553, 46.653889], [11.351235, 46.6538303], [11.351088, 46.6537279], [11.3510325, 46.6536412], [11.3510581, 46.6535832], [11.3511601, 46.6535829], [11.3513187, 46.6536117], [11.3515012, 46.6536735], [11.3517682, 46.6537198], [11.35198, 46.653722], [11.3521273, 46.6537196], [11.3522517, 46.6537145], [11.3523994, 46.6536953], [11.3525227, 46.653633]]}, "properties": {"osm_id": "way/90205699", "highway": "residential"}}, {"type": "Feature", "geometry": {"type": "LineString", "coordinates": [[11.307829, 46.6747516], [11.3079568, 46.6747291], [11.3080868, 46.6746866], [11.3082818, 46.6746395], [11.3084479, 46.6746084], [11.3088153, 46.6745588], [11.3091769, 46.6745387], [11.3094827, 46.6745637], [11.3096737, 46.674514], [11.3099741, 46.6744477], [11.3102963, 46.6743955], [11.3105588, 46.6743516], [11.3108079, 46.674301], [11.3109962, 46.6742584], [11.3112158, 46.6741957], [11.3119219, 46.674106], [11.3121303, 46.6740657], [11.3123298, 46.6740029], [11.3126638, 46.6739558], [11.3130936, 46.6738645]]}, "properties": {"osm_id": "way/90216006", "highway": "track", "ref:hiking": "10", "sac_scale": "mountain_hiking", "source": "https://www.meran2000.com/it/inverno/escursioni.html", "tracktype": "grade3", "width": "1"}}, {"type": "Feature", "geometry": {"type": "LineString", "coordinates": [[11.3050455, 46.6753947], [11.3053327, 46.6753462], [11.3054558, 46.6753158], [11.3055488, 46.6752824], [11.3057567, 46.6752657], [11.3060676, 46.6752015], [11.3063615, 46.6751206], [11.3065242, 46.6750739], [11.3068922, 46.675], [11.3070281, 46.6749755], [11.3073384, 46.6749035], [11.3074354, 46.6748777], [11.3075718, 46.6748424], [11.3077013, 46.6747941], [11.307829, 46.6747516]]}, "properties": {"osm_id": "way/90216023", "highway": "track", "sac_scale": "mountain_hiking", "source": "https://www.meran2000.com/it/inverno/escursioni.html", "tracktype": "grade3", "width": "1"}}, {"type": "Feature", "geometry": {"type": "LineString", "coordinates": [[11.3040035, 46.6660504], [11.3042825, 46.6659621], [11.3043179, 46.6659475], [11.3043488, 46.6659282], [11.3044655, 46.6658411], [11.3044915, 46.6658309], [11.3045298, 46.6658228], [11.3046918, 46.6657834], [11.3047221, 46.6657714], [11.3047459, 46.665755], [11.3047599, 46.6657318], [11.3047963, 46.6656887], [11.3048276, 46.6656537], [11.3048606, 46.665624], [11.3049005, 46.665601], [11.3050459, 46.6655168], [11.3051572, 46.6654595], [11.3052945, 46.6653649], [11.305422, 46.6652762], [11.3054516, 46.6652581], [11.3054768, 46.6652507], [11.3055205, 46.6652436], [11.3055636, 46.6652521], [11.3056072, 46.6652669], [11.3056905, 46.6653099], [11.3059793, 46.6654575], [11.3060413, 46.6654864], [11.3061001, 46.6655126], [11.3061577, 46.6655303], [11.3062527, 46.6655505], [11.3063884, 46.6655827], [11.3065464, 46.6656163], [11.3067358, 46.6656444], [11.3068035, 46.6656464], [11.3068671, 46.6656428], [11.3069285, 46.6656311], [11.3069857, 46.6656134], [11.3070921, 46.6655731], [11.3071256, 46.6655583], [11.3071652, 46.6655335], [11.3072702, 46.6654536], [11.3074211, 46.6653534], [11.3074708, 46.6653284], [11.307522, 46.6653097], [11.3076857, 46.6652676], [11.3078539, 46.6652183], [11.3080575, 46.6651602], [11.3081197, 46.665149], [11.3081781, 46.6651415], [11.3082392, 46.6651406], [11.3083214, 46.6651436], [11.3083723, 46.6651426], [11.3084138, 46.6651343], [11.3084514, 46.6651161], [11.3084778, 46.6650986], [11.3085246, 46.6650499], [11.3085507, 46.6650244], [11.308573, 46.665002], [11.3086068, 46.6649827], [11.3086454, 46.6649671], [11.308731, 46.66494], [11.3087574, 46.6649367], [11.3087886, 46.664933], [11.3088166, 46.6649264], [11.3088278, 46.6649164], [11.3088354, 46.6648996], [11.3088352, 46.6648849], [11.3088259, 46.6648668], [11.3088057, 46.6648549], [11.3087833, 46.6648475], [11.308749, 46.664846], [11.3087227, 46.6648505], [11.3085706, 46.6648888], [11.3084261, 46.6649351], [11.3083926, 46.6649431], [11.3083647, 46.6649486], [11.3083346, 46.6649484], [11.3083073, 46.6649433], [11.3082779, 46.6649349], [11.3081906, 46.6649003], [11.3081495, 46.6648892], [11.3081188, 46.6648828], [11.30806, 46.6648766], [11.3079937, 46.6648739], [11.307932, 46.6648727], [11.307881, 46.6648697], [11.3078341, 46.664859], [11.3077983, 46.6648426], [11.3077592, 46.6648233], [11.3077234, 46.6648019], [11.3076915, 46.6647745], [11.3076653, 46.6647461], [11.3076091, 46.6646784], [11.307573, 46.6646422], [11.3075388, 46.6646195], [11.3075096, 46.6646062], [11.3074667, 46.6645929], [11.3074223, 46.6645868], [11.3073806, 46.6645828], [11.3073514, 46.6645773], [11.3073329, 46.6645718], [11.3073148, 46.6645632], [11.307308, 46.664549], [11.3073013, 46.6645311], [11.307308, 46.664507], [11.3073365, 46.6644862], [11.3073911, 46.664475], [11.307464, 46.664473], [11.3077247, 46.664494], [11.3077715, 46.6644904], [11.3078154, 46.6644833], [11.307846, 46.6644698], [11.307872, 46.6644535], [11.3079328, 46.6644224], [11.3079736, 46.6644046], [11.3080214, 46.6643884], [11.3080859, 46.664362], [11.3081718, 46.6643379], [11.3082636, 46.6643221], [11.3084604, 46.6642889]]}, "properties": {"osm_id": "way/90216051", "highway": "track", "name": "Meran 2000 - Merano 2000", "name:de": "Meran 2000", "name:it": "Merano 2000", "ref": "10A", "source": "Geobrowser der Autonomen Provinz Bozen", "surface": "gravel"}}, {"type": "Feature", "geometry": {"type": "LineString", "coordinates": [[11.2990763, 46.6657267], [11.2991426, 46.6657246], [11.2991689, 46.665721], [11.2992913, 46.6656844], [11.2993941, 46.6656574], [11.2994742, 46.6656568], [11.2996843, 46.6656132], [11.2998894, 46.6656007], [11.3000603, 46.6655925]]}, "properties": {"osm_id": "way/90795489", "highway": "path", "ref": "3;15", "sac_scale": "hiking"}}, {"type": "Feature", "geometry": {"type": "LineString", "coordinates": [[11.2665403, 46.6845291], [11.2664849, 46.6845632], [11.2664782, 46.6845812], [11.2665097, 46.6846428], [11.2665439, 46.6847109], [11.2665526, 46.6847348], [11.2665519, 46.6847486], [11.2665425, 46.6847555], [11.2665157, 46.6847718], [11.2664576, 46.6847674], [11.2662958, 46.6847109], [11.266226, 46.6846893], [11.2661684, 46.6846589], [11.2661543, 46.6846575], [11.2661536, 46.6846695], [11.2661623, 46.6846939], [11.2662039, 46.6847666], [11.2662381, 46.6848172], [11.2662458, 46.6848319], [11.2662441, 46.6848379], [11.2662347, 46.6848397], [11.266216, 46.6848379], [11.2661945, 46.684831], [11.266055, 46.684756], [11.2660396, 46.6847454], [11.2660242, 46.6847394], [11.2660135, 46.6847408], [11.2660081, 46.6847468], [11.2660027, 46.6847597], [11.2660034, 46.6847735], [11.2660302, 46.6848388], [11.2660422, 46.6848675], [11.2660463, 46.6848774], [11.266053, 46.6848972], [11.2660658, 46.6849064], [11.2660751, 46.684911], [11.2660959, 46.6849165], [11.2661187, 46.6849262], [11.2661389, 46.6849437], [11.2661704, 46.6849828], [11.2662166, 46.6850624], [11.2662381, 46.6851222], [11.2662622, 46.6851718], [11.2663206, 46.6853011], [11.2663749, 46.6853963], [11.2664279, 46.6854722], [11.2664476, 46.6855106], [11.2664476, 46.6855233], [11.2664383, 46.6855325], [11.2664134, 46.6855366], [11.2663809, 46.6855343], [11.2662368, 46.6855196], [11.2662099, 46.6855194], [11.2661898, 46.6855242], [11.2661767, 46.6855343], [11.2661737, 46.6855527], [11.2661787, 46.6855704], [11.2661955, 46.6856219], [11.2662401, 46.6857882], [11.2662545, 46.6858572], [11.2662599, 46.685891], [11.2662602, 46.6859163], [11.2662448, 46.6859587], [11.2662408, 46.685964], [11.2662341, 46.6859649], [11.266225, 46.6859642], [11.2662176, 46.6859605], [11.2662026, 46.6859497], [11.2661781, 46.6859322], [11.2661489, 46.6859209], [11.2661214, 46.6859147], [11.2660966, 46.6859173], [11.2660845, 46.6859235], [11.2660762, 46.6859313], [11.2660748, 46.685941], [11.2660782, 46.685952], [11.2660845, 46.6859603], [11.2660889, 46.6859741], [11.2660909, 46.685995], [11.2660705, 46.6860753], [11.2660611, 46.6861146], [11.2660564, 46.6861401], [11.2660557, 46.6861567], [11.2660591, 46.6861868], [11.2660631, 46.6862181], [11.2660624, 46.6862395], [11.2660557, 46.6862722], [11.2660537, 46.6863069], [11.2660537, 46.6863303], [11.2660584, 46.6863524], [11.2660721, 46.6863862], [11.2661218, 46.6864817], [11.2661315, 46.6865038], [11.2661301, 46.6865081], [11.2661224, 46.6865093], [11.2661003, 46.6865047], [11.2660487, 46.6864865], [11.2659816, 46.6864582], [11.2659404, 46.6864361], [11.2658938, 46.6864062], [11.2658726, 46.6863996], [11.2658646, 46.6863996], [11.2658609, 46.6864053], [11.2658619, 46.6864207], [11.2658753, 46.6864617], [11.2658827, 46.6864998], [11.2658847, 46.6865509], [11.2658793, 46.6865859], [11.2658646, 46.6866604], [11.2658525, 46.6867395], [11.2658378, 46.6867777], [11.265815, 46.6868172], [11.2658116, 46.6868398], [11.2658063, 46.6868637], [11.2657962, 46.6868835], [11.2657888, 46.6869033], [11.2657855, 46.6869299], [11.2657865, 46.6869474], [11.2657861, 46.6869598], [11.2657825, 46.6869658], [11.2657761, 46.6869672], [11.2657677, 46.6869665], [11.2657493, 46.6869603], [11.2657191, 46.6869435], [11.265705, 46.686938], [11.265699, 46.686938]]}, "properties": {"osm_id": "way/90795565", "highway": "path", "mtb:scale": "3", "sac_scale": "mountain_hiking", "trail_visibility": "excellent"}}, {"type": "Feature", "geometry": {"type": "LineString", "coordinates": [[11.2705871, 46.6857636], [11.2707042, 46.6856297], [11.2708137, 46.6851443], [11.2708459, 46.6848499], [11.2708996, 46.6842169], [11.2709577, 46.6840836]]}, "properties": {"osm_id": "way/90795660", "highway": "path", "sac_scale": "hiking", "surface": "dirt"}}, {"type": "Feature", "geometry": {"type": "LineString", "coordinates": [[11.303283, 46.6852554], [11.3033436, 46.6852499], [11.3036472, 46.685252], [11.30373, 46.6852541], [11.3038097, 46.6852268], [11.303914, 46.6852163], [11.3039906, 46.6852268], [11.3041194, 46.6852415], [11.3042053, 46.6852731], [11.304236, 46.6852731], [11.3042881, 46.6852436], [11.3043832, 46.6851742], [11.3044829, 46.6850611], [11.3047388, 46.6849391], [11.3050467, 46.6847993], [11.3051638, 46.6847339], [11.3052896, 46.6846714], [11.3054847, 46.6846149], [11.3057493, 46.6845762], [11.3060572, 46.6845464], [11.3067208, 46.6843144], [11.3072282, 46.6842013], [11.3074841, 46.6841596], [11.3078484, 46.6840406], [11.3081303, 46.6839871], [11.3084772, 46.6839752], [11.3088545, 46.6839425], [11.3091615, 46.6839366], [11.3095472, 46.6839519], [11.309787, 46.6840109], [11.3099778, 46.6840555], [11.3101296, 46.6841239], [11.3101952, 46.6842329]]}, "properties": {"osm_id": "way/98431997", "highway": "path", "motorcar": "no", "motorcycle": "no", "mtb:scale": "2", "sac_scale": "hiking", "surface": "ground", "tracktype": "grade3"}}, {"type": "Feature", "geometry": {"type": "LineString", "coordinates": [[11.2820415, 46.6828105], [11.2822736, 46.6828021], [11.2823257, 46.6828021], [11.2824469, 46.6827958], [11.2825343, 46.682779], [11.2826155, 46.6827317], [11.2827137, 46.6827001], [11.2827873, 46.6827148], [11.2828363, 46.6827085], [11.2828854, 46.6826885], [11.2829329, 46.6826675], [11.2829774, 46.6826559], [11.2830341, 46.682657], [11.2830924, 46.6826591], [11.2831583, 46.6826517], [11.2832289, 46.6826349], [11.2833347, 46.6826359], [11.2834589, 46.682617], [11.2835171, 46.6825991], [11.2835815, 46.6825991], [11.283626, 46.6826128], [11.2836521, 46.6826286], [11.2836858, 46.6826633], [11.2836981, 46.682697], [11.2837686, 46.6827548], [11.283787, 46.6827843], [11.2838146, 46.6828337], [11.283833, 46.6828768], [11.2838759, 46.6829073], [11.2839357, 46.6829252], [11.2839879, 46.6829389]]}, "properties": {"osm_id": "way/98440742", "foot": "yes", "highway": "path", "mtb:scale": "1", "sac_scale": "mountain_hiking", "surface": "rock"}}, {"type": "Feature", "geometry": {"type": "LineString", "coordinates": [[11.2788972, 46.6746311], [11.2788813, 46.6747314], [11.2788742, 46.6747976], [11.2787322, 46.6751087], [11.278668, 46.6754278], [11.2785516, 46.675849], [11.2785465, 46.6761994], [11.2786159, 46.6762834], [11.2786672, 46.6766589], [11.278746, 46.6768423], [11.2789433, 46.6771437], [11.2796162, 46.6778447], [11.2799122, 46.6779698], [11.2800649, 46.67801], [11.2802021, 46.6780184], [11.2802649, 46.677979]]}, "properties": {"osm_id": "way/126351503", "highway": "path", "sac_scale": "hiking", "surface": "ground", "trail_visibility": "excellent", "width": "1"}}, {"type": "Feature", "geometry": {"type": "LineString", "coordinates": [[11.288393, 46.6458579], [11.2888768, 46.6462277], [11.2890259, 46.6464068], [11.2891599, 46.646516], [11.2892301, 46.6465873], [11.2893085, 46.6467351], [11.2893726, 46.6468896], [11.2894032, 46.6470446], [11.2894471, 46.6472511], [11.289667, 46.647959], [11.2896874, 46.6481762], [11.2897055, 46.6483193], [11.2896972, 46.6484419], [11.2897131, 46.6486296], [11.2896908, 46.6487929], [11.289664, 46.6489811], [11.2896215, 46.6491261], [11.2895974, 46.6492215], [11.2895821, 46.6493835], [11.2895317, 46.6495562], [11.289389, 46.6499529], [11.2892158, 46.6501752], [11.2890158, 46.6503905], [11.288858, 46.65062], [11.2888124, 46.6507387], [11.2887313, 46.6508709], [11.2886753, 46.6509894], [11.2886646, 46.6511302], [11.288595, 46.6512736], [11.2884813, 46.6515156], [11.2883999, 46.6518542], [11.2883896, 46.6519475], [11.2883932, 46.6520913], [11.2884019, 46.652239], [11.2884406, 46.6523455], [11.2884405, 46.6524676], [11.2884901, 46.6526248], [11.2885512, 46.6528818], [11.2885633, 46.6529367], [11.2885879, 46.6530001], [11.2885872, 46.6531234], [11.2885759, 46.6533647], [11.2885878, 46.6534505], [11.2886046, 46.653507], [11.2886194, 46.6537024], [11.2886447, 46.6538776], [11.2887848, 46.6542188], [11.2888625, 46.654464]]}, "properties": {"osm_id": "way/126351505", "highway": "track", "surface": "unpaved", "tracktype": "grade4"}}, {"type": "Feature", "geometry": {"type": "LineString", "coordinates": [[11.3273912, 46.6512152], [11.3273917, 46.6513188], [11.3273551, 46.6513743], [11.3272783, 46.6514197], [11.3271658, 46.6514415], [11.3270093, 46.6514133], [11.3266893, 46.6513697], [11.3259737, 46.651391], [11.3255056, 46.6513421], [11.3251309, 46.6512553], [11.3248851, 46.6511514], [11.3247354, 46.6510963], [11.324577, 46.6510563], [11.3242411, 46.6510147], [11.3237724, 46.6509626], [11.3234587, 46.6508951], [11.3230098, 46.6507751], [11.3227506, 46.6507293], [11.3218331, 46.6506902], [11.3216387, 46.650707], [11.3214287, 46.6507751], [11.321001, 46.6509599], [11.3204074, 46.6512878], [11.3203664, 46.6513105], [11.3202603, 46.6513862], [11.3200976, 46.6514341]]}, "properties": {"osm_id": "way/131631489", "highway": "unclassified", "sac_scale": "hiking"}}, {"type": "Feature", "geometry": {"type": "LineString", "coordinates": [[11.3191322, 46.6514981], [11.3188955, 46.6515561], [11.3188548, 46.6515773], [11.3188354, 46.6515983], [11.3188424, 46.6516214], [11.3188716, 46.6516384], [11.3189178, 46.6516469], [11.3192216, 46.6516579], [11.3192895, 46.6516604], [11.3193337, 46.6516678], [11.3193534, 46.6516822], [11.3193564, 46.6517046], [11.3193251, 46.6517303], [11.3192697, 46.6517469], [11.3189161, 46.6517542], [11.3187746, 46.6517922], [11.3184659, 46.6519154], [11.3179791, 46.6519586], [11.3160117, 46.6525274], [11.3154773, 46.6526361], [11.3153349, 46.6527073]]}, "properties": {"osm_id": "way/131631490", "access": "destination", "highway": "unclassified"}}, {"type": "Feature", "geometry": {"type": "LineString", "coordinates": [[11.3522305, 46.6532154], [11.3522586, 46.6531669], [11.3523307, 46.6531319], [11.3524373, 46.6531012], [11.3525516, 46.6530711], [11.3527352, 46.6530714], [11.35288, 46.6530437], [11.352969, 46.6530321], [11.3531242, 46.6529794], [11.3532687, 46.6529189], [11.3535956, 46.652767], [11.3538102, 46.6526315], [11.3541106, 46.6524488], [11.3542565, 46.6523722], [11.3545827, 46.6522662], [11.3550032, 46.6520777], [11.3553208, 46.6519834], [11.3555799, 46.6519238], [11.3557559, 46.6518919], [11.3558799, 46.6518703], [11.3560282, 46.6518368], [11.3561751, 46.6517959], [11.3563386, 46.6517446], [11.3571283, 46.6514205], [11.3572305, 46.6513793], [11.3573039, 46.6513267], [11.3573629, 46.6512639], [11.3574276, 46.6511999], [11.3575088, 46.6511345], [11.3577622, 46.6509965], [11.357931, 46.6508907], [11.3580722, 46.6507967], [11.3582293, 46.6506734], [11.3583927, 46.650556], [11.3585726, 46.6504284], [11.3587438, 46.6503237], [11.358926, 46.6502267], [11.359105, 46.6501283], [11.3592679, 46.6500336], [11.3594737, 46.6499401]]}, "properties": {"osm_id": "way/131631493", "highway": "residential", "sac_scale": "hiking", "trail_visibility": "excellent"}}, {"type": "Feature", "geometry": {"type": "LineString", "coordinates": [[11.3299674, 46.6559095], [11.3300429, 46.6558266], [11.3301992, 46.6557508], [11.3303895, 46.6557243], [11.330661, 46.6556472], [11.3316739, 46.6555284], [11.3318907, 46.6554808], [11.3320227, 46.6554541], [11.3321216, 46.6554341], [11.3323259, 46.6554052], [11.3325702, 46.6554466], [11.3326902, 46.6554621], [11.3328387, 46.6554814], [11.3329852, 46.655527], [11.3332192, 46.6556403], [11.3333648, 46.6556938], [11.3339277, 46.6557752], [11.3343091, 46.6557692], [11.3345253, 46.6558358], [11.3346043, 46.6559605], [11.3351677, 46.6560691], [11.3358467, 46.6565776], [11.3361553, 46.6568106], [11.3370195, 46.6569324], [11.3377063, 46.6569271], [11.3383621, 46.65689], [11.3387171, 46.6569483], [11.3389254, 46.6571337], [11.3390952, 46.6574302], [11.3392881, 46.6575467], [11.3394887, 46.6575362], [11.3397588, 46.6573879], [11.3399863, 46.6570822], [11.3403413, 46.6566691], [11.3411206, 46.6562348], [11.3420147, 46.6558894], [11.3422616, 46.6558841], [11.3427014, 46.6559953], [11.3431721, 46.6561065], [11.3432719, 46.6560907]]}, "properties": {"osm_id": "way/131631497", "ground": "ground", "highway": "path", "sac_scale": "hiking", "trail_visibility": "excellent"}}, {"type": "Feature", "geometry": {"type": "LineString", "coordinates": [[11.3513058, 46.6437736], [11.3511774, 46.6439436], [11.3509786, 46.6442621], [11.3509494, 46.6443591], [11.3509458, 46.6444807], [11.3509206, 46.6445568], [11.3508548, 46.6446097], [11.3506715, 46.6447298], [11.3505303, 46.6448705], [11.3505107, 46.6449198], [11.3505052, 46.6449736], [11.3505195, 46.6450338], [11.3506197, 46.645166], [11.3506763, 46.645193], [11.3507021, 46.6452252], [11.350679, 46.6452593], [11.3506329, 46.6452783], [11.350451, 46.6453323], [11.3503793, 46.6453691], [11.3503687, 46.6453967], [11.3503863, 46.6454261], [11.3504732, 46.6454891], [11.3504969, 46.6455148], [11.3505933, 46.6455452], [11.3506286, 46.6455661], [11.3506255, 46.6456072], [11.3505524, 46.6456507], [11.3505024, 46.6456805], [11.3504891, 46.6457342], [11.3504714, 46.6457454], [11.3504579, 46.6457724], [11.3503605, 46.6457859], [11.3502575, 46.6458356], [11.3502286, 46.6458629], [11.3502482, 46.6459174], [11.3502364, 46.645942], [11.3501493, 46.6459797], [11.3500654, 46.6460035], [11.3499059, 46.6460177], [11.3497351, 46.6460071], [11.3495105, 46.6460312], [11.3493001, 46.6460723], [11.3490851, 46.6460971], [11.3488523, 46.6462166], [11.3487758, 46.6462368], [11.348743, 46.6462613], [11.3487172, 46.6463126], [11.3486884, 46.6463499], [11.3486471, 46.6463756], [11.3486354, 46.6464069], [11.3486519, 46.6464417], [11.3486426, 46.6464659], [11.3486136, 46.6464912], [11.3486, 46.6465305], [11.3486157, 46.646592], [11.3486162, 46.6470335], [11.3485753, 46.6470926], [11.3485075, 46.6471325], [11.3484256, 46.6471593], [11.3483386, 46.6471706], [11.3482672, 46.6471933], [11.3481949, 46.6472296], [11.3481178, 46.6472967], [11.3479919, 46.6474263], [11.3479685, 46.6474669], [11.3479617, 46.647534], [11.34792, 46.6475872], [11.3478741, 46.6476318], [11.3478051, 46.6476449], [11.3477424, 46.6476409], [11.3476854, 46.6476477], [11.3476531, 46.6476766], [11.3476554, 46.647709], [11.3478057, 46.6477972], [11.3479905, 46.6478767], [11.3481286, 46.6478803], [11.3481871, 46.6478874], [11.3482175, 46.647926], [11.3482344, 46.6480015], [11.3482064, 46.6480161], [11.3479811, 46.648012], [11.3477967, 46.6480681], [11.3476921, 46.6480787], [11.3474822, 46.6480724], [11.3469923, 46.6480318], [11.3465005, 46.648115], [11.3461599, 46.6482154], [11.3461095, 46.6482332], [11.3460037, 46.6482249], [11.345842, 46.6482701], [11.3457524, 46.6483313], [11.3456281, 46.6483839], [11.3453164, 46.6486171], [11.3452439, 46.6486639], [11.345012, 46.6487489], [11.3447887, 46.6487639], [11.3443484, 46.6487558], [11.3439476, 46.6487764], [11.3437796, 46.6488843], [11.343682, 46.648943], [11.3435995, 46.6489745], [11.3435056, 46.6490078], [11.3433701, 46.6490304], [11.3432055, 46.6490756], [11.3431888, 46.6491011], [11.3430977, 46.6491405], [11.3430384, 46.6492411], [11.3429989, 46.6492661], [11.3429595, 46.6493482], [11.3429577, 46.6493887], [11.3430903, 46.649438], [11.3427472, 46.6495195], [11.3424824, 46.6496075], [11.3422338, 46.6497097], [11.3418674, 46.6497996], [11.3416512, 46.6498529], [11.3414827, 46.6499084], [11.3413054, 46.6499805], [11.3408151, 46.6500775], [11.3405813, 46.6500801], [11.3404743, 46.6500959], [11.3403831, 46.6501732], [11.3402844, 46.6502305], [11.3401205, 46.6503335], [11.340039, 46.6504204], [11.3397436, 46.6505751], [11.3394809, 46.6507038], [11.3388017, 46.6507289], [11.3386474, 46.6507611], [11.3385995, 46.650842], [11.3385645, 46.651016], [11.3385621, 46.6512137], [11.3383467, 46.6515092], [11.338195, 46.6516502], [11.3380082, 46.651779], [11.3378163, 46.6518727], [11.3376151, 46.6519219], [11.3372654, 46.651893], [11.3370181, 46.6519045], [11.3368464, 46.6519545], [11.3364543, 46.6519189], [11.3362776, 46.6519457], [11.3361769, 46.6520071], [11.3360808, 46.652033], [11.3359585, 46.6520199], [11.3357553, 46.6519606], [11.3354962, 46.6518526], [11.335363, 46.6518376], [11.3350511, 46.6518376], [11.3348963, 46.6518204], [11.3348193, 46.6517887], [11.3347493, 46.6518165], [11.3346299, 46.6518003], [11.3344143, 46.6517292], [11.3342205, 46.6517162], [11.3339849, 46.6517062], [11.333818, 46.651678], [11.3334376, 46.6516482], [11.3333458, 46.6516367], [11.3332564, 46.6515978], [11.333082, 46.6515074], [11.3327648, 46.6514493], [11.3325241, 46.6514606], [11.3322287, 46.6515272], [11.3318803, 46.651542], [11.3316489, 46.6515217], [11.3313483, 46.6515044], [11.3311283, 46.6515005], [11.3307925, 46.651498], [11.3302118, 46.6514965], [11.3299144, 46.6514933], [11.3289354, 46.651399], [11.328239, 46.6512443], [11.3273912, 46.6512152]]}, "properties": {"osm_id": "way/131631498", "highway": "path", "sac_scale": "hiking"}}, {"type": "Feature", "geometry": {"type": "LineString", "coordinates": [[11.3564879, 46.6659372], [11.3564028, 46.6660934], [11.3563536, 46.6661493], [11.356284, 46.6662162], [11.3562486, 46.6662825], [11.3562336, 46.666351], [11.3562585, 46.6665703], [11.3561898, 46.6669385], [11.3561898, 46.6670305], [11.3561898, 46.6671078], [11.3561362, 46.6674023], [11.356094, 46.6675051], [11.3559967, 46.6675937], [11.3558808, 46.6677182], [11.3558143, 46.6678809], [11.3557177, 46.6680428]]}, "properties": {"osm_id": "way/147036191", "highway": "residential"}}, {"type": "Feature", "geometry": {"type": "LineString", "coordinates": [[11.355824, 46.6707958], [11.3556319, 46.6711865], [11.3555139, 46.6713853], [11.3554388, 46.671481], [11.355471, 46.6717092], [11.3553315, 46.6719153], [11.3552028, 46.6720846], [11.3550418, 46.6722981], [11.3549238, 46.672357], [11.354838, 46.6724601], [11.3549024, 46.672519], [11.3551062, 46.6724822], [11.3552135, 46.6723276], [11.3553744, 46.6722171], [11.3555461, 46.6721362], [11.3558036, 46.6719963], [11.3560396, 46.6718932], [11.3562971, 46.671746], [11.3564688, 46.6715619], [11.3565975, 46.6714], [11.3567263, 46.6713116], [11.3569086, 46.6711349], [11.3570374, 46.6709164]]}, "properties": {"osm_id": "way/147036330", "highway": "service"}}, {"type": "Feature", "geometry": {"type": "LineString", "coordinates": [[11.3481048, 46.6579072], [11.3480904, 46.6579471], [11.348138, 46.6580044], [11.3483157, 46.6580128], [11.3484135, 46.6580315], [11.3484931, 46.6580779], [11.3485509, 46.6581469], [11.3487547, 46.6583457], [11.3489586, 46.6584562], [11.3491517, 46.6586034], [11.3493555, 46.6588022], [11.3495487, 46.6589863], [11.3497418, 46.6591262], [11.3498306, 46.6591506], [11.35001, 46.6591999], [11.350289, 46.6593103], [11.3504928, 46.6594576], [11.3506645, 46.659708], [11.3508576, 46.6599436], [11.3510292, 46.6601719], [11.3511794, 46.660459], [11.3512546, 46.6606947], [11.3512546, 46.6608935], [11.3513618, 46.6610481], [11.3513726, 46.6611733], [11.3514155, 46.6612322], [11.3514799, 46.6613795]]}, "properties": {"osm_id": "way/147037345", "highway": "service"}}, {"type": "Feature", "geometry": {"type": "LineString", "coordinates": [[11.3486153, 46.6593472], [11.34839, 46.6592367], [11.3482505, 46.6591189], [11.3481217, 46.658979], [11.3479501, 46.6587728], [11.3478213, 46.6586918], [11.3476497, 46.6585813], [11.3476604, 46.6585077], [11.3478321, 46.6585372], [11.348111, 46.6586402], [11.3483792, 46.6587065], [11.3486367, 46.6587728], [11.3488727, 46.6587949], [11.3491839, 46.6589201], [11.3493985, 46.6590158], [11.3495594, 46.6591925], [11.3497203, 46.6592072], [11.3498306, 46.6591506]]}, "properties": {"osm_id": "way/147037500", "highway": "service"}}, {"type": "Feature", "geometry": {"type": "LineString", "coordinates": [[11.3459665, 46.7108035], [11.3462377, 46.7104409], [11.3463037, 46.7097498], [11.3463527, 46.7094352], [11.3466531, 46.7088908], [11.3466102, 46.7082875], [11.3466766, 46.7077057], [11.3468065, 46.7075406], [11.3470618, 46.7073617], [11.3472479, 46.7070159], [11.3476894, 46.7067144], [11.3478784, 46.7066365], [11.3479962, 46.7065541], [11.3480616, 46.7062502], [11.3479474, 46.7058926], [11.3482253, 46.7057363], [11.3482483, 46.7056557], [11.3482027, 46.705289], [11.348346, 46.7051429], [11.3485857, 46.7049884], [11.3487274, 46.7048358], [11.3491158, 46.7046757], [11.3496436, 46.704355], [11.3499758, 46.7042601], [11.350082, 46.7041428], [11.3500641, 46.7039216], [11.3501269, 46.7038186], [11.3505141, 46.7037485], [11.3508142, 46.7036555], [11.3512004, 46.7035028], [11.3513648, 46.7034781], [11.3515813, 46.7034631], [11.351702, 46.703431]]}, "properties": {"osm_id": "way/147037922", "highway": "residential"}}, {"type": "Feature", "geometry": {"type": "LineString", "coordinates": [[11.351702, 46.703431], [11.3516447, 46.7032045], [11.3515833, 46.7030525], [11.3515009, 46.7030296], [11.3514208, 46.7030639], [11.3513701, 46.7032016], [11.3512835, 46.7032701], [11.3510378, 46.7033547], [11.3507878, 46.7033992], [11.3507267, 46.7033117], [11.3509129, 46.7032229], [11.3510092, 46.703106], [11.3509384, 46.7030382], [11.3507952, 46.7030812], [11.3505733, 46.7031616], [11.3502366, 46.7033287], [11.3499054, 46.7033893], [11.3497203, 46.7033824], [11.3496747, 46.7033575], [11.3496787, 46.7033318], [11.3499033, 46.7032984], [11.3501607, 46.7031987], [11.3502761, 46.7029714], [11.3504713, 46.7028548], [11.3505604, 46.7027624], [11.3505293, 46.7026288], [11.3502892, 46.70251], [11.350093, 46.7024301], [11.349907, 46.7023787], [11.3497997, 46.7023051], [11.3497032, 46.7022549], [11.3496538, 46.7022839], [11.3496835, 46.702326], [11.3498206, 46.7024218], [11.3499047, 46.7025087], [11.3498957, 46.7026351], [11.3497461, 46.7027613], [11.3495851, 46.702857], [11.3494242, 46.7028717]]}, "properties": {"osm_id": "way/147037923", "highway": "residential"}}, {"type": "Feature", "geometry": {"type": "LineString", "coordinates": [[11.3419442, 46.6930843], [11.341958, 46.6926969], [11.3420289, 46.692515], [11.3421498, 46.6923651], [11.3421942, 46.6922581], [11.3422215, 46.6921159], [11.342263, 46.6917492], [11.3423, 46.6916748], [11.3423577, 46.691618], [11.3426582, 46.6913922], [11.3429285, 46.6912102], [11.3430274, 46.6911179], [11.3431252, 46.6909697], [11.3434051, 46.6903373], [11.3434468, 46.6902676], [11.3435162, 46.6902059], [11.3437425, 46.6901148], [11.3438313, 46.6900791], [11.3438909, 46.6900144], [11.3439431, 46.6898608], [11.343985, 46.6897169], [11.3439783, 46.6895938], [11.3439689, 46.6894546], [11.3439888, 46.6893765], [11.3440587, 46.689253], [11.3441656, 46.6890683], [11.3442543, 46.6888474], [11.3445283, 46.6884071]]}, "properties": {"osm_id": "way/147038906", "highway": "residential"}}, {"type": "Feature", "geometry": {"type": "LineString", "coordinates": [[11.3406478, 46.6587699], [11.3407547, 46.658759], [11.3408505, 46.6587003], [11.3409525, 46.6586016], [11.3410904, 46.6584555], [11.3412694, 46.6583583], [11.341526, 46.6582684], [11.3417008, 46.6582309], [11.3418025, 46.6582605], [11.3419453, 46.6583289], [11.3421413, 46.6583836], [11.3423077, 46.6584522], [11.3424398, 46.6585657], [11.3425621, 46.6586129], [11.3427175, 46.6586221], [11.3431576, 46.6585645], [11.3435619, 46.658508], [11.3437753, 46.6585224], [11.3439237, 46.6585675], [11.3441398, 46.658624], [11.3443181, 46.6586397], [11.3444738, 46.6586145], [11.3446788, 46.6585745]]}, "properties": {"osm_id": "way/147446210", "highway": "service"}}, {"type": "Feature", "geometry": {"type": "LineString", "coordinates": [[11.34845, 46.703777], [11.3486595, 46.7037619], [11.3488343, 46.7037691], [11.3489426, 46.7037656], [11.3490626, 46.7037067], [11.3491109, 46.7035592], [11.3492413, 46.7034268], [11.3494387, 46.703358], [11.3496787, 46.7033318]]}, "properties": {"osm_id": "way/150916447", "highway": "residential"}}, {"type": "Feature", "geometry": {"type": "LineString", "coordinates": [[11.3299674, 46.6559095], [11.3300511, 46.6559124], [11.3300561, 46.6559571], [11.3299858, 46.6559825], [11.3298638, 46.656029], [11.3297904, 46.6560778], [11.3296643, 46.6561875], [11.3295568, 46.6562686], [11.3293676, 46.6563632], [11.3291139, 46.6564949], [11.3289482, 46.6565939]]}, "properties": {"osm_id": "way/150916448", "highway": "service"}}, {"type": "Feature", "geometry": {"type": "LineString", "coordinates": [[11.3395491, 46.6576709], [11.3397637, 46.6575678], [11.3400319, 46.657391], [11.3403645, 46.6571848], [11.3406971, 46.6569639], [11.3409224, 46.6568166], [11.3413301, 46.6567504], [11.3417271, 46.6567651], [11.3420489, 46.656905], [11.3422528, 46.6569787], [11.3424996, 46.6571259], [11.3428643, 46.6572143], [11.3432613, 46.6572806], [11.3436797, 46.6572806], [11.3439909, 46.6573542], [11.344302, 46.6574205], [11.3445595, 46.6573689], [11.3447419, 46.6573248], [11.3449565, 46.657391], [11.3452102, 46.6575369]]}, "properties": {"osm_id": "way/150916451", "highway": "service"}}, {"type": "Feature", "geometry": {"type": "LineString", "coordinates": [[11.3558657, 46.6810065], [11.3559118, 46.6808578], [11.3560442, 46.6806911], [11.35613, 46.6804114], [11.3562802, 46.6802053], [11.3564948, 46.6798593], [11.3566021, 46.6796311], [11.356594, 46.6795001]]}, "properties": {"osm_id": "way/150916456", "highway": "service"}}, {"type": "Feature", "geometry": {"type": "LineString", "coordinates": [[11.3430658, 46.6984203], [11.3431947, 46.6983581], [11.3434277, 46.6980964], [11.3439331, 46.6977134], [11.344449, 46.6974689], [11.3450372, 46.6973306], [11.3456192, 46.6971087], [11.3459175, 46.696881], [11.3461441, 46.6968368]]}, "properties": {"osm_id": "way/150956115", "highway": "residential"}}, {"type": "Feature", "geometry": {"type": "LineString", "coordinates": [[11.3454459, 46.7002218], [11.3455644, 46.700165], [11.3456039, 46.7000554], [11.3454704, 46.6999107], [11.3451646, 46.6998184], [11.3450091, 46.6998199], [11.3446282, 46.6999214], [11.3440918, 46.7001715], [11.3437017, 46.7003384], [11.3434909, 46.7003629], [11.3434029, 46.7003484]]}, "properties": {"osm_id": "way/150956116", "highway": "residential"}}, {"type": "Feature", "geometry": {"type": "LineString", "coordinates": [[11.3337746, 46.6871824], [11.3341187, 46.6870931], [11.3342475, 46.6870697], [11.3344765, 46.6870281], [11.3346986, 46.6870399], [11.3349552, 46.6871269], [11.3351893, 46.6871493], [11.3357433, 46.687272], [11.3358147, 46.6873166], [11.3358175, 46.6873982], [11.3358057, 46.6876284], [11.3356918, 46.6878706], [11.3353003, 46.6881774], [11.3350512, 46.688387], [11.3349436, 46.6884947], [11.3348458, 46.6886512], [11.334854, 46.6888138], [11.3349134, 46.6889425], [11.3349075, 46.689066], [11.3348777, 46.6891758], [11.3347261, 46.689388], [11.3347296, 46.6894696], [11.3347987, 46.6896486], [11.3348437, 46.6898246], [11.334868, 46.6899348], [11.3349341, 46.690101], [11.3350494, 46.6902427], [11.3350781, 46.6903231], [11.3350854, 46.690457], [11.3349947, 46.6907898], [11.335012, 46.6908419], [11.3351557, 46.6908888], [11.3352341, 46.6909617], [11.3352521, 46.6910583], [11.3351733, 46.6912757], [11.3348528, 46.6915093], [11.334727, 46.6916179], [11.3347377, 46.6916676], [11.334775, 46.6917062]]}, "properties": {"osm_id": "way/150956118", "highway": "track", "name": "Nisslkampele", "source": "Geobrowser der Autonomen Provinz Bozen"}}, {"type": "Feature", "geometry": {"type": "LineString", "coordinates": [[11.3423108, 46.7048657], [11.3425734, 46.7045737], [11.3426755, 46.7041594], [11.3428043, 46.7037327], [11.3428687, 46.7030852], [11.3428472, 46.7027615], [11.3425859, 46.7024314], [11.342089, 46.7018981], [11.3420533, 46.7016873], [11.3423247, 46.7014945], [11.3425468, 46.7014665], [11.3428258, 46.7013047], [11.343212, 46.7010398], [11.343448, 46.7006866], [11.3434909, 46.7003629]]}, "properties": {"osm_id": "way/150956126", "highway": "residential"}}, {"type": "Feature", "geometry": {"type": "LineString", "coordinates": [[11.3437438, 46.7092241], [11.3438571, 46.7093797], [11.3438689, 46.7094917], [11.3439639, 46.7094868], [11.3440158, 46.7095224], [11.343962, 46.7096963], [11.3436062, 46.7101855], [11.3435345, 46.7104305], [11.3435418, 46.7106923], [11.3434206, 46.7108736], [11.3433961, 46.7110511], [11.3436443, 46.711603], [11.3433362, 46.7122153], [11.3433873, 46.7123929], [11.3436276, 46.7130987], [11.3439515, 46.713554], [11.3438906, 46.7136551], [11.3436813, 46.7137659], [11.3436394, 46.713863], [11.3438851, 46.7144522], [11.343597, 46.7149092], [11.3435606, 46.7150459], [11.3435562, 46.7152378], [11.3435814, 46.7154896], [11.3436355, 46.7156171], [11.3436253, 46.7157191], [11.3435811, 46.7158474], [11.3435531, 46.7159153], [11.3435848, 46.7159568], [11.343692, 46.7159087], [11.3438866, 46.7154622], [11.3439061, 46.7152356], [11.3438979, 46.7149725], [11.3439823, 46.7148407], [11.3442499, 46.7147023], [11.3445503, 46.7141138], [11.3449699, 46.7138691], [11.3450222, 46.713777], [11.3448054, 46.7132778], [11.3449476, 46.7129609], [11.3449186, 46.7126975], [11.3450442, 46.712525], [11.3451236, 46.712333], [11.3452548, 46.7115422], [11.345304, 46.7113267], [11.3454004, 46.7112233], [11.3458494, 46.7109982], [11.3459665, 46.7108035]]}, "properties": {"osm_id": "way/150956129", "highway": "track"}}, {"type": "Feature", "geometry": {"type": "LineString", "coordinates": [[11.33033, 46.7161207], [11.3303533, 46.7161187], [11.3303745, 46.7161043], [11.3303925, 46.7160768], [11.3304911, 46.7158033], [11.3305162, 46.7157599], [11.3307821, 46.7153484], [11.3308193, 46.715283], [11.3308395, 46.7152151], [11.3308306, 46.7151419], [11.3308039, 46.7150751], [11.3307609, 46.7150136], [11.3307396, 46.7149702], [11.3307423, 46.7149406], [11.3307643, 46.7149128], [11.3308026, 46.7148895], [11.3308536, 46.7148846], [11.330888, 46.7149001], [11.3309238, 46.7149325], [11.3309852, 46.7150719], [11.3310178, 46.7151589], [11.3310413, 46.7152656], [11.331059, 46.715392], [11.3310729, 46.7156829], [11.3310825, 46.7158414], [11.3310838, 46.715892], [11.3310652, 46.7159389], [11.3310398, 46.7159985], [11.3310185, 46.716073], [11.3310049, 46.7161344], [11.3310077, 46.716213], [11.3310275, 46.7163002], [11.3310396, 46.7163708], [11.3309919, 46.7169766], [11.3308934, 46.7172431], [11.330677, 46.7177822], [11.3304352, 46.7182245], [11.3301688, 46.718744], [11.3300676, 46.7189166], [11.3300248, 46.7190134], [11.329976, 46.7191326], [11.3298086, 46.719536], [11.3297849, 46.7195718], [11.3297644, 46.7195883], [11.3297205, 46.7196102], [11.3295241, 46.719668], [11.3294748, 46.7197169], [11.3294746, 46.7197555], [11.3295313, 46.7197786], [11.3296162, 46.7197681], [11.3299367, 46.7196795], [11.3300452, 46.7196294], [11.3301075, 46.7195924], [11.3301898, 46.7195324], [11.3304889, 46.7192267], [11.3305726, 46.7191254], [11.3306257, 46.7190798], [11.3308697, 46.7189394], [11.3311234, 46.7188349], [11.3313303, 46.7187189], [11.3320145, 46.71822], [11.3322086, 46.718053], [11.3324324, 46.7177426], [11.3325769, 46.7172622], [11.333018, 46.7149428], [11.3336898, 46.7131944], [11.3338641, 46.7127087], [11.3342113, 46.7122123], [11.3347142, 46.7113054], [11.3349945, 46.7109357], [11.3352456, 46.7107432], [11.3353807, 46.710442], [11.3353664, 46.7098471], [11.335591, 46.7096394], [11.3356314, 46.7093563], [11.3359445, 46.7087765], [11.3362127, 46.7087342], [11.3366912, 46.7088302], [11.3371177, 46.7089269], [11.3376115, 46.7091329], [11.3381466, 46.7092683]]}, "properties": {"osm_id": "way/150956148", "highway": "residential"}}, {"type": "Feature", "geometry": {"type": "LineString", "coordinates": [[11.3313352, 46.6482653], [11.3313929, 46.6483435], [11.3316968, 46.6484697], [11.3318396, 46.6485547], [11.3321462, 46.6486949], [11.332336, 46.6487992], [11.3325404, 46.6489525], [11.332796, 46.6491638], [11.3329647, 46.649353], [11.3330661, 46.6494518], [11.3332322, 46.6495527], [11.3333521, 46.6496007], [11.3335214, 46.6496805], [11.3339359, 46.6499285], [11.3341978, 46.6501764], [11.3345692, 46.6503361], [11.3348719, 46.6504559], [11.3351059, 46.6504979], [11.3354811, 46.6505028], [11.3358339, 46.6505009], [11.3359057, 46.650543], [11.3359119, 46.6506964], [11.3359967, 46.6508053], [11.3362149, 46.6509254], [11.3365615, 46.6510178], [11.3368915, 46.6510305], [11.3372714, 46.6510153], [11.3374927, 46.6511187], [11.3379575, 46.6511478]]}, "properties": {"osm_id": "way/150966313", "highway": "service"}}, {"type": "Feature", "geometry": {"type": "LineString", "coordinates": [[11.3562724, 46.6677741], [11.3562938, 46.6675974], [11.3562831, 46.6673692], [11.3562616, 46.6671704], [11.3561898, 46.6670305]]}, "properties": {"osm_id": "way/163721804", "highway": "service"}}, {"type": "Feature", "geometry": {"type": "LineString", "coordinates": [[11.3472326, 46.6576853], [11.3471954, 46.6576394], [11.3468488, 46.6575233], [11.346719, 46.6574501], [11.346552, 46.6573185], [11.3464054, 46.6571847], [11.3462964, 46.6571035], [11.3461643, 46.6570506], [11.3459898, 46.6570147], [11.3458103, 46.6569598], [11.3456599, 46.6569067], [11.3455168, 46.6568332], [11.3453874, 46.6567547], [11.3452355, 46.6567407], [11.3451158, 46.6567215], [11.3449452, 46.6566763], [11.3448105, 46.6566053], [11.3445429, 46.6565027], [11.3443922, 46.6564451], [11.3442249, 46.6563337], [11.3441135, 46.6562972], [11.3438195, 46.6562974], [11.3436957, 46.6562899], [11.3435506, 46.6562388], [11.3433775, 46.6561555], [11.3432719, 46.6560907]]}, "properties": {"osm_id": "way/163721814", "highway": "service"}}, {"type": "Feature", "geometry": {"type": "LineString", "coordinates": [[11.3534078, 46.6574658], [11.3532361, 46.6573995], [11.3530859, 46.6574142], [11.3525751, 46.657372]]}, "properties": {"osm_id": "way/163721824", "highway": "service"}}, {"type": "Feature", "geometry": {"type": "LineString", "coordinates": [[11.3554921, 46.667161], [11.3554717, 46.6672491], [11.3554334, 46.6673294], [11.3553102, 46.6675431]]}, "properties": {"osm_id": "way/163721839", "highway": "service"}}, {"type": "Feature", "geometry": {"type": "LineString", "coordinates": [[11.3344266, 46.658891], [11.3340344, 46.6588623], [11.3339691, 46.6587304], [11.3336484, 46.6586125], [11.333553, 46.6584964], [11.3335108, 46.6583837], [11.3335871, 46.6582805], [11.3336802, 46.6581184], [11.3336888, 46.6579987], [11.3336064, 46.6577656], [11.3334664, 46.6575694], [11.3333448, 46.6575173], [11.3330552, 46.6574216], [11.332905, 46.65737], [11.332802, 46.6572603]]}, "properties": {"osm_id": "way/163723778", "highway": "service"}}, {"type": "Feature", "geometry": {"type": "LineString", "coordinates": [[11.3434291, 46.660237], [11.3434036, 46.6601909], [11.3432509, 46.6600998], [11.3430782, 46.6600324], [11.3428837, 46.65996], [11.3428219, 46.6599326], [11.3428, 46.6598889], [11.3428055, 46.6598153], [11.3427973, 46.6596649], [11.3427782, 46.6596263], [11.3427355, 46.6596075], [11.3426819, 46.6596026], [11.3425283, 46.65963], [11.342439, 46.659649], [11.3423371, 46.6596251], [11.34227, 46.6595791], [11.3421708, 46.6594686], [11.3420983, 46.659349], [11.3420447, 46.6592495], [11.341983, 46.659198], [11.3418596, 46.6591722], [11.3417497, 46.6591649], [11.3416382, 46.6591741], [11.3414129, 46.6591889], [11.3411662, 46.6592846], [11.3409423, 46.6593975], [11.3408665, 46.6593858], [11.3408789, 46.6593175], [11.3410253, 46.6591804], [11.3413056, 46.6589532], [11.3415194, 46.6587786], [11.3417552, 46.658589], [11.3419591, 46.6585394], [11.3421854, 46.6585556], [11.3422892, 46.6585726], [11.3424398, 46.6585657]]}, "properties": {"osm_id": "way/163723794", "highway": "track", "name": "Kieserweg", "source": "Geobrowser der Autonomen Provinz Bozen"}}, {"type": "Feature", "geometry": {"type": "LineString", "coordinates": [[11.3433656, 46.656722], [11.3435694, 46.6566631], [11.3441036, 46.65667], [11.3444761, 46.6566396], [11.3446558, 46.6566347], [11.3449452, 46.6566763]]}, "properties": {"osm_id": "way/163723797", "highway": "service"}}, {"type": "Feature", "geometry": {"type": "LineString", "coordinates": [[11.3571726, 46.6791627], [11.3572772, 46.6790575], [11.3574274, 46.6789014], [11.3574472, 46.6788113]]}, "properties": {"osm_id": "way/166142666", "highway": "service"}}, {"type": "Feature", "geometry": {"type": "LineString", "coordinates": [[11.3272069, 46.695548], [11.3272468, 46.6955115], [11.3273357, 46.6954302], [11.3275824, 46.6953787], [11.3280009, 46.6953051], [11.3281403, 46.6952757], [11.3282735, 46.695197], [11.3283629, 46.6950434], [11.328414, 46.6949815]]}, "properties": {"osm_id": "way/166263576", "highway": "track", "name": "Sallmannwies"}}, {"type": "Feature", "geometry": {"type": "LineString", "coordinates": [[11.3405367, 46.6949528], [11.3404145, 46.694868], [11.3402802, 46.6947646], [11.3401655, 46.6946865], [11.3400982, 46.6946453], [11.339902, 46.6946056], [11.3399148, 46.6945503], [11.3400464, 46.6945199], [11.3403803, 46.6943967], [11.3407002, 46.6942003], [11.3411637, 46.6937293], [11.3414813, 46.6934055], [11.3416873, 46.6933054], [11.3419275, 46.693197]]}, "properties": {"osm_id": "way/166263592", "highway": "residential"}}, {"type": "Feature", "geometry": {"type": "LineString", "coordinates": [[11.3505764, 46.6945477], [11.3505124, 46.6946099], [11.3503564, 46.6947436], [11.3503008, 46.6947313], [11.3502611, 46.6946819], [11.3503474, 46.6945609], [11.3504129, 46.6944469], [11.3504236, 46.6943805], [11.3504066, 46.6942637], [11.3503036, 46.6941984], [11.3502116, 46.6941553]]}, "properties": {"osm_id": "way/166265334", "highway": "track"}}, {"type": "Feature", "geometry": {"type": "LineString", "coordinates": [[11.3488434, 46.695488], [11.3487951, 46.6954199], [11.3488088, 46.6953562], [11.3488642, 46.6952637], [11.3489576, 46.6951682], [11.3489658, 46.6950854], [11.3488789, 46.6949165], [11.3487504, 46.69479], [11.3485766, 46.6946524], [11.3483427, 46.6945546], [11.3480201, 46.6943503]]}, "properties": {"osm_id": "way/166265362", "highway": "service"}}, {"type": "Feature", "geometry": {"type": "LineString", "coordinates": [[11.3099425, 46.7171879], [11.3097133, 46.7170958], [11.309433, 46.7169559], [11.3091739, 46.7168469], [11.3089832, 46.716764], [11.3087184, 46.7167304], [11.3085913, 46.716596], [11.3085147, 46.7163321], [11.3086014, 46.7162103], [11.3086974, 46.716199], [11.3092773, 46.7163346], [11.3096635, 46.7164449], [11.3100605, 46.7164964], [11.3103716, 46.7165185], [11.3105273, 46.7165006], [11.3105965, 46.7164927]]}, "properties": {"osm_id": "way/166725263", "highway": "track"}}, {"type": "Feature", "geometry": {"type": "LineString", "coordinates": [[11.3228226, 46.7186769], [11.3226148, 46.7186561], [11.3223466, 46.7186143], [11.3221038, 46.7185867], [11.321617, 46.7185757], [11.3211959, 46.7185522], [11.3207205, 46.7184994], [11.3203409, 46.7184309], [11.3201813, 46.7184166], [11.3199721, 46.7183941], [11.3194431, 46.7182746], [11.3188241, 46.7182617], [11.3186203, 46.7182093], [11.3183132, 46.7180511], [11.318173, 46.7180222], [11.3180765, 46.7179845], [11.3178813, 46.717939], [11.3174844, 46.7178723], [11.3171954, 46.7177909], [11.3165785, 46.7175753], [11.3164721, 46.7175531], [11.3161339, 46.7175068], [11.3160159, 46.7174604], [11.3158925, 46.7174452], [11.3157973, 46.7174415], [11.3155572, 46.7174645], [11.3153896, 46.7174218], [11.3150751, 46.7172967], [11.3146976, 46.717202], [11.314141, 46.71718], [11.3137829, 46.7171455], [11.3133806, 46.7171777], [11.3128643, 46.7169956]]}, "properties": {"osm_id": "way/166725266", "highway": "track", "name": "Moosmannwaldweg"}}, {"type": "Feature", "geometry": {"type": "LineString", "coordinates": [[11.2977111, 46.7007635], [11.2976365, 46.7007528], [11.2974112, 46.7006497], [11.2970142, 46.700429], [11.2967138, 46.7002083], [11.2964563, 46.700017], [11.2960486, 46.6997153], [11.2958019, 46.6994577], [11.2957053, 46.6992738], [11.295598, 46.6991266], [11.2952225, 46.6990604], [11.2949543, 46.6990236], [11.2949221, 46.6988765], [11.2946737, 46.6986366], [11.2946206, 46.6985674], [11.294565, 46.6985223], [11.294576, 46.6984423], [11.2945622, 46.698403], [11.2944678, 46.6984071], [11.2944281, 46.6983864], [11.2943747, 46.698325], [11.2943051, 46.6982941], [11.294084, 46.6982893], [11.2939064, 46.6982327], [11.2938823, 46.6981981], [11.2939771, 46.6981354], [11.2941467, 46.6980851], [11.2941693, 46.6980726], [11.2942225, 46.6980101], [11.2942928, 46.6978753], [11.2943438, 46.6978142], [11.2943003, 46.6977757], [11.2940761, 46.6977988], [11.2938945, 46.6978152], [11.2938883, 46.6977926], [11.2939673, 46.6977359], [11.2939935, 46.6976903], [11.2939691, 46.6976407], [11.2938674, 46.6977026], [11.2937718, 46.6977256], [11.2937247, 46.6977007], [11.2937526, 46.6976398], [11.2936935, 46.6975981], [11.2936762, 46.6976215], [11.2935545, 46.6975923], [11.2936099, 46.6975205], [11.2934687, 46.6975072], [11.2934786, 46.6974367], [11.2935953, 46.6973916], [11.2936609, 46.6973505], [11.2936273, 46.6973333], [11.2935716, 46.6973418], [11.2935451, 46.6972962], [11.2934496, 46.6972967], [11.2933629, 46.6972783], [11.2932844, 46.6972543], [11.2934137, 46.6972106], [11.2934113, 46.6971614], [11.2935501, 46.6971096], [11.2935557, 46.6970577], [11.2935091, 46.6970558], [11.2934576, 46.697079], [11.2933977, 46.6970613], [11.2932918, 46.6970211], [11.293333, 46.6969966], [11.2934994, 46.6969349], [11.2934753, 46.6969003], [11.2934086, 46.6969036], [11.2932825, 46.6968655], [11.2932308, 46.6968197], [11.2933556, 46.6967722], [11.2934106, 46.6966911], [11.2932055, 46.6965807], [11.2931444, 46.6965298], [11.2931806, 46.696494], [11.2931172, 46.6964717], [11.2931703, 46.6962671], [11.293146, 46.696218], [11.2930373, 46.6962065], [11.2928119, 46.6961244], [11.2927422, 46.6961374], [11.2927083, 46.6960961], [11.2927342, 46.6960613], [11.2927988, 46.6960395], [11.2927458, 46.6960044], [11.2926495, 46.6959877], [11.2926034, 46.6959528], [11.2925734, 46.6959175], [11.2926515, 46.6958681], [11.2925743, 46.6958194], [11.2926955, 46.695724], [11.2925986, 46.695683], [11.2924769, 46.6956698], [11.2924179, 46.6956542], [11.2923509, 46.6955912], [11.2921812, 46.6955586], [11.2920194, 46.6955321], [11.2918793, 46.6954029], [11.2918686, 46.695289], [11.2917848, 46.6951967], [11.2916717, 46.6951148], [11.2915882, 46.6950093], [11.2915344, 46.6949772], [11.2914576, 46.6949095], [11.2913015, 46.694867], [11.2911973, 46.6948168], [11.2910158, 46.6947902], [11.2908722, 46.6947456], [11.2907379, 46.6946674], [11.2905769, 46.6946159], [11.2904804, 46.6945423], [11.2902873, 46.6944908], [11.2898688, 46.6944614], [11.2895684, 46.6943804], [11.2892466, 46.6942038], [11.2888818, 46.6940198], [11.2885063, 46.6937843], [11.2881737, 46.6935415], [11.2878147, 46.6933072]]}, "properties": {"osm_id": "way/166726223", "highway": "path"}}, {"type": "Feature", "geometry": {"type": "LineString", "coordinates": [[11.307235, 46.6694147], [11.3069212, 46.6694412], [11.3067666, 46.6694528], [11.306585, 46.669473], [11.3065596, 46.6694808], [11.3062264, 46.6695828], [11.3060807, 46.6696343], [11.3059978, 46.6696702], [11.3058969, 46.6697016], [11.3056615, 46.6697912], [11.305406, 46.6698809], [11.3052088, 46.6700288], [11.3050295, 46.6702082], [11.3049398, 46.6702642], [11.3047217, 46.6703151], [11.3046448, 46.6703337], [11.3045404, 46.6703516], [11.304428, 46.6703604], [11.3038716, 46.6703508], [11.3037048, 46.6703494], [11.3035523, 46.6703516], [11.3034293, 46.6703418], [11.3032601, 46.6703329], [11.3031213, 46.670321], [11.3029999, 46.670318], [11.3029054, 46.6703229], [11.3028277, 46.6703354], [11.3026053, 46.6703865], [11.3024882, 46.6704192], [11.3023537, 46.6704519], [11.3022063, 46.6704609], [11.3020284, 46.6704519], [11.3017552, 46.670443], [11.3014299, 46.6704222], [11.3011871, 46.6704162], [11.3010554, 46.6704166], [11.3007751, 46.6703924], [11.3006146, 46.6703537], [11.3004726, 46.670309], [11.3003202, 46.6702664], [11.3001592, 46.6702288], [11.3000328, 46.6702157], [11.2999368, 46.6702072], [11.2998599, 46.6702122], [11.2997822, 46.6702238], [11.2996365, 46.6702642], [11.2993872, 46.6703448], [11.299121, 46.6704166], [11.2989551, 46.6704614], [11.2988237, 46.6704837], [11.2986901, 46.6705076], [11.2985472, 46.6705309], [11.2984228, 46.6705599], [11.2982782, 46.6705914], [11.2981555, 46.6706315], [11.2980746, 46.6706769], [11.2979667, 46.6707551], [11.2978591, 46.670838], [11.297756, 46.6709389], [11.2976573, 46.6710173], [11.2976481, 46.6711067], [11.2975498, 46.6712101], [11.2974467, 46.6712751], [11.2973323, 46.671293], [11.2972014, 46.671318], [11.2971015, 46.6713782], [11.2970387, 46.6714656], [11.2968982, 46.6715951], [11.2968421, 46.6716387], [11.2967447, 46.6716853], [11.296624, 46.6717256], [11.2963801, 46.6718042], [11.2962587, 46.671853], [11.296169, 46.6718982], [11.2960906, 46.6719587], [11.2960032, 46.6720506], [11.2959001, 46.6721089], [11.2957572, 46.6721542], [11.295608, 46.6721909], [11.295537, 46.6722037], [11.2954746, 46.672222], [11.2952672, 46.672303], [11.2951284, 46.6723655], [11.2949764, 46.6724332], [11.2949345, 46.6724598], [11.2949012, 46.6724885], [11.2948658, 46.6725326], [11.2948334, 46.6725748], [11.2947899, 46.6726064], [11.2947337, 46.6726368], [11.2946794, 46.6726552], [11.2946131, 46.6726671], [11.2945169, 46.672675], [11.2941114, 46.6727096], [11.2937677, 46.6727349], [11.2937059, 46.6727434], [11.2936571, 46.6727568], [11.2935093, 46.6728086], [11.2934391, 46.6728273], [11.2931608, 46.6728673], [11.2929946, 46.6729011], [11.2928222, 46.6729438], [11.2927604, 46.6729547], [11.2926835, 46.6729573], [11.2926054, 46.672956], [11.2922076, 46.6729426], [11.2921503, 46.6729417], [11.2920796, 46.6729461], [11.2919017, 46.6729725], [11.2917499, 46.6729904], [11.2914333, 46.6730172], [11.2911211, 46.673041], [11.2909736, 46.6730618], [11.2908131, 46.6731511], [11.2907351, 46.6732344], [11.2906708, 46.6733081], [11.290487, 46.6734851], [11.2903839, 46.6735479], [11.2902516, 46.6737407], [11.2902314, 46.6738258], [11.2901889, 46.6739424], [11.2900633, 46.674106], [11.2899934, 46.6742849], [11.2899109, 46.6744265], [11.2897159, 46.6745588], [11.2896509, 46.6746485], [11.2896031, 46.6747164], [11.289447, 46.674877], [11.2894088, 46.6749914], [11.289364, 46.6750855], [11.2893035, 46.6751662], [11.2891911, 46.6752401], [11.2890957, 46.6753591], [11.2890726, 46.6755024], [11.2890256, 46.6755921], [11.2889673, 46.6756728], [11.2889247, 46.6757804], [11.288835, 46.67587], [11.2887521, 46.6759283], [11.2886243, 46.6761009], [11.2885795, 46.6762085], [11.2884854, 46.6763071], [11.288306, 46.676547], [11.2882074, 46.6766433], [11.2881155, 46.6766994], [11.287975, 46.6769575], [11.2878983, 46.6770122], [11.28784, 46.6770354], [11.2876867, 46.6770249], [11.2875027, 46.6768986], [11.2873831, 46.6768039], [11.2872206, 46.6767261], [11.287058, 46.6766377], [11.28692, 46.676644], [11.2867943, 46.6767071], [11.2865551, 46.676825], [11.2863224, 46.676984], [11.286227, 46.6770501], [11.2861442, 46.677088], [11.285997, 46.6770838], [11.2858375, 46.676987], [11.2857302, 46.6769744], [11.2855646, 46.6769975], [11.2852855, 46.6770985], [11.2850371, 46.6771616], [11.2849512, 46.67717], [11.2848255, 46.6772121], [11.2847028, 46.6772584], [11.2845986, 46.6773215], [11.2844698, 46.6773826], [11.284344, 46.6774457], [11.2842152, 46.6774899], [11.2840312, 46.6775067], [11.2836326, 46.6775488], [11.2835375, 46.6775761], [11.2834087, 46.6776498], [11.2833256, 46.6777282], [11.2832094, 46.6777655], [11.283053, 46.6778728], [11.282961, 46.6779254], [11.2828577, 46.6779617], [11.2824514, 46.6780514], [11.2822871, 46.6780758], [11.2821007, 46.6780731]]}, "properties": {"osm_id": "way/169007780", "highway": "track", "sac_scale": "mountain_hiking", "source": "https://www.meran2000.com/it/inverno/escursioni.html", "tracktype": "grade3", "width": "1"}}, {"type": "Feature", "geometry": {"type": "LineString", "coordinates": [[11.3106292, 46.6692176], [11.3107997, 46.6691965], [11.3110191, 46.6691777], [11.3111723, 46.6691168], [11.311321, 46.6690419], [11.3114812, 46.6690054], [11.3116471, 46.6689809], [11.3117822, 46.6689871], [11.3119309, 46.6690205], [11.3120485, 46.6690527], [11.31215, 46.6690831], [11.3122917, 46.669119], [11.3124088, 46.669128], [11.3125115, 46.6691308], [11.3125823, 46.6691047], [11.3126012, 46.6690696], [11.3125774, 46.6690328], [11.312518, 46.6690056], [11.3123501, 46.668982], [11.3122153, 46.6689382], [11.3121491, 46.6688797], [11.312043, 46.6687962], [11.3118477, 46.6686824], [11.3115598, 46.6685693], [11.3112976, 46.6684829], [11.3110351, 46.6684238], [11.3109344, 46.6683761], [11.3108055, 46.6682671], [11.3105814, 46.6681772], [11.3104038, 46.6680409], [11.310162, 46.6679053], [11.3099388, 46.6678339], [11.3095974, 46.667757], [11.3093741, 46.6676833], [11.3092435, 46.6676654], [11.309014, 46.6677092], [11.3087772, 46.667705], [11.3086131, 46.6676669], [11.3084633, 46.6675806], [11.3083198, 46.6675277], [11.3079842, 46.6674301], [11.3077507, 46.6673957], [11.3075805, 46.6673725], [11.3073425, 46.6672873], [11.3070776, 46.6672288], [11.306574, 46.6671139], [11.3063628, 46.6671098], [11.3061005, 46.6670659], [11.3059047, 46.6670663], [11.3056284, 46.6670473], [11.3053573, 46.6670459], [11.3050276, 46.6669871], [11.3047679, 46.6669452], [11.3044969, 46.666901], [11.3042362, 46.6668823], [11.3039634, 46.6668937], [11.3036122, 46.6668992], [11.3033439, 46.6668718], [11.3030989, 46.6669054], [11.3028925, 46.6669156], [11.3027567, 46.6669113], [11.3026065, 46.666926], [11.3024911, 46.6669224], [11.3023624, 46.6669003], [11.3022685, 46.6669113], [11.3022176, 46.6669297], [11.3021585, 46.6669242], [11.3021317, 46.6669058], [11.3021315, 46.6668653]]}, "properties": {"osm_id": "way/169007783", "highway": "track", "name": "Meran 2000 - Merano 2000", "name:de": "Meran 2000", "name:it": "Merano 2000", "source": "https://www.suedtirolerland.it/it/sport-e-tempo-libero/montagne-ed-escursioni/escursioni-a-bolzano-e-dintorni/dal-rifugio-sarentino-agli-omini-di-pietra-e-merano-2000/", "tracktype": "grade2"}}, {"type": "Feature", "geometry": {"type": "LineString", "coordinates": [[11.2881332, 46.6853478], [11.2883485, 46.6858147], [11.2883915, 46.686124], [11.2884375, 46.6862439], [11.2887227, 46.686673], [11.2889312, 46.6867572], [11.2892777, 46.6869444], [11.2893753, 46.6870247], [11.2894469, 46.6872166], [11.2894642, 46.6873832], [11.2894165, 46.6874502], [11.2893103, 46.6875528], [11.2891963, 46.6877482], [11.289011, 46.6883204], [11.2890023, 46.6885286], [11.2889698, 46.6886253], [11.2888646, 46.6887711]]}, "properties": {"osm_id": "way/169007784", "bicycle": "yes", "foot": "yes", "highway": "track", "name": "Falkenau", "ref:hiking": "14", "source": "Geobrowser der Autonomen Provinz Bozen", "surface": "gravel", "tracktype": "grade3"}}, {"type": "Feature", "geometry": {"type": "LineString", "coordinates": [[11.303283, 46.6852554], [11.303358, 46.6853094], [11.3034885, 46.6854175], [11.3036991, 46.6855409], [11.3036988, 46.6856704], [11.3036364, 46.6857979]]}, "properties": {"osm_id": "way/169007785", "foot": "yes", "highway": "path", "sac_scale": "mountain_hiking"}}, {"type": "Feature", "geometry": {"type": "LineString", "coordinates": [[11.2874661, 46.6808442], [11.2876125, 46.6808256], [11.287877, 46.6808968], [11.2881247, 46.6809885]]}, "properties": {"osm_id": "way/169007786", "highway": "track", "sac_scale": "mountain_hiking", "surface": "gravel", "tracktype": "grade3"}}, {"type": "Feature", "geometry": {"type": "LineString", "coordinates": [[11.2881247, 46.6809885], [11.2883738, 46.6810062], [11.2886774, 46.6810041], [11.2888369, 46.6810105], [11.2891129, 46.6810504], [11.2892601, 46.6810525], [11.2895269, 46.6809936], [11.2896496, 46.6809894], [11.2897845, 46.6809978], [11.2899409, 46.6809558], [11.2900605, 46.6809284], [11.2901586, 46.6808653], [11.2902997, 46.6808442], [11.2903948, 46.6808043], [11.2905512, 46.6807348], [11.2906769, 46.6806822], [11.290775, 46.6806317], [11.290823, 46.6806251], [11.2908536, 46.6805809], [11.2908877, 46.6805455], [11.290949, 46.6805004], [11.2910318, 46.6804751], [11.2910854, 46.6804559], [11.2911067, 46.6804541], [11.2911052, 46.6804716], [11.2910576, 46.680545], [11.2910459, 46.6806193], [11.2911308, 46.6806437], [11.2911651, 46.6806641], [11.2911991, 46.6806593], [11.2912242, 46.6806462], [11.2912537, 46.6806293], [11.2912854, 46.6806234], [11.2913334, 46.6806307], [11.2913823, 46.6806383], [11.2914102, 46.6806338], [11.2916122, 46.6805897], [11.2919056, 46.6805459], [11.2920906, 46.6805329], [11.2923237, 46.6805602], [11.2924801, 46.6805728], [11.2930842, 46.6805602], [11.2933218, 46.6805827], [11.2935994, 46.6805918], [11.2940594, 46.6805223], [11.2942312, 46.6804592], [11.2944091, 46.6804361], [11.2946697, 46.6803667], [11.2953015, 46.6801962], [11.2955315, 46.6801163], [11.2957308, 46.6800952], [11.2958412, 46.6800973], [11.2960033, 46.6801319], [11.2960497, 46.6801605], [11.2961325, 46.680211], [11.2961755, 46.6803035], [11.2961877, 46.6803982], [11.2962981, 46.680495], [11.2963625, 46.6805665], [11.2964092, 46.6806568], [11.2964484, 46.6807327], [11.2965588, 46.6808253], [11.2966513, 46.6809656]]}, "properties": {"osm_id": "way/169007787", "highway": "path", "mtb:scale": "2", "sac_scale": "mountain_hiking", "surface": "gravel", "trail_visibility": "excellent"}}, {"type": "Feature", "geometry": {"type": "LineString", "coordinates": [[11.2716064, 46.6803674], [11.2715238, 46.6803835], [11.2713992, 46.6803796], [11.2713363, 46.6803628], [11.2712855, 46.6803433], [11.271252, 46.6803184], [11.2710994, 46.6801626], [11.2709752, 46.6800555], [11.2709225, 46.6800265], [11.2708689, 46.6800078], [11.2708181, 46.6799982], [11.2701963, 46.6799693], [11.2701505, 46.6799733], [11.2701135, 46.6799839], [11.2697843, 46.680209], [11.2697632, 46.6802209], [11.2697386, 46.6802289], [11.2697126, 46.6802306]]}, "properties": {"osm_id": "way/170410913", "highway": "track", "name": "Wieserschüpfl", "sac_scale": "hiking", "source": "Geobrowser der Autonomen Provinz Bozen", "surface": "dirt", "tracktype": "grade2"}}, {"type": "Feature", "geometry": {"type": "LineString", "coordinates": [[11.2688735, 46.6754084], [11.2691914, 46.6756612], [11.2694649, 46.6757251], [11.2696102, 46.6758108], [11.2699194, 46.6758602], [11.2701668, 46.6759937], [11.2704497, 46.676029], [11.27123, 46.676377], [11.2715871, 46.6765242], [11.2723026, 46.6768993], [11.2725524, 46.6770273], [11.2727601, 46.6771055], [11.2728904, 46.6772378], [11.2731038, 46.6773109]]}, "properties": {"osm_id": "way/170411665", "highway": "track", "layer": "1", "mtb:scale": "1", "ref": "13A", "sac_scale": "hiking"}}, {"type": "Feature", "geometry": {"type": "LineString", "coordinates": [[11.2820705, 46.6831697], [11.2821115, 46.6833595], [11.2821608, 46.68354], [11.2821684, 46.6836833], [11.2821862, 46.6838001], [11.2822632, 46.6839795], [11.2822924, 46.6840739], [11.2822896, 46.6841333], [11.2822407, 46.6842165], [11.2822095, 46.6842691], [11.2821968, 46.684317], [11.2822049, 46.68436], [11.2822684, 46.6844851], [11.2823247, 46.684629], [11.2823901, 46.68482], [11.2823922, 46.6848481], [11.2823879, 46.6848717], [11.282364, 46.6849572], [11.2823426, 46.6850355], [11.2823465, 46.6851075], [11.2823705, 46.6852032], [11.282397, 46.6852829], [11.2824045, 46.6853514], [11.2823977, 46.6853877], [11.2823614, 46.6854609], [11.2823023, 46.6855211], [11.2822713, 46.6855576], [11.2822445, 46.6856186], [11.2822351, 46.6857121], [11.2822485, 46.6858025], [11.2822473, 46.6859387]]}, "properties": {"osm_id": "way/170413919", "highway": "track", "mtb": "yes", "mtb:scale": "0", "surface": "gravel", "tracktype": "grade3", "width": "3"}}, {"type": "Feature", "geometry": {"type": "LineString", "coordinates": [[11.281331, 46.6785136], [11.2813248, 46.6786601], [11.2813281, 46.6786814], [11.2814148, 46.6788064], [11.2816035, 46.6789075], [11.2818093, 46.6790245], [11.2818485, 46.6790757], [11.2818615, 46.6791486], [11.2818962, 46.6792378], [11.2822131, 46.679747], [11.2822507, 46.6798201], [11.2822691, 46.6799274], [11.2822599, 46.6799695], [11.2822016, 46.6800284], [11.2821219, 46.680121], [11.2820547, 46.6802521], [11.2820143, 46.6803283], [11.2819897, 46.6804157], [11.2820003, 46.6805441]]}, "properties": {"osm_id": "way/172945007", "highway": "track", "mtb": "yes", "name": "Hüttenwanderung", "sac_scale": "mountain_hiking", "tracktype": "grade3", "width": "1"}}, {"type": "Feature", "geometry": {"type": "LineString", "coordinates": [[11.2819958, 46.6871765], [11.2820968, 46.6871419]]}, "properties": {"osm_id": "way/172945037", "bicycle": "yes", "check_date:surface": "2022-08-03", "foot": "yes", "highway": "track", "mtb": "yes", "mtb:scale": "1", "surface": "gravel", "tracktype": "grade3", "width": "3"}}, {"type": "Feature", "geometry": {"type": "LineString", "coordinates": [[11.2874387, 46.693166], [11.2873645, 46.6931613], [11.2871865, 46.6931691], [11.2871171, 46.6931576], [11.2870219, 46.6931093], [11.2869605, 46.6931008], [11.2867996, 46.6931199], [11.2867097, 46.6930983], [11.2866339, 46.693061], [11.2865639, 46.6930505], [11.2863848, 46.6930378], [11.2862515, 46.6930401]]}, "properties": {"osm_id": "way/172945095", "foot": "yes", "highway": "path", "source": "GPS"}}, {"type": "Feature", "geometry": {"type": "LineString", "coordinates": [[11.3135693, 46.6737329], [11.3135526, 46.6736712], [11.3134777, 46.6735857], [11.3133746, 46.6735166], [11.3132847, 46.6734851], [11.3131726, 46.6734157], [11.3131155, 46.6733192], [11.3130788, 46.673297], [11.3130219, 46.6732351], [11.312904, 46.6731638], [11.3128442, 46.6731187], [11.3127647, 46.6730144], [11.3126974, 46.6729494], [11.3125776, 46.6728683], [11.312489, 46.6727993], [11.3123814, 46.6727343], [11.3122447, 46.6726648], [11.3121348, 46.672602], [11.3121099, 46.6725846]]}, "properties": {"osm_id": "way/179092270", "highway": "path", "mtb:scale": "1", "ref": "10A;14", "sac_scale": "mountain_hiking", "width": "1"}}, {"type": "Feature", "geometry": {"type": "LineString", "coordinates": [[11.3106292, 46.6692176], [11.3107959, 46.6692874], [11.310981, 46.6693257], [11.3111869, 46.6693495], [11.3113739, 46.6693483], [11.3115164, 46.6693719], [11.3118655, 46.6693888], [11.3122482, 46.6694908], [11.3124995, 46.6695182], [11.3126961, 46.6695377], [11.3129303, 46.6695481], [11.3130509, 46.6696007], [11.3131258, 46.6696148], [11.3133468, 46.6695898], [11.3137958, 46.6696158], [11.3142495, 46.6696328], [11.3145652, 46.6696993], [11.3148011, 46.6697319], [11.3149198, 46.6697117], [11.3151608, 46.6696595], [11.3153191, 46.6696497], [11.315502, 46.6696874], [11.3155866, 46.6696801], [11.3157205, 46.669632], [11.3158499, 46.6696058], [11.3161574, 46.6695854], [11.316419, 46.6695037], [11.3166566, 46.6693981], [11.3170598, 46.6693273], [11.3170986, 46.6693202], [11.3171518, 46.6692978], [11.3171957, 46.6692731], [11.3173419, 46.6691901], [11.3173798, 46.6691729], [11.3174269, 46.6691612], [11.3174858, 46.6691552], [11.3177242, 46.6691436], [11.3177531, 46.6691419], [11.3177895, 46.6691362], [11.3179735, 46.6690969]]}, "properties": {"osm_id": "way/179092271", "highway": "track", "name": "Öttenbacher Almweg - Sentiero Malga Öttenbach", "name:de": "Öttenbacher Almweg", "name:it": "Sentiero Malga Öttenbach", "ref:hiking": "10C", "source": "Geobrowser der Autonomen Provinz Bozen", "tracktype": "grade3"}}, {"type": "Feature", "geometry": {"type": "LineString", "coordinates": [[11.2614588, 46.6783062], [11.2615157, 46.6783019], [11.2615865, 46.6783173], [11.2616898, 46.6783518], [11.2617689, 46.6783666], [11.2618318, 46.6783898], [11.2619501, 46.678418], [11.2621191, 46.678452], [11.262139, 46.6784653], [11.2624696, 46.6785447], [11.2625118, 46.6785436], [11.2627526, 46.6785901], [11.26305, 46.6786829], [11.2632781, 46.6787681], [11.2635237, 46.6788327], [11.2639132, 46.6790397], [11.2641688, 46.679163], [11.2644161, 46.6792611], [11.2645342, 46.6792657], [11.2647872, 46.679359], [11.2649555, 46.6793884], [11.2651304, 46.679505], [11.2652102, 46.6795162], [11.2653381, 46.6794792], [11.2654937, 46.6795165], [11.2654773, 46.6795577], [11.2655083, 46.6796069], [11.2655582, 46.6796139], [11.2656741, 46.6795619], [11.2659018, 46.6796376], [11.2661364, 46.6796711], [11.2663309, 46.6797275], [11.2664987, 46.6797217], [11.26672, 46.6797752], [11.2668966, 46.6797733], [11.2671235, 46.6798109], [11.2675292, 46.6797944], [11.2678476, 46.6798741], [11.2680356, 46.6799561], [11.2681015, 46.6799617], [11.2682523, 46.6799294], [11.2684025, 46.6799349], [11.2685198, 46.6799542]]}, "properties": {"osm_id": "way/187814964", "highway": "path", "surface": "rock"}}, {"type": "Feature", "geometry": {"type": "LineString", "coordinates": [[11.3460951, 46.6557105], [11.3461718, 46.6556617], [11.3463991, 46.655591], [11.3463863, 46.6555469], [11.3461754, 46.6556005], [11.346036, 46.6556184], [11.3460399, 46.6555956], [11.3462173, 46.6555088], [11.3464125, 46.6554556], [11.3467284, 46.6553861], [11.3470045, 46.6553095], [11.3474978, 46.6552235], [11.3479131, 46.6551885], [11.3483083, 46.6552119], [11.3486234, 46.655367], [11.3488028, 46.6554389], [11.349161, 46.6554447], [11.3493127, 46.6554674], [11.3493953, 46.6555066], [11.3494128, 46.6555543], [11.3494142, 46.6556617], [11.349332, 46.6560411], [11.349391, 46.65613], [11.3494971, 46.656188], [11.3496615, 46.6562581], [11.3498363, 46.6562908], [11.3499497, 46.6562884], [11.3500808, 46.6562083], [11.3504855, 46.6560357], [11.3507288, 46.6559247], [11.3507472, 46.655843], [11.3507903, 46.6558112], [11.3509589, 46.6557487], [11.3510245, 46.6557156], [11.3510533, 46.655671], [11.3511985, 46.6556037], [11.3514586, 46.6555134], [11.3517044, 46.6554782], [11.3519535, 46.6554079], [11.3520915, 46.6553484], [11.352228, 46.6553399], [11.3525316, 46.6552828], [11.3526756, 46.6552893], [11.3527245, 46.6552674], [11.3528037, 46.6551779], [11.3527719, 46.6551212], [11.3526929, 46.6550401], [11.3525696, 46.6550017], [11.3524175, 46.6549865], [11.352311, 46.6549528], [11.352236, 46.6548691], [11.3522261, 46.6548279], [11.3523048, 46.6547509], [11.3524472, 46.6546565], [11.352502, 46.654637], [11.3526304, 46.6543953], [11.3525598, 46.6542959], [11.3525716, 46.6542292], [11.3525916, 46.654166], [11.3525768, 46.6540977], [11.3525705, 46.6540121], [11.3525181, 46.6539157], [11.3524364, 46.6538445], [11.3522517, 46.6537145], [11.3522505, 46.6535977], [11.3522425, 46.6535406], [11.3522746, 46.6534725], [11.3522532, 46.6533897], [11.3521754, 46.6532847], [11.3521781, 46.6532405], [11.3522305, 46.6532154]]}, "properties": {"osm_id": "way/196653178", "ground": "ground", "highway": "path", "sac_scale": "hiking", "trail_visibility": "excellent"}}, {"type": "Feature", "geometry": {"type": "LineString", "coordinates": [[11.3381284, 46.7093695], [11.3381568, 46.7098702]]}, "properties": {"osm_id": "way/196874010", "bridge": "yes", "highway": "primary", "lanes": "2", "layer": "1", "ref": "SS508", "surface": "asphalt"}}, {"type": "Feature", "geometry": {"type": "LineString", "coordinates": [[11.3557365, 46.6795741], [11.3555362, 46.6797496]]}, "properties": {"osm_id": "way/196874011", "bridge": "yes", "highway": "primary", "lanes": "2", "layer": "1", "ref": "SS508", "surface": "asphalt"}}, {"type": "Feature", "geometry": {"type": "LineString", "coordinates": [[11.355046, 46.6807026], [11.3545468, 46.6817937], [11.3544858, 46.6819065], [11.3543963, 46.6820143], [11.3542936, 46.6820945], [11.3541248, 46.6821882], [11.3524629, 46.6829541], [11.3523174, 46.683028], [11.3522119, 46.6830883], [11.3521129, 46.68316], [11.3520409, 46.683229], [11.3519735, 46.6833132], [11.3518646, 46.6834686], [11.3518195, 46.6835545], [11.3506666, 46.685575], [11.3506035, 46.6857152], [11.3505535, 46.6858381], [11.3505126, 46.6859819], [11.3504912, 46.686113], [11.3503734, 46.6877592], [11.3503494, 46.6884531], [11.3503463, 46.6885287], [11.3503261, 46.6886129], [11.3503035, 46.6886907], [11.3502575, 46.6887663], [11.3494223, 46.690002], [11.3493347, 46.6901441], [11.3492743, 46.6903057], [11.3491747, 46.6910435], [11.3491294, 46.6911474], [11.3490576, 46.6912485], [11.3485284, 46.691785], [11.3482492, 46.6920726], [11.3477633, 46.6925607], [11.3474074, 46.6929312], [11.3473227, 46.6930385], [11.347269, 46.6931891], [11.3472593, 46.693343], [11.3472996, 46.6935421], [11.3475289, 46.694372], [11.3475434, 46.6944249], [11.3477432, 46.695171], [11.34777, 46.6953307], [11.3477217, 46.6954981], [11.3472993, 46.6963182], [11.347236, 46.6964139], [11.3471538, 46.6964776], [11.3470513, 46.6965286], [11.3462806, 46.6967728], [11.3461441, 46.6968368], [11.3460365, 46.6969472], [11.3452651, 46.6980313], [11.3449226, 46.6985011], [11.3447091, 46.6987005], [11.3435564, 46.6995339], [11.3434512, 46.6996372], [11.3430444, 46.7002547], [11.342963, 46.7003197], [11.342878, 46.7003741], [11.342735, 46.7004389], [11.342295, 46.7005901], [11.3416503, 46.7008069], [11.3411099, 46.7009872], [11.3409744, 46.7010553], [11.3408445, 46.7011759], [11.3407871, 46.7012867], [11.3407617, 46.7014386], [11.3408019, 46.702005], [11.3408572, 46.7027832], [11.3408529, 46.7028559], [11.340806, 46.7029277], [11.3404892, 46.7032419], [11.3400259, 46.7036779], [11.3393843, 46.7042759], [11.3392779, 46.7043751], [11.3391853, 46.7044878], [11.339124, 46.7045744], [11.3390464, 46.7047223], [11.3390022, 46.7048676], [11.3389876, 46.705143], [11.3391274, 46.7058572], [11.3393783, 46.7070947], [11.3393995, 46.7073267], [11.3393524, 46.7075074], [11.3392974, 46.7076179], [11.3391991, 46.7077709], [11.3384383, 46.7089175], [11.3382903, 46.7090999], [11.3382002, 46.7091955], [11.3381466, 46.7092683], [11.3381304, 46.7093178], [11.3381284, 46.7093695]]}, "properties": {"osm_id": "way/196874015", "highway": "primary", "lanes": "2", "ref": "SS508", "surface": "asphalt"}}, {"type": "Feature", "geometry": {"type": "LineString", "coordinates": [[11.3381568, 46.7098702], [11.3382251, 46.711108], [11.3382191, 46.7112383], [11.3381757, 46.7114132], [11.3381201, 46.7115334], [11.3374481, 46.7129475], [11.3374106, 46.7130461], [11.3373739, 46.7132079], [11.337363, 46.7133017], [11.3373768, 46.7135099], [11.3374932, 46.7152137], [11.3374997, 46.7154033], [11.3375013, 46.7154458], [11.3375098, 46.7156664], [11.3375135, 46.7159088], [11.337579, 46.7168209], [11.3375875, 46.7171596], [11.3375716, 46.7172714], [11.3375558, 46.7173805], [11.3375216, 46.7174733], [11.3374695, 46.7175764], [11.337373, 46.7177006], [11.3372738, 46.717796], [11.3372049, 46.7178622], [11.3369059, 46.7181551], [11.3368012, 46.718259], [11.3367213, 46.7183578], [11.3366615, 46.7184599], [11.3365877, 46.7186452], [11.3364382, 46.7190805], [11.3364181, 46.7192187], [11.3364276, 46.7193468], [11.3364549, 46.7194135], [11.3367353, 46.7200996], [11.3367577, 46.720218], [11.3367513, 46.7204072], [11.3367453, 46.7205374], [11.3367688, 46.7207095], [11.3368179, 46.7208226], [11.3369116, 46.7209721], [11.3372406, 46.7213979], [11.3373728, 46.7215447], [11.3374931, 46.7216436], [11.3376189, 46.7217216], [11.3377683, 46.7217989], [11.3381624, 46.7219472], [11.3384328, 46.7220474], [11.3385839, 46.7221203], [11.3387215, 46.7222158], [11.3388644, 46.7223621], [11.3390872, 46.7226292], [11.3391167, 46.7226724], [11.3391546, 46.7227315], [11.339224, 46.7228396], [11.3393007, 46.7229898], [11.3393373, 46.7231263], [11.3393534, 46.723243], [11.33933, 46.723567], [11.3392904, 46.724148], [11.3392746, 46.7243255], [11.3392838, 46.7244729], [11.3393144, 46.724582], [11.3393548, 46.7246897], [11.3394517, 46.7248209], [11.3396735, 46.7250385], [11.3399028, 46.7252399], [11.3400958, 46.7253932], [11.3402506, 46.7255161], [11.3404718, 46.7257088], [11.3405732, 46.7258163], [11.3406594, 46.7259182], [11.3407675, 46.7260764], [11.3413188, 46.7268652], [11.3414958, 46.7271214], [11.3417608, 46.7275297], [11.3426191, 46.7287302], [11.342974, 46.7290353], [11.3432239, 46.7293507], [11.3435957, 46.7298693], [11.3445023, 46.7307319], [11.3446906, 46.7309551], [11.3448517, 46.7312982], [11.3452477, 46.7321015], [11.3453658, 46.7321604], [11.3464074, 46.7326807], [11.3467407, 46.7329242], [11.3468671, 46.7330534], [11.3469133, 46.7331006], [11.3472188, 46.7334128], [11.3473812, 46.733562], [11.3474183, 46.7335961], [11.3475258, 46.7336949], [11.3477826, 46.7339309], [11.3484565, 46.7344957], [11.3498943, 46.735273], [11.3500424, 46.7353601], [11.3501403, 46.7354395], [11.3502905, 46.7356364], [11.3504326, 46.7358741], [11.3509039, 46.7365831], [11.3515936, 46.7375878], [11.3517509, 46.7378169], [11.3518188, 46.7379212], [11.3520689, 46.7383049], [11.3522732, 46.7385944], [11.3523959, 46.7387549], [11.3525484, 46.7389022], [11.3526727, 46.7390099], [11.3528714, 46.7391543], [11.3533888, 46.7395113], [11.3536216, 46.7396837], [11.3538266, 46.7398521], [11.3540922, 46.7401027], [11.3546923, 46.740678], [11.3560092, 46.741946], [11.3560256, 46.7419618], [11.3561046, 46.7420378], [11.3562372, 46.7421696], [11.3568054, 46.7427155], [11.3569027, 46.7428321], [11.3569545, 46.7429115], [11.3569981, 46.7429866], [11.3570768, 46.7431631], [11.3574626, 46.7442437], [11.3575501, 46.744438], [11.3577327, 46.7447986], [11.3578058, 46.7449429]]}, "properties": {"osm_id": "way/196874018", "highway": "primary", "lanes": "2", "ref": "SS508", "surface": "asphalt"}}, {"type": "Feature", "geometry": {"type": "LineString", "coordinates": [[11.3506906, 46.6887155], [11.3507874, 46.688754], [11.3508697, 46.6887758], [11.3509414, 46.6887865], [11.3510188, 46.6887893], [11.3510882, 46.6887814], [11.3511441, 46.6887659], [11.3512038, 46.6887375], [11.3512353, 46.688712], [11.3512643, 46.6886776], [11.3513935, 46.6883757], [11.3515492, 46.6880479], [11.3515664, 46.6877418], [11.3515492, 46.6874592], [11.3515583, 46.6873925], [11.3515921, 46.6873237], [11.3516432, 46.687283], [11.3517197, 46.6872542], [11.3518462, 46.6872064], [11.3518838, 46.6871916], [11.351916, 46.687172], [11.3519411, 46.6871496], [11.3519614, 46.6871232], [11.351993, 46.6870659]]}, "properties": {"osm_id": "way/196874029", "highway": "unclassified"}}, {"type": "Feature", "geometry": {"type": "LineString", "coordinates": [[11.3476854, 46.6943886], [11.3475434, 46.6944249]]}, "properties": {"osm_id": "way/196874038", "highway": "residential"}}, {"type": "Feature", "geometry": {"type": "LineString", "coordinates": [[11.3357394, 46.715336], [11.3359453, 46.7153294]]}, "properties": {"osm_id": "way/196874072", "bridge": "yes", "highway": "residential", "layer": "1"}}, {"type": "Feature", "geometry": {"type": "LineString", "coordinates": [[11.3505372, 46.6886494], [11.3506906, 46.6887155]]}, "properties": {"osm_id": "way/196874076", "bridge": "yes", "highway": "unclassified", "layer": "1"}}, {"type": "Feature", "geometry": {"type": "LineString", "coordinates": [[11.3479285, 46.694358], [11.3476854, 46.6943886]]}, "properties": {"osm_id": "way/196874088", "bridge": "yes", "highway": "residential", "layer": "1"}}, {"type": "Feature", "geometry": {"type": "LineString", "coordinates": [[11.3359453, 46.7153294], [11.3365182, 46.7152648], [11.3366877, 46.7152657], [11.3368162, 46.7152815], [11.3370394, 46.7153277], [11.3374997, 46.7154033]]}, "properties": {"osm_id": "way/196874102", "highway": "service"}}, {"type": "Feature", "geometry": {"type": "LineString", "coordinates": [[11.2967915, 46.6812028], [11.2965742, 46.6814385], [11.2964025, 46.6816067], [11.2960171, 46.6819029], [11.2958126, 46.6820971], [11.2955279, 46.6823635], [11.2953627, 46.6825029], [11.2951632, 46.6826538]]}, "properties": {"osm_id": "way/217641169", "highway": "path"}}, {"type": "Feature", "geometry": {"type": "LineString", "coordinates": [[11.302343, 46.6652181], [11.3027753, 46.6650518], [11.3032745, 46.6650065], [11.3037736, 46.6649612], [11.3040329, 46.6649193], [11.3041651, 46.6648906], [11.3042307, 46.6648738], [11.304288, 46.6648491], [11.3044253, 46.6647574], [11.3045055, 46.6647295], [11.3045837, 46.6647123], [11.3049828, 46.6646696], [11.3054092, 46.6645983], [11.3060599, 46.6645961]]}, "properties": {"osm_id": "way/217641170", "highway": "path", "ref": "3;15"}}, {"type": "Feature", "geometry": {"type": "LineString", "coordinates": [[11.2986093, 46.6652145], [11.2984635, 46.6652172], [11.298414, 46.6652155], [11.2983694, 46.6652087], [11.2980909, 46.665124], [11.298022, 46.6651032], [11.297973, 46.6650779], [11.297939, 46.6650473], [11.2979154, 46.665009], [11.2978027, 46.6647886]]}, "properties": {"osm_id": "way/217641171", "highway": "track", "name": "Kuhseite", "tracktype": "grade2"}}, {"type": "Feature", "geometry": {"type": "LineString", "coordinates": [[11.3029478, 46.6651779], [11.3030221, 46.6651954], [11.3031671, 46.6652241], [11.3032741, 46.6652342], [11.3033393, 46.6652367], [11.3034217, 46.6652267], [11.3034756, 46.6652095], [11.3036002, 46.665181], [11.3036989, 46.6651626], [11.3038067, 46.665154], [11.3039326, 46.6651462], [11.304027, 46.6651445], [11.3041198, 46.6651556], [11.3043568, 46.6652175], [11.3044092, 46.6652286], [11.3044708, 46.6652302], [11.3045426, 46.6652182], [11.3046136, 46.6651977], [11.3047938, 46.6651292], [11.3048353, 46.6651168], [11.3048878, 46.6651005], [11.3050769, 46.6650499], [11.3051276, 46.6650334], [11.3051704, 46.6650132], [11.3052537, 46.6649598], [11.3052944, 46.6649457], [11.3053525, 46.6649401], [11.3054018, 46.6649471], [11.3054986, 46.6649766], [11.3055933, 46.6650129], [11.3061463, 46.6652389], [11.306192, 46.6652509], [11.306243, 46.6652593], [11.3062865, 46.6652657], [11.3063377, 46.6652681], [11.306482, 46.665255], [11.3065304, 46.6652506], [11.3065743, 46.6652511], [11.3066208, 46.6652599], [11.3066573, 46.6652672], [11.306827, 46.6653298], [11.3068682, 46.6653461], [11.3069032, 46.6653518], [11.3069409, 46.6653541], [11.3069771, 46.665355], [11.3070213, 46.66535], [11.3072706, 46.6652844], [11.3073178, 46.6652733], [11.3073478, 46.6652662], [11.3074025, 46.6652592], [11.3074579, 46.6652593], [11.3075337, 46.6652612], [11.3076857, 46.6652676]]}, "properties": {"osm_id": "way/217641172", "highway": "track", "name": "Kuhseite", "sac_scale": "hiking", "surface": "ground", "tracktype": "grade2"}}, {"type": "Feature", "geometry": {"type": "LineString", "coordinates": [[11.2986093, 46.6652145], [11.29869, 46.6652832], [11.2987725, 46.6653688], [11.2988589, 46.6656342], [11.2989583, 46.6656953]]}, "properties": {"osm_id": "way/217641173", "highway": "path"}}, {"type": "Feature", "geometry": {"type": "LineString", "coordinates": [[11.2986093, 46.6652145], [11.298672, 46.6652082], [11.2987469, 46.6652036], [11.2988039, 46.6652089], [11.2988612, 46.6652301], [11.2989613, 46.6652809], [11.2989873, 46.6652881], [11.2990178, 46.6652895], [11.2992537, 46.6652932], [11.2992842, 46.6652986], [11.299313, 46.6653098], [11.2994743, 46.6653902], [11.2995134, 46.6654088], [11.299688, 46.6654808], [11.2998188, 46.6655256], [11.2999326, 46.6655643], [11.3000137, 46.6655837], [11.3000603, 46.6655925]]}, "properties": {"osm_id": "way/217641175", "highway": "track", "name": "Kuhseite", "ref": "2A"}}, {"type": "Feature", "geometry": {"type": "LineString", "coordinates": [[11.3229679, 46.6590676], [11.3230549, 46.6591601], [11.323095, 46.659241], [11.3231381, 46.6593514], [11.3231759, 46.6594783], [11.3231785, 46.659558], [11.3231901, 46.6595986], [11.3232101, 46.6596178], [11.3232419, 46.6596255], [11.3232747, 46.659625], [11.3233076, 46.6596197], [11.3233277, 46.6596059], [11.3233524, 46.6595847], [11.3233789, 46.659542], [11.3234015, 46.6594595], [11.3234418, 46.6592312], [11.323482, 46.6591723], [11.3235571, 46.6591447], [11.3236376, 46.6591447], [11.3236858, 46.6591723], [11.3237207, 46.6592515], [11.3237261, 46.6593546], [11.3237931, 46.6594356], [11.3239782, 46.6596178], [11.3241686, 46.6598829], [11.3243392, 46.66014], [11.3244109, 46.6602743], [11.3244342, 46.6603523], [11.3244985, 46.6605107], [11.324546, 46.6605952], [11.324626, 46.660683], [11.3249662, 46.660851], [11.3250088, 46.6608753], [11.3250421, 46.6609048], [11.3250588, 46.6609323], [11.3250588, 46.6609582], [11.3250454, 46.66098], [11.3250278, 46.6609989], [11.3249953, 46.6610116], [11.3249545, 46.6610187], [11.3245985, 46.6610463], [11.324524, 46.6610539], [11.3244622, 46.6610652], [11.3241364, 46.6611402], [11.3240965, 46.6611592], [11.3240795, 46.6611854], [11.3240855, 46.6612154], [11.3241135, 46.6612409], [11.3241597, 46.6612498], [11.3242002, 46.6612426], [11.3243393, 46.6612292], [11.3243994, 46.6612332], [11.3244746, 46.6612459], [11.3245394, 46.6612666], [11.3246093, 46.6612925], [11.3246533, 46.6613164], [11.3247418, 46.661397], [11.3247592, 46.6614146], [11.3247855, 46.6614292], [11.3248238, 46.661436], [11.3249574, 46.6614464], [11.3249969, 46.6614523], [11.3250408, 46.661463], [11.325204, 46.6615029], [11.3254378, 46.6615332], [11.3255194, 46.6615497], [11.3256026, 46.6615783], [11.3256914, 46.6616145], [11.3257479, 46.66165], [11.3257994, 46.6616906], [11.3258426, 46.6617075], [11.3258879, 46.6617201], [11.3259397, 46.6617247], [11.3260028, 46.6617216], [11.3260534, 46.6617139], [11.3261256, 46.6616898], [11.3261885, 46.6616589], [11.3262458, 46.6616167], [11.3263011, 46.6615598], [11.3263352, 46.6615143], [11.3263836, 46.6614563], [11.3264066, 46.6614074], [11.3264296, 46.6613613], [11.3264574, 46.6613236], [11.3264962, 46.6612995], [11.3265424, 46.661282], [11.3266198, 46.6612707], [11.3267082, 46.6612673], [11.3271194, 46.6612589], [11.327221, 46.6612562], [11.327314, 46.6612597], [11.3273989, 46.6612667], [11.3275072, 46.6612788], [11.3277854, 46.6613212], [11.3280882, 46.6613759], [11.3286109, 46.6614798], [11.3287157, 46.6615116], [11.328782, 46.661535], [11.3288672, 46.6615603], [11.3289283, 46.6615729], [11.328996, 46.661582], [11.3290662, 46.6615869], [11.329356, 46.6615912], [11.32993, 46.6615636], [11.3300168, 46.6615666], [11.3300802, 46.661571], [11.3301555, 46.661588], [11.330239, 46.6616125], [11.3303244, 46.6616393], [11.330832, 46.6618217], [11.3308948, 46.6618372], [11.3309608, 46.6618457], [11.3310224, 46.6618482], [11.3310839, 46.6618567], [11.3311361, 46.661873], [11.331179, 46.6618944], [11.331223, 46.6619259], [11.3312588, 46.6619709], [11.3314141, 46.6621691], [11.3314505, 46.6622021], [11.3314986, 46.6622339], [11.331555, 46.6622611], [11.3316189, 46.6622872], [11.3316666, 46.6623066], [11.3317049, 46.6623364], [11.3318322, 46.6625096], [11.3318443, 46.6625324], [11.3318528, 46.6625575], [11.3318988, 46.6627145], [11.3319143, 46.6627503], [11.3320495, 46.6630047], [11.3320729, 46.6630371], [11.3321284, 46.6631002], [11.3321911, 46.6631614], [11.3323123, 46.6632449], [11.3323472, 46.6632772], [11.332388, 46.663319], [11.3324571, 46.6634131], [11.3325586, 46.6636787], [11.3327517, 46.6639401], [11.3328058, 46.6640007], [11.3328827, 46.664051], [11.3329663, 46.6640892], [11.3330494, 46.6641186], [11.3331269, 46.6641691], [11.3333552, 46.6643137], [11.3334681, 46.6643746], [11.3335606, 46.664416], [11.3336444, 46.6644407], [11.333767, 46.6644518], [11.3339451, 46.6644846], [11.3340698, 46.6645277], [11.3342264, 46.664593], [11.3343181, 46.6646211], [11.3344781, 46.6646478], [11.3345729, 46.6646653], [11.3347303, 46.6647154], [11.334927, 46.6648015], [11.3352971, 46.664958], [11.3354902, 46.6650316]]}, "properties": {"osm_id": "way/217641433", "highway": "track", "name": "Kaserbach", "source": "Geobrowser der Autonomen Provinz Bozen"}}, {"type": "Feature", "geometry": {"type": "LineString", "coordinates": [[11.3623505, 46.6720255], [11.3623017, 46.6721009], [11.3622105, 46.672204], [11.3621006, 46.672296], [11.3619638, 46.6723917], [11.3617733, 46.672539], [11.3616607, 46.6726107], [11.3614407, 46.6727249], [11.3612825, 46.6728334], [11.3610518, 46.6730046], [11.3608801, 46.6731629], [11.3608077, 46.6732494], [11.3606835, 46.6733628], [11.3605171, 46.6735302], [11.3603611, 46.6736778], [11.3601537, 46.6739109], [11.3599364, 46.6741755], [11.3598371, 46.6742868], [11.3597758, 46.6743731], [11.3597191, 46.674484], [11.3596752, 46.6745443], [11.3596189, 46.6746002], [11.3595106, 46.6746873], [11.3593976, 46.6747515], [11.3592799, 46.6748079], [11.3591833, 46.6748461], [11.3590794, 46.6748649], [11.3588159, 46.6748967], [11.3587089, 46.6749284], [11.3585668, 46.6749901], [11.3582643, 46.6751852], [11.3582241, 46.6752038], [11.3581862, 46.6752084], [11.358142, 46.6752052], [11.3581245, 46.6751863], [11.3581209, 46.6751569], [11.3581299, 46.6751219], [11.3583156, 46.6749505], [11.3584833, 46.6748208], [11.3585711, 46.6747416], [11.3586509, 46.6746372], [11.3586697, 46.6745171], [11.3587542, 46.6743455], [11.359017, 46.6741697], [11.3592021, 46.6740271], [11.3592853, 46.6739029], [11.3593298, 46.6738125], [11.3593996, 46.6737003], [11.3594988, 46.6735346], [11.3596678, 46.6732439], [11.3597831, 46.6729862], [11.3598529, 46.6728408], [11.3599816, 46.6726218], [11.3600889, 46.6724046], [11.3601667, 46.6721856], [11.3602311, 46.67202], [11.360274, 46.6719261], [11.3603518, 46.6717016], [11.3604027, 46.6715414], [11.3604537, 46.671374], [11.3604868, 46.6712347], [11.3605905, 46.671004], [11.3606227, 46.6709617], [11.360687, 46.6709028], [11.3607595, 46.670866]]}, "properties": {"osm_id": "way/223673009", "bicycle": "yes", "foot": "yes", "highway": "service", "horse": "yes", "motor_vehicle": "yes", "name": "Winkler Waldl", "surface": "ground"}}, {"type": "Feature", "geometry": {"type": "LineString", "coordinates": [[11.2851074, 46.6923826], [11.2852191, 46.6923932], [11.2854176, 46.6923741], [11.2856231, 46.6923548], [11.2857807, 46.6923007], [11.2859647, 46.69229], [11.286146, 46.6922695], [11.2862267, 46.6922794], [11.286371, 46.6923396], [11.2870836, 46.6928554], [11.2871983, 46.692968], [11.2872471, 46.693023], [11.2873208, 46.6930569], [11.2873738, 46.693136], [11.2874387, 46.693166]]}, "properties": {"osm_id": "way/223679451", "bicycle": "yes", "foot": "yes", "highway": "path", "incline": "up", "mtb:scale": "1", "mtb:scale:uphill": "2", "sac_scale": "hiking", "sac_scale_ref": "T1", "surface": "gravel", "trail_visibility": "good", "width": "0.5"}}, {"type": "Feature", "geometry": {"type": "LineString", "coordinates": [[11.363919, 46.6718335], [11.3637183, 46.6720525], [11.36188, 46.6738821], [11.361435, 46.6743239], [11.3588696, 46.6768626], [11.3560218, 46.6793268], [11.3557365, 46.6795741]]}, "properties": {"osm_id": "way/223894577", "highway": "primary", "lanes": "2", "maxspeed": "90", "ref": "SS508", "surface": "asphalt"}}, {"type": "Feature", "geometry": {"type": "LineString", "coordinates": [[11.2954477, 46.7035808], [11.2953077, 46.7037119], [11.29519, 46.7037435], [11.2950291, 46.7038079], [11.2949727, 46.703819], [11.2948681, 46.703819], [11.2947877, 46.7038594], [11.2945838, 46.7038557], [11.2943719, 46.7038815], [11.2942351, 46.7038981], [11.2939776, 46.7038374], [11.2938623, 46.7037969], [11.2938218, 46.7039139], [11.2937175, 46.703876], [11.2935056, 46.7038355], [11.2933259, 46.7037895], [11.2931515, 46.7037307], [11.2931274, 46.7035909], [11.2930603, 46.7034713], [11.2929396, 46.7034364], [11.2928323, 46.7034805], [11.2927626, 46.7035228], [11.2926553, 46.7035136], [11.2925078, 46.7035412], [11.2923227, 46.7035596], [11.2920947, 46.7036074], [11.2919123, 46.7036387], [11.2917729, 46.7036608], [11.2915905, 46.703692], [11.2915073, 46.7037362], [11.291282, 46.7037803], [11.2910218, 46.7038705], [11.2908207, 46.7039496], [11.2905417, 46.7039771], [11.2903084, 46.7040452], [11.2900536, 46.7041206], [11.2898765, 46.7042383], [11.2898256, 46.7042365], [11.2898309, 46.7042806], [11.2897692, 46.7042825], [11.2897451, 46.7043064], [11.2897532, 46.7044609], [11.2896915, 46.7044683], [11.2896593, 46.704529], [11.2895842, 46.7044867], [11.2895064, 46.7045345], [11.2893535, 46.7044885], [11.2892623, 46.7044683], [11.289155, 46.7044848], [11.2890582, 46.7045025], [11.2890904, 46.7045595], [11.2891899, 46.7045897], [11.2891494, 46.7046441], [11.2891306, 46.7047103], [11.2891228, 46.704792], [11.2890853, 46.7049299], [11.2890397, 46.7050145], [11.2889726, 46.7050936], [11.2888814, 46.7050808], [11.2887715, 46.7049998], [11.288632, 46.7049594], [11.2885569, 46.7049483], [11.2884496, 46.7049134], [11.2883369, 46.704895], [11.2882002, 46.704838], [11.2880821, 46.7048122], [11.2879829, 46.7048122], [11.2879373, 46.7047589], [11.2877951, 46.7047055], [11.2876288, 46.7046927], [11.2874652, 46.7046706], [11.2873123, 46.7046669], [11.2872077, 46.7046632], [11.2870924, 46.7046209], [11.2869771, 46.7045989], [11.2869181, 46.704597], [11.2867941, 46.7046296]]}, "properties": {"osm_id": "way/234483258", "foot": "yes", "highway": "path", "mtb:scale": "6", "surface": "gravel"}}, {"type": "Feature", "geometry": {"type": "LineString", "coordinates": [[11.3432125, 46.7002914], [11.3430444, 46.7002547]]}, "properties": {"osm_id": "way/234986019", "highway": "residential"}}, {"type": "Feature", "geometry": {"type": "LineString", "coordinates": [[11.3434029, 46.7003484], [11.3432125, 46.7002914]]}, "properties": {"osm_id": "way/234986022", "bridge": "yes", "highway": "residential", "layer": "1"}}, {"type": "Feature", "geometry": {"type": "LineString", "coordinates": [[11.307235, 46.6694147], [11.3071378, 46.6692914], [11.3068323, 46.669183], [11.3065675, 46.6691599], [11.3064628, 46.6691439], [11.3063803, 46.6690888], [11.3063719, 46.6689545], [11.3063516, 46.6688847], [11.3063001, 46.6688105], [11.305929, 46.668668], [11.305771, 46.6686038], [11.3054979, 46.668506], [11.3051147, 46.6682833], [11.3048439, 46.6679724], [11.3046426, 46.6677605], [11.3045116, 46.66761], [11.3041975, 46.6676249], [11.3039948, 46.6676384], [11.3039303, 46.6676194], [11.3039052, 46.667584], [11.3039249, 46.667509], [11.3040644, 46.6672899], [11.3041958, 46.6672089], [11.3045042, 46.6670801], [11.3047679, 46.6669452], [11.3051104, 46.6667414], [11.3053706, 46.6666034], [11.3053974, 46.6665647], [11.3053438, 46.6664248], [11.3052016, 46.6663365], [11.3046491, 46.6662444], [11.3042467, 46.6661892], [11.3040035, 46.6660504]]}, "properties": {"osm_id": "way/235115770", "highway": "path", "sac_scale": "hiking"}}, {"type": "Feature", "geometry": {"type": "LineString", "coordinates": [[11.2990763, 46.6657267], [11.2989184, 46.6657347], [11.2987646, 46.6657539], [11.2985399, 46.6657995], [11.2983797, 46.6658782], [11.2980954, 46.6660572], [11.2979029, 46.6661409], [11.2976152, 46.6661303], [11.2973696, 46.6661316], [11.2971345, 46.6662237], [11.2967695, 46.6665397], [11.296669, 46.6666251], [11.2965094, 46.6667791], [11.296425, 46.666907], [11.2964083, 46.6669765], [11.2964211, 46.6670758], [11.2963741, 46.6671192], [11.2960911, 46.6671652], [11.2954018, 46.6678361], [11.2946185, 46.6686626], [11.2945274, 46.6688328], [11.2945542, 46.668957], [11.2943624, 46.669015], [11.2941505, 46.6692], [11.2936623, 46.6696077], [11.293556, 46.6697898], [11.2935363, 46.669893], [11.2936033, 46.6700853], [11.2933874, 46.6701957], [11.2931621, 46.6701552], [11.2929241, 46.6702034], [11.2925025, 46.6701932], [11.2922264, 46.6702731], [11.2918174, 46.6704774], [11.2911812, 46.670741], [11.2909384, 46.6708645], [11.2908958, 46.6710252], [11.2907588, 46.6710957], [11.2905268, 46.671116], [11.2900056, 46.6714291], [11.2891124, 46.671811], [11.288974, 46.6719388], [11.2883459, 46.672266], [11.2883174, 46.6724801], [11.2882428, 46.6726232], [11.2880191, 46.6726985], [11.28766, 46.6728649], [11.2876763, 46.6730817], [11.2876002, 46.6732449], [11.2875182, 46.6736256], [11.2880186, 46.6740663], [11.2878735, 46.6743674], [11.2878378, 46.6745043], [11.2876648, 46.6745601], [11.2875119, 46.6745871], [11.2873703, 46.6747495], [11.2872812, 46.6747918], [11.2870712, 46.6750158], [11.2869484, 46.6751469], [11.2868019, 46.6750993], [11.2866894, 46.6751707], [11.2864477, 46.6755748], [11.2862612, 46.6756921], [11.2861201, 46.6756833], [11.2857408, 46.6757751], [11.2851526, 46.676074], [11.2849483, 46.6761846], [11.2843237, 46.6766682], [11.2839671, 46.6767488], [11.2838459, 46.6768301], [11.2837265, 46.6768415], [11.2836031, 46.6769433], [11.2833568, 46.6769773], [11.2831662, 46.6769689], [11.2830632, 46.6770129], [11.2830889, 46.6772015], [11.2830307, 46.6772689], [11.2829737, 46.6772951], [11.2827276, 46.6773195], [11.2826158, 46.6775582], [11.2826713, 46.6776273], [11.2826284, 46.6778044], [11.2825164, 46.6778904], [11.282324, 46.6779668], [11.2821315, 46.6780312], [11.2821007, 46.6780731]]}, "properties": {"osm_id": "way/235115772", "highway": "path", "ref": "3"}}, {"type": "Feature", "geometry": {"type": "LineString", "coordinates": [[11.3071409, 46.6642818], [11.307342, 46.6642694], [11.3073966, 46.6642768], [11.3074824, 46.6643138], [11.3075485, 46.6643412], [11.307688, 46.6643854], [11.3077658, 46.6644051], [11.3078221, 46.6644332], [11.307872, 46.6644535]]}, "properties": {"osm_id": "way/235115778", "highway": "path", "sac_scale": "hiking"}}, {"type": "Feature", "geometry": {"type": "LineString", "coordinates": [[11.3021315, 46.6668653], [11.3018575, 46.6670196], [11.3017956, 46.6670341], [11.3016102, 46.6669817], [11.3013162, 46.6668653], [11.3010415, 46.6668629], [11.3009057, 46.6669239], [11.3008216, 46.6669807], [11.3006875, 46.6669586], [11.3004622, 46.6668371]]}, "properties": {"osm_id": "way/235117253", "highway": "track"}}, {"type": "Feature", "geometry": {"type": "LineString", "coordinates": [[11.3060599, 46.6645961], [11.3055798, 46.6644921], [11.3048502, 46.6644848], [11.3043196, 46.6645549], [11.3042655, 46.6645621], [11.303953, 46.6645339], [11.3039007, 46.6645363], [11.3035899, 46.6645725], [11.3035151, 46.6645805], [11.3034179, 46.6645842], [11.3033284, 46.6645699], [11.3031627, 46.6645345], [11.302903, 46.6644663], [11.3025328, 46.6644074], [11.3021609, 46.6643897], [11.3020822, 46.6643755], [11.3017228, 46.6642639], [11.3016284, 46.6642569], [11.3014331, 46.6642602], [11.3011971, 46.6643669], [11.3007679, 46.6643228], [11.3004568, 46.6642675], [11.3003478, 46.6642566], [11.300243, 46.6642457], [11.3001129, 46.6642588], [11.3000204, 46.6642847], [11.2999266, 46.6643269]]}, "properties": {"osm_id": "way/235117254", "highway": "track", "name": "Opferwank", "source": "Geobrowser der Autonomen Provinz Bozen"}}, {"type": "Feature", "geometry": {"type": "LineString", "coordinates": [[11.3120324, 46.6518925], [11.3118488, 46.6518741], [11.3116209, 46.6517002], [11.311482, 46.6515546], [11.3110407, 46.6514303], [11.310586, 46.6513958], [11.3099321, 46.6510612], [11.3090939, 46.6506924], [11.3086037, 46.6503155], [11.3083736, 46.6500788], [11.3079524, 46.6499556], [11.3077823, 46.6498771], [11.3073261, 46.6498157], [11.306779, 46.6496077], [11.3065039, 46.6495008], [11.3063711, 46.6494324], [11.3062306, 46.6493666], [11.306106, 46.6493261]]}, "properties": {"osm_id": "way/238092155", "highway": "track", "sac_scale": "hiking", "surface": "gravel", "tracktype": "grade4"}}, {"type": "Feature", "geometry": {"type": "LineString", "coordinates": [[11.3121029, 46.651891], [11.3120324, 46.6518925]]}, "properties": {"osm_id": "way/238098608", "highway": "track", "sac_scale": "hiking", "surface": "gravel", "tracktype": "grade2"}}, {"type": "Feature", "geometry": {"type": "LineString", "coordinates": [[11.3122215, 46.6518988], [11.3121029, 46.651891]]}, "properties": {"osm_id": "way/238098609", "bridge": "yes", "highway": "track", "layer": "1", "sac_scale": "hiking", "surface": "gravel", "tracktype": "grade2"}}, {"type": "Feature", "geometry": {"type": "LineString", "coordinates": [[11.3055525, 46.7097339], [11.3056312, 46.7096896], [11.3057512, 46.7096586], [11.3060044, 46.7095823], [11.3061249, 46.7096061], [11.3065488, 46.7099207], [11.3073212, 46.7106711], [11.3073642, 46.7110242], [11.3077504, 46.7110536], [11.3080281, 46.7113371], [11.3083849, 46.7115026], [11.3088816, 46.7115858], [11.3089943, 46.7117167], [11.309005, 46.7119231], [11.3091364, 46.7120132], [11.3095786, 46.7121418], [11.3096465, 46.7122736], [11.309632, 46.7124174], [11.3099645, 46.7126025], [11.3101433, 46.7128464], [11.310602, 46.7130561], [11.311376, 46.7136436], [11.3118048, 46.7137909], [11.3120623, 46.7141028], [11.3125295, 46.7143964], [11.3130045, 46.7145835], [11.313764, 46.7151558], [11.3141662, 46.7153055], [11.3153249, 46.7153427], [11.3157112, 46.7154674], [11.3159901, 46.7159823], [11.3164193, 46.7160852], [11.3162691, 46.7161441], [11.3157013, 46.7161346], [11.3153464, 46.7159087], [11.3150248, 46.7158976], [11.3146751, 46.7159368], [11.3139922, 46.7161571], [11.3132221, 46.7163059], [11.3120419, 46.7160852], [11.3114008, 46.7157791], [11.3113159, 46.7157191], [11.3112622, 46.7156029], [11.3112072, 46.7154994], [11.3111568, 46.7154488], [11.3110771, 46.7154114], [11.3109968, 46.7154101], [11.3108985, 46.7154997]]}, "properties": {"osm_id": "way/244083759", "bicycle": "yes", "highway": "track", "mtb:scale": "0", "name": "Ochsenwald", "source": "Geobrowser der Autonomen Provinz Bozen"}}, {"type": "Feature", "geometry": {"type": "LineString", "coordinates": [[11.300789, 46.7037253], [11.3007899, 46.7037839]]}, "properties": {"osm_id": "way/244083774", "bridge": "yes", "highway": "track", "layer": "1"}}, {"type": "Feature", "geometry": {"type": "LineString", "coordinates": [[11.3399731, 46.7016976], [11.3402106, 46.7017613], [11.3406088, 46.7017601], [11.3406552, 46.7017834], [11.3406838, 46.7018164], [11.3406873, 46.7018581], [11.3406927, 46.7019352], [11.3407029, 46.7020077], [11.3406976, 46.7020701], [11.3407154, 46.7022575], [11.3407136, 46.7023334], [11.3406511, 46.7023996], [11.3405315, 46.7024461], [11.3404511, 46.7024412], [11.3403262, 46.7023824], [11.3401797, 46.7023371]]}, "properties": {"osm_id": "way/245023736", "highway": "service", "name": "Essenberg", "name:de": "Essenberg", "name:it": "Montessa"}}, {"type": "Feature", "geometry": {"type": "LineString", "coordinates": [[11.3408019, 46.702005], [11.3407029, 46.7020077]]}, "properties": {"osm_id": "way/245023737", "highway": "service"}}, {"type": "Feature", "geometry": {"type": "LineString", "coordinates": [[11.3390037, 46.7137691], [11.3388956, 46.7138279], [11.3386899, 46.7138808], [11.3384863, 46.7139617], [11.3383773, 46.7140485], [11.3382382, 46.7143104], [11.3382121, 46.7144507], [11.3382255, 46.7145682], [11.3381929, 46.7146855], [11.3381769, 46.7147615], [11.338082, 46.7148013], [11.3378329, 46.715104], [11.3377135, 46.7153252], [11.3376114, 46.7153975], [11.3374997, 46.7154033]]}, "properties": {"osm_id": "way/255573603", "highway": "track"}}, {"type": "Feature", "geometry": {"type": "LineString", "coordinates": [[11.3557177, 46.6680428], [11.3556212, 46.6681974], [11.3555566, 46.6683914], [11.3555293, 46.6684287], [11.3554771, 46.6684555], [11.355422, 46.6684546], [11.3554028, 46.6684256], [11.3553973, 46.668387], [11.3554281, 46.6682784], [11.3554603, 46.6681238], [11.3554388, 46.6679471], [11.355353, 46.6677704], [11.3553484, 46.667628], [11.355342, 46.6675769], [11.3553102, 46.6675431], [11.355254, 46.6675361], [11.3552023, 46.6675677], [11.3551886, 46.6676067], [11.355192, 46.6677115], [11.3551882, 46.6679244], [11.355038, 46.6681297], [11.3548934, 46.6683031], [11.3547572, 46.6684881], [11.3546492, 46.6686772], [11.3545705, 46.6688178], [11.3544324, 46.6690273], [11.354201, 46.6692611], [11.3540344, 46.6694252], [11.3539734, 46.6694824]]}, "properties": {"osm_id": "way/258548960", "highway": "service"}}, {"type": "Feature", "geometry": {"type": "LineString", "coordinates": [[11.2793137, 46.6492293], [11.2790762, 46.6496123], [11.2790936, 46.650228], [11.2788366, 46.6507763], [11.2783619, 46.6512834], [11.2785228, 46.6516553], [11.2785132, 46.6517706], [11.2778619, 46.6517223], [11.2774982, 46.6518453], [11.2760112, 46.6530479], [11.275517, 46.653542], [11.2753358, 46.6538087], [11.2754004, 46.6542915], [11.2761072, 46.654428], [11.277549, 46.6545247], [11.2784484, 46.6545247], [11.2806874, 46.655283], [11.281697, 46.6553125]]}, "properties": {"osm_id": "way/264558715", "highway": "track", "name": "Grüntal", "sac_scale": "mountain_hiking", "source": "Geobrowser der Autonomen Provinz Bozen"}}, {"type": "Feature", "geometry": {"type": "LineString", "coordinates": [[11.2586464, 46.6700393], [11.2589798, 46.6703504], [11.2591864, 46.6705434], [11.2593843, 46.6706845], [11.2595753, 46.6708196], [11.259763, 46.6709189], [11.2598403, 46.6709826], [11.2599529, 46.6711483], [11.2603531, 46.6715778], [11.2606481, 46.6718981], [11.2609239, 46.6721164], [11.2611792, 46.6723876], [11.2613402, 46.6726747], [11.261485, 46.6729434], [11.2616727, 46.6731164], [11.2617875, 46.6732317], [11.261823, 46.6733888]]}, "properties": {"osm_id": "way/273778259", "access": "destination", "highway": "track", "name": "Pichlersag - Tschein", "surface": "gravel", "tracktype": "grade3"}}, {"type": "Feature", "geometry": {"type": "LineString", "coordinates": [[11.2722169, 46.6796619], [11.2721904, 46.6797063]]}, "properties": {"osm_id": "way/274097250", "highway": "path", "layer": "1", "sac_scale": "hiking", "source": "GPS", "surface": "wood"}}, {"type": "Feature", "geometry": {"type": "LineString", "coordinates": [[11.2718958, 46.6795301], [11.2721187, 46.6796199], [11.2722169, 46.6796619]]}, "properties": {"osm_id": "way/274097254", "highway": "path", "sac_scale": "hiking", "surface": "rock"}}, {"type": "Feature", "geometry": {"type": "LineString", "coordinates": [[11.2720504, 46.6799556], [11.2719883, 46.6799882], [11.2717493, 46.6801392], [11.2716764, 46.6802379], [11.271668, 46.6802819], [11.2716475, 46.6803253], [11.2716064, 46.6803674]]}, "properties": {"osm_id": "way/274097256", "highway": "path", "sac_scale": "hiking", "source": "GPS", "surface": "gravel"}}, {"type": "Feature", "geometry": {"type": "LineString", "coordinates": [[11.2582773, 46.6760157], [11.258322, 46.6762319], [11.2584101, 46.6764975], [11.2584113, 46.6768973], [11.2585755, 46.6772825], [11.2586064, 46.6774436], [11.2586852, 46.6775959], [11.2586948, 46.6776856], [11.2587501, 46.6777435], [11.2588071, 46.6777496], [11.2588564, 46.6777074], [11.2589332, 46.6776209], [11.2590459, 46.6775269], [11.2590923, 46.6774139], [11.2591178, 46.6773185], [11.2591709, 46.6772477], [11.2592608, 46.6771746], [11.2596108, 46.6769187], [11.2598367, 46.6767084], [11.2600198, 46.6765734], [11.2601646, 46.6764918], [11.2602778, 46.6764505], [11.2604227, 46.6764347], [11.2605535, 46.6764666], [11.2608486, 46.6766013], [11.2610494, 46.676683], [11.2611851, 46.6767382], [11.2614398, 46.6768149], [11.2617483, 46.6769263], [11.2627572, 46.6773654], [11.2631029, 46.6775955], [11.2637223, 46.6778665], [11.2640364, 46.6780253], [11.2645286, 46.6782346], [11.2648556, 46.6783839], [11.2653243, 46.6785598], [11.2655901, 46.6786936], [11.265692, 46.678806], [11.2657711, 46.678859], [11.2658649, 46.6788947], [11.2659912, 46.6788781], [11.2661703, 46.6788316], [11.2662567, 46.6788431], [11.2669967, 46.6791094], [11.2672618, 46.6791788], [11.2673397, 46.6792135], [11.2674711, 46.679302], [11.2676047, 46.6793314], [11.2678204, 46.6793435], [11.2679446, 46.6793916], [11.2680111, 46.6794646], [11.2681363, 46.6797306], [11.268244, 46.6797898]]}, "properties": {"osm_id": "way/274097258", "highway": "track", "name": "Kirchsteigeralm - Malga Kirchsteiger", "name:de": "Kirchsteigeralm", "name:it": "Malga Kirchsteiger", "sac_scale": "hiking", "source": "GPS", "tracktype": "grade2"}}, {"type": "Feature", "geometry": {"type": "LineString", "coordinates": [[11.2685141, 46.6742012], [11.2684019, 46.6740506], [11.2682892, 46.673701], [11.268271, 46.673433], [11.2682871, 46.6732122], [11.2682495, 46.6730576], [11.2681261, 46.6727631], [11.268051, 46.6725349], [11.2680725, 46.6723619], [11.2680296, 46.6722146], [11.2678504, 46.6718755]]}, "properties": {"osm_id": "way/274099371", "highway": "path", "source": "Geobrowser der Autonomen Provinz Bozen"}}, {"type": "Feature", "geometry": {"type": "LineString", "coordinates": [[11.2678504, 46.6718755], [11.2677767, 46.6719662], [11.2675489, 46.6720083], [11.2672008, 46.6720067], [11.2670439, 46.6720525], [11.2669004, 46.6721922], [11.2669181, 46.6723898], [11.2670018, 46.6727344], [11.2670339, 46.6730401], [11.2671469, 46.6731939], [11.2673445, 46.673269], [11.2676356, 46.6734102], [11.2678963, 46.6735392], [11.2680044, 46.6736494], [11.2682581, 46.6739728], [11.2685141, 46.6742012]]}, "properties": {"osm_id": "way/274099374", "highway": "track", "surface": "gravel"}}, {"type": "Feature", "geometry": {"type": "LineString", "coordinates": [[11.2685141, 46.6742012], [11.2685807, 46.6742912], [11.2686139, 46.6744087], [11.2686274, 46.6745929], [11.2686208, 46.6748207], [11.2686724, 46.6749572], [11.2688434, 46.6752254], [11.2688735, 46.6754084]]}, "properties": {"osm_id": "way/274099376", "highway": "track", "ref:hiking": "17", "sac_scale": "hiking", "surface": "gravel"}}, {"type": "Feature", "geometry": {"type": "LineString", "coordinates": [[11.2614588, 46.6783062], [11.2617806, 46.6784615], [11.2620009, 46.6786074], [11.2622237, 46.6787601], [11.2623963, 46.6788928], [11.2625078, 46.6790339], [11.2626574, 46.6792019], [11.2627808, 46.6793002], [11.2629646, 46.6794127], [11.2632165, 46.679542], [11.2634753, 46.679666], [11.2637055, 46.679786], [11.2639073, 46.6799338], [11.2640967, 46.68009], [11.2642801, 46.6802428], [11.2646015, 46.6804133], [11.2648574, 46.6805476], [11.2651201, 46.6806698], [11.2653811, 46.6807937], [11.265635, 46.6809114], [11.2658456, 46.6810421], [11.2660469, 46.6812028], [11.2662335, 46.6813152], [11.2663595, 46.6815193], [11.2664656, 46.6816744], [11.2665807, 46.6818451], [11.2666818, 46.6819465], [11.266713, 46.682017], [11.2667182, 46.6820857], [11.2667621, 46.6821771], [11.2668776, 46.6823281], [11.266988, 46.6824556], [11.2670699, 46.6825706], [11.2671773, 46.6827626], [11.2672356, 46.6828619], [11.2673017, 46.6829488], [11.2675138, 46.6831486], [11.2676346, 46.6832379], [11.2678285, 46.6833285], [11.2679406, 46.6833943], [11.2680137, 46.6834486], [11.2680558, 46.683509], [11.2681031, 46.6835826], [11.2681951, 46.6836956], [11.2683139, 46.68381], [11.2684605, 46.6839029], [11.2685129, 46.683949], [11.2685551, 46.684007], [11.2685882, 46.6841085], [11.2686158, 46.6842012], [11.268648, 46.6842548], [11.2686801, 46.6842907], [11.2687215, 46.6843188], [11.2687763, 46.6843367], [11.2688306, 46.6843333], [11.2689296, 46.6843145], [11.2690156, 46.6842901], [11.2691296, 46.6842592], [11.2692647, 46.6842233], [11.2693892, 46.6841986], [11.2695111, 46.6841596], [11.2696627, 46.6840801], [11.2698061, 46.6839944], [11.2700975, 46.6837428], [11.270285, 46.6836003], [11.2703595, 46.6835492], [11.2704403, 46.6835013], [11.2705084, 46.6834874], [11.270604, 46.6834874], [11.2707391, 46.6835025], [11.2708678, 46.6835309], [11.2709725, 46.6835593], [11.2710884, 46.6836047], [11.271183, 46.6836709], [11.2714652, 46.6839042], [11.2717106, 46.6841236], [11.271843, 46.6842315], [11.2719459, 46.6843311], [11.2720599, 46.6844667], [11.2722189, 46.6846842], [11.2723301, 46.6848349], [11.2724753, 46.6849604], [11.2725645, 46.6850228]]}, "properties": {"osm_id": "way/274613220", "bicycle": "yes", "foot": "yes", "highway": "track", "mtb": "yes", "name": "Waidmannweg", "ref:hiking": "18A", "smoothness": "bad", "source": "GPS", "surface": "compacted", "tracktype": "grade2"}}, {"type": "Feature", "geometry": {"type": "LineString", "coordinates": [[11.2817418, 46.6864211], [11.2819443, 46.6863342], [11.2820374, 46.6862696], [11.2822473, 46.6859387]]}, "properties": {"osm_id": "way/274725034", "highway": "track", "tracktype": "grade2"}}, {"type": "Feature", "geometry": {"type": "LineString", "coordinates": [[11.2816327, 46.686452], [11.2817418, 46.6864211]]}, "properties": {"osm_id": "way/274725037", "bridge": "yes", "highway": "track", "layer": "1", "tracktype": "grade2"}}, {"type": "Feature", "geometry": {"type": "LineString", "coordinates": [[11.2820968, 46.6871419], [11.2822121, 46.6870892]]}, "properties": {"osm_id": "way/274725046", "bicycle": "yes", "bridge": "yes", "foot": "yes", "highway": "track", "layer": "1", "mtb": "yes", "mtb:scale": "1", "surface": "wood", "tracktype": "grade3", "width": "3"}}, {"type": "Feature", "geometry": {"type": "LineString", "coordinates": [[11.2697126, 46.6802306], [11.2696926, 46.6802302], [11.269669, 46.6802282], [11.2696271, 46.6802162], [11.2696034, 46.6801987], [11.269591, 46.6801815], [11.2695877, 46.6801628], [11.2696256, 46.6799151], [11.2695926, 46.6798227], [11.2695269, 46.6797717], [11.2694134, 46.679733], [11.2692739, 46.6797034], [11.2690338, 46.6797037], [11.2688486, 46.6797075], [11.2685196, 46.679729], [11.2683403, 46.6797666], [11.268244, 46.6797898]]}, "properties": {"osm_id": "way/274725047", "highway": "track", "name": "Wieserschüpfl", "sac_scale": "hiking", "source": "Geobrowser der Autonomen Provinz Bozen", "surface": "rock", "tracktype": "grade2"}}, {"type": "Feature", "geometry": {"type": "LineString", "coordinates": [[11.273711, 46.693004], [11.2737695, 46.6930521], [11.2741611, 46.6929638], [11.2742766, 46.6929673], [11.2743328, 46.6929711], [11.2745438, 46.6929171], [11.2746814, 46.692846], [11.2747584, 46.6927736], [11.2747531, 46.6927257], [11.2748263, 46.6926768], [11.2748872, 46.6926153], [11.2749389, 46.6925517], [11.2751017, 46.6924277], [11.2753163, 46.6923835], [11.2755041, 46.6923247], [11.27569, 46.6922242], [11.2758187, 46.6921065], [11.2759547, 46.6920229], [11.2760137, 46.6919714], [11.2761781, 46.6919335], [11.2762747, 46.6919078], [11.2764839, 46.6918121], [11.2765501, 46.6917175], [11.2765994, 46.6916925], [11.2767764, 46.691652], [11.2768291, 46.6916219], [11.2769668, 46.6915987], [11.2770258, 46.6915692], [11.2770956, 46.6915527], [11.2771733, 46.6915012], [11.2772002, 46.6914809], [11.2772753, 46.6914515], [11.277337, 46.6914073], [11.2774711, 46.691354], [11.2776749, 46.6912859], [11.2777017, 46.6912657], [11.2777742, 46.6912362], [11.2778466, 46.691227], [11.277911, 46.6912031], [11.2782301, 46.6912344], [11.2782936, 46.6912539], [11.2784689, 46.6912178], [11.2785806, 46.6912263], [11.2786754, 46.691216], [11.2788122, 46.6911902], [11.2789427, 46.6911803], [11.2789919, 46.6911626], [11.2790563, 46.6911295], [11.279134, 46.6911369], [11.2792574, 46.6911406], [11.2795096, 46.6912105], [11.2795864, 46.6912263], [11.2796303, 46.6912234], [11.2797688, 46.6912539], [11.279868, 46.6912705], [11.2799709, 46.691308], [11.2800165, 46.6913135], [11.2799923, 46.6912565], [11.279995, 46.6912307], [11.2800594, 46.691227], [11.2801345, 46.6912215], [11.2801345, 46.6911976], [11.2801828, 46.6911829], [11.2801962, 46.6911534], [11.2802364, 46.6911424], [11.280215, 46.6910982], [11.2802337, 46.6910854], [11.2803481, 46.6911141], [11.2803732, 46.6910927], [11.2804135, 46.6911019], [11.2805817, 46.6910756]]}, "properties": {"osm_id": "way/274815935", "highway": "path", "source": "Geobrowser der Autonomen Provinz Bozen"}}, {"type": "Feature", "geometry": {"type": "LineString", "coordinates": [[11.288106, 46.6892639], [11.2881302, 46.6892161]]}, "properties": {"osm_id": "way/274815936", "bridge": "yes", "highway": "path", "layer": "1", "source": "Geobrowser der Autonomen Provinz Bozen"}}, {"type": "Feature", "geometry": {"type": "LineString", "coordinates": [[11.2881302, 46.6892161], [11.2881114, 46.6891885], [11.2880363, 46.6891443], [11.2879719, 46.6890689], [11.2878405, 46.6889769], [11.2877842, 46.6889364], [11.2876849, 46.6888959], [11.2876286, 46.6888812], [11.2876206, 46.6888371], [11.2876581, 46.6887267], [11.2876708, 46.6885333]]}, "properties": {"osm_id": "way/274815937", "highway": "path", "source": "Geobrowser der Autonomen Provinz Bozen", "surface": "grass"}}, {"type": "Feature", "geometry": {"type": "LineString", "coordinates": [[11.2869497, 46.6898629], [11.2869715, 46.6898453], [11.2870975, 46.6898104], [11.2872611, 46.6897662], [11.2872906, 46.6897092], [11.2873309, 46.6896429], [11.2873175, 46.6896209], [11.2873577, 46.6895399], [11.2873899, 46.6895105], [11.287642, 46.6894847], [11.2876715, 46.6894369], [11.2877252, 46.689378], [11.2877949, 46.6893688], [11.2880417, 46.6893044], [11.2880926, 46.6892952], [11.288106, 46.6892639]]}, "properties": {"osm_id": "way/274815938", "highway": "path", "source": "Geobrowser der Autonomen Provinz Bozen"}}, {"type": "Feature", "geometry": {"type": "LineString", "coordinates": [[11.2711278, 46.6964573], [11.2712951, 46.6965468], [11.2714405, 46.6966817], [11.2714546, 46.6967371], [11.2714853, 46.6967713], [11.2714679, 46.6967993], [11.2714606, 46.696827], [11.2714897, 46.6968731], [11.2714897, 46.6970184], [11.2715112, 46.6970828], [11.2715398, 46.6971078], [11.2715532, 46.6971667], [11.2717222, 46.6973727], [11.2719153, 46.6975254], [11.2719877, 46.6975401], [11.272036, 46.6975935], [11.2721486, 46.6976229], [11.2722247, 46.6976844], [11.272222, 46.6977046], [11.2722693, 46.6977259], [11.2724017, 46.697872], [11.2724061, 46.6979265], [11.2724688, 46.6979879], [11.2724473, 46.6979989], [11.2725063, 46.6980504], [11.2726002, 46.6980578], [11.2727182, 46.69801], [11.2727504, 46.6980137], [11.2727709, 46.6980405], [11.2728862, 46.6981012], [11.2729623, 46.6981167], [11.2730803, 46.698216], [11.2731286, 46.6982197], [11.2731598, 46.6982465], [11.2732466, 46.6982528], [11.2732868, 46.6982786], [11.2733771, 46.6982999], [11.2734522, 46.6982944], [11.273547, 46.6982362], [11.2737016, 46.6982778], [11.2737401, 46.6983301], [11.2738313, 46.6984202], [11.2738691, 46.6984719], [11.2739387, 46.6985333], [11.2739528, 46.698576], [11.2739439, 46.6986269], [11.2739762, 46.6986465], [11.2739815, 46.6986741], [11.2740718, 46.6987046], [11.2740834, 46.6987642], [11.274121, 46.6987881], [11.2741201, 46.698826], [11.274171, 46.6988794], [11.2742068, 46.6988691], [11.2742381, 46.6989014], [11.2743302, 46.6989224], [11.2744241, 46.6989169], [11.2744777, 46.6989408], [11.2745438, 46.6989437], [11.2745662, 46.6990273], [11.2745475, 46.6990548], [11.2745582, 46.6990898], [11.2745957, 46.6990751], [11.2746967, 46.6992141], [11.274745, 46.6992362], [11.2749578, 46.6992737], [11.2750222, 46.6992627], [11.2750803, 46.699273], [11.2752341, 46.699248], [11.2754022, 46.6992473], [11.2754111, 46.6992222], [11.2754746, 46.699227], [11.2755399, 46.6991836], [11.2756338, 46.6991726], [11.2758054, 46.6991211], [11.2759234, 46.6989868], [11.2760012, 46.6990033], [11.2760656, 46.6989684], [11.2760602, 46.6989298], [11.2760951, 46.698893], [11.2761782, 46.6989003], [11.2762399, 46.6988231], [11.2762721, 46.6988433], [11.2763812, 46.6988407], [11.2764357, 46.6988654], [11.2765055, 46.6988617], [11.2767433, 46.6989511], [11.2767925, 46.6989114], [11.2768354, 46.6989095], [11.2768381, 46.6989463], [11.2769588, 46.6989408], [11.2769829, 46.6989868], [11.2770517, 46.6990357], [11.2770526, 46.6990788], [11.277109, 46.699064], [11.2771868, 46.6991064], [11.2772153, 46.6990927], [11.277277, 46.6991369], [11.2773262, 46.6991413], [11.2773423, 46.6992094], [11.2774121, 46.6991744], [11.2774514, 46.6991921], [11.2774567, 46.6992215], [11.2775676, 46.6992682], [11.2776016, 46.6993466], [11.2777098, 46.6993547], [11.2777339, 46.6993896], [11.2778439, 46.699362], [11.2779297, 46.6993602], [11.2779932, 46.6994018]]}, "properties": {"osm_id": "way/274815939", "highway": "path", "source": "Geobrowser der Autonomen Provinz Bozen"}}, {"type": "Feature", "geometry": {"type": "LineString", "coordinates": [[11.3009087, 46.684869], [11.3008205, 46.6848166], [11.3007308, 46.6847822], [11.3005591, 46.6847669], [11.300197, 46.6847491], [11.2999504, 46.684757], [11.2995852, 46.6847667], [11.2992727, 46.6848477], [11.2991266, 46.6848405], [11.2989868, 46.6848298], [11.2988573, 46.6848558], [11.2986872, 46.6849623], [11.2985593, 46.6849897], [11.29836, 46.6850319], [11.2981502, 46.6850536], [11.2979397, 46.6850705], [11.2977326, 46.6850847], [11.29751, 46.6850985], [11.2973439, 46.6851051], [11.2972008, 46.6850634], [11.2970966, 46.6849843], [11.2970121, 46.6849203], [11.296966, 46.6848306], [11.2968994, 46.6847486], [11.2966996, 46.6845795], [11.2965843, 46.68439], [11.2965843, 46.6842516], [11.2965612, 46.684144], [11.2964972, 46.6839596], [11.2965202, 46.6838545], [11.2965202, 46.6837623], [11.2965329, 46.6836591], [11.2965416, 46.6835461], [11.2965329, 46.6834568], [11.2965459, 46.6833497], [11.2966066, 46.6831772], [11.296676, 46.6829659], [11.296689, 46.6828856], [11.2967151, 46.6827606], [11.2967758, 46.6825851], [11.2967845, 46.6824304], [11.2967931, 46.6822191], [11.2967888, 46.6821001], [11.2968105, 46.6819662], [11.2968148, 46.6818502], [11.2968405, 46.6815181], [11.2968592, 46.6814254]]}, "properties": {"osm_id": "way/274820261", "foot": "yes", "highway": "path", "mtb:scale": "1", "mtb:scale:uphill": "2", "sac_scale": "mountain_hiking", "width": "0.5"}}, {"type": "Feature", "geometry": {"type": "LineString", "coordinates": [[11.2752093, 46.6811453], [11.2752847, 46.681156], [11.2757844, 46.6812261], [11.2766397, 46.6813196], [11.2767779, 46.6813285], [11.2769561, 46.6813335], [11.2772183, 46.6813484], [11.2772935, 46.6813547], [11.2773648, 46.6813662], [11.2774419, 46.6813874], [11.2775088, 46.6814089], [11.2776303, 46.681452], [11.2777539, 46.6814981], [11.277893, 46.6815487], [11.2779845, 46.6815929], [11.2780968, 46.6816648], [11.2782854, 46.6818004], [11.2783286, 46.6818211], [11.2783884, 46.6818432], [11.2784662, 46.6818549], [11.2785605, 46.6818631], [11.2786272, 46.6818792], [11.2786915, 46.6819058], [11.2789356, 46.6820254], [11.2791582, 46.6821707], [11.2793003, 46.6822996], [11.2793433, 46.6824265], [11.2793915, 46.6825608], [11.2794774, 46.6826602], [11.2796732, 46.6828203], [11.2797965, 46.6829712], [11.2798368, 46.6830779], [11.2798475, 46.6831846], [11.2798797, 46.68333], [11.2799602, 46.6834643], [11.2800755, 46.6835563], [11.2803088, 46.6836796], [11.2804912, 46.6838379], [11.2805395, 46.6839501], [11.2805337, 46.6840313], [11.2804966, 46.6841231], [11.2804939, 46.6842316], [11.28051, 46.6843678], [11.2806039, 46.6846604], [11.2805717, 46.6847432], [11.2804698, 46.6848241], [11.2803644, 46.6849102]]}, "properties": {"osm_id": "way/274823974", "highway": "track"}}, {"type": "Feature", "geometry": {"type": "LineString", "coordinates": [[11.2688798, 46.6658579], [11.26889, 46.6658466], [11.2689001, 46.6658297], [11.2689215, 46.66581], [11.2689561, 46.6657923], [11.2695531, 46.6656366], [11.2697884, 46.665577], [11.2699282, 46.6655513], [11.2700344, 46.6655346], [11.2701891, 46.6655222], [11.2702933, 46.6655262], [11.270524, 46.6655593], [11.2712608, 46.6657371], [11.2715701, 46.6658244], [11.2716935, 46.6658207], [11.2717525, 46.6657618], [11.2717114, 46.6653763], [11.2717061, 46.6651702], [11.2717436, 46.665034], [11.2717973, 46.6649199], [11.2719421, 46.6648094], [11.2721835, 46.6645812], [11.2723713, 46.6644965], [11.2728146, 46.6643739], [11.2734584, 46.6643187], [11.27385, 46.6643076], [11.2739465, 46.6643334], [11.2739948, 46.664396], [11.2738231, 46.664558], [11.2737319, 46.664731], [11.2737319, 46.6648672], [11.2737856, 46.6649887]]}, "properties": {"osm_id": "way/274826425", "highway": "path", "name": "Maiseralmleger", "source": "Geobrowser der Autonomen Provinz Bozen"}}, {"type": "Feature", "geometry": {"type": "LineString", "coordinates": [[11.276084, 46.6672646], [11.2760727, 46.6671066], [11.2760405, 46.6669409], [11.2760459, 46.6668673]]}, "properties": {"osm_id": "way/274826431", "highway": "track"}}, {"type": "Feature", "geometry": {"type": "LineString", "coordinates": [[11.2651423, 46.6677235], [11.2651435, 46.6675178], [11.2652562, 46.66733], [11.2654493, 46.6671938], [11.265993, 46.6669998], [11.2662325, 46.6669508], [11.2663666, 46.6669067], [11.266608, 46.6667815], [11.2667689, 46.6667373], [11.2670536, 46.6666189], [11.2673279, 46.6666467], [11.267662, 46.6665977], [11.2679705, 46.6664237], [11.2682481, 46.6662043], [11.2683377, 46.6660286], [11.2685114, 46.6657822]]}, "properties": {"osm_id": "way/274826434", "highway": "path", "mtb:scale": "2", "source": "Geobrowser der Autonomen Provinz Bozen"}}, {"type": "Feature", "geometry": {"type": "LineString", "coordinates": [[11.2961636, 46.688359], [11.2961164, 46.6883172]]}, "properties": {"osm_id": "way/276166110", "bicycle": "yes", "bridge": "yes", "foot": "yes", "highway": "track", "layer": "1", "name": "Kesselberg", "ref:hiking": "13", "source": "Geobrowser der Autonomen Provinz Bozen", "surface": "gravel", "tracktype": "grade3"}}, {"type": "Feature", "geometry": {"type": "LineString", "coordinates": [[11.2961164, 46.6883172], [11.2959854, 46.6882936], [11.295093, 46.6884555], [11.2948477, 46.6884808], [11.2946606, 46.6884492], [11.2943544, 46.688324], [11.2940626, 46.6882978], [11.2937191, 46.6882851], [11.293436, 46.6883593], [11.2933143, 46.6884787], [11.2932223, 46.688628], [11.2932377, 46.6887942], [11.2933389, 46.6889225], [11.2935443, 46.6890425], [11.2935842, 46.6891203], [11.2935627, 46.6891834], [11.2934523, 46.6892255], [11.2933266, 46.6892255], [11.2927286, 46.6891624], [11.2922073, 46.6891582], [11.2919374, 46.6891014], [11.2918362, 46.6890845], [11.2917595, 46.6890993], [11.2916982, 46.6892107], [11.2916369, 46.6892654], [11.2915541, 46.6892865], [11.2914283, 46.6892675], [11.2911922, 46.6891708], [11.2910419, 46.6891497], [11.2907782, 46.6891518], [11.2905819, 46.6891245], [11.2899533, 46.6891266], [11.2897999, 46.6891224], [11.2897049, 46.6890993], [11.2895328, 46.6890177], [11.289222, 46.6888827], [11.2888646, 46.6887711]]}, "properties": {"osm_id": "way/276166112", "bicycle": "yes", "foot": "yes", "highway": "track", "name": "Kesselberg - Costa Valcanova", "name:de": "Kesselberg", "name:it": "Costa Valcanova", "ref:hiking": "13", "source": "Geobrowser der Autonomen Provinz Bozen", "surface": "gravel", "tracktype": "grade3"}}, {"type": "Feature", "geometry": {"type": "LineString", "coordinates": [[11.2704445, 46.656171], [11.2704176, 46.6562024], [11.2703562, 46.6562294], [11.2701913, 46.6562519], [11.2700549, 46.6562937], [11.2696259, 46.6564275], [11.2694005, 46.6565366], [11.2692403, 46.6565691], [11.2687753, 46.6566019], [11.2683086, 46.6566203], [11.2680242, 46.656705], [11.267815, 46.6568449], [11.2676563, 46.6570489], [11.267582, 46.6572261], [11.2675928, 46.6572831], [11.2676194, 46.6573339], [11.2676638, 46.6573969], [11.2676668, 46.6574376], [11.2676638, 46.6574925], [11.2676135, 46.6575352], [11.267575, 46.6576002], [11.2675779, 46.6576653], [11.2676757, 46.6580861], [11.2677074, 46.6581543]]}, "properties": {"osm_id": "way/276277158", "highway": "path", "name": "Leger", "source": "Geobrowser der Autonomen Provinz Bozen"}}, {"type": "Feature", "geometry": {"type": "LineString", "coordinates": [[11.2874661, 46.6808442], [11.2875303, 46.6808198], [11.2879811, 46.6806487], [11.2885467, 46.6806041], [11.2891059, 46.6802072], [11.2891904, 46.6800778], [11.2893529, 46.6798682], [11.2895414, 46.6798013], [11.2899315, 46.6796898], [11.2906727, 46.6791545], [11.2912773, 46.6785702], [11.292363, 46.6780796], [11.2932732, 46.6775889], [11.2943524, 46.6770715], [11.294814, 46.6766789], [11.2949765, 46.6766611], [11.2953991, 46.6763221], [11.2961012, 46.6758671], [11.2969399, 46.6756619], [11.2971739, 46.6755192], [11.2980971, 46.6751043], [11.2992218, 46.6745958], [11.299976, 46.6743148], [11.3005936, 46.6737036], [11.3012697, 46.6734895], [11.3016078, 46.6735564], [11.3024855, 46.673552], [11.3033176, 46.673456], [11.303789, 46.673494], [11.3041498, 46.6734717], [11.3046959, 46.6734984], [11.3049104, 46.6734047], [11.3054695, 46.6732888], [11.3058336, 46.6733155], [11.3065293, 46.6732442], [11.3068543, 46.6733021], [11.307394, 46.6733056], [11.3075434, 46.6733066], [11.307836, 46.6731237], [11.3083171, 46.6730256], [11.3090257, 46.6728784], [11.3093833, 46.6728828], [11.310261, 46.6729988], [11.3111777, 46.6732665], [11.3115677, 46.6734583], [11.3123999, 46.6736456], [11.3130936, 46.6738645]]}, "properties": {"osm_id": "way/276296894", "highway": "path", "name": "Panoramaweg - Sentiero panoramico", "name:de": "Panoramaweg", "name:it": "Sentiero panoramico", "ref:hiking": "14", "source": "Geobrowser der Autonomen Provinz Bozen;https://www.suedtirolerland.it/it/sport-e-tempo-libero/montagne-ed-escursioni/escursioni-a-bolzano-e-dintorni/dal-rifugio-sarentino-agli-omini-di-pietra-e-merano-2000/"}}, {"type": "Feature", "geometry": {"type": "LineString", "coordinates": [[11.3195346, 46.6875462], [11.319292, 46.6875803], [11.3191257, 46.687584], [11.3188455, 46.6874367], [11.3186495, 46.6872598], [11.3187311, 46.6871035], [11.3187212, 46.6870233], [11.3190066, 46.6868788], [11.3191427, 46.6867671], [11.3191379, 46.6866452], [11.318956, 46.6865747], [11.3189272, 46.6865168], [11.3191096, 46.6863365], [11.3191954, 46.6862003], [11.3193188, 46.6860494], [11.3194636, 46.6859942], [11.3195656, 46.6858838], [11.3197533, 46.6857882], [11.3199679, 46.6855968], [11.3202361, 46.6855011], [11.3203756, 46.6854128], [11.3205902, 46.6853429], [11.3209635, 46.6852625], [11.3212049, 46.6852661], [11.3217332, 46.6851928], [11.3217638, 46.6851857], [11.3218271, 46.6851671], [11.3218517, 46.6851579], [11.321877, 46.685158], [11.3218985, 46.6851657], [11.3219238, 46.6851622], [11.3219597, 46.6851511], [11.3220442, 46.6851288], [11.3221877, 46.6850829], [11.3223201, 46.6850869], [11.3224838, 46.6850853], [11.3225373, 46.6850955], [11.3225884, 46.6851125], [11.3226323, 46.6851172], [11.3226847, 46.6851137], [11.3227392, 46.6851153], [11.3228691, 46.6851155], [11.3229704, 46.6851389], [11.3230502, 46.6851405], [11.3231811, 46.6851488], [11.3232366, 46.6851558], [11.3232803, 46.6851674], [11.3233224, 46.6851682], [11.3233877, 46.6851726], [11.3234829, 46.6851856], [11.3235124, 46.6851926], [11.3235535, 46.6851891], [11.3235993, 46.6851824], [11.3236565, 46.6851631], [11.3236659, 46.6851438], [11.3236607, 46.6851186], [11.323645, 46.6850909], [11.3236305, 46.6850713], [11.3236383, 46.6850514], [11.3236689, 46.6850304], [11.3237042, 46.6849984], [11.3237175, 46.6849739], [11.3237274, 46.6849425], [11.3237487, 46.6848895], [11.3237905, 46.6848394], [11.3238892, 46.6847732], [11.3239376, 46.6847458], [11.3239711, 46.6847119], [11.3240297, 46.6846348], [11.3240706, 46.6845627], [11.3241058, 46.6845347], [11.32417, 46.6844827], [11.3242433, 46.6844229], [11.324293, 46.6843671], [11.3244043, 46.6842205], [11.3244779, 46.6841554], [11.3245491, 46.6840696], [11.324592, 46.6839739], [11.3246211, 46.6838513], [11.3246435, 46.6837347], [11.3246832, 46.6836316], [11.3247208, 46.6835249], [11.3248602, 46.6833372], [11.3250373, 46.6831385], [11.3251768, 46.6829766], [11.3253175, 46.6828201], [11.3253485, 46.6828019], [11.3253677, 46.6827778], [11.3254986, 46.6825901], [11.3256381, 46.6824908], [11.3256826, 46.6824355], [11.3257188, 46.682387], [11.3257282, 46.6823583], [11.3257439, 46.682345], [11.3257839, 46.6823233], [11.3258634, 46.6822442], [11.3260157, 46.6820674], [11.3261906, 46.6819388], [11.3263784, 46.6818431], [11.3265908, 46.6817406], [11.3266895, 46.6817106], [11.3268069, 46.6815966], [11.3268286, 46.6815783], [11.3268547, 46.6815647], [11.3269068, 46.6815509], [11.3269504, 46.6815396], [11.3269812, 46.6815311], [11.3270124, 46.6815098], [11.3270489, 46.681464], [11.3271026, 46.6813495], [11.3271413, 46.681254], [11.3271497, 46.6812163], [11.327138, 46.6811884], [11.3270805, 46.6811387], [11.3269524, 46.6810444], [11.3268508, 46.6809959], [11.3267664, 46.6809459], [11.3267152, 46.680915], [11.326697, 46.6809028], [11.3266882, 46.6808868], [11.3266716, 46.6808609], [11.3266364, 46.6808287], [11.3265954, 46.6808024], [11.3265483, 46.6807862], [11.3264481, 46.6807537], [11.3263918, 46.6807268], [11.3262545, 46.6806962], [11.3260666, 46.6806688], [11.3258708, 46.6806593], [11.32557, 46.6806375], [11.3255215, 46.6806304], [11.3254784, 46.6806207], [11.3251499, 46.6805439], [11.3249459, 46.6805125], [11.3246671, 46.6804305], [11.3242986, 46.6802776], [11.3242244, 46.6802671], [11.3241373, 46.6802619], [11.3238398, 46.6800398], [11.3237624, 46.6799183], [11.3235981, 46.6797402], [11.3233673, 46.6795554], [11.3232187, 46.6794361], [11.3229612, 46.6792337], [11.3228218, 46.6791564], [11.3225911, 46.6790828], [11.3223991, 46.6789965], [11.3221941, 46.6789282], [11.3220616, 46.6788382], [11.3220014, 46.6787958], [11.321922, 46.6787516], [11.3218585, 46.6787263], [11.3217627, 46.6786591], [11.3217237, 46.6786312], [11.3216747, 46.6785919], [11.3216334, 46.6785642], [11.3215604, 46.6785334], [11.3214341, 46.6785121], [11.3213475, 46.6784704], [11.32125, 46.6784424], [11.3211737, 46.6784219], [11.3210531, 46.6783887], [11.3210176, 46.6783629], [11.3209112, 46.6783046], [11.3205334, 46.6781512], [11.3203756, 46.6780891], [11.3200913, 46.6779971], [11.319807, 46.6779419], [11.319528, 46.6778425], [11.3193718, 46.6777822], [11.3192289, 46.677747], [11.3191177, 46.6777256], [11.3190628, 46.6777053], [11.318946, 46.6776384], [11.318895, 46.6776216], [11.3188253, 46.6776021], [11.3188042, 46.677598], [11.3187857, 46.6775983], [11.318743, 46.6776019], [11.3186937, 46.6775983], [11.3186505, 46.6775901], [11.3186197, 46.6775799], [11.3185324, 46.6774958], [11.3184865, 46.677478], [11.3183968, 46.6774461], [11.3181685, 46.6773257], [11.3180045, 46.6772683], [11.3177792, 46.6772094], [11.3175046, 46.6771274], [11.3174144, 46.6771137], [11.3172106, 46.6770843], [11.3170461, 46.6770318], [11.3167508, 46.67696], [11.3167102, 46.6769459], [11.3166832, 46.6769149], [11.3166531, 46.6768966], [11.316622, 46.67689], [11.3164772, 46.6768555], [11.316432, 46.6768366], [11.3163362, 46.6767751], [11.3161753, 46.6767309], [11.316009, 46.6766941], [11.31595, 46.6766426], [11.3157676, 46.6765396], [11.3156925, 46.676477], [11.3154296, 46.6764071], [11.3153223, 46.6763592], [11.3152794, 46.6762856], [11.3149575, 46.6761236], [11.3146711, 46.6759843], [11.3145477, 46.6759034]]}, "properties": {"osm_id": "way/276296896", "highway": "path", "mtb:scale": "3", "name": "Panoramaweg - Sentiero panoramico", "name:de": "Panoramaweg", "name:it": "Sentiero panoramico", "source": "Geobrowser der Autonomen Provinz Bozen"}}, {"type": "Feature", "geometry": {"type": "LineString", "coordinates": [[11.3280885, 46.69168], [11.3281599, 46.6916745], [11.3282162, 46.6916469], [11.3282323, 46.6916009], [11.3282189, 46.6915402], [11.3281599, 46.6914685], [11.3280848, 46.6914151], [11.3280419, 46.6913526], [11.3279882, 46.6912974], [11.3278917, 46.6912293], [11.327897, 46.691198], [11.32794, 46.6911686], [11.3280231, 46.6911778], [11.3282618, 46.6912238], [11.3284415, 46.6912219], [11.3287017, 46.6911631], [11.3288707, 46.691106]]}, "properties": {"osm_id": "way/276296897", "highway": "track", "name": "Thaleralmweg", "source": "Geobrowser der Autonomen Provinz Bozen"}}, {"type": "Feature", "geometry": {"type": "LineString", "coordinates": [[11.3282162, 46.6916469], [11.3283798, 46.6916285], [11.3285864, 46.6916028], [11.3287795, 46.6915549], [11.3288841, 46.6915365], [11.3291443, 46.6915329], [11.3295573, 46.69152], [11.3296888, 46.6914813], [11.3298765, 46.6914317], [11.3300374, 46.6913875], [11.3301823, 46.6912918], [11.3303808, 46.6910987], [11.3304934, 46.6909717], [11.3305444, 46.6908374], [11.3306114, 46.6907068], [11.3307187, 46.6906148], [11.3308341, 46.690521], [11.3310299, 46.6904216], [11.3311103, 46.6903315], [11.3311908, 46.6901567], [11.3315904, 46.6896912]]}, "properties": {"osm_id": "way/276296899", "highway": "track"}}, {"type": "Feature", "geometry": {"type": "LineString", "coordinates": [[11.3270341, 46.6930519], [11.3269797, 46.6930783], [11.3269261, 46.6931721], [11.3268644, 46.6933248], [11.3267517, 46.6934517], [11.3266901, 46.6935584], [11.3265667, 46.6936688], [11.3264487, 46.6938289], [11.3264433, 46.6938804], [11.3264969, 46.6940128], [11.326446, 46.6941048], [11.3262636, 46.6942888], [11.3260651, 46.6943918], [11.3259739, 46.6944489], [11.3257352, 46.6946273], [11.3255716, 46.6947193], [11.3253785, 46.6948131], [11.3253114, 46.6948757], [11.3251827, 46.6951994], [11.3251853, 46.6953172], [11.3251505, 46.6954018], [11.3251049, 46.6954828], [11.3252122, 46.6958341]]}, "properties": {"osm_id": "way/276296901", "highway": "track"}}, {"type": "Feature", "geometry": {"type": "LineString", "coordinates": [[11.2685198, 46.6799542], [11.268681, 46.6800925], [11.2688144, 46.6802678], [11.269039, 46.6805641], [11.2690543, 46.6806751], [11.2688626, 46.6809891], [11.2688334, 46.6810834], [11.2689041, 46.6811974], [11.2689886, 46.681211], [11.2690371, 46.6812172], [11.2692109, 46.6810977], [11.2694077, 46.6810425], [11.2696613, 46.6810357], [11.2704261, 46.6812285], [11.2705436, 46.681277], [11.2707266, 46.681327], [11.2708984, 46.6812983], [11.2711115, 46.6813406], [11.271407, 46.68137], [11.271738, 46.681465], [11.2719393, 46.6814871], [11.2721304, 46.681532], [11.2723686, 46.6816605], [11.2726011, 46.681645], [11.2727598, 46.6816599], [11.2731523, 46.6817882], [11.2736592, 46.6818666], [11.2740756, 46.6819179], [11.2743068, 46.6819922], [11.2745575, 46.6819759], [11.2747057, 46.6820022], [11.2749313, 46.6821006], [11.2753717, 46.6822223], [11.2756005, 46.682379], [11.2756835, 46.6824787], [11.2758239, 46.6825373], [11.2760467, 46.682564], [11.2762342, 46.6826565], [11.2763093, 46.6826702], [11.2763832, 46.6826635], [11.2765151, 46.6826405], [11.2766546, 46.6826451], [11.2767718, 46.6826714], [11.2768966, 46.6827155], [11.2771644, 46.6828502], [11.2773502, 46.682969], [11.2774811, 46.683009], [11.2775936, 46.6830361], [11.2777109, 46.6830777], [11.2778734, 46.6831532], [11.2779765, 46.683199], [11.2780845, 46.6832821], [11.2781825, 46.6833159], [11.2783517, 46.6833529], [11.2784581, 46.6834026], [11.2785394, 46.6834672], [11.2787805, 46.683776], [11.2789999, 46.6839444], [11.279428, 46.684358], [11.2795475, 46.6844951], [11.2797633, 46.6846362], [11.2799695, 46.6847395], [11.2803644, 46.6849102], [11.2804593, 46.6849944], [11.2805537, 46.6851222], [11.2806176, 46.6853182], [11.2806579, 46.6854412], [11.2808143, 46.6856955], [11.2810164, 46.6859574], [11.281242, 46.6863915], [11.281375, 46.6865249]]}, "properties": {"osm_id": "way/276669606", "highway": "track", "name": "Kirchsteigeralm - Malga Kirchsteiger", "name:de": "Kirchsteigeralm", "name:it": "Malga Kirchsteiger", "ref:hiking": "14", "tracktype": "grade2"}}, {"type": "Feature", "geometry": {"type": "LineString", "coordinates": [[11.3358157, 46.6840747], [11.3360303, 46.6838539], [11.3360893, 46.6837508], [11.3360947, 46.6835484], [11.3360518, 46.683438], [11.3359123, 46.6832356], [11.3358318, 46.6831068], [11.335392, 46.6826836], [11.3353437, 46.6825327], [11.3353437, 46.6823781], [11.3352578, 46.6822162], [11.3352418, 46.6820616], [11.3352686, 46.6818666], [11.3353061, 46.681701], [11.3352954, 46.6816126], [11.3353222, 46.6814801]]}, "properties": {"osm_id": "way/276670563", "highway": "track", "name": "Sambachweg", "source": "Geobrowser der Autonomen Provinz Bozen"}}, {"type": "Feature", "geometry": {"type": "LineString", "coordinates": [[11.3450391, 46.6836391], [11.3447207, 46.6837692], [11.3445705, 46.6839091], [11.3444203, 46.68399], [11.3443365, 46.6840461], [11.3442754, 46.6843286], [11.3440912, 46.6845192], [11.3440287, 46.6846377], [11.3438409, 46.6847445], [11.343519, 46.6849358], [11.343106, 46.6850904], [11.3428646, 46.6854289], [11.3428378, 46.685624], [11.3426554, 46.685819], [11.3426071, 46.6859625], [11.3425427, 46.6861245], [11.3424676, 46.6861723], [11.3423496, 46.6861097], [11.3422316, 46.685992], [11.342135, 46.6858595], [11.3419956, 46.6857969], [11.3418293, 46.6857933], [11.3416844, 46.685808], [11.3413623, 46.6856794], [11.3411212, 46.6856534], [11.3409181, 46.6856467], [11.3407518, 46.685621], [11.3406115, 46.6856424], [11.3404652, 46.6857918], [11.3405103, 46.6858978], [11.3406806, 46.6861029], [11.3408536, 46.686325], [11.3409439, 46.6864455], [11.3410612, 46.6865586], [11.3411929, 46.6866259], [11.3412091, 46.6866674]]}, "properties": {"osm_id": "way/276670565", "highway": "track", "name": "Nissl Grindweg", "source": "Geobrowser der Autonomen Provinz Bozen"}}, {"type": "Feature", "geometry": {"type": "LineString", "coordinates": [[11.3431328, 46.6824113], [11.3433581, 46.6823781], [11.343519, 46.6824113], [11.3438302, 46.6825548], [11.3439053, 46.6826431], [11.3439536, 46.6828161], [11.3440501, 46.6829596], [11.3443237, 46.6831399], [11.3445383, 46.6833055], [11.3446939, 46.6834748], [11.344887, 46.6835374], [11.3450391, 46.6836391], [11.3450962, 46.6836772], [11.3452303, 46.6837545], [11.3453859, 46.683806], [11.3454717, 46.6837766], [11.3457292, 46.68353], [11.3458311, 46.6833644], [11.345874, 46.6832982], [11.3459277, 46.6831068], [11.3460564, 46.6829854], [11.3461315, 46.6828345], [11.3461959, 46.6826173], [11.3462202, 46.6823663], [11.3461389, 46.6822859], [11.3461354, 46.6822373], [11.3461734, 46.6822042], [11.3462778, 46.682196], [11.3463654, 46.682321], [11.3465017, 46.6824554], [11.3465914, 46.6827064], [11.3466388, 46.6827565]]}, "properties": {"osm_id": "way/276670567", "highway": "track", "name": "Grafötz", "source": "Geobrowser der Autonomen Provinz Bozen"}}, {"type": "Feature", "geometry": {"type": "LineString", "coordinates": [[11.3398605, 46.6829449], [11.3395065, 46.6829191], [11.3392704, 46.682897], [11.3391953, 46.6828382], [11.3392061, 46.6827277], [11.3393348, 46.6825327], [11.3393884, 46.6823965], [11.3393616, 46.6822272], [11.3392919, 46.6820506], [11.339147, 46.6819107], [11.3389968, 46.6817488], [11.3387876, 46.6815795], [11.3386803, 46.6814176]]}, "properties": {"osm_id": "way/276670568", "highway": "track", "name": "Graf Waldweg", "source": "Geobrowser der Autonomen Provinz Bozen"}}, {"type": "Feature", "geometry": {"type": "LineString", "coordinates": [[11.3365882, 46.6813219], [11.3366365, 46.6814139], [11.3367331, 46.6816237], [11.3372266, 46.6819034], [11.3374894, 46.6821389], [11.3376772, 46.6821831], [11.337822, 46.6821904], [11.3383638, 46.682356], [11.338514, 46.6823928], [11.3386213, 46.6825437], [11.3385945, 46.6827461], [11.3384872, 46.6830737], [11.3384229, 46.6831988]]}, "properties": {"osm_id": "way/276670570", "highway": "track", "name": "Graf Waldweg", "source": "Geobrowser der Autonomen Provinz Bozen"}}, {"type": "Feature", "geometry": {"type": "LineString", "coordinates": [[11.3440912, 46.6845192], [11.3439589, 46.6844832], [11.343739, 46.6843212], [11.3434869, 46.6842329], [11.3434171, 46.684174], [11.3433206, 46.6840563], [11.3432777, 46.683968], [11.3433045, 46.6837729], [11.3432669, 46.6836515], [11.3431221, 46.683427], [11.3430255, 46.6833387], [11.3428163, 46.6832099], [11.3426339, 46.6831362], [11.3424676, 46.6831142], [11.342414, 46.6831546], [11.3423872, 46.6832356], [11.3424086, 46.6833791], [11.3423281, 46.6834491], [11.3422101, 46.6834822], [11.3420438, 46.6834123], [11.3417971, 46.6833571], [11.3417005, 46.6834196], [11.3416844, 46.6834711], [11.3416093, 46.6837214], [11.3415074, 46.6837876], [11.3412767, 46.6838392], [11.340869, 46.6839532], [11.3407296, 46.6840232], [11.3405847, 46.6841225], [11.3404184, 46.6841961], [11.3401931, 46.6843433], [11.3400054, 46.6844685], [11.340059, 46.6846525], [11.3400805, 46.6847665], [11.34, 46.6848512], [11.339823, 46.6848769], [11.3396298, 46.6849101], [11.3392329, 46.6851014], [11.3389325, 46.6851861], [11.3387233, 46.6852523], [11.3385409, 46.6853517], [11.3378971, 46.6856534], [11.3375377, 46.6857344], [11.3371193, 46.6858411]]}, "properties": {"osm_id": "way/276670571", "highway": "track", "name": "Graf Wiesweg", "source": "Geobrowser der Autonomen Provinz Bozen"}}, {"type": "Feature", "geometry": {"type": "LineString", "coordinates": [[11.3285034, 46.6988634], [11.3280583, 46.6989152], [11.3278926, 46.6988931], [11.3277958, 46.6989814], [11.327785, 46.6991893], [11.3276244, 46.6993382], [11.3274796, 46.6994854], [11.3273294, 46.6996694]]}, "properties": {"osm_id": "way/276783553", "highway": "track"}}, {"type": "Feature", "geometry": {"type": "LineString", "coordinates": [[11.3283896, 46.6949243], [11.3284827, 46.6947245], [11.328523, 46.6945497], [11.3286356, 46.694375], [11.3286946, 46.694202], [11.3288207, 46.6940162], [11.3289092, 46.6938654], [11.328936, 46.6937991], [11.3288877, 46.6937108], [11.3288475, 46.6936391], [11.3289226, 46.6935692], [11.3295127, 46.6933282]]}, "properties": {"osm_id": "way/276783555", "highway": "track"}}, {"type": "Feature", "geometry": {"type": "LineString", "coordinates": [[11.3396675, 46.686322], [11.3396541, 46.6865133], [11.3396514, 46.6866495], [11.3397185, 46.6867728], [11.3398499, 46.6869071], [11.3398741, 46.687023], [11.3398821, 46.6874793], [11.339917, 46.6875989], [11.339858, 46.6877903], [11.3399009, 46.6880147], [11.3398955, 46.6884674], [11.3399304, 46.6886569], [11.3399063, 46.6888077], [11.3398312, 46.6892254], [11.3398472, 46.6893431], [11.3397373, 46.6897461], [11.3397775, 46.689873], [11.3397748, 46.6901048], [11.3397748, 46.6907102], [11.3397453, 46.6909107], [11.339638, 46.6911499], [11.3394664, 46.691434], [11.3394754, 46.6915199]]}, "properties": {"osm_id": "way/276783561", "highway": "track"}}, {"type": "Feature", "geometry": {"type": "LineString", "coordinates": [[11.325456, 46.699017], [11.325543, 46.6988379], [11.3255269, 46.6987202], [11.3254411, 46.6986098], [11.3253445, 46.6985178], [11.3254357, 46.6982455], [11.3255591, 46.6980726], [11.3255645, 46.697988], [11.3256396, 46.6978372], [11.3256503, 46.6977378], [11.3255699, 46.6977194], [11.325366, 46.6978482], [11.3251139, 46.6979291], [11.3249261, 46.697988], [11.3247813, 46.6980432]]}, "properties": {"osm_id": "way/276783563", "highway": "track", "name": "Thaleralpe", "source": "Geobrowser der Autonomen Provinz Bozen"}}, {"type": "Feature", "geometry": {"type": "LineString", "coordinates": [[11.339078, 46.6958663], [11.3391418, 46.6956774], [11.3391794, 46.6953022], [11.3391311, 46.6951403], [11.3389916, 46.6949011], [11.3388736, 46.6948386], [11.3388039, 46.6948312]]}, "properties": {"osm_id": "way/276793510", "highway": "track", "name": "Taler Waldstichweg", "source": "Geobrowser der Autonomen Provinz Bozen"}}, {"type": "Feature", "geometry": {"type": "LineString", "coordinates": [[11.3443386, 46.6901711], [11.3445264, 46.6901012], [11.3446229, 46.6899613], [11.3449716, 46.6897553], [11.3452398, 46.6895161], [11.345331, 46.6894609], [11.3454169, 46.6893358], [11.3455778, 46.6891481], [11.3456958, 46.6890672], [11.3459716, 46.6887492], [11.3462336, 46.6884471], [11.3463892, 46.6878878], [11.3465273, 46.6877903], [11.3465917, 46.6876762], [11.3466346, 46.6875474], [11.3466936, 46.6874591], [11.3468146, 46.6873702]]}, "properties": {"osm_id": "way/276797568", "highway": "track", "name": "Salmann", "source": "Geobrowser der Autonomen Provinz Bozen"}}, {"type": "Feature", "geometry": {"type": "LineString", "coordinates": [[11.3451712, 46.6860147], [11.3452586, 46.6860764], [11.345375, 46.6863395], [11.3454032, 46.6864363], [11.3454812, 46.6867047], [11.3457132, 46.6870451], [11.3458514, 46.6871684], [11.3458514, 46.6872346], [11.3459587, 46.6873818], [11.3461625, 46.6875879], [11.3462054, 46.6877167], [11.3463892, 46.6878878]]}, "properties": {"osm_id": "way/276797578", "highway": "track", "name": "Salmann", "source": "Geobrowser der Autonomen Provinz Bozen"}}, {"type": "Feature", "geometry": {"type": "LineString", "coordinates": [[11.3488823, 46.6896044], [11.348893, 46.6894499], [11.3488662, 46.6891628], [11.3488018, 46.6889825], [11.3487911, 46.6888096], [11.3488662, 46.688081], [11.348847, 46.6878572]]}, "properties": {"osm_id": "way/276797581", "highway": "track", "name": "Nisslötz", "source": "Geobrowser der Autonomen Provinz Bozen"}}, {"type": "Feature", "geometry": {"type": "LineString", "coordinates": [[11.3454032, 46.6864363], [11.3453243, 46.6866421], [11.3452895, 46.6868243], [11.3454665, 46.6872052], [11.345606, 46.6875345], [11.3457803, 46.6877976], [11.3458286, 46.6881215], [11.3459064, 46.6883919], [11.3459654, 46.6885428], [11.3459716, 46.6887492], [11.34596, 46.6890359], [11.3459841, 46.6893542], [11.3459895, 46.6896191], [11.3459627, 46.6897902], [11.3459976, 46.6899485], [11.3459761, 46.6900404], [11.3458956, 46.6901748], [11.3458849, 46.6902888], [11.3458742, 46.6905795], [11.3458929, 46.6908095], [11.3458447, 46.6910156], [11.3457213, 46.6912474], [11.3456274, 46.691389], [11.3455309, 46.691573], [11.3453994, 46.6916705], [11.3452573, 46.6917938], [11.3449011, 46.692137], [11.3448125, 46.6923189], [11.3447396, 46.6924764], [11.3446001, 46.6926493], [11.3445813, 46.692802], [11.344525, 46.6929013], [11.3445055, 46.6929787], [11.3444585, 46.6931954], [11.3444002, 46.6933386], [11.3443513, 46.6935037], [11.3443287, 46.6936456], [11.3442685, 46.6937927], [11.3442159, 46.6939101], [11.3441613, 46.6940468], [11.3440786, 46.6941616], [11.3440466, 46.6943164], [11.3440729, 46.6944158], [11.344071, 46.6945331], [11.3440052, 46.694666], [11.3439732, 46.6947679], [11.3439525, 46.694955], [11.3439224, 46.6951162], [11.343866, 46.6952426], [11.3438246, 46.6952904], [11.3437475, 46.6953716], [11.3437137, 46.6954232], [11.3437419, 46.6954594], [11.3438303, 46.695471], [11.3439149, 46.6954542], [11.3439638, 46.6954194], [11.3440259, 46.6953162], [11.3441049, 46.6952426], [11.3442196, 46.6951394], [11.344372, 46.6949988], [11.3444904, 46.6948157], [11.3445732, 46.6947112], [11.3446936, 46.6945422], [11.3448384, 46.6944377], [11.3449174, 46.6943887], [11.3450227, 46.6943396], [11.345128, 46.6942932], [11.3452296, 46.6942339], [11.3452823, 46.6942171], [11.3453255, 46.6942403], [11.345318, 46.6942751], [11.3452089, 46.6944093], [11.3451732, 46.6944493]]}, "properties": {"osm_id": "way/276797588", "highway": "track"}}, {"type": "Feature", "geometry": {"type": "LineString", "coordinates": [[11.3485829, 46.6881492], [11.3482452, 46.6883183], [11.3479448, 46.6885906], [11.3479287, 46.6886826], [11.3478322, 46.6891941], [11.3478255, 46.6895345], [11.347745, 46.6896007], [11.3477182, 46.689667]]}, "properties": {"osm_id": "way/276797595", "highway": "track", "source": "Geobrowser der Autonomen Provinz Bozen"}}, {"type": "Feature", "geometry": {"type": "LineString", "coordinates": [[11.35529, 46.6863797], [11.3551528, 46.6868986], [11.3550646, 46.6870071], [11.3549709, 46.6870608], [11.3546282, 46.6871851], [11.3544913, 46.6872913], [11.3544507, 46.68736], [11.3544418, 46.6874333], [11.354512, 46.6875705], [11.3545117, 46.6876372], [11.3541309, 46.6879546], [11.3540346, 46.6883024], [11.3536269, 46.6888765], [11.3535196, 46.6897743], [11.3535625, 46.6902748], [11.3531763, 46.6904661], [11.3526398, 46.6911873], [11.352039, 46.6916583], [11.3518888, 46.6920116], [11.351951, 46.6926998], [11.3518971, 46.6928161], [11.3515504, 46.6931395], [11.3513535, 46.6932758], [11.3509877, 46.6937159], [11.3508549, 46.6937988], [11.3504168, 46.6939694], [11.3502773, 46.6940735], [11.3502116, 46.6941553], [11.3501274, 46.6942299], [11.3498564, 46.6942908], [11.3494757, 46.6943127], [11.3492197, 46.6943151]]}, "properties": {"osm_id": "way/276933599", "highway": "track"}}, {"type": "Feature", "geometry": {"type": "LineString", "coordinates": [[11.3179735, 46.6690969], [11.3179993, 46.669073], [11.3181361, 46.6689515], [11.3185143, 46.6686681], [11.3189702, 46.6684012], [11.3191611, 46.668255], [11.3193323, 46.668103], [11.3196059, 46.6679411], [11.3196917, 46.6678582], [11.3198044, 46.6677883], [11.3198849, 46.667757], [11.3200029, 46.6677496], [11.3200726, 46.6677864], [11.3204884, 46.6679079], [11.3205769, 46.6679226], [11.3208344, 46.6678711], [11.320947, 46.6678251], [11.3212099, 46.6676355], [11.3221276, 46.6670954], [11.3224812, 46.6669434], [11.3226265, 46.666869], [11.3227656, 46.6667115], [11.3228782, 46.6666545], [11.3229399, 46.6666416], [11.3232242, 46.6666048], [11.3234741, 46.6665947], [11.3236346, 46.6665735], [11.3243722, 46.6663728], [11.3249328, 46.6663397], [11.3250776, 46.6662808], [11.3252734, 46.666152], [11.3253865, 46.6660665], [11.3255018, 46.6659579], [11.3257164, 46.6658603], [11.3260222, 46.6656983], [11.3260919, 46.6656542], [11.326159, 46.6655787], [11.326336, 46.6654756], [11.3264594, 46.6654314], [11.3266927, 46.6653909], [11.3270789, 46.6653596], [11.3273391, 46.6652198], [11.3277388, 46.6650688], [11.3278541, 46.6650338], [11.3282618, 46.6649786], [11.3285434, 46.6649271], [11.3288488, 46.6648396], [11.3291653, 46.6647807], [11.3294013, 46.6646868], [11.3300907, 46.6645653], [11.3301685, 46.6645395], [11.3303482, 46.6644254], [11.3304152, 46.6643978], [11.3306244, 46.6644051], [11.3308041, 46.664453], [11.3308938, 46.6644672], [11.3309864, 46.6644413], [11.3313571, 46.6644706], [11.3315824, 46.6644761], [11.3319928, 46.6645626], [11.3323602, 46.6647172], [11.3326848, 46.6648203], [11.332953, 46.6649124], [11.3340715, 46.665043], [11.3343692, 46.6650449], [11.3348171, 46.6650338], [11.3354902, 46.6650316], [11.3357343, 46.6650371], [11.3360133, 46.665004], [11.3362869, 46.6649948], [11.3365555, 46.6649223], [11.3366696, 46.664818], [11.3368224, 46.6647443], [11.3370129, 46.6647038], [11.3371953, 46.6647075], [11.3373258, 46.6647068], [11.3374796, 46.6646744], [11.3377371, 46.664621], [11.3380026, 46.6645345], [11.3381957, 46.6644609], [11.3382977, 46.6644185], [11.3386168, 46.664378], [11.3389441, 46.664356], [11.3391855, 46.6643449], [11.3393491, 46.6643081], [11.3395878, 46.6642602], [11.3398185, 46.6642345], [11.3401779, 46.6642878], [11.3405266, 46.664297], [11.3409799, 46.6642455], [11.3413232, 46.6642381], [11.341468, 46.6642363], [11.3417067, 46.6642087], [11.3420581, 46.6641093], [11.3423049, 46.664078], [11.3425892, 46.6639915], [11.3430774, 46.6639013], [11.3431766, 46.6638847], [11.3437586, 46.6638718], [11.3440429, 46.6638479], [11.3442522, 46.6638001], [11.3444319, 46.6637448], [11.3446062, 46.6636417], [11.3447671, 46.6634761], [11.3449442, 46.6634006], [11.3450622, 46.6633804], [11.3452848, 46.6634963], [11.3458615, 46.663789], [11.345958, 46.6638663], [11.3459795, 46.663962], [11.3460466, 46.6640154], [11.3461592, 46.6640706], [11.3466581, 46.6642897], [11.3467359, 46.6643339], [11.3468968, 46.6644793], [11.3469987, 46.6645271], [11.347267, 46.6645879], [11.3474386, 46.6646321], [11.3478463, 46.6648898], [11.3479858, 46.6650425], [11.3480958, 46.6652469], [11.3482031, 46.6653665], [11.3483935, 46.6656518], [11.3484364, 46.665788], [11.3484954, 46.6661838], [11.348423, 46.6666439], [11.3481226, 46.6679434], [11.3480046, 46.6683575], [11.3478907, 46.6691805], [11.3478663, 46.6693882]]}, "properties": {"osm_id": "way/277341644", "highway": "track", "name": "Öttenbacher Almweg - Sentiero Malga Öttenbach", "name:de": "Öttenbacher Almweg", "name:it": "Sentiero Malga Öttenbach", "ref:hiking": "10", "source": "Geobrowser der Autonomen Provinz Bozen"}}, {"type": "Feature", "geometry": {"type": "LineString", "coordinates": [[11.3179735, 46.6690969], [11.3179538, 46.6691287], [11.3179348, 46.6691506], [11.3179006, 46.6691724], [11.3176162, 46.6692684], [11.317583, 46.6692823], [11.3175523, 46.6693182], [11.3175351, 46.6693602], [11.3175142, 46.6694064], [11.3174933, 46.6694425], [11.3173251, 46.6696373], [11.3172327, 46.6698556], [11.3169551, 46.6702251], [11.3169024, 46.6703853], [11.3168363, 46.6704692], [11.3167385, 46.6705165], [11.316505, 46.6705795], [11.3161677, 46.6707287], [11.3160083, 46.6708225], [11.3158133, 46.6709046], [11.3152695, 46.6710292], [11.3151219, 46.6711085], [11.3150124, 46.6712112], [11.3149484, 46.6713445], [11.3149248, 46.6715957], [11.314876, 46.6718071], [11.3149269, 46.6721342], [11.3149673, 46.6722769], [11.3149542, 46.6723206], [11.314906, 46.6723539], [11.3147348, 46.6724156], [11.3145457, 46.6725527], [11.3143393, 46.6728176], [11.3141917, 46.6730902], [11.3141559, 46.6732884], [11.3140794, 46.6733925], [11.3139074, 46.6735305], [11.3135693, 46.6737329]]}, "properties": {"osm_id": "way/277341652", "highway": "track", "name": "Mittager - Catino", "name:de": "Mittager", "name:it": "Catino", "ref:hiking": "10", "source": "Geobrowser der Autonomen Provinz Bozen", "tracktype": "grade3"}}, {"type": "Feature", "geometry": {"type": "LineString", "coordinates": [[11.3365555, 46.6649223], [11.3367562, 46.6649304], [11.3370593, 46.664969], [11.3372498, 46.6649543], [11.3374053, 46.6649322], [11.3375341, 46.664958], [11.3377299, 46.6650114], [11.337915, 46.6650537], [11.3381537, 46.6651494], [11.3382851, 46.6651531], [11.3387303, 46.6651071], [11.3389852, 46.6650721], [11.3392239, 46.6651108], [11.3395457, 46.665166], [11.3397013, 46.6652488], [11.3398515, 46.6653169], [11.3400124, 46.665339], [11.3403799, 46.6654513], [11.3405274, 46.6655065], [11.340919, 46.6655654], [11.3412355, 46.6655949], [11.3414394, 46.6655599], [11.3416593, 46.6655157], [11.3418042, 46.6654881], [11.341938, 46.6654716], [11.3420858, 46.6654863], [11.3422199, 46.6655488], [11.3423215, 46.6655876], [11.3425364, 46.6656409], [11.3426706, 46.6656781], [11.3427699, 46.665691], [11.3428852, 46.6656726], [11.343022, 46.6656339]]}, "properties": {"osm_id": "way/277341657", "highway": "track", "name": "Öttenbach - Rio Deserto", "name:de": "Öttenbach", "name:it": "Rio Deserto", "source": "Geobrowser der Autonomen Provinz Bozen"}}, {"type": "Feature", "geometry": {"type": "LineString", "coordinates": [[11.3060599, 46.6645961], [11.3062684, 46.6645766], [11.3064042, 46.6645569], [11.3068116, 46.6644831], [11.30692, 46.6644562], [11.3069862, 46.6644347], [11.3070292, 46.6644055], [11.3070668, 46.6643741], [11.3071409, 46.6642818], [11.3072025, 46.6642151], [11.307249, 46.664198], [11.3073417, 46.6641896], [11.3075405, 46.6641832], [11.3079517, 46.6641966], [11.308227, 46.6642306], [11.3084604, 46.6642889]]}, "properties": {"osm_id": "way/277352320", "highway": "track", "ref:hiking": "15", "sac_scale": "hiking"}}, {"type": "Feature", "geometry": {"type": "LineString", "coordinates": [[11.2974849, 46.6640847], [11.2974268, 46.6640966], [11.2973678, 46.6641026], [11.2972955, 46.6641061], [11.2971628, 46.6641015], [11.2968797, 46.6640951], [11.2966338, 46.6640798], [11.2963935, 46.6640593], [11.2962249, 46.6640018], [11.2961402, 46.6639995], [11.2960806, 46.664021], [11.2960079, 46.6640581], [11.2959073, 46.664168], [11.2958235, 46.664214], [11.2955981, 46.6642703], [11.295315, 46.6643585], [11.2950896, 46.6644531], [11.2949853, 46.6644799], [11.2948307, 46.6644684], [11.294762, 46.6644698], [11.2946277, 46.6645016], [11.2945418, 46.6645275], [11.2944675, 46.6645643], [11.2944381, 46.6646148], [11.2944489, 46.6646832], [11.2944573, 46.6647623], [11.2944232, 46.6648239], [11.2942961, 46.6649337], [11.2937719, 46.6652516], [11.293393, 46.6654532], [11.2931431, 46.6655562], [11.2927109, 46.6657301], [11.292588, 46.6657774], [11.292331, 46.6659154], [11.2921521, 46.6659896], [11.2920335, 46.6660511], [11.2917293, 46.6661596], [11.2914983, 46.6662222], [11.2913791, 46.666235], [11.2912674, 46.6662056], [11.2911544, 46.6661568], [11.2910997, 46.6661514], [11.2910382, 46.6661749], [11.2910001, 46.6662257], [11.2909896, 46.6662668], [11.2909876, 46.6663265], [11.2909656, 46.6663961], [11.2909134, 46.6664357], [11.290662, 46.6665431], [11.2904855, 46.6665876], [11.2903211, 46.6666377], [11.289997, 46.6667617], [11.2897772, 46.6667885], [11.2896729, 46.6668409], [11.2896543, 46.6668805], [11.2896915, 46.666933], [11.2897051, 46.6670022], [11.2897027, 46.6670825]]}, "properties": {"osm_id": "way/277352324", "highway": "track", "tracktype": "grade2"}}, {"type": "Feature", "geometry": {"type": "LineString", "coordinates": [[11.2978027, 46.6647886], [11.2977961, 46.6647514], [11.2977979, 46.6647218], [11.2978089, 46.6646965], [11.297836, 46.6646602]]}, "properties": {"osm_id": "way/277352328", "bridge": "yes", "highway": "track", "layer": "1", "surface": "concrete", "tracktype": "grade1"}}, {"type": "Feature", "geometry": {"type": "LineString", "coordinates": [[11.3132469, 46.6531143], [11.3139481, 46.6534958], [11.314209, 46.6535343], [11.3146029, 46.653823], [11.3153685, 46.6544618], [11.3160877, 46.6551599], [11.3162326, 46.6555179]]}, "properties": {"osm_id": "way/277648674", "highway": "path"}}, {"type": "Feature", "geometry": {"type": "LineString", "coordinates": [[11.3103582, 46.6639778], [11.3103945, 46.6639914], [11.3104303, 46.6639927], [11.3105216, 46.6639917], [11.3107202, 46.6639945], [11.3107785, 46.6640024], [11.3108415, 46.6640179], [11.311048, 46.6641736], [11.3110963, 46.6641945], [11.3112008, 46.6642326], [11.3115585, 46.664353], [11.3116946, 46.6644001], [11.3117395, 46.6644209], [11.3117805, 46.6644459], [11.3119068, 46.6646536], [11.3120874, 46.6648263], [11.3124315, 46.6649819], [11.3125166, 46.665118], [11.3126266, 46.6652137], [11.3126708, 46.6652549]]}, "properties": {"osm_id": "way/277863369", "highway": "track", "name": "Obermarcher", "source": "Geobrowser der Autonomen Provinz Bozen"}}, {"type": "Feature", "geometry": {"type": "LineString", "coordinates": [[11.3128885, 46.6630868], [11.3130663, 46.6631928], [11.3131398, 46.6632261], [11.3132534, 46.6632721], [11.3133077, 46.6632857], [11.313345, 46.6632881], [11.3134004, 46.663278], [11.313513, 46.6632117], [11.3136185, 46.6631358], [11.3136954, 46.6630902], [11.3137888, 46.6630462], [11.3138803, 46.6630258], [11.3139527, 46.6630156], [11.3140378, 46.6630163], [11.3141905, 46.6630294], [11.3144354, 46.6630435], [11.3145949, 46.6630383], [11.314798, 46.6630117], [11.3150689, 46.6630106], [11.3151477, 46.6630152], [11.3152006, 46.6630121], [11.3153191, 46.6629735], [11.3156573, 46.6628742], [11.3157784, 46.6628481], [11.3158581, 46.6628444], [11.3159356, 46.6628576], [11.3160131, 46.6628624], [11.3161075, 46.6628635], [11.3161912, 46.6628534], [11.3162766, 46.6628317], [11.3163558, 46.6628099], [11.3164903, 46.6627874], [11.3165932, 46.6627737], [11.3166728, 46.6627801], [11.3167723, 46.6628143], [11.3168654, 46.6628519], [11.3169682, 46.6628791], [11.3170526, 46.662887], [11.3171341, 46.6628688], [11.3171803, 46.6628484], [11.3172684, 46.6627853], [11.3173432, 46.6627073], [11.3173543, 46.6626592], [11.3173593, 46.6625269]]}, "properties": {"osm_id": "way/277863372", "access": "private", "highway": "track", "name": "Untermarcher", "source": "Geobrowser der Autonomen Provinz Bozen"}}, {"type": "Feature", "geometry": {"type": "LineString", "coordinates": [[11.3210211, 46.644493], [11.3205699, 46.6446214], [11.320189, 46.6450265], [11.3198564, 46.6452383], [11.3196729, 46.6453148], [11.3194648, 46.6454758], [11.3192717, 46.645625], [11.3192076, 46.6459521], [11.3192427, 46.6464382], [11.319041, 46.646785], [11.3190946, 46.6469452], [11.319379, 46.6471201], [11.3196418, 46.6477499], [11.3196656, 46.6479424], [11.3195088, 46.6482796], [11.3195064, 46.6484371], [11.3193999, 46.6488881], [11.3194264, 46.6490593], [11.3201484, 46.6498325], [11.3203775, 46.6501438], [11.3204081, 46.650267], [11.3204443, 46.6504874], [11.3205393, 46.6506525], [11.3205308, 46.6508519], [11.3204893, 46.6511477], [11.3204074, 46.6512878]]}, "properties": {"osm_id": "way/278040862", "highway": "track"}}, {"type": "Feature", "geometry": {"type": "LineString", "coordinates": [[11.3216627, 46.6595258], [11.3216389, 46.6594913], [11.321368, 46.6593753], [11.3212178, 46.6593496], [11.3206653, 46.6593164], [11.3203649, 46.6592999], [11.3198955, 46.6593164], [11.3194851, 46.659322], [11.3190157, 46.659322], [11.3187073, 46.6593551], [11.3185946, 46.659379], [11.3184283, 46.6594729], [11.3182942, 46.6595153], [11.318144, 46.6595226], [11.3179241, 46.65946], [11.3177766, 46.6594379], [11.3175486, 46.6594913], [11.3173796, 46.6595263], [11.3171784, 46.6595208]]}, "properties": {"osm_id": "way/278320205", "highway": "track", "name": "Stofner", "source": "Geobrowser der Autonomen Provinz Bozen"}}, {"type": "Feature", "geometry": {"type": "LineString", "coordinates": [[11.3243985, 46.6578144], [11.324238, 46.6578676], [11.3241012, 46.6578989], [11.3239778, 46.6579321], [11.3238518, 46.6579965], [11.3235165, 46.6580057], [11.3233609, 46.6579983], [11.3231785, 46.6579652], [11.3229908, 46.6579542], [11.3227655, 46.6578916], [11.3226475, 46.6578363], [11.3226126, 46.6577903], [11.3226045, 46.6577296], [11.3226528, 46.6576725], [11.3229505, 46.6575142], [11.3233448, 46.6573393], [11.3236318, 46.6571276], [11.3237472, 46.6569913], [11.3238303, 46.6568864], [11.3238062, 46.6568367], [11.3237498, 46.6568293], [11.3236613, 46.6568367], [11.3234575, 46.656833], [11.3232965, 46.6568312], [11.3231839, 46.6568422], [11.3230364, 46.6568625], [11.3228459, 46.6568036], [11.322626, 46.6567502], [11.3224221, 46.6566802], [11.3223497, 46.6566452], [11.3223524, 46.6566084], [11.3224275, 46.6565624], [11.3227145, 46.6564519], [11.323031, 46.6561426], [11.3231006, 46.6560648]]}, "properties": {"osm_id": "way/278320208", "highway": "track"}}, {"type": "Feature", "geometry": {"type": "LineString", "coordinates": [[11.3340344, 46.6588623], [11.3341675, 46.6590716], [11.3343177, 46.6592115], [11.3344997, 46.6593259], [11.3347185, 46.6596596], [11.3347779, 46.6599024], [11.334827, 46.6601763], [11.3348587, 46.6605357], [11.3349239, 46.6607358], [11.3350639, 46.6610033], [11.3351761, 46.6611371], [11.3351942, 46.661211], [11.335094, 46.6612332], [11.3349722, 46.6611886], [11.3347358, 46.6609635], [11.3344265, 46.6607931], [11.3341663, 46.6607628], [11.3338331, 46.6605909], [11.3332026, 46.6602193], [11.3328211, 46.659911], [11.332492, 46.6597877], [11.3322917, 46.6597085], [11.3319244, 46.6596348], [11.331646, 46.6595246], [11.3313377, 46.6594666], [11.3310294, 46.6595061], [11.3308309, 46.6595981], [11.3306966, 46.6597214], [11.3306498, 46.6598084], [11.3306592, 46.6598705], [11.3308003, 46.6598688], [11.3310019, 46.6598802], [11.3312948, 46.659959], [11.3316364, 46.6601963], [11.331802, 46.6603923], [11.3319854, 46.6605584], [11.3321143, 46.6607009], [11.332217, 46.6608858], [11.3323287, 46.6610897], [11.3323874, 46.6611722], [11.3325921, 46.661378], [11.3328089, 46.6615459], [11.3329414, 46.6617519], [11.3330094, 46.6618888], [11.3330275, 46.662145]]}, "properties": {"osm_id": "way/278320212", "highway": "track", "name": "Stöckelberger Waldweg", "source": "Geobrowser der Autonomen Provinz Bozen"}}, {"type": "Feature", "geometry": {"type": "LineString", "coordinates": [[11.3336802, 46.6581184], [11.3336365, 46.6582579], [11.333615, 46.658361], [11.3336391, 46.6584475], [11.3337142, 46.6584991], [11.3338805, 46.6585396], [11.3342131, 46.6585653], [11.3345431, 46.6586298]]}, "properties": {"osm_id": "way/278320215", "highway": "service"}}, {"type": "Feature", "geometry": {"type": "LineString", "coordinates": [[11.3212388, 46.6567992], [11.3224047, 46.6563441], [11.322909, 46.6561416], [11.3231006, 46.6560648], [11.3234883, 46.6560201], [11.3237619, 46.6558765], [11.3241429, 46.6556966], [11.3247651, 46.6555267], [11.3248955, 46.6554284]]}, "properties": {"osm_id": "way/278618798", "highway": "track", "name": "Wildbachweg", "source": "Geobrowser der Autonomen Provinz Bozen"}}, {"type": "Feature", "geometry": {"type": "LineString", "coordinates": [[11.3292859, 46.6508697], [11.3294106, 46.6509682], [11.3297524, 46.6510902], [11.3300007, 46.6511744], [11.3301635, 46.6512654], [11.3302408, 46.651382], [11.3302118, 46.6514965], [11.3300866, 46.6516752], [11.3300222, 46.6518004], [11.3298934, 46.651874], [11.3295287, 46.6519256], [11.3293785, 46.6519918], [11.3291853, 46.6521097], [11.3287991, 46.6522054], [11.3282305, 46.6523895], [11.3280803, 46.6525], [11.3277906, 46.6525515], [11.3273614, 46.6526915], [11.3265353, 46.652905], [11.3257843, 46.6531702], [11.3248187, 46.65345], [11.3245397, 46.6535163], [11.3239175, 46.6537593], [11.3230484, 46.6542012], [11.3226515, 46.6543207], [11.3223942, 46.6543223], [11.3220579, 46.654294], [11.3219021, 46.6542129], [11.3218207, 46.6541757], [11.3217191, 46.6541805], [11.3216135, 46.6542487], [11.3214906, 46.6542805], [11.3212334, 46.654272], [11.320825, 46.6542965], [11.3205309, 46.6543452], [11.3195294, 46.6538182], [11.3193617, 46.6538133], [11.3192901, 46.6538584], [11.3192579, 46.6539248], [11.319276, 46.6540259], [11.3192719, 46.654238], [11.3192659, 46.6544219], [11.3192186, 46.6545349], [11.3192984, 46.6546365], [11.3193041, 46.6548271], [11.3198224, 46.6553274], [11.3200939, 46.6556672], [11.3200308, 46.6557785], [11.3197892, 46.6560382], [11.319535, 46.6561787], [11.3193123, 46.6562843], [11.3189641, 46.6565753], [11.3187376, 46.6566636], [11.3184822, 46.65673], [11.3183857, 46.6567807]]}, "properties": {"osm_id": "way/278618813", "highway": "track", "name": "Winterötz", "source": "Geobrowser der Autonomen Provinz Bozen"}}, {"type": "Feature", "geometry": {"type": "LineString", "coordinates": [[11.3189326, 46.6514875], [11.3189327, 46.6514376], [11.3189715, 46.6513971], [11.3191339, 46.6513805], [11.3192841, 46.6513455], [11.3194328, 46.6512812], [11.3195362, 46.6511743], [11.3195416, 46.6510877], [11.3195019, 46.6510101], [11.3192948, 46.6507655], [11.3191431, 46.650622], [11.3190132, 46.6504801], [11.3189447, 46.6503606], [11.3188737, 46.6503144], [11.3188132, 46.6503293], [11.3187879, 46.650436], [11.3187971, 46.6506239], [11.3187812, 46.6506983], [11.318694, 46.6507832], [11.3185894, 46.6508834], [11.3184895, 46.6509295]]}, "properties": {"osm_id": "way/278618823", "highway": "track", "tracktype": "grade3"}}, {"type": "Feature", "geometry": {"type": "LineString", "coordinates": [[11.3248955, 46.6554284], [11.3249788, 46.6553656]]}, "properties": {"osm_id": "way/278618827", "bridge": "yes", "highway": "track", "layer": "1", "name": "Wildbachweg", "source": "Geobrowser der Autonomen Provinz Bozen"}}, {"type": "Feature", "geometry": {"type": "LineString", "coordinates": [[11.3249788, 46.6553656], [11.325057, 46.6552985], [11.3251081, 46.6551752], [11.3251395, 46.6550906], [11.3253069, 46.6549781], [11.3254678, 46.6547645], [11.3256985, 46.654562], [11.3263154, 46.654249], [11.3268464, 46.6539913], [11.3276243, 46.6537409], [11.3281876, 46.6534611], [11.328665, 46.6533027], [11.3296413, 46.6528277], [11.330167, 46.6527099], [11.3304513, 46.6526841], [11.3312292, 46.6523822], [11.3316047, 46.6522754], [11.332522, 46.6518703], [11.3331657, 46.651712], [11.3333458, 46.6516367], [11.33345, 46.6515794], [11.333552, 46.6514432], [11.3337268, 46.6513326]]}, "properties": {"osm_id": "way/278618829", "highway": "track", "name": "Wildbachweg", "source": "Geobrowser der Autonomen Provinz Bozen"}}, {"type": "Feature", "geometry": {"type": "LineString", "coordinates": [[11.3446788, 46.6585745], [11.3449442, 46.6585187], [11.345081, 46.6585095], [11.3453063, 46.6585647], [11.3455048, 46.6586273], [11.3457327, 46.658677], [11.3459366, 46.658758], [11.3462504, 46.6588593], [11.3463926, 46.6589163], [11.346591, 46.6590415], [11.3467171, 46.659106], [11.3468593, 46.659152], [11.3469773, 46.6591962], [11.3470792, 46.6592514], [11.3473421, 46.6594134], [11.3476317, 46.6595496], [11.347849, 46.6596877], [11.3480931, 46.6598478], [11.3483238, 46.6599693], [11.3485544, 46.6600467], [11.3487797, 46.6601], [11.3489836, 46.6601479], [11.3490935, 46.6602363], [11.3491418, 46.6603357], [11.3492089, 46.6604203], [11.3493081, 46.6605161], [11.3494396, 46.6606523], [11.3495334, 46.6607425], [11.3495683, 46.6607996], [11.3495549, 46.6608437], [11.3495093, 46.6608621], [11.3494664, 46.6608474], [11.349394, 46.6607904], [11.3492706, 46.6607038], [11.3490506, 46.6606302], [11.348718, 46.6605731], [11.3485061, 46.6605234], [11.3483077, 46.6604958], [11.3481065, 46.660494], [11.3479214, 46.6604829], [11.3477283, 46.6604848], [11.3475137, 46.6604388], [11.347326, 46.6604185], [11.3470658, 46.6604148], [11.346811, 46.6604572], [11.3466286, 46.6604866], [11.3464489, 46.6604774], [11.3461941, 46.6604075], [11.3459956, 46.6603412], [11.3456067, 46.6602344], [11.3454055, 46.6602289], [11.3451722, 46.6602491], [11.3449227, 46.6602786], [11.3446974, 46.6603044], [11.3444989, 46.6603265], [11.3443755, 46.6603265], [11.3442334, 46.6602988], [11.3440698, 46.6602344], [11.3438767, 46.6601958], [11.3436916, 46.6601755], [11.3436031, 46.6601866], [11.3435736, 46.6602215], [11.3436084, 46.660262], [11.3437425, 46.6602878], [11.3438874, 46.660343], [11.3440403, 46.6604406], [11.3443407, 46.6606578], [11.3445284, 46.6607627], [11.345258, 46.6613205], [11.3453653, 46.6613757], [11.3454645, 46.6614107], [11.3455074, 46.6614586], [11.3454699, 46.6615064], [11.3453948, 46.6615156], [11.3452124, 46.6614715], [11.34492, 46.6614107], [11.344566, 46.6613978], [11.3443836, 46.6613813], [11.3443058, 46.6613923], [11.3442763, 46.6614291], [11.3442951, 46.6614715], [11.3443541, 46.6615285], [11.3445043, 46.6616187], [11.3446518, 46.6616813], [11.344735, 46.6617494], [11.3448101, 46.6618654], [11.3449013, 46.6619519], [11.3450085, 46.6620274], [11.3451051, 46.6620734], [11.3451829, 46.6620881], [11.3453519, 46.6620808], [11.3455048, 46.66209], [11.3456174, 46.6621029], [11.3458168, 46.6621747], [11.3460518, 46.6623721], [11.3461768, 46.6625284], [11.3462127, 46.6626405], [11.3461894, 46.6626725], [11.3461368, 46.6626538], [11.3460294, 46.6625311], [11.3459237, 46.6624868], [11.3457983, 46.6624737], [11.3455689, 46.6624809], [11.3454585, 46.6624844], [11.3451612, 46.6625157], [11.3450119, 46.6626079], [11.3449345, 46.662706], [11.344802, 46.6628208], [11.3445874, 46.6629202], [11.344405, 46.6629073], [11.3441368, 46.662911], [11.3439893, 46.6628944], [11.3438311, 46.6629128], [11.3436406, 46.6629736], [11.3433268, 46.6630122], [11.343131, 46.6630085], [11.3428655, 46.6629239], [11.3426106, 46.6628337], [11.3421198, 46.6627306], [11.3415941, 46.6626551], [11.3412803, 46.6625667], [11.3409048, 46.6625097], [11.3406312, 46.6624986], [11.3403522, 46.662425], [11.3401189, 46.6624029], [11.3399445, 46.6624508], [11.3398533, 46.6625097], [11.3396602, 46.6626312], [11.3393759, 46.6627214], [11.339164, 46.662749], [11.3390433, 46.6627803], [11.338936, 46.6628373], [11.3388985, 46.6629073], [11.3389307, 46.6629607], [11.339097, 46.6629588], [11.3399177, 46.6631521], [11.340076, 46.6632313], [11.3403388, 46.6632883], [11.3406474, 46.6634332], [11.3407766, 46.6634851], [11.3411667, 46.6635996], [11.3412626, 46.6636186], [11.3414461, 46.6636164], [11.3418096, 46.6636195], [11.342447, 46.6635516], [11.3426831, 46.6635497], [11.3430827, 46.6635994], [11.3435897, 46.6637283], [11.3438767, 46.6637724], [11.3442522, 46.6638001]]}, "properties": {"osm_id": "way/279130825", "highway": "track", "name": "Haller - Loameggwiese", "source": "Geobrowser der Autonomen Provinz Bozen"}}, {"type": "Feature", "geometry": {"type": "LineString", "coordinates": [[11.3480408, 46.6691445], [11.3478663, 46.6693882], [11.3476612, 46.6697766], [11.3475432, 46.6700895], [11.3474413, 46.6704134], [11.347157, 46.6710134], [11.3467493, 46.6713779], [11.3457622, 46.6722613], [11.3455745, 46.672368], [11.3452473, 46.6724343], [11.3450702, 46.6724895], [11.3445392, 46.67306], [11.3444748, 46.6731925], [11.3443031, 46.673325]]}, "properties": {"osm_id": "way/279130826", "highway": "track", "name": "Stenkeben", "source": "Geobrowser der Autonomen Provinz Bozen"}}, {"type": "Feature", "geometry": {"type": "LineString", "coordinates": [[11.3478663, 46.6693882], [11.3478973, 46.669611], [11.348026, 46.6697803], [11.3482031, 46.6699827], [11.3483694, 46.67006], [11.3484605, 46.6701374], [11.3484981, 46.6705349], [11.3486376, 46.6713263], [11.3486268, 46.6717975], [11.348659, 46.6718637], [11.3487449, 46.6718785], [11.3489326, 46.6718785], [11.3497534, 46.6717901], [11.350204, 46.6716723], [11.3506385, 46.6715545], [11.3510194, 46.6713705], [11.3516577, 46.671168], [11.3520869, 46.6709214], [11.3522532, 46.6707484], [11.3523464, 46.6706641]]}, "properties": {"osm_id": "way/279130830", "highway": "track", "name": "Stenkeben", "ref:hiking": "10", "source": "Geobrowser der Autonomen Provinz Bozen"}}, {"type": "Feature", "geometry": {"type": "LineString", "coordinates": [[11.3540344, 46.6694252], [11.3539871, 46.6693377], [11.3539878, 46.6691495], [11.3540509, 46.6689978], [11.3539415, 46.6687474], [11.3536756, 46.6684877], [11.3535951, 46.6684333], [11.3535161, 46.6684291]]}, "properties": {"osm_id": "way/279130831", "highway": "track", "name": "Öberstötzweg", "source": "Geobrowser der Autonomen Provinz Bozen"}}, {"type": "Feature", "geometry": {"type": "LineString", "coordinates": [[11.3478907, 46.6691805], [11.347795, 46.6691714], [11.347706, 46.6691456], [11.3473206, 46.6691471], [11.3470241, 46.6691027], [11.3466859, 46.6692128], [11.3464284, 46.6694011], [11.346253, 46.6695858], [11.3460121, 46.6698573], [11.3457974, 46.6700964], [11.3456979, 46.6702553], [11.3456268, 46.6703169], [11.3455517, 46.6703852], [11.3454378, 46.6704881], [11.3453733, 46.6705551], [11.3452266, 46.6707134], [11.3451351, 46.6708158], [11.3450241, 46.6708971], [11.3449147, 46.6709932], [11.3448176, 46.6710795], [11.3444426, 46.6711938], [11.3442139, 46.6711921], [11.3440071, 46.6710931], [11.3438785, 46.6709592], [11.3437128, 46.6708486], [11.3436786, 46.6707599], [11.3437159, 46.6706808], [11.3438592, 46.670551], [11.3439579, 46.6704201], [11.3440617, 46.6701907], [11.3443139, 46.6697251], [11.3446655, 46.6692427], [11.3446509, 46.6691962], [11.3448705, 46.668866], [11.3449459, 46.6687363], [11.3450702, 46.6685324], [11.3451775, 46.668387]]}, "properties": {"osm_id": "way/279130836", "highway": "track", "name": "Kieserweg", "source": "Geobrowser der Autonomen Provinz Bozen"}}, {"type": "Feature", "geometry": {"type": "LineString", "coordinates": [[11.3455689, 46.6624809], [11.3455852, 46.6625612], [11.3456737, 46.6627214], [11.345663, 46.6628668], [11.345604, 46.6629496], [11.3454431, 46.662968], [11.345266, 46.6630122], [11.3450622, 46.6631319], [11.3448315, 46.6633896], [11.3447671, 46.6634761]]}, "properties": {"osm_id": "way/279130837", "highway": "track", "name": "Rosswonkl", "source": "Geobrowser der Autonomen Provinz Bozen"}}, {"type": "Feature", "geometry": {"type": "LineString", "coordinates": [[11.3506385, 46.6715545], [11.3508477, 46.6712306], [11.3510811, 46.6709435], [11.3512661, 46.6706729], [11.3513815, 46.6704926], [11.351478, 46.6702901], [11.3517221, 46.670003], [11.3520064, 46.6696643]]}, "properties": {"osm_id": "way/279135022", "highway": "track"}}, {"type": "Feature", "geometry": {"type": "LineString", "coordinates": [[11.3539734, 46.6694824], [11.3535889, 46.6697637], [11.3533341, 46.6699423], [11.3532242, 46.6700545], [11.353192, 46.6700932], [11.3531276, 46.670222], [11.3530283, 46.6703564], [11.3529747, 46.6705662], [11.3529103, 46.6707686], [11.3528759, 46.6708218], [11.3528057, 46.6709306], [11.3526555, 46.6710447], [11.3524222, 46.6712398], [11.3522559, 46.6713871], [11.3520788, 46.6715821], [11.3518053, 46.6719097], [11.3516551, 46.672068], [11.3513117, 46.672403], [11.3510703, 46.6726036], [11.3507914, 46.672806], [11.3505387, 46.6729382], [11.3504159, 46.6730803], [11.3503449, 46.673152], [11.3501772, 46.673406], [11.3500538, 46.6735275], [11.3497936, 46.673741], [11.349512, 46.6739103], [11.3492572, 46.6740925], [11.3491204, 46.6741532], [11.3490238, 46.6742305], [11.3488977, 46.6743354], [11.3487958, 46.6744072], [11.3486966, 46.6745213], [11.3485759, 46.6745949], [11.3485142, 46.6746557], [11.3485061, 46.6747293], [11.3484659, 46.6748802], [11.3483238, 46.6750679], [11.3482379, 46.675228], [11.3481387, 46.6753274], [11.3479, 46.6755445], [11.3477766, 46.6756053], [11.3476291, 46.6756586], [11.3474708, 46.6757267], [11.347224, 46.6757709], [11.3470953, 46.6758556], [11.3469478, 46.6759384], [11.3467493, 46.6759899], [11.3465535, 46.6760525], [11.3463604, 46.6761335], [11.3461807, 46.6762255], [11.346001, 46.6762862], [11.345891, 46.6762917], [11.3457596, 46.6762291], [11.3456201, 46.6761647], [11.3454752, 46.676139], [11.3453224, 46.6761574], [11.3452097, 46.6763672], [11.3450032, 46.6765862], [11.3448637, 46.6767039], [11.344633, 46.6767665], [11.3443165, 46.6767776], [11.3440537, 46.6767757], [11.3439169, 46.67675], [11.3436862, 46.6766175], [11.3435306, 46.6765641], [11.3433992, 46.6765696], [11.3433, 46.6766248], [11.3432651, 46.6766966], [11.3433845, 46.6768782], [11.3434071, 46.677016], [11.3434176, 46.6772731], [11.3434936, 46.6778189], [11.3433188, 46.6779552], [11.3433567, 46.6782501], [11.3431826, 46.678464], [11.3431621, 46.6786656], [11.3431639, 46.6788224], [11.3430099, 46.678969], [11.3428172, 46.6790503], [11.3426388, 46.6791159], [11.3425003, 46.679568], [11.3423937, 46.67974], [11.3422378, 46.6798287], [11.3420125, 46.6799391], [11.3417604, 46.6801231], [11.3414466, 46.680263], [11.3410442, 46.6803807], [11.3407916, 46.6804312], [11.3403925, 46.6807009], [11.3399726, 46.6809511]]}, "properties": {"osm_id": "way/279135026", "highway": "track", "name": "Gnischt", "source": "Geobrowser der Autonomen Provinz Bozen"}}, {"type": "Feature", "geometry": {"type": "LineString", "coordinates": [[11.3480408, 46.6691445], [11.3481119, 46.6690068], [11.3481628, 46.66886], [11.3485196, 46.6681845], [11.3487019, 46.6678054], [11.3488039, 46.6675569], [11.348879, 46.6673949], [11.3489326, 46.6672477], [11.3490506, 46.6670102], [11.3491767, 46.6668096], [11.3494905, 46.6663292], [11.3495763, 46.6661727], [11.3496783, 46.6659574], [11.3497802, 46.6657494], [11.3498821, 46.665523], [11.3499798, 46.6653172], [11.350027, 46.6650904], [11.350031, 46.6647338], [11.3498946, 46.6645568], [11.3498478, 46.6643276], [11.3497363, 46.6640983], [11.3496246, 46.6632791], [11.3495388, 46.662992], [11.3494744, 46.6625539], [11.3493242, 46.6621562], [11.3493993, 46.6619574], [11.3495603, 46.6616629], [11.3496407, 46.6613831], [11.3496514, 46.6611328], [11.3495549, 46.6608437]]}, "properties": {"osm_id": "way/279135028", "highway": "track", "name": "Öttenbacheralmweg", "source": "Geobrowser der Autonomen Provinz Bozen"}}, {"type": "Feature", "geometry": {"type": "LineString", "coordinates": [[11.3451004, 46.6481312], [11.3452284, 46.6481995], [11.3453625, 46.6482271], [11.3456174, 46.6481793], [11.3457783, 46.6481664], [11.3461599, 46.6482154], [11.3463952, 46.648229], [11.3468753, 46.6482842], [11.3470978, 46.6483604], [11.3473232, 46.6484481], [11.3476139, 46.6486375], [11.3480425, 46.6488404], [11.3482423, 46.6489069], [11.3484094, 46.6489292], [11.348479, 46.649004], [11.3485711, 46.6490902], [11.3486953, 46.6491068], [11.3488227, 46.6491173], [11.3489943, 46.6491956], [11.3490452, 46.6493116], [11.3490962, 46.6494295], [11.3492973, 46.6495989], [11.3496112, 46.6496928], [11.3498579, 46.6497369], [11.3499491, 46.6497627], [11.3501637, 46.6498603], [11.3502576, 46.6499358], [11.3503488, 46.6500794], [11.3503675, 46.6503225], [11.3503371, 46.6507367], [11.3501342, 46.6509521], [11.3499116, 46.6512099], [11.3498365, 46.651278], [11.3496889, 46.6513277], [11.3495119, 46.6514087], [11.3489299, 46.6517438], [11.3482808, 46.6522612], [11.3481547, 46.6523293], [11.3478785, 46.6525447], [11.3474976, 46.6526534], [11.3473822, 46.6527288], [11.3472803, 46.6527896], [11.3472267, 46.6528743]]}, "properties": {"osm_id": "way/279493148", "highway": "track", "name": "RAI-Umsetzer - Trasmettitore RAI", "name:de": "RAI-Umsetzer", "name:it": "Trasmettitore RAI", "source": "Geobrowser der Autonomen Provinz Bozen"}}, {"type": "Feature", "geometry": {"type": "LineString", "coordinates": [[11.2851074, 46.6923826], [11.2849908, 46.6923251], [11.2847054, 46.6922437], [11.2846261, 46.6921942], [11.2844463, 46.6921309], [11.2843119, 46.6921197], [11.2842183, 46.6920838], [11.2841808, 46.6920058], [11.2841515, 46.691942], [11.2840857, 46.6918815], [11.2839242, 46.6918352], [11.2837983, 46.6918038], [11.2836833, 46.6917368], [11.2835821, 46.6916824], [11.2833493, 46.6916082], [11.2831311, 46.6915169], [11.2827614, 46.6914596], [11.2822838, 46.691408], [11.2820762, 46.6914513], [11.281656, 46.6915236], [11.2815569, 46.6915889], [11.2814838, 46.691591], [11.2814061, 46.6916319], [11.281345, 46.6916985], [11.2812074, 46.6916947], [11.2811011, 46.6917379], [11.2810123, 46.6918063]]}, "properties": {"osm_id": "way/291380745", "bicycle": "yes", "foot": "yes", "highway": "path", "incline": "down", "mtb:scale": "0", "mtb:scale:uphill": "2", "sac_scale": "hiking", "sac_scale_ref": "T1", "source": "GPS", "surface": "gravel", "trail_visibility": "good", "width": "0.8"}}, {"type": "Feature", "geometry": {"type": "LineString", "coordinates": [[11.2810123, 46.6918063], [11.2809551, 46.6918074], [11.2808315, 46.6918568], [11.2807397, 46.6918091], [11.2806448, 46.6915888], [11.2805843, 46.6914942], [11.2804623, 46.6913986]]}, "properties": {"osm_id": "way/291380751", "bicycle": "yes", "foot": "yes", "highway": "path", "incline": "down", "mtb:scale": "0", "mtb:scale:uphill": "3", "sac_scale": "hiking", "sac_scale_ref": "T1", "source": "GPS", "surface": "gravel", "trail_visibility": "good", "width": "0.8"}}, {"type": "Feature", "geometry": {"type": "LineString", "coordinates": [[11.2926261, 46.6517279], [11.2926665, 46.6516619], [11.2927309, 46.6515565], [11.2927904, 46.6514375], [11.2928003, 46.6513457], [11.2928003, 46.6512437], [11.2928201, 46.6511212], [11.2928449, 46.6509682], [11.2928597, 46.6508016], [11.2928998, 46.6507138], [11.292854, 46.6505734], [11.2928509, 46.6504602], [11.2928382, 46.6503471], [11.292835, 46.6501882], [11.292816, 46.6501251], [11.2928192, 46.6499814], [11.2928395, 46.6498878], [11.2928667, 46.6497616], [11.2929174, 46.6496789], [11.2929427, 46.6496439], [11.2929741, 46.649605], [11.2930437, 46.6495187], [11.293104, 46.649436], [11.293158, 46.6493832], [11.2932276, 46.6493404], [11.2932712, 46.6493105], [11.2933097, 46.6493062], [11.2933627, 46.6493247], [11.2934219, 46.649339], [11.2934957, 46.6493347], [11.2935944, 46.6493091], [11.2937055, 46.6492534], [11.2937897, 46.6492014], [11.2938468, 46.6491393], [11.2938863, 46.6490594], [11.2939507, 46.6489639], [11.2940162, 46.648884], [11.2940899, 46.648787], [11.2941564, 46.6486921], [11.2941668, 46.6486123], [11.294199, 46.6485409], [11.2942073, 46.6484204], [11.2942042, 46.6483448], [11.2942021, 46.6482828], [11.2942146, 46.6482207], [11.2942364, 46.6481565], [11.2942385, 46.6481023], [11.2942385, 46.6480638], [11.294225, 46.6480317], [11.2942323, 46.6480025], [11.2942572, 46.6479797], [11.2942717, 46.6479469], [11.2942842, 46.6479198], [11.2943133, 46.6479019], [11.2943528, 46.6478812], [11.294412, 46.6477949], [11.2944598, 46.6477279], [11.294518, 46.6476823], [11.2946354, 46.6476295], [11.2947413, 46.6476052], [11.2948161, 46.6476052], [11.2949096, 46.6475838], [11.2950416, 46.6475425], [11.295107, 46.6475054], [11.2951569, 46.6474711], [11.2952021, 46.6474555], [11.2952504, 46.6474704], [11.2953055, 46.6474826], [11.2953491, 46.6474747], [11.2953865, 46.6474569], [11.2954135, 46.6474269], [11.2955109, 46.6473712], [11.2956563, 46.647288], [11.2957968, 46.6472571], [11.2958624, 46.6472118], [11.2959215, 46.6471665], [11.2959657, 46.6471023], [11.2960282, 46.6469965], [11.2960687, 46.6469337], [11.2961097, 46.6468766], [11.2961417, 46.6468101], [11.2960806, 46.6466766], [11.2960808, 46.6466227], [11.2960722, 46.6466006], [11.2960574, 46.6465861], [11.296044, 46.6465788], [11.2960257, 46.6465687], [11.2960057, 46.6465532], [11.2960119, 46.6464755], [11.2960171, 46.6464234], [11.2960358, 46.646392], [11.2960597, 46.6463814], [11.2961158, 46.6463799], [11.296174, 46.6463771], [11.2961979, 46.6463607], [11.2961875, 46.6463222], [11.2961667, 46.6462444], [11.2961449, 46.6461781], [11.2961491, 46.646151], [11.2961657, 46.6461403], [11.2962, 46.6461339], [11.2962499, 46.6461324], [11.296308, 46.6461289], [11.2963298, 46.6461167], [11.296333, 46.6460789], [11.2963309, 46.6459755], [11.2963288, 46.6459178], [11.2963122, 46.645825], [11.2963413, 46.6456524], [11.2963673, 46.6455825], [11.2963828, 46.645477], [11.2963818, 46.6453914], [11.2963785, 46.6453189], [11.2963893, 46.6452723], [11.2963965, 46.6451768], [11.296398, 46.6451535], [11.2964032, 46.6451327], [11.2964289, 46.6451145], [11.2964567, 46.6450957], [11.2964861, 46.6450738], [11.2964998, 46.6450499], [11.2965007, 46.6450188], [11.2964776, 46.6449681], [11.296468, 46.6449056], [11.296473, 46.644782], [11.2964825, 46.6447457], [11.2964992, 46.6446218], [11.2965595, 46.6444891], [11.2966031, 46.6443764], [11.2966343, 46.6442695], [11.2966271, 46.64422], [11.2966243, 46.6441862], [11.2966291, 46.6441615], [11.2966377, 46.6441279], [11.2966415, 46.6440726], [11.2966176, 46.6439128], [11.2965927, 46.6438066], [11.2965865, 46.6436618], [11.2965854, 46.6435911], [11.2965906, 46.6434257], [11.2965937, 46.6433387], [11.296618, 46.6432091], [11.2966057, 46.6431088], [11.2965987, 46.6430564], [11.2966003, 46.6430146], [11.2966139, 46.6429814], [11.2966544, 46.6429271], [11.2967194, 46.6428714], [11.296773, 46.6428223], [11.2968186, 46.6427573], [11.2968291, 46.6427149], [11.2968359, 46.6426778], [11.2968283, 46.6426132], [11.2968005, 46.6424456], [11.2967941, 46.6423208], [11.2968005, 46.6422383], [11.2968476, 46.642079], [11.2968785, 46.6419854], [11.2969629, 46.6417691], [11.2970187, 46.6416717]]}, "properties": {"osm_id": "way/291381014", "highway": "path", "incline": "down", "mtb": "yes", "mtb:scale": "1", "mtb:scale:uphill": "3", "sac_scale": "hiking", "surface": "ground", "trail_visibility": "excellent", "width": "1"}}, {"type": "Feature", "geometry": {"type": "LineString", "coordinates": [[11.265699, 46.686938], [11.2656949, 46.6869403], [11.2656879, 46.686955], [11.2656819, 46.6869752], [11.2656792, 46.6870079], [11.2656762, 46.6870318], [11.2656701, 46.6870445], [11.2656577, 46.6870592], [11.2656514, 46.6870698], [11.265648, 46.6870861], [11.265648, 46.6871183], [11.2656477, 46.6871385], [11.2656436, 46.6871484], [11.2656346, 46.6871544], [11.2656282, 46.6871618], [11.2656239, 46.6871866], [11.2656242, 46.6872078], [11.2656249, 46.68724], [11.2656064, 46.687286], [11.2655615, 46.6873605], [11.2655119, 46.687435], [11.2654499, 46.6875261], [11.2654036, 46.6875944], [11.2653788, 46.6876238], [11.265356, 46.6876629], [11.2653432, 46.6877041], [11.2653349, 46.687734], [11.2653282, 46.687763], [11.2653228, 46.6877915], [11.2653147, 46.6878062], [11.2653013, 46.6878205], [11.265294, 46.6878366], [11.2652736, 46.687908], [11.2652613, 46.6879273], [11.2652517, 46.6879479], [11.2652517, 46.6879746], [11.2652534, 46.6879907], [11.2652551, 46.6880081], [11.2652443, 46.6880353], [11.2652323, 46.6880805], [11.2652103, 46.688106], [11.2652014, 46.6881245], [11.265194, 46.6881337], [11.2651907, 46.6881457], [11.265188, 46.6881576], [11.2651947, 46.6881724], [11.2652604, 46.6882692], [11.2652933, 46.6883175], [11.2653154, 46.6883425], [11.2653345, 46.6883635], [11.2653379, 46.6883701], [11.2653375, 46.6883734], [11.2653322, 46.6883745], [11.2653097, 46.6883681], [11.2652537, 46.6883517], [11.2652108, 46.688337], [11.2651967, 46.6883343], [11.265183, 46.6883352], [11.2651773, 46.6883384], [11.2651769, 46.6883444], [11.2652031, 46.6883683], [11.265246, 46.6884129], [11.2652718, 46.6884472], [11.265296, 46.6884681], [11.2653181, 46.6884833], [11.2653288, 46.6884927], [11.2653332, 46.6885022], [11.2653308, 46.6885063], [11.2653251, 46.6885088], [11.2653104, 46.6885086], [11.2652869, 46.6885028], [11.2652775, 46.6885028], [11.2652621, 46.6885045], [11.2652487, 46.688501], [11.2652098, 46.6884916], [11.2651612, 46.6884856], [11.2651548, 46.6884923], [11.2651501, 46.6885061], [11.2651552, 46.6885215], [11.2651552, 46.6885298], [11.2651474, 46.6885334], [11.265125, 46.6885364], [11.2651149, 46.6885401], [11.2651116, 46.6885482], [11.2651364, 46.6885804], [11.2651448, 46.6885886], [11.2651471, 46.6886073], [11.2651492, 46.6886181], [11.2651548, 46.6886358], [11.2651558, 46.6886445], [11.2651498, 46.688653], [11.2651474, 46.6886657], [11.2651518, 46.6886873], [11.2651558, 46.6886988], [11.2651515, 46.6887091], [11.2651535, 46.6887204], [11.2651619, 46.6887515], [11.2651652, 46.6887887], [11.2651639, 46.6888476], [11.2651639, 46.6888639], [11.2651615, 46.6888803], [11.2651535, 46.6888943], [11.2651411, 46.6889177], [11.2651374, 46.688941], [11.265136, 46.6889709], [11.265134, 46.6889835], [11.2651283, 46.6889888], [11.2651233, 46.6889909], [11.2651153, 46.6889902], [11.2651116, 46.6889923], [11.2651102, 46.6890001], [11.2651039, 46.6890235], [11.2651036, 46.6890431], [11.2651018, 46.6890608], [11.2650938, 46.6890893], [11.2650854, 46.6891148], [11.2650831, 46.6891622], [11.2650777, 46.6891767], [11.265066, 46.6891873], [11.265063, 46.6891976], [11.2650686, 46.6892234], [11.265067, 46.6892328], [11.2650633, 46.6892347], [11.2650542, 46.6892312], [11.2650455, 46.6892317], [11.2650418, 46.6892402], [11.2650412, 46.6892547], [11.2650532, 46.6892749], [11.2650495, 46.6892825], [11.2650412, 46.6892896], [11.2650472, 46.6893119], [11.2650358, 46.6893257], [11.2650334, 46.689334], [11.2650425, 46.6893483], [11.2650459, 46.6893727], [11.2650485, 46.6894023], [11.2650432, 46.6894166], [11.2650224, 46.6894276], [11.2649996, 46.6894341], [11.2649828, 46.6894433], [11.2649768, 46.6894561], [11.2649728, 46.6894676], [11.264958, 46.689475], [11.2649493, 46.6894879], [11.2649292, 46.6895081], [11.264891, 46.689532], [11.2648373, 46.689555], [11.2648125, 46.6895661], [11.264787, 46.689572], [11.2647629, 46.6895877], [11.2647548, 46.6896019], [11.2647562, 46.6896254], [11.2647481, 46.6896387], [11.2647407, 46.6896498], [11.2647448, 46.6896732], [11.2647434, 46.6896824], [11.2647354, 46.6896935], [11.264722, 46.6897128], [11.2647112, 46.6897234], [11.2647084, 46.6897289], [11.2647114, 46.6897375], [11.2647081, 46.6897481], [11.264695, 46.6897523], [11.2646708, 46.6897527], [11.2646509, 46.6897593], [11.2646268, 46.6897666], [11.2646087, 46.6897772], [11.2645939, 46.6897749], [11.2645832, 46.6897786], [11.2645771, 46.6897887], [11.2645838, 46.6898075], [11.2645745, 46.6898204], [11.2644464, 46.6898729], [11.264374, 46.6899299], [11.2643043, 46.6899336], [11.2642398, 46.6899543], [11.264217, 46.6899846], [11.2642117, 46.6900334], [11.2641896, 46.6900674], [11.2641701, 46.6900771], [11.2641366, 46.6900826], [11.2641044, 46.6900817], [11.2640675, 46.6900743], [11.264036, 46.6900674], [11.2639991, 46.690061], [11.2639637, 46.6900458], [11.2639415, 46.6900228], [11.2639106, 46.6900058], [11.263859, 46.6899631], [11.2638261, 46.6899437], [11.2638013, 46.6899235], [11.2637718, 46.6899055], [11.2637624, 46.689894], [11.263751, 46.689877], [11.2637296, 46.6898577], [11.2637081, 46.6898411], [11.2636954, 46.6898269], [11.2636826, 46.6898034], [11.2636598, 46.6897708], [11.263629, 46.6897436], [11.2635948, 46.6897234], [11.2635572, 46.6896944], [11.2635237, 46.689665], [11.2635022, 46.6896507], [11.2634875, 46.6896332], [11.2634727, 46.6896249], [11.2634405, 46.6896194], [11.2634251, 46.689613], [11.2634097, 46.6896056], [11.2633822, 46.6895858], [11.2633634, 46.6895771], [11.26335, 46.6895771]]}, "properties": {"osm_id": "way/302896333", "highway": "path", "sac_scale": "mountain_hiking", "source": "bing"}}, {"type": "Feature", "geometry": {"type": "LineString", "coordinates": [[11.2688663, 46.6651592], [11.2688327, 46.6652192], [11.2688138, 46.6652437], [11.2688006, 46.6652619], [11.268784, 46.6652795], [11.2686297, 46.6653957], [11.2685987, 46.6654144], [11.2685707, 46.6654242], [11.2685387, 46.6654267], [11.2685068, 46.6654236]]}, "properties": {"osm_id": "way/354053165", "highway": "track", "name": "Alter Almsteig", "ref": "15A", "sac_scale": "mountain_hiking", "source": "GPS", "tracktype": "grade2"}}, {"type": "Feature", "geometry": {"type": "LineString", "coordinates": [[11.2679085, 46.663824], [11.2680141, 46.6639181], [11.268107, 46.6640021], [11.2682041, 46.664089], [11.2682982, 46.6641873], [11.2683554, 46.6642513], [11.2684268, 46.6643802], [11.2684725, 46.6645145], [11.2685638, 46.6646353], [11.268642, 46.6647561], [11.2687333, 46.6648501], [11.2688246, 46.6649307], [11.2688685, 46.6650247], [11.2688663, 46.6651592]]}, "properties": {"osm_id": "way/354053166", "highway": "path", "incline": "40%", "mtb:scale": "1", "mtb:scale:uphill": "2", "name": "Alter Almsteig", "sac_scale": "mountain_hiking", "source": "GPS"}}, {"type": "Feature", "geometry": {"type": "LineString", "coordinates": [[11.2973439, 46.6851051], [11.2970453, 46.6850687], [11.2966835, 46.6850015], [11.2964171, 46.6848429], [11.2962086, 46.6846843], [11.2960704, 46.6845102], [11.2958266, 46.6841551], [11.2956147, 46.6838201], [11.2954698, 46.6834425], [11.2952836, 46.6830137], [11.2950311, 46.6827497], [11.2951632, 46.6826538]]}, "properties": {"osm_id": "way/366927414", "highway": "path", "sac_scale": "hiking", "surface": "grass", "trail_visibility": "good"}}, {"type": "Feature", "geometry": {"type": "LineString", "coordinates": [[11.3118319, 46.7171674], [11.311492, 46.7170516], [11.311244, 46.7170683], [11.3110379, 46.7170109], [11.3106431, 46.7167307], [11.3105273, 46.7165006], [11.3097943, 46.7164097], [11.3097838, 46.7161391], [11.3094101, 46.7158709], [11.3092261, 46.7155818]]}, "properties": {"osm_id": "way/386901789", "highway": "path"}}, {"type": "Feature", "geometry": {"type": "LineString", "coordinates": [[11.2995592, 46.6641442], [11.2994272, 46.6641934], [11.299305, 46.664222], [11.2992136, 46.664239], [11.2986396, 46.6643126], [11.2985657, 46.664319], [11.2984979, 46.6643192], [11.2984311, 46.6643146], [11.2983724, 46.6643009], [11.2983166, 46.6642775], [11.2982561, 46.6642441], [11.2981834, 46.6642142], [11.2981437, 46.6642028], [11.297998, 46.6642008]]}, "properties": {"osm_id": "way/387523588", "highway": "track", "tracktype": "grade3"}}, {"type": "Feature", "geometry": {"type": "LineString", "coordinates": [[11.3029478, 46.6651779], [11.3029418, 46.6652241], [11.3029257, 46.6652513], [11.3028322, 46.6653163], [11.3027082, 46.6653589], [11.3026747, 46.6653771], [11.3026481, 46.665412], [11.3026403, 46.6654395], [11.3026545, 46.6654756], [11.3027015, 46.6655701], [11.3027489, 46.6656791], [11.3027775, 46.6657177], [11.3028162, 46.6657476], [11.3031631, 46.6658692], [11.3034853, 46.6659621], [11.3037523, 46.665941], [11.3039857, 46.6660378], [11.3039945, 46.666044], [11.3040035, 46.6660504]]}, "properties": {"osm_id": "way/387523589", "highway": "path", "sac_scale": "hiking", "trail_visibility": "bad"}}, {"type": "Feature", "geometry": {"type": "LineString", "coordinates": [[11.3036991, 46.6855409], [11.3038011, 46.6854626], [11.3038086, 46.685411], [11.3038894, 46.6853453], [11.3040227, 46.6852912], [11.3042053, 46.6852731]]}, "properties": {"osm_id": "way/387523590", "highway": "path"}}, {"type": "Feature", "geometry": {"type": "LineString", "coordinates": [[11.2877362, 46.6818238], [11.2877362, 46.6817881], [11.2877058, 46.6817583], [11.2876776, 46.6817063], [11.2876776, 46.6816691], [11.2876711, 46.6815798], [11.2876603, 46.6815069], [11.2876061, 46.6814459], [11.2875475, 46.6813968], [11.287489, 46.6813165], [11.2874933, 46.681254], [11.2874976, 46.6812139], [11.2874564, 46.6811216], [11.2874087, 46.6810547], [11.2873892, 46.6809535], [11.2874087, 46.6808747], [11.2874661, 46.6808442]]}, "properties": {"osm_id": "way/388043762", "foot": "yes", "highway": "path", "mtb:scale": "3", "sac_scale": "mountain_hiking", "surface": "rock"}}, {"type": "Feature", "geometry": {"type": "LineString", "coordinates": [[11.2820881, 46.6826287], [11.2821112, 46.682652], [11.2820964, 46.6826892], [11.2820654, 46.6827421], [11.2820415, 46.6828105]]}, "properties": {"osm_id": "way/388043787", "highway": "track", "mtb": "yes", "mtb:scale": "0", "surface": "gravel", "tracktype": "grade3", "width": "3"}}, {"type": "Feature", "geometry": {"type": "LineString", "coordinates": [[11.2822473, 46.6859387], [11.2822383, 46.6863212], [11.2822649, 46.6864839], [11.2822526, 46.686726], [11.2822677, 46.6868891], [11.2822626, 46.6870386], [11.2822121, 46.6870892]]}, "properties": {"osm_id": "way/388043795", "highway": "track", "mtb": "yes", "mtb:scale": "0", "surface": "gravel", "tracktype": "grade3", "width": "3"}}, {"type": "Feature", "geometry": {"type": "LineString", "coordinates": [[11.3130936, 46.6738645], [11.3130907, 46.6741177], [11.3129083, 46.674287], [11.312844, 46.6744048], [11.3127045, 46.6745336], [11.3126165, 46.6746593], [11.3124738, 46.6748759], [11.3123075, 46.6749974], [11.312168, 46.6751225], [11.3120017, 46.6752845], [11.3120232, 46.675347], [11.3120967, 46.6753805], [11.312168, 46.6753838], [11.312477, 46.6753623], [11.3126365, 46.6753599], [11.3127957, 46.6753912], [11.3129543, 46.6753721], [11.3131744, 46.6753697], [11.3135091, 46.6754096], [11.313654, 46.6754722], [11.3143728, 46.6757924], [11.3145477, 46.6759034]]}, "properties": {"osm_id": "way/388043851", "highway": "track", "name": "Hötzl Schupfe", "ref:hiking": "14", "source": "Geobrowser der Autonomen Provinz Bozen"}}, {"type": "Feature", "geometry": {"type": "LineString", "coordinates": [[11.297836, 46.6646602], [11.2978695, 46.6646344], [11.2979263, 46.6646016], [11.2980353, 46.6645481], [11.2980762, 46.6645266], [11.2981092, 46.6644987], [11.2981251, 46.6644667], [11.2981239, 46.6644304], [11.297998, 46.6642008]]}, "properties": {"osm_id": "way/388043857", "highway": "track", "name": "Kuhseite", "source": "Geobrowser der Autonomen Provinz Bozen", "tracktype": "grade2"}}, {"type": "Feature", "geometry": {"type": "LineString", "coordinates": [[11.3000603, 46.6655925], [11.3001922, 46.6656127], [11.3003235, 46.6656301], [11.3004732, 46.6656466], [11.3006533, 46.6656503], [11.3007841, 46.6656395], [11.3009105, 46.6656257], [11.300965, 46.665621], [11.3010351, 46.6656254], [11.3012436, 46.6656467], [11.3012926, 46.6656504], [11.3013543, 46.6656463], [11.3014212, 46.6656381], [11.3014827, 46.6656201], [11.3015308, 46.6655975], [11.3015774, 46.6655641], [11.3017365, 46.6654461], [11.301792, 46.6654064], [11.3018531, 46.6653756], [11.3019049, 46.6653562], [11.302343, 46.6652181]]}, "properties": {"osm_id": "way/388043860", "highway": "track", "name": "Kuhseite", "sac_scale": "hiking", "tracktype": "grade2"}}, {"type": "Feature", "geometry": {"type": "LineString", "coordinates": [[11.2995592, 46.6641442], [11.2996041, 46.6642114], [11.2996839, 46.664262], [11.2997778, 46.6643062], [11.2998509, 46.6643172], [11.2999266, 46.6643269]]}, "properties": {"osm_id": "way/388043864", "highway": "path", "name": "Opferwank"}}, {"type": "Feature", "geometry": {"type": "LineString", "coordinates": [[11.281331, 46.6785136], [11.2812221, 46.6783399], [11.2810471, 46.6782186], [11.2802649, 46.677979], [11.28012, 46.6779346], [11.2793667, 46.677079], [11.2791185, 46.6763121], [11.2790709, 46.6750552], [11.2790424, 46.6748506], [11.2790373, 46.6747506], [11.2788972, 46.6746311], [11.2788668, 46.6745863], [11.2788555, 46.6743411], [11.2792372, 46.6737203], [11.2793788, 46.6736552], [11.2796622, 46.6732886], [11.2798547, 46.6729763], [11.279813, 46.6727232], [11.2797017, 46.6718377], [11.2798616, 46.6709734], [11.2799479, 46.6707596], [11.2799334, 46.6705095], [11.2803423, 46.6696487], [11.2810213, 46.6683607]]}, "properties": {"osm_id": "way/388232008", "highway": "path", "mtb": "yes", "mtb:scale": "1", "sac_scale": "hiking", "surface": "ground", "trail_visibility": "excellent", "width": "1"}}, {"type": "Feature", "geometry": {"type": "LineString", "coordinates": [[11.2897465, 46.656061], [11.2898088, 46.6560377], [11.2899049, 46.6559906], [11.2899522, 46.6559467], [11.2899819, 46.6559169], [11.2899963, 46.6558751], [11.289986, 46.6558432], [11.289944, 46.6557773], [11.2898725, 46.6556881], [11.2898531, 46.6556443], [11.2898453, 46.655611], [11.2898443, 46.6555889], [11.2898479, 46.6555638], [11.289868, 46.6555427], [11.2899127, 46.6555262], [11.2900931, 46.6554616], [11.2901991, 46.6554138], [11.290298, 46.6553696], [11.2904003, 46.6553437], [11.2904821, 46.6553294], [11.2905167, 46.6553236], [11.2905381, 46.6553168], [11.290553, 46.6553067], [11.2906453, 46.6551916], [11.2906771, 46.655136], [11.2907345, 46.6550862], [11.2908435, 46.654957], [11.2909828, 46.654895], [11.2910475, 46.6548757], [11.291096, 46.6548457], [11.2911159, 46.6548176], [11.2911308, 46.6547088], [11.2911211, 46.6546717], [11.2911288, 46.6546538], [11.2911456, 46.6546306], [11.2911755, 46.6546245], [11.2914344, 46.6545625], [11.2915378, 46.6545182], [11.2915816, 46.6544027], [11.2916333, 46.6542899], [11.2916195, 46.6542552], [11.2916182, 46.6542173], [11.2916215, 46.6541794], [11.2916415, 46.6541352], [11.2916837, 46.6540738], [11.2917101, 46.654042], [11.2917212, 46.6539795], [11.2917049, 46.6539304], [11.2916927, 46.6538887], [11.2917122, 46.653769], [11.2917748, 46.6535968], [11.291864, 46.653488], [11.2919581, 46.6533554], [11.2919762, 46.6532825], [11.2919425, 46.6531622], [11.291968, 46.6530663], [11.2920225, 46.6529099], [11.2920473, 46.6528079], [11.2921265, 46.6526923], [11.2922256, 46.6526311], [11.2922553, 46.6525393], [11.2923148, 46.6524339], [11.2924139, 46.652308], [11.2924981, 46.6521244], [11.2925476, 46.6519544], [11.2926003, 46.6518023], [11.2926261, 46.6517279]]}, "properties": {"osm_id": "way/388232009", "highway": "path", "incline": "up", "mtb": "yes", "mtb:scale": "1", "sac_scale": "hiking", "surface": "ground", "trail_visibility": "excellent", "width": "1"}}, {"type": "Feature", "geometry": {"type": "LineString", "coordinates": [[11.2821007, 46.6780731], [11.2819919, 46.678079], [11.2818475, 46.6781048], [11.2816893, 46.678163], [11.2815756, 46.6782306], [11.2814795, 46.6783377], [11.281331, 46.6785136]]}, "properties": {"osm_id": "way/388232024", "highway": "track", "name": "Hüttenwanderung", "sac_scale": "mountain_hiking", "tracktype": "grade3", "width": "1"}}, {"type": "Feature", "geometry": {"type": "LineString", "coordinates": [[11.302343, 46.6652181], [11.3024355, 46.6651983], [11.3025196, 46.6651855], [11.3025995, 46.6651733], [11.3027359, 46.665159], [11.3027935, 46.6651571], [11.3028676, 46.6651661], [11.3029478, 46.6651779]]}, "properties": {"osm_id": "way/388232036", "highway": "track", "name": "Kuhseite", "sac_scale": "hiking", "tracktype": "grade2"}}, {"type": "Feature", "geometry": {"type": "LineString", "coordinates": [[11.3084604, 46.6642889], [11.3086815, 46.6642395], [11.3088564, 46.6642084], [11.3090325, 46.6641655], [11.3094775, 46.6640486], [11.3098102, 46.6639841], [11.3098722, 46.6639807], [11.309931, 46.6639804], [11.3100835, 46.6639866], [11.310225, 46.6639988], [11.3102707, 46.6639963], [11.310314, 46.6639891], [11.3103582, 46.6639778], [11.3104008, 46.6639584], [11.310506, 46.6638976], [11.3106893, 46.663817], [11.3108978, 46.6637381], [11.3109862, 46.6637084], [11.3111443, 46.6636259]]}, "properties": {"osm_id": "way/388232047", "highway": "service", "name": "Meran 2000 - Merano 2000", "name:de": "Meran 2000", "name:it": "Merano 2000", "source": "Geobrowser der Autonomen Provinz Bozen;https://www.suedtirolerland.it/it/sport-e-tempo-libero/montagne-ed-escursioni/escursioni-a-bolzano-e-dintorni/dal-rifugio-sarentino-agli-omini-di-pietra-e-merano-2000/"}}, {"type": "Feature", "geometry": {"type": "LineString", "coordinates": [[11.3021315, 46.6668653], [11.3022111, 46.6668344], [11.3024199, 46.6667828], [11.3026044, 46.6666592], [11.3027631, 46.6665054], [11.3029228, 46.666362], [11.3032816, 46.6662389], [11.3033979, 46.6662338], [11.3035155, 46.6662397], [11.3035992, 46.6662322], [11.3036459, 46.666213], [11.3037975, 46.666101], [11.3040035, 46.6660504]]}, "properties": {"osm_id": "way/388232051", "highway": "track", "name": "Meran 2000 - Merano 2000", "name:de": "Meran 2000", "name:it": "Merano 2000", "source": "Geobrowser der Autonomen Provinz Bozen;https://www.suedtirolerland.it/it/sport-e-tempo-libero/montagne-ed-escursioni/escursioni-a-bolzano-e-dintorni/dal-rifugio-sarentino-agli-omini-di-pietra-e-merano-2000/"}}, {"type": "Feature", "geometry": {"type": "LineString", "coordinates": [[11.2869497, 46.6898629], [11.286775, 46.6898585], [11.2866462, 46.6898683], [11.2865969, 46.6898863], [11.2864044, 46.6898686], [11.286184, 46.6899068], [11.2860995, 46.6898254], [11.2859966, 46.6897821], [11.2857286, 46.6897708], [11.2855365, 46.6896944], [11.2853462, 46.6896883], [11.2847415, 46.6896687], [11.2845892, 46.6895738], [11.2839917, 46.6893751], [11.2834832, 46.6890864], [11.2831442, 46.688879], [11.2828119, 46.6884294], [11.2829461, 46.6880145], [11.2828882, 46.6878548], [11.2827246, 46.6878761], [11.2826665, 46.6878837], [11.2826611, 46.6875919], [11.2819958, 46.6871765]]}, "properties": {"osm_id": "way/421471608", "highway": "path", "mtb:scale": "3", "sac_scale": "mountain_hiking", "surface": "dirt"}}, {"type": "Feature", "geometry": {"type": "LineString", "coordinates": [[11.2872611, 46.6897662], [11.2874461, 46.6897559], [11.2877115, 46.6897825], [11.2880258, 46.6897937], [11.2881932, 46.6897783], [11.2883361, 46.6897433], [11.2884422, 46.6897391]]}, "properties": {"osm_id": "way/421471609", "highway": "track", "smoothness": "very_horrible", "tracktype": "grade5", "width": "1.5"}}, {"type": "Feature", "geometry": {"type": "LineString", "coordinates": [[11.2839879, 46.6829389], [11.2840431, 46.6829305], [11.2840952, 46.6829137], [11.2841489, 46.6828568], [11.2841673, 46.6827169], [11.2841596, 46.6826864], [11.2841642, 46.682657], [11.2841979, 46.6826496], [11.2842455, 46.6826507], [11.2842853, 46.6826275], [11.2843206, 46.6825613], [11.2843405, 46.6825318], [11.2843528, 46.6825255], [11.2844264, 46.6825108], [11.2844494, 46.6824697], [11.2844295, 46.6824424], [11.2844417, 46.6824256], [11.2844601, 46.6824171], [11.2844893, 46.6823961], [11.2844985, 46.6823614], [11.2844969, 46.6823393], [11.2845, 46.6823162], [11.2845261, 46.6822962], [11.2845552, 46.6822941], [11.2845935, 46.6823014], [11.2846457, 46.6822867], [11.28473, 46.682252], [11.2848266, 46.6822415], [11.2849002, 46.6822541], [11.2849508, 46.6822846], [11.2850075, 46.6823046], [11.2850903, 46.6823193], [11.2851777, 46.6823309], [11.2853302, 46.6823613], [11.2854682, 46.6824244], [11.2855664, 46.6824602], [11.2856676, 46.6825086], [11.2857473, 46.6825317], [11.2858148, 46.6825549], [11.2859681, 46.6826033], [11.286033, 46.6826106], [11.2860969, 46.6826054], [11.286149, 46.6825949], [11.2862282, 46.6826061], [11.2862802, 46.6826069], [11.2863599, 46.6825795], [11.2864243, 46.6825385], [11.2864857, 46.6825122], [11.2865393, 46.6824849], [11.2865945, 46.6824617], [11.2866574, 46.6824228], [11.2866942, 46.682387], [11.2867555, 46.6823102], [11.2868233, 46.6822314], [11.2868579, 46.6821466], [11.2869703, 46.6820622], [11.2870943, 46.6819993], [11.2872548, 46.6819592], [11.2874022, 46.6819354], [11.2875107, 46.6819384], [11.2876126, 46.6819279], [11.287669, 46.6818982], [11.2877102, 46.6818565], [11.2877362, 46.6818238]]}, "properties": {"osm_id": "way/421472498", "foot": "yes", "highway": "path", "mtb:scale": "2", "sac_scale": "mountain_hiking", "surface": "rock"}}, {"type": "Feature", "geometry": {"type": "LineString", "coordinates": [[11.2731038, 46.6773109], [11.2734103, 46.6775493], [11.2734491, 46.6777941], [11.2736903, 46.6780972], [11.2738241, 46.6784294], [11.2740018, 46.6786409], [11.2742227, 46.6788943], [11.2744177, 46.678974], [11.2747386, 46.67915], [11.2753604, 46.6793019], [11.2755633, 46.6795443], [11.2758468, 46.6796485], [11.2762654, 46.6799677], [11.2762706, 46.6800353], [11.27645, 46.6800496]]}, "properties": {"osm_id": "way/421472709", "highway": "path", "layer": "1", "mtb:scale": "1", "sac_scale": "hiking"}}, {"type": "Feature", "geometry": {"type": "LineString", "coordinates": [[11.2964092, 46.6806568], [11.2963625, 46.6806231], [11.296312, 46.6805517], [11.2962758, 46.6805305], [11.2961507, 46.6805203], [11.2960523, 46.680504], [11.295922, 46.6805118], [11.2958249, 46.6805168], [11.2958017, 46.6805068], [11.2958003, 46.6804881], [11.2958548, 46.6804184], [11.2959141, 46.6802889], [11.2959555, 46.6802006], [11.2960033, 46.6801319]]}, "properties": {"osm_id": "way/421473188", "highway": "path", "mtb:scale": "2", "sac_scale": "mountain_hiking", "surface": "gravel"}}, {"type": "Feature", "geometry": {"type": "LineString", "coordinates": [[11.3121099, 46.6725846], [11.3122485, 46.6725032], [11.3123095, 46.6724522], [11.3123633, 46.6724049], [11.3124667, 46.672314], [11.312516, 46.6720539], [11.3124297, 46.6716797], [11.312328, 46.6715064], [11.3121247, 46.671278], [11.3118474, 46.6711068], [11.3116846, 46.6710232], [11.3114592, 46.6709334], [11.3109679, 46.6707517], [11.3107212, 46.6707058], [11.3103372, 46.6706499], [11.3101495, 46.6706328], [11.3099068, 46.6706049], [11.3097506, 46.670568], [11.3096056, 46.6705264], [11.3092375, 46.6703766], [11.3090365, 46.6703087], [11.3088178, 46.6702591], [11.3085616, 46.6701263], [11.308383, 46.6700428], [11.3082965, 46.670019], [11.3080354, 46.6698947], [11.3077633, 46.6697548], [11.3074824, 46.6696269], [11.3074069, 46.6695875], [11.3073336, 46.6695198], [11.307235, 46.6694147]]}, "properties": {"osm_id": "way/421880894", "highway": "path", "mtb:scale": "1", "ref": "10A;14", "sac_scale": "mountain_hiking", "width": "1"}}, {"type": "Feature", "geometry": {"type": "LineString", "coordinates": [[11.3130936, 46.6738645], [11.313138, 46.6738532], [11.3135133, 46.6737631], [11.3135693, 46.6737329]]}, "properties": {"osm_id": "way/421880898", "highway": "track", "name": "Hüttenwanderung", "ref:hiking": "10", "sac_scale": "mountain_hiking", "tracktype": "grade3", "width": "1"}}, {"type": "Feature", "geometry": {"type": "LineString", "coordinates": [[11.2997138, 46.6778182], [11.2998097, 46.67771], [11.2998784, 46.677645], [11.2999639, 46.6775852], [11.3001866, 46.6774487], [11.3003181, 46.6773531], [11.3003339, 46.6773344], [11.3003441, 46.6773128]]}, "properties": {"osm_id": "way/421880900", "highway": "path", "sac_scale": "mountain_hiking", "surface": "ground", "trail_visibility": "excellent"}}, {"type": "Feature", "geometry": {"type": "LineString", "coordinates": [[11.3003281, 46.6772044], [11.3003558, 46.6770504], [11.3005561, 46.6768602], [11.3006855, 46.6767503], [11.3006639, 46.6766784], [11.3005314, 46.6765283], [11.3004482, 46.6763782], [11.3003096, 46.6762471], [11.3002155, 46.676179]]}, "properties": {"osm_id": "way/421880902", "highway": "path", "sac_scale": "mountain_hiking", "surface": "ground", "trail_visibility": "excellent"}}, {"type": "Feature", "geometry": {"type": "LineString", "coordinates": [[11.3004919, 46.6761002], [11.3006032, 46.6760947], [11.3008802, 46.6760963], [11.3009996, 46.6761272], [11.3010582, 46.6760824], [11.3011325, 46.6760654], [11.3012204, 46.6760638], [11.3014186, 46.6760762], [11.3014839, 46.6760607], [11.3015763, 46.6760406], [11.3016258, 46.676019], [11.3016957, 46.6759958], [11.3018015, 46.6759711], [11.3018849, 46.6759603], [11.3019637, 46.6759603], [11.3020471, 46.6759634], [11.3021507, 46.6759464], [11.3022295, 46.675917], [11.3023061, 46.6758413], [11.3024187, 46.6757717], [11.3025223, 46.6757238], [11.302617, 46.6756774], [11.3027273, 46.675662], [11.3028445, 46.6756465], [11.3029598, 46.6756134], [11.3031426, 46.675539], [11.3032354, 46.6754945]]}, "properties": {"osm_id": "way/421880903", "highway": "path", "sac_scale": "mountain_hiking", "surface": "ground", "trail_visibility": "excellent"}}, {"type": "Feature", "geometry": {"type": "LineString", "coordinates": [[11.3044791, 46.6618011], [11.3039277, 46.6621475], [11.303673, 46.6621491], [11.3034556, 46.6621711], [11.3032775, 46.6621626], [11.3030751, 46.6620982], [11.3030035, 46.6620835], [11.3029331, 46.6620887], [11.3028753, 46.6621146], [11.3028012, 46.662168], [11.3026819, 46.6621939], [11.3025399, 46.6622137]]}, "properties": {"osm_id": "way/425703381", "highway": "track", "mtb:scale": "1", "name": "Opferwank", "ref": "2A", "sac_scale": "hiking", "surface": "fine_gravel", "tracktype": "grade3", "trail_visibility": "excellent"}}, {"type": "Feature", "geometry": {"type": "LineString", "coordinates": [[11.3098167, 46.6585646], [11.309309, 46.6587888], [11.3091065, 46.6588718], [11.3086515, 46.6590863], [11.3084954, 46.6591544], [11.3081284, 46.6593841], [11.3078449, 46.6594431], [11.3074776, 46.6596129], [11.307358, 46.6598573], [11.3071426, 46.6600234], [11.307082, 46.6601381], [11.3070249, 46.6601987]]}, "properties": {"osm_id": "way/425703382", "highway": "track", "mtb:scale": "1", "name": "Opferwank", "ref": "2A", "sac_scale": "hiking", "surface": "fine_gravel", "tracktype": "grade3", "trail_visibility": "excellent"}}, {"type": "Feature", "geometry": {"type": "LineString", "coordinates": [[11.3120324, 46.6518925], [11.3120478, 46.651957], [11.3121095, 46.6520583], [11.3122409, 46.6522258], [11.3122865, 46.6522976], [11.3123589, 46.6523676], [11.3124287, 46.6524559], [11.3124367, 46.6525517], [11.3124635, 46.6526419], [11.312536, 46.6526916], [11.3126406, 46.6527376], [11.3128096, 46.6527929], [11.312949, 46.6528849], [11.3130456, 46.6529733], [11.3132469, 46.6531143], [11.3133367, 46.6532307], [11.3134533, 46.6533342], [11.3141399, 46.6539638], [11.3141855, 46.6540982], [11.3141802, 46.6542308], [11.3141238, 46.6543744], [11.3140446, 46.6545515], [11.3138394, 46.6547282], [11.3135915, 46.6548258], [11.3131273, 46.6549577], [11.3129138, 46.6550014], [11.3127422, 46.654999], [11.3122791, 46.6549561], [11.3119187, 46.6549132], [11.3116884, 46.6549414], [11.311633, 46.654979], [11.3116225, 46.6550496], [11.3118169, 46.6554142], [11.311858, 46.6555547], [11.3118453, 46.6556367], [11.3117591, 46.6557596], [11.3114941, 46.6559054], [11.3112838, 46.6560652], [11.3111093, 46.6562794], [11.3110455, 46.6564247], [11.3108159, 46.6566004], [11.310709, 46.656748], [11.3107012, 46.6569234], [11.3106225, 46.6570472], [11.3104055, 46.6572332], [11.3102727, 46.657387], [11.3101898, 46.6576761], [11.3101724, 46.6581155], [11.310296, 46.6582078], [11.3103112, 46.6582546], [11.3102385, 46.658354], [11.309883, 46.6585076], [11.3098167, 46.6585646]]}, "properties": {"osm_id": "way/425703383", "highway": "path", "mtb:scale": "1", "name": "Opferwank", "sac_scale": "hiking", "surface": "fine_gravel", "trail_visibility": "excellent"}}, {"type": "Feature", "geometry": {"type": "LineString", "coordinates": [[11.3039857, 46.6660378], [11.3040306, 46.6660192], [11.3042532, 46.6659239], [11.3043173, 46.6658788], [11.304417, 46.6657996], [11.3044492, 46.6657701], [11.3045377, 46.6657204], [11.3046745, 46.66561], [11.3047683, 46.6655106], [11.304889, 46.6654259], [11.3050258, 46.6653468], [11.3050803, 46.6652994], [11.3051548, 46.6652486], [11.305225, 46.6651675], [11.3052705, 46.6650915], [11.3053508, 46.6650093], [11.3054111, 46.664988], [11.3054986, 46.6649766]]}, "properties": {"osm_id": "way/425703384", "highway": "path", "sac_scale": "hiking", "trail_visibility": "intermediate"}}, {"type": "Feature", "geometry": {"type": "LineString", "coordinates": [[11.3152965, 46.652801], [11.3152989, 46.6528376], [11.3153493, 46.6529134], [11.3155359, 46.6530569], [11.3158974, 46.6532402], [11.3160566, 46.6533529], [11.3162362, 46.6534905], [11.3162829, 46.6535683], [11.3163609, 46.6537299], [11.3164087, 46.6539945], [11.3164178, 46.6541815], [11.3163882, 46.6544038], [11.316393, 46.6545378], [11.3164393, 46.6547887], [11.3164497, 46.6549339], [11.3164409, 46.6550775], [11.3163534, 46.6553808], [11.3162326, 46.6555179], [11.3160367, 46.6557622]]}, "properties": {"osm_id": "way/425703385", "access": "destination", "highway": "unclassified"}}, {"type": "Feature", "geometry": {"type": "LineString", "coordinates": [[11.3153349, 46.6527073], [11.3152965, 46.652801]]}, "properties": {"osm_id": "way/425703386", "access": "destination", "bridge": "yes", "highway": "unclassified", "layer": "1"}}, {"type": "Feature", "geometry": {"type": "LineString", "coordinates": [[11.3098167, 46.6585646], [11.309914, 46.658571], [11.3099667, 46.6586365], [11.3099492, 46.6587503]]}, "properties": {"osm_id": "way/425703387", "highway": "track", "surface": "fine_gravel", "tracktype": "grade3"}}, {"type": "Feature", "geometry": {"type": "LineString", "coordinates": [[11.3204024, 46.6513347], [11.3203177, 46.6513989], [11.3201947, 46.6514532], [11.3201424, 46.6514974], [11.3201465, 46.6515563], [11.3202028, 46.651606], [11.3202551, 46.6516364], [11.3203879, 46.6516916], [11.3205434, 46.6517432], [11.3206574, 46.6517321], [11.3207449, 46.6516955], [11.3208464, 46.6515723]]}, "properties": {"osm_id": "way/425703388", "highway": "service", "oneway": "yes", "service": "parking_aisle", "surface": "gravel"}}, {"type": "Feature", "geometry": {"type": "LineString", "coordinates": [[11.3044791, 46.6618011], [11.3048099, 46.6616516], [11.305727, 46.6612464], [11.3066038, 46.6607618], [11.3068073, 46.6605635], [11.3069718, 46.6602596], [11.3070249, 46.6601987]]}, "properties": {"osm_id": "way/425703389", "fixme": "way geometry only estimated", "highway": "track", "note": "recently (2015/2016?) built track, more or less parallel to the existing hiking path, but a bit further down the valley. rejoins with the hiking path ~250m to the southeast.", "surface": "fine_gravel", "tracktype": "grade3"}}, {"type": "Feature", "geometry": {"type": "LineString", "coordinates": [[11.2794331, 46.6803913], [11.2795322, 46.680416]]}, "properties": {"osm_id": "way/430294411", "bridge": "yes", "highway": "path", "layer": "1", "mtb:scale": "1", "sac_scale": "hiking", "surface": "wood"}}, {"type": "Feature", "geometry": {"type": "LineString", "coordinates": [[11.2795322, 46.680416], [11.2795889, 46.6804734], [11.2795647, 46.6805541], [11.2795907, 46.6806282], [11.2796411, 46.6807523], [11.2797206, 46.6808535], [11.2800413, 46.6810023], [11.2801971, 46.6810291], [11.2805596, 46.6810645], [11.2806637, 46.68111], [11.2806775, 46.6811744], [11.2806421, 46.6812467], [11.2806333, 46.6813242], [11.2807306, 46.6814228], [11.2807528, 46.6815273], [11.2808136, 46.681647], [11.2807955, 46.6817981], [11.2808238, 46.6818449], [11.2809008, 46.6819025], [11.281109, 46.6821303], [11.2812853, 46.6822737], [11.281366, 46.6823055], [11.2816218, 46.6823523], [11.2817936, 46.6823602], [11.2818758, 46.6823886], [11.2819501, 46.6824301], [11.2819141, 46.682496], [11.281965, 46.6825415], [11.2820881, 46.6826287]]}, "properties": {"osm_id": "way/430294412", "highway": "path", "mtb:scale": "1", "sac_scale": "hiking", "surface": "dirt"}}, {"type": "Feature", "geometry": {"type": "LineString", "coordinates": [[11.257534, 46.6636014], [11.2575988, 46.6636258], [11.2577182, 46.6636436], [11.2577859, 46.6636738], [11.2578893, 46.6637588], [11.258017, 46.6638169], [11.2581806, 46.6639059], [11.2582705, 46.6640021], [11.2583543, 46.6641356], [11.2584341, 46.6642811], [11.2584899, 46.6643411], [11.258574, 46.6643705], [11.2586613, 46.6644364], [11.2587526, 46.6644968], [11.2588601, 46.6645433], [11.2590553, 46.6646152], [11.2591837, 46.6646449], [11.2593796, 46.6646854], [11.2594868, 46.6647231], [11.2597555, 46.6647957], [11.2601564, 46.6648733], [11.2603038, 46.664872], [11.2604361, 46.6648505], [11.2605527, 46.6648391], [11.2606834, 46.6648637], [11.2609193, 46.6649458], [11.2612301, 46.6649774], [11.261568, 46.6651052], [11.2618328, 46.665206], [11.2620143, 46.6652504], [11.2621917, 46.6652796], [11.2625042, 46.66536], [11.2628832, 46.6654101]]}, "properties": {"osm_id": "way/430294729", "highway": "path"}}, {"type": "Feature", "geometry": {"type": "LineString", "coordinates": [[11.2628832, 46.6654101], [11.2628971, 46.6654548], [11.2629452, 46.6654885], [11.2634382, 46.6657003], [11.2636753, 46.665857], [11.263769, 46.6659514], [11.2639545, 46.6662203], [11.2640696, 46.6663786], [11.2642085, 46.666503], [11.2643944, 46.6667228], [11.2645913, 46.6670786], [11.2648367, 46.6673402], [11.2648669, 46.6674119], [11.264891, 46.6675126], [11.2649331, 46.6675881], [11.2651423, 46.6677235], [11.2653723, 46.667894], [11.2655404, 46.6680633], [11.2655488, 46.6680699], [11.2656082, 46.668152], [11.2658137, 46.6683308], [11.2658314, 46.6684758], [11.2658228, 46.6686069], [11.2658857, 46.6687511], [11.2659062, 46.6689254], [11.2660443, 46.6692275], [11.2661735, 46.6694367], [11.2665716, 46.6698783], [11.26668, 46.6700164], [11.2669847, 46.6702365], [11.2671951, 46.6704356], [11.2675173, 46.6706802], [11.2676237, 46.6708502], [11.2679799, 46.6711092], [11.2679821, 46.6712307], [11.2678534, 46.6713529], [11.2677332, 46.6715499], [11.2678504, 46.6718755]]}, "properties": {"osm_id": "way/430294730", "highway": "track", "ref:hiking": "17", "sac_scale": "hiking", "surface": "gravel"}}, {"type": "Feature", "geometry": {"type": "LineString", "coordinates": [[11.2888625, 46.654464], [11.2889169, 46.6546025], [11.2889613, 46.6549493], [11.2889497, 46.6552861], [11.288992, 46.655463], [11.2890056, 46.6556125], [11.2890345, 46.6556702], [11.2891135, 46.6557253], [11.2893662, 46.6559036], [11.2894703, 46.6559519], [11.2895812, 46.6559842], [11.2896463, 46.6560085], [11.2896833, 46.6560317], [11.2897465, 46.656061]]}, "properties": {"osm_id": "way/441959590", "highway": "path", "surface": "unpaved", "trail_visibility": "good"}}, {"type": "Feature", "geometry": {"type": "LineString", "coordinates": [[11.2677968, 46.6933067], [11.2678243, 46.6931385], [11.2679078, 46.6929429]]}, "properties": {"osm_id": "way/504603310", "highway": "track", "name": "Kuhleitenweg - Sentiero Kuhleiten", "ref": "19A", "source": "GPS", "surface": "gravel", "tracktype": "grade2", "width": "3"}}, {"type": "Feature", "geometry": {"type": "LineString", "coordinates": [[11.2677169, 46.6918213], [11.2676608, 46.6918802], [11.2676513, 46.6919477], [11.2677378, 46.6920942], [11.2678511, 46.6922407], [11.2678863, 46.692352], [11.2679006, 46.6924707], [11.2678899, 46.6927747], [11.2679078, 46.6929429]]}, "properties": {"osm_id": "way/504603311", "highway": "track", "name": "Kuhleitenweg - Sentiero Kuhleiten", "ref": "19A", "source": "GPS", "surface": "gravel", "tracktype": "grade2", "width": "3"}}, {"type": "Feature", "geometry": {"type": "LineString", "coordinates": [[11.3519735, 46.6833132], [11.3520869, 46.6833897]]}, "properties": {"osm_id": "way/509660360", "highway": "track"}}, {"type": "Feature", "geometry": {"type": "LineString", "coordinates": [[11.3518195, 46.6835545], [11.3517792, 46.6835457], [11.351743, 46.6835511], [11.3517137, 46.6835684], [11.3515144, 46.6837258], [11.3510602, 46.6841154], [11.3509046, 46.6843822]]}, "properties": {"osm_id": "way/509660361", "access": "private", "highway": "service", "service": "driveway"}}, {"type": "Feature", "geometry": {"type": "LineString", "coordinates": [[11.3553462, 46.6797741], [11.355218, 46.6797046], [11.3549347, 46.6796651], [11.3548341, 46.6795986], [11.3547835, 46.6793026], [11.3546789, 46.6790861], [11.3543493, 46.6787733], [11.3542719, 46.6786707], [11.3541676, 46.6784627], [11.354112, 46.6783885], [11.354079, 46.6783503], [11.3540641, 46.6783194], [11.3540659, 46.6782913], [11.3540838, 46.6782618], [11.3544958, 46.6778608], [11.3546025, 46.6777241], [11.3546561, 46.6776486], [11.3547205, 46.6776001], [11.3548925, 46.6775263], [11.355096, 46.67748], [11.3553112, 46.6774793], [11.3553766, 46.6774483], [11.3556509, 46.6772353], [11.3557664, 46.6770429], [11.3557982, 46.6769585], [11.3558649, 46.676866], [11.3559523, 46.6768077], [11.35607, 46.6767311], [11.3563653, 46.676461], [11.3564126, 46.6764221], [11.3565809, 46.676342], [11.3569115, 46.6762562], [11.3572126, 46.6761283], [11.3573769, 46.6759528], [11.3575971, 46.6756321], [11.3576545, 46.6755935], [11.3579535, 46.6754771], [11.3580984, 46.6753736], [11.3581299, 46.6753427], [11.358142, 46.6752052]]}, "properties": {"osm_id": "way/519520116", "highway": "path", "incline": "down", "mtb:scale": "0"}}, {"type": "Feature", "geometry": {"type": "LineString", "coordinates": [[11.3288707, 46.691106], [11.3292485, 46.6909634], [11.3294088, 46.6908839], [11.3297112, 46.6907385], [11.3297468, 46.6906985], [11.3296549, 46.6906888], [11.3293049, 46.6907459], [11.3291372, 46.6907509], [11.3289709, 46.6907146], [11.3288127, 46.6907026], [11.3285793, 46.6906373], [11.3284995, 46.6905863], [11.3285069, 46.6905329], [11.3284063, 46.6905076], [11.328348, 46.6904313], [11.3282205, 46.6903678], [11.3282293, 46.6902472], [11.3282843, 46.6901626], [11.3283507, 46.6900237], [11.3285123, 46.6899143], [11.3286455, 46.6897358], [11.3287396, 46.6896815], [11.3288911, 46.6895546], [11.32881, 46.6894465], [11.3289341, 46.6893444], [11.3291245, 46.6894129], [11.3292251, 46.6894102], [11.3292955, 46.6894046], [11.3297501, 46.6893135], [11.3299915, 46.6891866], [11.3305829, 46.6887395], [11.3307492, 46.6886484], [11.3308619, 46.6885072]]}, "properties": {"osm_id": "way/519524632", "highway": "path", "mtb:scale": "2"}}, {"type": "Feature", "geometry": {"type": "LineString", "coordinates": [[11.2677169, 46.6918213], [11.2678667, 46.6917687], [11.268181, 46.6916659], [11.268342, 46.6915851], [11.2684433, 46.6915343]]}, "properties": {"osm_id": "way/522001869", "highway": "track", "surface": "gravel", "tracktype": "grade2", "width": "3"}}, {"type": "Feature", "geometry": {"type": "LineString", "coordinates": [[11.2875303, 46.6808198], [11.2874913, 46.6807764], [11.2873377, 46.6806806], [11.2871981, 46.6805034], [11.2870446, 46.6802688], [11.2869468, 46.6801155], [11.2868142, 46.6799479], [11.2866187, 46.6798186], [11.2863395, 46.6796989], [11.2861231, 46.6796079], [11.285809, 46.6795025], [11.2855856, 46.6794355], [11.2854669, 46.679378], [11.2851738, 46.6793588], [11.2850132, 46.6793014], [11.2848945, 46.6792295], [11.284727, 46.6792152], [11.2845176, 46.679196], [11.2843431, 46.6791529], [11.2842523, 46.6790763], [11.2841686, 46.6789709], [11.2840289, 46.6789038], [11.2838405, 46.6788991], [11.2836101, 46.6789038], [11.2834356, 46.6788464], [11.2833099, 46.6788464], [11.2830517, 46.6788176], [11.2828702, 46.6787554], [11.2826747, 46.6786787], [11.2824583, 46.6786404], [11.2822419, 46.6785973], [11.2820534, 46.6785063], [11.281837, 46.6783962], [11.2817184, 46.6783627], [11.2816077, 46.6783436], [11.2814795, 46.6783377]]}, "properties": {"osm_id": "way/620115274", "highway": "path", "sac_scale": "mountain_hiking"}}, {"type": "Feature", "geometry": {"type": "LineString", "coordinates": [[11.3055525, 46.7097339], [11.3055888, 46.7097819], [11.3055754, 46.7098555], [11.30546, 46.7099714], [11.3054091, 46.7099916], [11.3053527, 46.7101001], [11.3052937, 46.710376], [11.3050845, 46.7107015], [11.3050523, 46.7108155], [11.3049719, 46.7109719], [11.3049719, 46.7111962], [11.3051221, 46.711244], [11.3052481, 46.7112349], [11.30557, 46.7113176], [11.3057899, 46.7114703], [11.305916, 46.7114831], [11.3061815, 46.7116284], [11.3063021, 46.711702], [11.3063157, 46.7117388], [11.3063157, 46.711862], [11.3065919, 46.7119208], [11.306718, 46.7119926], [11.3067904, 46.7121673], [11.3069513, 46.712353], [11.3071445, 46.7125811], [11.3072544, 46.7128275], [11.3074502, 46.7131733], [11.3075468, 46.7134215], [11.3075657, 46.7134464]]}, "properties": {"osm_id": "way/625957208", "highway": "path"}}, {"type": "Feature", "geometry": {"type": "LineString", "coordinates": [[11.3381769, 46.7147615], [11.3382092, 46.7147797], [11.3382208, 46.7148229], [11.338176, 46.7149439], [11.3381744, 46.7150541], [11.3381153, 46.7152563], [11.3381163, 46.7153645], [11.3381864, 46.7154933], [11.3382078, 46.7155883], [11.3381774, 46.7157267], [11.3381057, 46.7158399], [11.3380629, 46.716162], [11.3379795, 46.7162854], [11.3379698, 46.7163746], [11.3384221, 46.7167399], [11.3386474, 46.7171665], [11.3387064, 46.7173247], [11.3387654, 46.7176115], [11.3389531, 46.7181853], [11.3389907, 46.7185273], [11.3389692, 46.7187075], [11.338996, 46.7188988], [11.3390711, 46.7189319], [11.3391945, 46.7189429], [11.3392804, 46.7189208], [11.339452, 46.7187995], [11.3396183, 46.718759], [11.339731, 46.7188657], [11.3398275, 46.719079], [11.3399777, 46.7191856], [11.3401011, 46.719215], [11.3402406, 46.719193], [11.340305, 46.7191599], [11.3405786, 46.7188804], [11.3406537, 46.7187884], [11.3407824, 46.7186303], [11.3410184, 46.7183287], [11.3412598, 46.7180933], [11.3413832, 46.7179094]]}, "properties": {"osm_id": "way/636362307", "highway": "track", "name": "Ahnerberg", "source": "Geobrowser der Autonomen Provinz Bozen"}}, {"type": "Feature", "geometry": {"type": "LineString", "coordinates": [[11.3341033, 46.6572012], [11.3339494, 46.6569475], [11.3334255, 46.6566457], [11.3331346, 46.6564809], [11.333203, 46.6564306], [11.3335135, 46.656495], [11.3337394, 46.6565012], [11.3339218, 46.6564674], [11.33413, 46.6564502], [11.3342772, 46.6565129], [11.3343536, 46.6565602], [11.3344299, 46.6565282], [11.3343983, 46.6564732], [11.3342865, 46.6564208], [11.3341471, 46.656301], [11.3338152, 46.6562367], [11.3337221, 46.6561574], [11.3332534, 46.6559789], [11.332985, 46.6558287], [11.3326251, 46.6556186], [11.3324238, 46.6555207], [11.3322469, 46.6554568], [11.3320867, 46.6554555], [11.3320227, 46.6554541], [11.3318687, 46.6554274], [11.331824, 46.6553839], [11.3319265, 46.6553558], [11.3321202, 46.6553289], [11.3322897, 46.6553059], [11.3323735, 46.6552957], [11.3325505, 46.6553289], [11.3327051, 46.6553507], [11.3328429, 46.6553507], [11.3329416, 46.6553494], [11.3332024, 46.6553993], [11.3333906, 46.6554376]]}, "properties": {"osm_id": "way/688643224", "highway": "service"}}, {"type": "Feature", "geometry": {"type": "LineString", "coordinates": [[11.3522269, 46.6834858], [11.3524819, 46.6836315], [11.3526862, 46.6837597], [11.3528825, 46.6837928], [11.353096, 46.6837639], [11.3532699, 46.6837437], [11.3534098, 46.6837749], [11.3537719, 46.6837455]]}, "properties": {"osm_id": "way/705836177", "highway": "track"}}, {"type": "Feature", "geometry": {"type": "LineString", "coordinates": [[11.3520869, 46.6833897], [11.3522269, 46.6834858]]}, "properties": {"osm_id": "way/705836178", "bridge": "yes", "highway": "track", "layer": "1"}}, {"type": "Feature", "geometry": {"type": "LineString", "coordinates": [[11.3494128, 46.6555543], [11.3494723, 46.6554742], [11.3494777, 46.655392], [11.349433, 46.655327]]}, "properties": {"osm_id": "way/847066233", "highway": "path"}}, {"type": "Feature", "geometry": {"type": "LineString", "coordinates": [[11.3558799, 46.6518703], [11.3558373, 46.6517729]]}, "properties": {"osm_id": "way/847067168", "highway": "path"}}, {"type": "Feature", "geometry": {"type": "LineString", "coordinates": [[11.3558373, 46.6517729], [11.3558395, 46.6516279]]}, "properties": {"osm_id": "way/847067169", "bridge": "yes", "highway": "path", "layer": "1"}}, {"type": "Feature", "geometry": {"type": "LineString", "coordinates": [[11.3558395, 46.6516279], [11.3562698, 46.6514945], [11.3572633, 46.6509443], [11.3574197, 46.6509274], [11.3582565, 46.650231], [11.3585249, 46.6500565], [11.3587948, 46.6499471], [11.3589953, 46.6498116], [11.3591163, 46.6498064], [11.3592903, 46.6496687]]}, "properties": {"osm_id": "way/847067170", "highway": "path"}}, {"type": "Feature", "geometry": {"type": "LineString", "coordinates": [[11.2881247, 46.6809885], [11.2886552, 46.6814388], [11.2887073, 46.6815713], [11.2886521, 46.6817691], [11.288646, 46.682112], [11.2889159, 46.6827348], [11.2889189, 46.683307], [11.2886859, 46.6840623], [11.2884559, 46.6844936], [11.2884099, 46.6845398], [11.2882351, 46.684746], [11.2881461, 46.6849227], [11.2881155, 46.6851541], [11.2881332, 46.6853478]]}, "properties": {"osm_id": "way/894757420", "bicycle": "yes", "foot": "yes", "highway": "track", "name": "Falkenau", "ref:hiking": "14", "source": "Geobrowser der Autonomen Provinz Bozen", "surface": "gravel", "tracktype": "grade3"}}, {"type": "Feature", "geometry": {"type": "LineString", "coordinates": [[11.2877362, 46.6818238], [11.2878235, 46.6819356], [11.2877457, 46.6820488], [11.2876582, 46.6822427], [11.2875791, 46.6826408], [11.2876555, 46.6827588], [11.2876767, 46.6828324], [11.2876331, 46.6832317], [11.2876596, 46.6833198], [11.287671, 46.6835059], [11.2877219, 46.6836087], [11.2877642, 46.6838286], [11.2877789, 46.6839885], [11.2877588, 46.6841285], [11.2877551, 46.6842833], [11.287791, 46.6844009], [11.2878326, 46.6844662], [11.2878329, 46.6845124], [11.2878262, 46.6845637], [11.2878574, 46.6846734], [11.2879006, 46.6847249], [11.2879201, 46.6847962], [11.2879056, 46.684865], [11.2879442, 46.6849837], [11.2879828, 46.6851389], [11.2880374, 46.6852951], [11.2881332, 46.6853478]]}, "properties": {"osm_id": "way/894757421", "highway": "path", "surface": "rock"}}, {"type": "Feature", "geometry": {"type": "LineString", "coordinates": [[11.2966513, 46.6809656], [11.2968405, 46.6808972], [11.2970206, 46.6808484], [11.2971852, 46.6808067], [11.2973324, 46.6807186]]}, "properties": {"osm_id": "way/894757422", "highway": "track", "ref:hiking": "10", "sac_scale": "mountain_hiking", "source": "https://www.meran2000.com/it/inverno/escursioni.html", "surface": "gravel", "tracktype": "grade3", "width": "1"}}, {"type": "Feature", "geometry": {"type": "LineString", "coordinates": [[11.2968592, 46.6814254], [11.2968465, 46.6813337], [11.2967915, 46.6812028], [11.2966949, 46.6810707], [11.2966513, 46.6809656]]}, "properties": {"osm_id": "way/894757423", "foot": "yes", "highway": "path", "mtb:scale": "1", "mtb:scale:uphill": "2", "sac_scale": "mountain_hiking", "surface": "gravel", "width": "0.5"}}, {"type": "Feature", "geometry": {"type": "LineString", "coordinates": [[11.2973324, 46.6807186], [11.2968592, 46.6814254]]}, "properties": {"osm_id": "way/894757424", "highway": "path", "surface": "gravel"}}, {"type": "Feature", "geometry": {"type": "LineString", "coordinates": [[11.2997138, 46.6778182], [11.2996372, 46.6777242], [11.2995395, 46.6776155], [11.2994137, 46.677556], [11.2992446, 46.6775225], [11.2992369, 46.6774757], [11.2992741, 46.6774465], [11.2994281, 46.6774144], [11.299567, 46.6773595], [11.2999072, 46.677311], [11.3000892, 46.677302], [11.3002273, 46.6773199], [11.3002854, 46.677323], [11.3003138, 46.677319], [11.3003441, 46.6773128]]}, "properties": {"osm_id": "way/894757425", "highway": "track", "ref:hiking": "10", "sac_scale": "mountain_hiking", "source": "https://www.meran2000.com/it/inverno/escursioni.html", "tracktype": "grade3", "width": "1"}}, {"type": "Feature", "geometry": {"type": "LineString", "coordinates": [[11.3003441, 46.6773128], [11.3003671, 46.6772682], [11.3003281, 46.6772044]]}, "properties": {"osm_id": "way/894757426", "highway": "track", "name": "Hüttenwanderung - Escursione di Rifugio in Rifugio", "name:de": "Hüttenwanderung", "name:it": "Escursione di Rifugio in Rifugio", "ref:hiking": "10", "sac_scale": "mountain_hiking", "source": "https://www.meran2000.com/it/inverno/escursioni.html", "tracktype": "grade3", "width": "1"}}, {"type": "Feature", "geometry": {"type": "LineString", "coordinates": [[11.3003281, 46.6772044], [11.300081, 46.6770264], [11.2999209, 46.6769394], [11.2997578, 46.676887], [11.2996178, 46.6768803], [11.2993956, 46.6769167], [11.2992495, 46.6769123], [11.2990818, 46.6768859], [11.2989703, 46.676883], [11.2988966, 46.6768784], [11.2988775, 46.6768394], [11.2989439, 46.676789], [11.299244, 46.6766634], [11.2995156, 46.6765164], [11.2996622, 46.676442], [11.2998487, 46.6763501], [11.2999656, 46.6763054], [11.3000781, 46.6762757], [11.3001521, 46.6762219], [11.3002155, 46.676179]]}, "properties": {"osm_id": "way/894757427", "highway": "track", "ref:hiking": "10", "sac_scale": "mountain_hiking", "source": "https://www.meran2000.com/it/inverno/escursioni.html", "tracktype": "grade3", "width": "1"}}, {"type": "Feature", "geometry": {"type": "LineString", "coordinates": [[11.3002155, 46.676179], [11.3002754, 46.6761457], [11.300421, 46.6761211], [11.3004919, 46.6761002], [11.3005052, 46.6760505], [11.300423, 46.6759741], [11.3001476, 46.6758006], [11.3000845, 46.6757691], [11.3000346, 46.6757038], [11.300075, 46.6756706], [11.3001633, 46.6756526], [11.3005925, 46.6755387], [11.3007134, 46.6754799], [11.3008161, 46.6754562], [11.3010083, 46.6754374], [11.3011249, 46.6754173], [11.3013131, 46.675415], [11.3014252, 46.6753949], [11.3015754, 46.6753321], [11.3017502, 46.6752873], [11.3019116, 46.6752648], [11.3024585, 46.67535], [11.3028732, 46.67548], [11.3030624, 46.6754435], [11.3032354, 46.6754945], [11.3032679, 46.6755041], [11.3033932, 46.6755024], [11.3037451, 46.6754778], [11.3040394, 46.6754392], [11.304186, 46.675418], [11.3045901, 46.6753949], [11.304824, 46.6754399], [11.3049604, 46.6754202], [11.3050455, 46.6753947]]}, "properties": {"osm_id": "way/894757428", "highway": "track", "ref:hiking": "10", "sac_scale": "mountain_hiking", "source": "https://www.meran2000.com/it/inverno/escursioni.html", "tracktype": "grade3", "width": "1"}}, {"type": "Feature", "geometry": {"type": "LineString", "coordinates": [[11.3148422, 46.6897137], [11.3151077, 46.6895526], [11.315288, 46.6894686], [11.3155691, 46.6894055], [11.3158588, 46.689273], [11.3160444, 46.6891852], [11.3162074, 46.6890853], [11.316495, 46.6890049], [11.3167278, 46.6889344], [11.3171387, 46.6888467], [11.3173715, 46.6887762], [11.3176161, 46.6887584], [11.3179326, 46.6887032], [11.3184069, 46.688537], [11.3185195, 46.6884119], [11.3187663, 46.688261], [11.3191203, 46.6880623], [11.31941, 46.6879335], [11.319587, 46.6878636], [11.3196814, 46.6878127], [11.319748, 46.6877127], [11.3195334, 46.6876428], [11.319292, 46.6875803]]}, "properties": {"osm_id": "way/894757429", "highway": "path", "name": "Panoramaweg - Sentiero panoramico", "name:de": "Panoramaweg", "name:it": "Sentiero panoramico", "source": "Geobrowser der Autonomen Provinz Bozen"}}, {"type": "Feature", "geometry": {"type": "LineString", "coordinates": [[11.3167625, 46.6900027], [11.317533, 46.6896805], [11.3178857, 46.6894036], [11.318164, 46.6891222], [11.31829, 46.6890627], [11.318357, 46.6890019], [11.3184485, 46.6887525], [11.3185027, 46.6886922], [11.3187661, 46.6885525], [11.3190443, 46.6883753], [11.3192005, 46.6883027], [11.3193108, 46.6882338], [11.3194655, 46.6880672], [11.3195858, 46.687953], [11.3197683, 46.6878275], [11.3198772, 46.6877468], [11.3199153, 46.6876738], [11.3199124, 46.6876081], [11.3198689, 46.6875807], [11.3198172, 46.6875661], [11.3196011, 46.687575], [11.3195346, 46.6875462]]}, "properties": {"osm_id": "way/894757430", "highway": "track", "name": "Kesselberg", "source": "Geobrowser der Autonomen Provinz Bozen"}}, {"type": "Feature", "geometry": {"type": "LineString", "coordinates": [[11.3042165, 46.6896247], [11.3043145, 46.6896557], [11.3043574, 46.6896851], [11.3044218, 46.6896888], [11.3044647, 46.6897513], [11.3044165, 46.6899427], [11.304336, 46.6901414], [11.3043843, 46.6903033], [11.3044325, 46.6904542], [11.3045881, 46.6905204], [11.3047276, 46.6906602], [11.3048456, 46.6907301], [11.3048724, 46.6908001], [11.3051085, 46.6909914], [11.3052158, 46.6910613], [11.3053069, 46.6911459], [11.3055108, 46.6912379], [11.3059271, 46.6913342], [11.3060687, 46.6913962], [11.3061653, 46.6914587], [11.3062082, 46.6914918], [11.3063315, 46.6915213], [11.3065493, 46.6915071], [11.3066266, 46.691455], [11.30675, 46.691363], [11.3068036, 46.6912637], [11.3069753, 46.6913226], [11.3070772, 46.6913152], [11.3071899, 46.6912711], [11.3073025, 46.6911901], [11.3074152, 46.6911202], [11.307442, 46.6910834], [11.3075493, 46.6910319], [11.3078636, 46.6908411], [11.3082016, 46.6907749], [11.3086222, 46.6906676], [11.3087809, 46.6906166], [11.308958, 46.6906093], [11.309121, 46.6906345], [11.3092498, 46.6906382], [11.3094268, 46.690583], [11.3095556, 46.6905756], [11.3099364, 46.690583], [11.3101757, 46.6905651], [11.3103742, 46.6905357], [11.3105641, 46.6905388], [11.3108323, 46.6904873], [11.311034, 46.6904952], [11.3112754, 46.6904731], [11.3115329, 46.6905246], [11.3117957, 46.6905357], [11.3124287, 46.6904492], [11.3127179, 46.6904027], [11.3129826, 46.6903388], [11.3131444, 46.6902775], [11.3132356, 46.690226], [11.3136036, 46.6901245], [11.3139254, 46.6900794], [11.3144404, 46.6899073], [11.3146008, 46.6898268], [11.3147488, 46.6897721], [11.3148422, 46.6897137]]}, "properties": {"osm_id": "way/894757431", "highway": "path", "name": "Panoramaweg - Sentiero panoramico", "name:de": "Panoramaweg", "name:it": "Sentiero panoramico", "source": "Geobrowser der Autonomen Provinz Bozen"}}, {"type": "Feature", "geometry": {"type": "LineString", "coordinates": [[11.3165449, 46.6901801], [11.3165234, 46.6901422], [11.316579, 46.6900898], [11.3166999, 46.6900272], [11.3167625, 46.6900027]]}, "properties": {"osm_id": "way/894757432", "highway": "track", "name": "Kesselberg", "source": "Geobrowser der Autonomen Provinz Bozen"}}, {"type": "Feature", "geometry": {"type": "LineString", "coordinates": [[11.3148422, 46.6897137], [11.3151475, 46.6897206], [11.3154345, 46.6897634], [11.3156679, 46.6897031], [11.3157738, 46.6896972], [11.3158951, 46.6897643], [11.3159629, 46.6897763], [11.3160835, 46.6898167], [11.3161674, 46.6898269], [11.3164417, 46.6899294], [11.3167065, 46.6899465], [11.3167625, 46.6900027]]}, "properties": {"osm_id": "way/894757433", "highway": "path"}}, {"type": "Feature", "geometry": {"type": "LineString", "coordinates": [[11.281375, 46.6865249], [11.2816327, 46.686452]]}, "properties": {"osm_id": "way/894757434", "highway": "track", "name": "Kirchsteigeralm - Malga Kirchsteiger", "name:de": "Kirchsteigeralm", "name:it": "Malga Kirchsteiger", "tracktype": "grade2"}}, {"type": "Feature", "geometry": {"type": "LineString", "coordinates": [[11.3570374, 46.6709164], [11.3570926, 46.6709135], [11.3571871, 46.6707985], [11.3572957, 46.670747], [11.357405, 46.670747], [11.3574392, 46.6707391], [11.3577276, 46.6705689], [11.3577645, 46.6705574], [11.357912, 46.670441], [11.3579535, 46.6704539], [11.3580092, 46.6704861], [11.3580555, 46.6705744], [11.3580635, 46.6707433], [11.3582104, 46.6708993], [11.3582674, 46.6710318], [11.3582794, 46.6711891], [11.35826, 46.6712444], [11.3583029, 46.6714151], [11.3583552, 46.6714698], [11.3583894, 46.6714671], [11.3585805, 46.6713042], [11.3587475, 46.6712177], [11.3588937, 46.6711105], [11.3589178, 46.6710594], [11.3591116, 46.6709195], [11.3593315, 46.6707069], [11.3597084, 46.6704631], [11.35987, 46.6703779], [11.3600712, 46.6703089], [11.3602307, 46.6702183], [11.3603347, 46.6700881], [11.3605291, 46.6699721], [11.3607263, 46.6697765], [11.3609342, 46.6696279], [11.3610669, 46.6694715], [11.3611373, 46.6694453], [11.3612875, 46.669425], [11.3613579, 46.6694209], [11.3614357, 46.6694489], [11.3614377, 46.6695046], [11.3614699, 46.6695431]]}, "properties": {"osm_id": "way/894971157", "highway": "path"}}, {"type": "Feature", "geometry": {"type": "LineString", "coordinates": [[11.3570374, 46.6709164], [11.3572627, 46.6705902], [11.3574129, 46.670303], [11.3574665, 46.6701337], [11.3575309, 46.6699349], [11.357724, 46.6696846], [11.3579568, 46.6693666], [11.3579905, 46.6692025], [11.3579283, 46.668965], [11.3579493, 46.6687496]]}, "properties": {"osm_id": "way/894971158", "highway": "service"}}, {"type": "Feature", "geometry": {"type": "LineString", "coordinates": [[11.3557177, 46.6680428], [11.355707, 46.6686686], [11.3556212, 46.6691472], [11.3555997, 46.6693901], [11.3556748, 46.669773], [11.3556888, 46.6702256], [11.355708, 46.6703514], [11.3558012, 46.6704714], [11.3558641, 46.6706142], [11.355824, 46.6707958]]}, "properties": {"osm_id": "way/894971159", "highway": "service"}}, {"type": "Feature", "geometry": {"type": "LineString", "coordinates": [[11.3523464, 46.6706641], [11.3525757, 46.670776], [11.3527802, 46.6708169], [11.3528759, 46.6708218], [11.3529032, 46.6708221], [11.3529747, 46.6708229], [11.3531571, 46.670926], [11.3535292, 46.6712066], [11.353609, 46.6713336], [11.3535252, 46.6717118], [11.3536399, 46.6717371], [11.3539054, 46.6717201], [11.3545988, 46.671301], [11.3548563, 46.6711698], [11.3550722, 46.6711022], [11.3552143, 46.6709968], [11.355824, 46.6707958]]}, "properties": {"osm_id": "way/894971160", "highway": "path"}}, {"type": "Feature", "geometry": {"type": "LineString", "coordinates": [[11.3523464, 46.6706641], [11.3525214, 46.6705239], [11.3529291, 46.670314], [11.353192, 46.6700932]]}, "properties": {"osm_id": "way/894971161", "highway": "track", "name": "Stenkeben", "ref:hiking": "10", "source": "Geobrowser der Autonomen Provinz Bozen"}}, {"type": "Feature", "geometry": {"type": "LineString", "coordinates": [[11.3478907, 46.6691805], [11.3479653, 46.6691775], [11.3480408, 46.6691445]]}, "properties": {"osm_id": "way/894971162", "highway": "track", "name": "Öttenbacher Almweg", "ref:hiking": "10", "source": "Geobrowser der Autonomen Provinz Bozen"}}, {"type": "Feature", "geometry": {"type": "LineString", "coordinates": [[11.3553462, 46.6797741], [11.3554706, 46.6798181]]}, "properties": {"osm_id": "way/894977282", "highway": "path"}}, {"type": "Feature", "geometry": {"type": "LineString", "coordinates": [[11.2820394, 46.6828765], [11.2820705, 46.6831697]]}, "properties": {"osm_id": "way/894984861", "highway": "track", "mtb": "yes", "mtb:scale": "0", "surface": "gravel", "tracktype": "grade3", "width": "3"}}, {"type": "Feature", "geometry": {"type": "LineString", "coordinates": [[11.3108985, 46.7154997], [11.3110454, 46.7155906], [11.3110989, 46.7157042], [11.3112204, 46.7159577], [11.3113672, 46.7161154], [11.3115402, 46.7162301], [11.3119429, 46.7164025]]}, "properties": {"osm_id": "way/895009744", "bicycle": "yes", "highway": "track", "mtb:scale": "0", "name": "Ochsenwald", "source": "Geobrowser der Autonomen Provinz Bozen"}}, {"type": "Feature", "geometry": {"type": "LineString", "coordinates": [[11.3119429, 46.7164025], [11.3124067, 46.7164677], [11.3130719, 46.7166443], [11.3137823, 46.7166071], [11.3141028, 46.7166802], [11.3143831, 46.7167198], [11.3148404, 46.7167317], [11.314937, 46.7167473], [11.315059, 46.7167961], [11.3154244, 46.7170223], [11.3155974, 46.7170977], [11.3157074, 46.7171184], [11.3158221, 46.7171262], [11.3161325, 46.7171262], [11.3161909, 46.7171565], [11.3163076, 46.7172402], [11.31638, 46.7172627], [11.3165007, 46.7172774], [11.3166428, 46.7172866], [11.3167997, 46.717345], [11.317814, 46.7174093], [11.3183896, 46.7175997], [11.3187383, 46.7176162], [11.3189743, 46.7176677], [11.3196529, 46.7176558], [11.320157, 46.7177091], [11.3204891, 46.7177694], [11.3214718, 46.7178625], [11.3218581, 46.7177882], [11.3224535, 46.7176117], [11.3229395, 46.7175554], [11.3236934, 46.7176005], [11.3250024, 46.7179536], [11.3265473, 46.7181301], [11.3275593, 46.7181849], [11.3278184, 46.7181965], [11.3280466, 46.7181826], [11.3282764, 46.7181514], [11.3285821, 46.718027], [11.3290077, 46.7178207], [11.3292337, 46.7176404], [11.3294199, 46.7174522], [11.3295142, 46.7173035], [11.329597, 46.7171499], [11.3297156, 46.7169547], [11.3299943, 46.7165797], [11.3302701, 46.7162073], [11.33033, 46.7161207]]}, "properties": {"osm_id": "way/895009745", "bicycle": "yes", "highway": "track", "mtb:scale": "0", "name": "Ochsenwald", "source": "Geobrowser der Autonomen Provinz Bozen"}}, {"type": "Feature", "geometry": {"type": "LineString", "coordinates": [[11.3128643, 46.7169956], [11.312584, 46.7168991], [11.312291, 46.7167795], [11.312124, 46.716631], [11.3120341, 46.7164862], [11.3119429, 46.7164025]]}, "properties": {"osm_id": "way/895009746", "highway": "path"}}, {"type": "Feature", "geometry": {"type": "LineString", "coordinates": [[11.3146976, 46.717202], [11.3149839, 46.7172071], [11.3154613, 46.7172981], [11.3156041, 46.7173078], [11.3157584, 46.7172921], [11.3158965, 46.717265], [11.3160346, 46.7172489], [11.3163371, 46.717299], [11.3164376, 46.7172949], [11.3165007, 46.7172774]]}, "properties": {"osm_id": "way/895009747", "highway": "track"}}, {"type": "Feature", "geometry": {"type": "LineString", "coordinates": [[11.3128643, 46.7169956], [11.3127811, 46.7169905], [11.3127067, 46.7169979], [11.3124646, 46.7171036], [11.3123754, 46.7171262], [11.3123003, 46.7171252], [11.3122044, 46.7171013], [11.3117183, 46.7169165], [11.3116036, 46.7168986], [11.3115111, 46.7168968], [11.3114313, 46.716905], [11.3113626, 46.7169318]]}, "properties": {"osm_id": "way/895009748", "highway": "track", "name": "Moosmannwaldweg"}}, {"type": "Feature", "geometry": {"type": "LineString", "coordinates": [[11.3195346, 46.6875462], [11.319528, 46.6874884], [11.3195613, 46.6874479], [11.3200132, 46.6872148], [11.3201244, 46.6871341], [11.320177, 46.6870048], [11.3201865, 46.686832], [11.3202339, 46.6867528], [11.3203095, 46.6866605], [11.3203311, 46.6866053], [11.3202945, 46.6865388], [11.320196, 46.6864287], [11.3201126, 46.6863666], [11.3201005, 46.6862926], [11.3201473, 46.6862438], [11.3206584, 46.6860464], [11.3209444, 46.6859461], [11.3212459, 46.6858784], [11.3215692, 46.6858455], [11.3218487, 46.6858451], [11.322056, 46.6858166], [11.3222082, 46.6857916], [11.3222639, 46.6857898], [11.3223188, 46.685806], [11.3223241, 46.685847], [11.3222797, 46.6858839], [11.3221428, 46.6859545], [11.3219875, 46.6860833], [11.321857, 46.6862959], [11.3217976, 46.6863867], [11.3216743, 46.6864942], [11.3216505, 46.6865926], [11.3216852, 46.686658], [11.3218735, 46.6868284], [11.3220679, 46.6869829], [11.3221908, 46.6871578], [11.3222138, 46.687249], [11.3221768, 46.687387], [11.3221794, 46.6875295], [11.322152, 46.6876839], [11.3220796, 46.6879023], [11.3220588, 46.6880609], [11.3220749, 46.6883329], [11.3220666, 46.6884582], [11.3220418, 46.6885822], [11.3220784, 46.6887341], [11.3221263, 46.6888316], [11.3222219, 46.6889874], [11.3222798, 46.689041], [11.3223395, 46.6890537], [11.3223984, 46.6890483], [11.3224326, 46.6889992], [11.3224193, 46.6888784], [11.3224593, 46.6887129], [11.3225151, 46.6886046], [11.322601, 46.688517], [11.3228076, 46.6883848], [11.3229158, 46.6883166], [11.3229885, 46.6882964], [11.3231961, 46.6882808], [11.3232972, 46.6882677], [11.3234635, 46.6882147], [11.323609, 46.6881559], [11.3236958, 46.6881454], [11.3237591, 46.6881618], [11.3238059, 46.6881974], [11.3238202, 46.6882633], [11.323738, 46.6883869], [11.3237339, 46.6884747], [11.3237742, 46.6887372], [11.3238022, 46.6887719], [11.323889, 46.6888355], [11.3239351, 46.6888745], [11.3239798, 46.6889783], [11.3241001, 46.6891023], [11.3244008, 46.6893297], [11.3246769, 46.689648], [11.3247715, 46.6897092], [11.324859, 46.689746], [11.325008, 46.6898633], [11.3253236, 46.690122], [11.3254933, 46.690227], [11.3256597, 46.6903996], [11.325909, 46.6906572], [11.3261272, 46.6908301], [11.3262862, 46.6909008], [11.3264769, 46.6909411], [11.3269301, 46.6909956], [11.32717, 46.6910583], [11.3272573, 46.6911067], [11.3274405, 46.6912928], [11.3276921, 46.6914302], [11.3280469, 46.6916055], [11.3280885, 46.69168]]}, "properties": {"osm_id": "way/895027841", "highway": "track", "name": "Kesselberg", "source": "Geobrowser der Autonomen Provinz Bozen"}}, {"type": "Feature", "geometry": {"type": "LineString", "coordinates": [[11.3308619, 46.6885072], [11.3309595, 46.688479], [11.3310613, 46.6884065], [11.3312235, 46.6882478], [11.3319054, 46.6878974], [11.3325791, 46.6875381], [11.3328695, 46.6874104], [11.3333257, 46.6873125], [11.3337746, 46.6871824]]}, "properties": {"osm_id": "way/895027842", "highway": "track", "name": "Graf Bergweg", "source": "Geobrowser der Autonomen Provinz Bozen"}}, {"type": "Feature", "geometry": {"type": "LineString", "coordinates": [[11.3451709, 46.6857597], [11.3451069, 46.6856497], [11.345123, 46.6855357], [11.3452088, 46.6853958], [11.3452518, 46.6852413], [11.3452142, 46.6850977], [11.3450694, 46.6850057], [11.3447368, 46.6848144], [11.3446992, 46.6847408], [11.3447314, 46.6845457], [11.3446992, 46.684439], [11.3445597, 46.684266], [11.344372, 46.6840894], [11.3443365, 46.6840461], [11.3442272, 46.6839128], [11.3442164, 46.6837656], [11.3441735, 46.6835779], [11.3440501, 46.6834233], [11.3437926, 46.6831399], [11.3436532, 46.6829154], [11.3435083, 46.6827057], [11.3433367, 46.6824959], [11.3431328, 46.6824113]]}, "properties": {"osm_id": "way/895027843", "highway": "track", "name": "Graf Bergweg", "source": "Geobrowser der Autonomen Provinz Bozen"}}, {"type": "Feature", "geometry": {"type": "LineString", "coordinates": [[11.3466388, 46.6827565], [11.3466454, 46.6826828], [11.3466885, 46.6824262], [11.346672, 46.6822473], [11.3465925, 46.6820125], [11.3464824, 46.6818825], [11.3464782, 46.6818382], [11.3465151, 46.6817952]]}, "properties": {"osm_id": "way/895027844", "highway": "residential"}}, {"type": "Feature", "geometry": {"type": "LineString", "coordinates": [[11.3465151, 46.6817952], [11.3465786, 46.681796], [11.3466402, 46.6818149], [11.346764, 46.6819411], [11.3471547, 46.6822718], [11.3473829, 46.6824962], [11.347449, 46.6826258], [11.347469, 46.682836], [11.3475204, 46.6829364]]}, "properties": {"osm_id": "way/895027845", "highway": "residential"}}, {"type": "Feature", "geometry": {"type": "LineString", "coordinates": [[11.3465151, 46.6817952], [11.3465692, 46.6817206], [11.3464813, 46.6816484], [11.346448, 46.6815935], [11.3464498, 46.6815362], [11.3465245, 46.68155], [11.3466161, 46.6815356], [11.3464753, 46.681304], [11.346475, 46.6812412], [11.3469755, 46.6812778], [11.3473686, 46.6811038], [11.3475615, 46.681098], [11.347631, 46.6811097], [11.3480678, 46.6810994], [11.3482882, 46.6811296], [11.3484984, 46.6811638], [11.3489971, 46.6813007], [11.3491231, 46.6813177], [11.3492223, 46.6813131], [11.3494867, 46.6812536], [11.349569, 46.6812629], [11.3496579, 46.6813045], [11.3497248, 46.6813092], [11.3498805, 46.6812858], [11.3500885, 46.6811968], [11.3505039, 46.6812046], [11.3508175, 46.6813628], [11.3511793, 46.6814357], [11.351324, 46.6815509], [11.3515594, 46.6818007], [11.3516636, 46.6818508], [11.3519733, 46.6819065], [11.3521689, 46.6819684], [11.3524181, 46.6820094], [11.352527, 46.6820423], [11.3526484, 46.6820611], [11.3527769, 46.6820598], [11.3528837, 46.6821118], [11.3531332, 46.6823735], [11.3534447, 46.6823847], [11.3535369, 46.682356], [11.3537663, 46.6821837], [11.3540062, 46.6820529], [11.3542391, 46.6818275], [11.3542652, 46.6816145], [11.3542472, 46.6814249], [11.3543021, 46.6811926], [11.3544192, 46.681061], [11.3544572, 46.680947], [11.3546347, 46.6807872], [11.354786, 46.6807547], [11.3549334, 46.6807578], [11.355046, 46.6807026]]}, "properties": {"osm_id": "way/895027846", "highway": "path", "incline": "down", "mtb:scale": "1"}}, {"type": "Feature", "geometry": {"type": "LineString", "coordinates": [[11.3551027, 46.680579], [11.355046, 46.6807026]]}, "properties": {"osm_id": "way/895027847", "highway": "primary", "lanes": "2", "ref": "SS508", "surface": "asphalt"}}, {"type": "Feature", "geometry": {"type": "LineString", "coordinates": [[11.3555362, 46.6797496], [11.3554706, 46.6798181], [11.3553908, 46.6799562], [11.3551027, 46.680579]]}, "properties": {"osm_id": "way/895027848", "highway": "primary", "lanes": "2", "ref": "SS508", "surface": "asphalt"}}, {"type": "Feature", "geometry": {"type": "LineString", "coordinates": [[11.3551027, 46.680579], [11.3550053, 46.6805418], [11.3549953, 46.6804324], [11.3549147, 46.6802441], [11.3549944, 46.6801608], [11.35516, 46.6799125], [11.3552399, 46.6798359], [11.3553462, 46.6797741]]}, "properties": {"osm_id": "way/895027849", "highway": "path", "incline": "down", "mtb:scale": "0"}}, {"type": "Feature", "geometry": {"type": "LineString", "coordinates": [[11.3419275, 46.693197], [11.3419859, 46.6931338], [11.3419442, 46.6930843]]}, "properties": {"osm_id": "way/895028921", "highway": "residential"}}, {"type": "Feature", "geometry": {"type": "LineString", "coordinates": [[11.334775, 46.6917062], [11.3351507, 46.6915591], [11.3353823, 46.6914958], [11.3355128, 46.6914137], [11.3359013, 46.6909993], [11.3363403, 46.6907238], [11.3364798, 46.6906106], [11.3366997, 46.6903521], [11.3367982, 46.6903231], [11.3368915, 46.6903457], [11.3369679, 46.6904368], [11.3370039, 46.6905793], [11.3368043, 46.6909262], [11.3367477, 46.691202], [11.3365576, 46.6914202], [11.3363309, 46.6916023], [11.3360798, 46.691973], [11.336064, 46.6920981], [11.3362245, 46.6924076], [11.3363993, 46.6926979], [11.3363994, 46.6927734], [11.3363443, 46.6928478], [11.3361441, 46.692926], [11.3359507, 46.6930473], [11.3357501, 46.6932474], [11.335559, 46.6933801], [11.3355003, 46.6935328], [11.3354458, 46.6935846], [11.3349054, 46.6937887], [11.3348463, 46.6938394], [11.3348453, 46.6938783], [11.3349067, 46.6939112], [11.3349848, 46.693904], [11.3353927, 46.6937697], [11.335669, 46.6937361], [11.3360059, 46.6935663], [11.3367064, 46.6933114], [11.3372338, 46.6931477], [11.3373716, 46.6930787], [11.3374975, 46.6929187], [11.3376335, 46.6928521], [11.3381374, 46.6926482], [11.3381715, 46.6925919], [11.3381468, 46.6924026], [11.338182, 46.6923271], [11.3384341, 46.6921758], [11.3388416, 46.6919866], [11.3391147, 46.6917039], [11.3394754, 46.6915199], [11.3395761, 46.6915061], [11.3399103, 46.691287], [11.3401624, 46.6911473], [11.3403563, 46.6909604], [11.3405584, 46.6906782], [11.3406296, 46.6902326], [11.3407764, 46.6900024], [11.3408801, 46.6898128], [11.341018, 46.6894913], [11.3410996, 46.6893909], [11.3414328, 46.6891846], [11.341818, 46.6886139], [11.3420379, 46.6884302], [11.3421491, 46.6884044], [11.3422135, 46.6884375], [11.3422113, 46.6884876], [11.3420583, 46.688689], [11.3419891, 46.6889114], [11.3419929, 46.6890948], [11.3420983, 46.6892706], [11.342151, 46.6895226], [11.342295, 46.6898991], [11.3422949, 46.6906093], [11.3422112, 46.6909389], [11.3418376, 46.6917025], [11.3418333, 46.6917112], [11.3418258, 46.691776], [11.3417885, 46.6920994], [11.341654, 46.692448], [11.3415381, 46.6929759], [11.3413512, 46.6932827], [11.3419442, 46.6930843]]}, "properties": {"osm_id": "way/895028922", "highway": "track", "name": "Kesselberg", "source": "Geobrowser der Autonomen Provinz Bozen"}}, {"type": "Feature", "geometry": {"type": "LineString", "coordinates": [[11.2985116, 46.7011931], [11.2987149, 46.7013623], [11.2988198, 46.7014579], [11.2989535, 46.7015654], [11.2991778, 46.7017657], [11.2995573, 46.7020161], [11.2996445, 46.7021322], [11.299734, 46.7022427], [11.2999341, 46.7024715], [11.3001192, 46.7028299], [11.3003777, 46.7031695], [11.3007863, 46.7035533], [11.300789, 46.7037253]]}, "properties": {"osm_id": "way/895031289", "highway": "track", "mtb:scale": "3", "mtb:scale:uphill": "3", "tracktype": "grade3"}}, {"type": "Feature", "geometry": {"type": "LineString", "coordinates": [[11.2954762, 46.7036501], [11.2954477, 46.7035808]]}, "properties": {"osm_id": "way/895031290", "highway": "track", "mtb:scale": "3", "mtb:scale:uphill": "3", "tracktype": "grade3"}}, {"type": "Feature", "geometry": {"type": "LineString", "coordinates": [[11.3135693, 46.6737329], [11.3139197, 46.6737834], [11.3143415, 46.6737676], [11.3146804, 46.6737045], [11.3149441, 46.6736242], [11.31517, 46.6735937], [11.3157407, 46.673449], [11.3161797, 46.6733571], [11.3167521, 46.6731573], [11.3169855, 46.6730904], [11.3172957, 46.6729688], [11.3175716, 46.6729072], [11.3180027, 46.672859], [11.3182798, 46.6728047], [11.318493, 46.6727449], [11.3189141, 46.6725615], [11.319485, 46.6722492], [11.3197105, 46.6721539], [11.3199156, 46.6720385], [11.3202366, 46.6719207], [11.320647, 46.6718504], [11.3219228, 46.671741], [11.3226478, 46.6717616], [11.323189, 46.6717113], [11.3235384, 46.671727], [11.3241894, 46.6717183], [11.3243974, 46.6717296], [11.3246489, 46.6717659], [11.3249407, 46.6718978], [11.3254192, 46.6720815], [11.3258692, 46.6721513], [11.3262305, 46.6722493], [11.3264398, 46.672328], [11.3271604, 46.672668], [11.3275433, 46.6727718], [11.3276337, 46.6727672], [11.3280292, 46.6726527], [11.3284673, 46.6725781], [11.3286752, 46.6725883], [11.32928, 46.6726667], [11.3293418, 46.672659], [11.3293891, 46.6726008], [11.3294719, 46.6725496], [11.3295927, 46.6723948], [11.3296127, 46.6723655], [11.3295949, 46.6722771], [11.3296202, 46.6722361], [11.3296994, 46.6721975], [11.329734, 46.6721084], [11.3299196, 46.672034], [11.3299724, 46.6720287], [11.3300236, 46.6720382], [11.330171, 46.6721216], [11.3302754, 46.6720994], [11.3303383, 46.6720242], [11.3305582, 46.6718524], [11.3307675, 46.6717427], [11.3309064, 46.6716301], [11.3309677, 46.6715171], [11.3310413, 46.6714582], [11.3311826, 46.6714035], [11.3313208, 46.6713095], [11.3314209, 46.6712979], [11.3315934, 46.6713198], [11.3316706, 46.6712731], [11.3317739, 46.671243], [11.3318354, 46.6712302], [11.3319461, 46.6712387], [11.332006, 46.6712239], [11.3321112, 46.6711821], [11.3322965, 46.671137], [11.3325569, 46.6710004], [11.3327356, 46.6709393], [11.3328209, 46.6708886], [11.332952, 46.6708577], [11.333499, 46.6708673], [11.3336597, 46.6707668], [11.333675, 46.6706845], [11.3337591, 46.6706647], [11.3338299, 46.6706205], [11.3339493, 46.6706024], [11.3341377, 46.670613], [11.3344097, 46.6705165], [11.3344918, 46.6703738], [11.3345835, 46.6702843], [11.3346643, 46.670263], [11.3348146, 46.6702616], [11.334916, 46.6702998], [11.3349559, 46.6702965], [11.335001, 46.6702244], [11.3350869, 46.6701922], [11.3351863, 46.6700704], [11.3351781, 46.6698419], [11.3351192, 46.6697829], [11.335117, 46.6697532], [11.3351251, 46.6697306], [11.3351964, 46.6696981], [11.3352434, 46.6697071], [11.3355391, 46.6698926], [11.3356572, 46.6700362], [11.3357185, 46.6700373], [11.3357999, 46.670012], [11.3358262, 46.6699777], [11.3359144, 46.6699374], [11.3361527, 46.6698938], [11.3362257, 46.6699191], [11.3363395, 46.6699994], [11.3364112, 46.6700141], [11.3367453, 46.6700525], [11.3368213, 46.6700307], [11.3369248, 46.6700459], [11.3370842, 46.669836], [11.3371206, 46.6697363], [11.3369903, 46.6695547], [11.3368337, 46.6694102], [11.3367934, 46.669197], [11.3367555, 46.6691291], [11.3366211, 46.6690098], [11.3365009, 46.6689313], [11.336398, 46.6687978], [11.3361063, 46.6684959], [11.3360467, 46.6684023], [11.335971, 46.6681636], [11.3357538, 46.6679023], [11.3355942, 46.6675533], [11.3353827, 46.6673845], [11.3352586, 46.6673314], [11.3349845, 46.6673014], [11.3345907, 46.6672278], [11.3345169, 46.6672018], [11.3343876, 46.6671959], [11.3343174, 46.6671813], [11.3342694, 46.6671482], [11.3341274, 46.6671141], [11.33406, 46.667085], [11.3338967, 46.6669524], [11.3335897, 46.6667706], [11.333514, 46.6667384], [11.3333681, 46.6667275], [11.3331667, 46.6666808], [11.3328242, 46.6665441], [11.3326795, 46.6664814], [11.3325894, 46.6664014], [11.3324529, 46.6662886], [11.3323977, 46.6662402], [11.3323516, 46.666193], [11.332332, 46.666152], [11.3323279, 46.6661062], [11.3322963, 46.6660705], [11.3322151, 46.6660473], [11.3319212, 46.6660366], [11.3318345, 46.665993], [11.3316145, 46.6658753], [11.3315525, 46.6658495], [11.3314242, 46.6658087], [11.3311377, 46.6657069], [11.3310095, 46.6656302], [11.3309108, 46.6655387], [11.3307628, 46.6653287], [11.3306921, 46.6651652], [11.3305978, 46.6648159], [11.3306036, 46.6647605], [11.3306534, 46.6646633], [11.3307349, 46.664584], [11.3308556, 46.6645247], [11.3308938, 46.6644672]]}, "properties": {"osm_id": "way/895033683", "highway": "path", "sac_scale": "mountain_hiking", "trail_visibility": "good"}}, {"type": "Feature", "geometry": {"type": "LineString", "coordinates": [[11.3078154, 46.6644833], [11.3078671, 46.6645162], [11.3079279, 46.6645623], [11.3086738, 46.6644259]]}, "properties": {"osm_id": "way/895034103", "highway": "service", "service": "parking_aisle"}}, {"type": "Feature", "geometry": {"type": "LineString", "coordinates": [[11.3090729, 46.6692337], [11.3095583, 46.6691691], [11.309673, 46.6691591], [11.3097494, 46.6691537], [11.309861, 46.6691525], [11.310364, 46.6691723], [11.3106292, 46.6692176]]}, "properties": {"osm_id": "way/895036735", "highway": "track", "name": "Meran 2000 - Merano 2000", "name:de": "Meran 2000", "name:it": "Merano 2000", "source": "https://www.suedtirolerland.it/it/sport-e-tempo-libero/montagne-ed-escursioni/escursioni-a-bolzano-e-dintorni/dal-rifugio-sarentino-agli-omini-di-pietra-e-merano-2000/", "tracktype": "grade2"}}, {"type": "Feature", "geometry": {"type": "LineString", "coordinates": [[11.307235, 46.6694147], [11.3075092, 46.6694083], [11.3077429, 46.6693982], [11.3078356, 46.6693806], [11.3079657, 46.6693538], [11.3081045, 46.6693534], [11.3082346, 46.6693598], [11.3083238, 46.6693553], [11.3085306, 46.6693186], [11.3086078, 46.6693041], [11.3090729, 46.6692337]]}, "properties": {"osm_id": "way/895036737", "highway": "track", "name": "Meran 2000 - Merano 2000", "name:de": "Meran 2000", "name:it": "Merano 2000", "source": "https://www.suedtirolerland.it/it/sport-e-tempo-libero/montagne-ed-escursioni/escursioni-a-bolzano-e-dintorni/dal-rifugio-sarentino-agli-omini-di-pietra-e-merano-2000/", "tracktype": "grade2"}}, {"type": "Feature", "geometry": {"type": "LineString", "coordinates": [[11.2678463, 46.6935993], [11.2677968, 46.6933067]]}, "properties": {"osm_id": "way/895040274", "highway": "track", "name": "Kuhleitenweg - Sentiero Kuhleiten", "name:de": "Kuhleitenweg", "name:it": "Sentiero Kuhleiten", "source": "GPS", "surface": "gravel", "tracktype": "grade2", "width": "3"}}, {"type": "Feature", "geometry": {"type": "LineString", "coordinates": [[11.2711278, 46.6964573], [11.271126, 46.6964953], [11.2711012, 46.6965223], [11.2710632, 46.6965464], [11.2710032, 46.6965648], [11.2709454, 46.6965678], [11.2708477, 46.6965473], [11.2706593, 46.6964673], [11.2704725, 46.6963921], [11.2702823, 46.6963232], [11.2700847, 46.6962416], [11.2699112, 46.6961513], [11.2697193, 46.696043], [11.2694771, 46.6959076], [11.2690795, 46.6956824], [11.2688942, 46.6954915], [11.2687256, 46.6953321], [11.2684442, 46.695095], [11.2682459, 46.6949193], [11.268085, 46.6947123], [11.2680171, 46.6945873], [11.2679208, 46.6942363], [11.2678925, 46.6938253], [11.2678463, 46.6935993]]}, "properties": {"osm_id": "way/895040275", "highway": "track", "name": "Kuhleitenweg - Sentiero Kuhleiten", "name:de": "Kuhleitenweg", "name:it": "Sentiero Kuhleiten", "source": "GPS", "surface": "gravel", "tracktype": "grade2", "width": "3"}}, {"type": "Feature", "geometry": {"type": "LineString", "coordinates": [[11.2810213, 46.6683607], [11.2809956, 46.6683697], [11.2807651, 46.668345], [11.2805431, 46.6683037], [11.280348, 46.6682815], [11.2801709, 46.6682727], [11.2801064, 46.6682662], [11.2799612, 46.6682364], [11.2798901, 46.6682301], [11.2797991, 46.6682294], [11.2796664, 46.6682379], [11.2795516, 46.6682443], [11.2794474, 46.6682483], [11.2793543, 46.6682384], [11.2789872, 46.6681871], [11.2788613, 46.6681759], [11.2786859, 46.6681763], [11.2785487, 46.6681832], [11.278371, 46.6682225], [11.2781446, 46.6682811], [11.2779192, 46.6683554], [11.2776937, 46.6684373], [11.2775658, 46.6685042], [11.2774358, 46.668589], [11.2773839, 46.6686301], [11.2773382, 46.6686872], [11.2772689, 46.6687615], [11.2771964, 46.6688255], [11.2771647, 46.6688435], [11.2771323, 46.6688553], [11.2770992, 46.6688591], [11.2770599, 46.6688521], [11.2770332, 46.6688344], [11.2770152, 46.6687972], [11.2769979, 46.6687199], [11.2769726, 46.6686406], [11.2769142, 46.6685533], [11.2768902, 46.6684849], [11.2768902, 46.6684199], [11.2768924, 46.668292], [11.2768823, 46.6682499], [11.2768631, 46.6682136], [11.2768368, 46.6681769], [11.2767226, 46.6680252], [11.2766706, 46.6679166]]}, "properties": {"osm_id": "way/895061538", "highway": "track", "name": "Locherweg - Via Locher", "name:de": "Locherweg", "name:it": "Via Locher", "source": "GPS", "surface": "unpaved", "tracktype": "grade2"}}, {"type": "Feature", "geometry": {"type": "LineString", "coordinates": [[11.3111443, 46.6636259], [11.3113899, 46.6634221], [11.3114303, 46.6633953], [11.3114884, 46.6633701], [11.3115545, 46.6633415], [11.3116572, 46.6633171], [11.3117478, 46.663309], [11.3118228, 46.6633134], [11.3119181, 46.6633341], [11.3120085, 46.6633577], [11.3121822, 46.6634241], [11.3122792, 46.6634473], [11.3123343, 46.6634502], [11.3123831, 46.6634444], [11.3125142, 46.6634061], [11.3125536, 46.6633857], [11.3125927, 46.6633552], [11.3128025, 46.6631302], [11.3128273, 46.663113], [11.3128571, 46.663095], [11.3128885, 46.6630868], [11.3129257, 46.6630768], [11.3130594, 46.6630597], [11.3131327, 46.6630376], [11.3131896, 46.663017], [11.3132308, 46.6629812], [11.3132513, 46.6629574], [11.3133153, 46.6628828], [11.3134579, 46.6626731], [11.3135296, 46.6625938], [11.3136061, 46.6625433], [11.3136909, 46.6625019], [11.3138244, 46.6624521], [11.3143993, 46.6622841], [11.3144649, 46.6622691], [11.3145222, 46.6622614], [11.3148354, 46.6622235], [11.3149114, 46.6622095], [11.3151013, 46.6621584], [11.3151757, 46.6621386], [11.3152338, 46.6621166], [11.3152906, 46.6620895], [11.3153387, 46.6620624], [11.3154721, 46.661965], [11.3155154, 46.6619351], [11.3155516, 46.6619157], [11.3155924, 46.6619045], [11.315649, 46.6619017], [11.3157012, 46.661903], [11.3157971, 46.6619047], [11.3158518, 46.6619], [11.3159163, 46.6618913], [11.3159758, 46.6618769], [11.3160864, 46.6618463], [11.3161836, 46.6618113], [11.3162514, 46.66178], [11.3163162, 46.6617456], [11.3163592, 46.6617115], [11.3163959, 46.6616758], [11.3164279, 46.6616389], [11.3165391, 46.6614845], [11.3165859, 46.6614372], [11.3166281, 46.6613962], [11.3166705, 46.6613613], [11.3167292, 46.6613212], [11.3167802, 46.6612974], [11.3168719, 46.661264], [11.3169467, 46.6612441], [11.3170092, 46.6612237], [11.3170472, 46.661208], [11.3170829, 46.6611813], [11.3171328, 46.661107], [11.3171698, 46.6609477], [11.3172322, 46.6608026], [11.3173266, 46.660665], [11.3173974, 46.6606034], [11.317473, 46.6605681], [11.3176008, 46.6605429], [11.3179318, 46.6604971], [11.3181521, 46.660491], [11.3183501, 46.6605022], [11.3183928, 46.6604993], [11.3184685, 46.6604928], [11.3185379, 46.6604753], [11.3186391, 46.6604225], [11.3187119, 46.6603521], [11.3188505, 46.6601768], [11.3189225, 46.6600898], [11.3189949, 46.6600318], [11.319188, 46.6599297], [11.319473, 46.6598202], [11.3197949, 46.6597503], [11.3205512, 46.6596152], [11.321001, 46.6595315], [11.321103, 46.6595214], [11.3211854, 46.6595155], [11.3214876, 46.6595168], [11.3216627, 46.6595258], [11.3217648, 46.6595311], [11.3219668, 46.6595554], [11.3221565, 46.6595663], [11.3222349, 46.6595631], [11.3223207, 46.6595531], [11.3227644, 46.6594924], [11.322914, 46.6594551], [11.3229678, 46.6594154], [11.3229877, 46.6593874], [11.3230121, 46.6593001], [11.3229679, 46.6590676], [11.3228698, 46.6588006], [11.3228582, 46.6587078], [11.3228711, 46.6586414], [11.322929, 46.6585635], [11.3230071, 46.658507], [11.3232151, 46.6583975], [11.323381, 46.6583342], [11.3235124, 46.6583097], [11.3238415, 46.6582716], [11.3239526, 46.6582441], [11.3240613, 46.6581811], [11.3241072, 46.6581208], [11.3241835, 46.6579713], [11.3242657, 46.6578958], [11.3243985, 46.6578144], [11.3246388, 46.6576985], [11.3248694, 46.6575331], [11.3251405, 46.6573949], [11.3253081, 46.6573482], [11.3255526, 46.6572924], [11.3256496, 46.6572664], [11.3258839, 46.6571174], [11.326003, 46.6570533], [11.326465, 46.6568436], [11.3266352, 46.6568069], [11.3267033, 46.6568115], [11.3269805, 46.6569279], [11.3275361, 46.6570641], [11.3276858, 46.657118], [11.3279819, 46.6572989], [11.3281016, 46.6573459], [11.3282184, 46.6573714], [11.3283015, 46.6573702], [11.3283928, 46.6573359], [11.3284367, 46.6572879], [11.3284618, 46.6572297], [11.3284237, 46.6569352], [11.3284417, 46.6568726], [11.3284905, 46.6568193], [11.3285609, 46.6567708], [11.3287801, 46.6566703], [11.3289482, 46.6565939]]}, "properties": {"osm_id": "way/895061539", "highway": "residential"}}, {"type": "Feature", "geometry": {"type": "LineString", "coordinates": [[11.3293321, 46.6560172], [11.3294569, 46.6560194], [11.3297322, 46.6559477], [11.3299674, 46.6559095]]}, "properties": {"osm_id": "way/895061540", "highway": "service"}}, {"type": "Feature", "geometry": {"type": "LineString", "coordinates": [[11.3432719, 46.6560907], [11.3430032, 46.6559581], [11.3428562, 46.6559145], [11.3427625, 46.6558827], [11.3427181, 46.6558202], [11.3427407, 46.6557781], [11.3428043, 46.6557576], [11.3429398, 46.6557712], [11.3431726, 46.6558975], [11.3433027, 46.6559227], [11.3437899, 46.6559012], [11.3440006, 46.6557985], [11.3441329, 46.6557508], [11.3454431, 46.6558528], [11.345655, 46.6558304], [11.3460951, 46.6557105]]}, "properties": {"osm_id": "way/895061541", "highway": "service"}}, {"type": "Feature", "geometry": {"type": "LineString", "coordinates": [[11.3460951, 46.6557105], [11.3463538, 46.6556769], [11.3464946, 46.6556728], [11.3466197, 46.6557], [11.3467117, 46.6557541], [11.3468606, 46.6558445], [11.3469784, 46.6558833], [11.3472996, 46.6559927], [11.3474358, 46.6560259], [11.347551, 46.6560498], [11.3475961, 46.6560801], [11.3475793, 46.6561212], [11.347501, 46.6561056], [11.347266, 46.6560716], [11.3470383, 46.656061]]}, "properties": {"osm_id": "way/895061542", "highway": "service"}}, {"type": "Feature", "geometry": {"type": "LineString", "coordinates": [[11.3525227, 46.653633], [11.3526287, 46.6535425], [11.3527585, 46.6534729], [11.352998, 46.6534064], [11.3531678, 46.6533657], [11.3532508, 46.653329], [11.3532617, 46.6532792], [11.3532023, 46.6532499], [11.3530863, 46.6532464], [11.3529386, 46.6532685], [11.3527065, 46.6533123], [11.3524876, 46.6533241], [11.35237, 46.6533092], [11.3523095, 46.6532939], [11.3522544, 46.653254], [11.3522305, 46.6532154]]}, "properties": {"osm_id": "way/895061543", "highway": "residential", "sac_scale": "hiking", "trail_visibility": "excellent"}}, {"type": "Feature", "geometry": {"type": "LineString", "coordinates": [[11.3136623, 46.718069], [11.313461, 46.7179896], [11.3132088, 46.7178738], [11.3131042, 46.7178333], [11.3129138, 46.7178021], [11.3128628, 46.7177487], [11.3127824, 46.7176807], [11.312659, 46.7176182], [11.3124471, 46.7174343], [11.3122513, 46.7173092], [11.3120287, 46.7172504], [11.3118319, 46.7171674]]}, "properties": {"osm_id": "way/895066179", "bicycle": "yes", "highway": "track", "mtb:scale": "2"}}, {"type": "Feature", "geometry": {"type": "LineString", "coordinates": [[11.3118319, 46.7171674], [11.3116167, 46.7170273], [11.3114704, 46.7169607], [11.3113626, 46.7169318], [11.3112347, 46.7168976], [11.3109442, 46.7167494], [11.3108783, 46.7166507], [11.3107519, 46.7165549], [11.3105965, 46.7164927], [11.3104351, 46.7164004], [11.3103793, 46.7162836], [11.3102914, 46.7160046], [11.3101482, 46.7157706], [11.3100914, 46.7156427], [11.3100821, 46.7155704]]}, "properties": {"osm_id": "way/895066180", "bicycle": "yes", "highway": "track", "mtb:scale": "2"}}, {"type": "Feature", "geometry": {"type": "LineString", "coordinates": [[11.3095583, 46.7153748], [11.3094716, 46.7153734], [11.3094209, 46.7153748], [11.3093545, 46.7153856], [11.309293, 46.7153937], [11.3092406, 46.7153896], [11.309184, 46.7153762], [11.3091271, 46.715355], [11.3090824, 46.7153256], [11.3090314, 46.7152828], [11.3088546, 46.7151353], [11.3087908, 46.7150735], [11.3086787, 46.7149816], [11.308603, 46.7149285], [11.308541, 46.7148822], [11.3085037, 46.714841], [11.3084745, 46.7147935], [11.3084517, 46.7147435], [11.3084344, 46.714666], [11.3084171, 46.7145717], [11.3083925, 46.7144879], [11.3083496, 46.7143692], [11.3083123, 46.7142898], [11.3082293, 46.7141442], [11.3081437, 46.7140117]]}, "properties": {"osm_id": "way/895066181", "highway": "track", "mtb:scale": "1", "name": "Durralmweg", "source": "Geobrowser der Autonomen Provinz Bozen"}}, {"type": "Feature", "geometry": {"type": "LineString", "coordinates": [[11.3075657, 46.7134464], [11.3074169, 46.7135296], [11.3072955, 46.7135906], [11.3071529, 46.7136606], [11.3070042, 46.7137233], [11.3068572, 46.71378], [11.3067164, 46.7138174], [11.3065651, 46.7138561], [11.3064718, 46.7138935], [11.3064075, 46.7139345], [11.3063515, 46.7139878], [11.3062843, 46.714089], [11.3062025, 46.7142181], [11.3061207, 46.7143677], [11.3060705, 46.7144679], [11.3060635, 46.7145095], [11.3060705, 46.7145469], [11.3060987, 46.7145795], [11.3061462, 46.7146356], [11.3061711, 46.7146756], [11.3061787, 46.7147128], [11.3061743, 46.7147599], [11.3061233, 46.7149482], [11.3060872, 46.7150966], [11.3060643, 46.7151792], [11.3060265, 46.7152408], [11.3059473, 46.7153403], [11.3058848, 46.7154381], [11.3058514, 46.7155189], [11.3058408, 46.715604], [11.3058338, 46.7156686], [11.3058179, 46.7157229], [11.3057862, 46.7157711], [11.3057026, 46.7158767], [11.3056305, 46.7159678], [11.3055944, 46.7160251], [11.305568, 46.7160499], [11.3055046, 46.7160837], [11.3054483, 46.7160993], [11.3053797, 46.7161138], [11.3053322, 46.7161295], [11.3053102, 46.7161434], [11.3052785, 46.7161705], [11.3052618, 46.7162013], [11.3052503, 46.7162454], [11.3052521, 46.7162846], [11.3052565, 46.7163359], [11.305253, 46.7163811], [11.3052389, 46.7164282], [11.3052178, 46.716462], [11.3051597, 46.7165301], [11.3050532, 46.7166411], [11.304989, 46.7167142], [11.3049326, 46.7167763], [11.304871, 46.71683], [11.3047646, 46.7169], [11.3046502, 46.7169591], [11.3045868, 46.7170056], [11.3045384, 46.7170665], [11.3044953, 46.7171582], [11.3044434, 46.7172638], [11.3043756, 46.7173585], [11.3042797, 46.7174563], [11.3041996, 46.7175365], [11.3041477, 46.717624], [11.3041072, 46.7176958], [11.3040491, 46.7178176], [11.3040078, 46.7178925], [11.3039409, 46.7179443], [11.3038423, 46.7180186], [11.3037279, 46.7180909], [11.3036294, 46.7181398], [11.3035871, 46.718173], [11.3035519, 46.7182074], [11.3034815, 46.7182816], [11.3033786, 46.718392], [11.3033082, 46.7184698], [11.3032721, 46.718506], [11.3032184, 46.7185495], [11.3031102, 46.7186273], [11.3030353, 46.7186786], [11.3029456, 46.7187558], [11.3029121, 46.7187926], [11.3028857, 46.7188427], [11.3028664, 46.7188885], [11.3028593, 46.7189187], [11.3028329, 46.7189555], [11.3027907, 46.7189941], [11.3027502, 46.7190351], [11.3026992, 46.7190925], [11.3026561, 46.7191365], [11.3026129, 46.719151], [11.3025716, 46.7191437], [11.3025417, 46.7191226], [11.3025232, 46.7190955], [11.3025117, 46.71904], [11.3025135, 46.7190038], [11.3025249, 46.7189459], [11.3025452, 46.7188662], [11.3025557, 46.7187974], [11.3025547, 46.7187314]]}, "properties": {"osm_id": "way/895066183", "highway": "track", "mtb:scale": "1", "name": "Durralmweg", "source": "Geobrowser der Autonomen Provinz Bozen"}}, {"type": "Feature", "geometry": {"type": "LineString", "coordinates": [[11.3007899, 46.7037839], [11.3008271, 46.7038643], [11.3008952, 46.7042444], [11.3009778, 46.7045128], [11.3010623, 46.704649], [11.3011251, 46.7048041], [11.3010838, 46.7049864], [11.3010808, 46.70511], [11.3011182, 46.7052542], [11.3012128, 46.7053875], [11.3013316, 46.7055262], [11.30147, 46.7056352], [11.3015624, 46.7057289], [11.301625, 46.705884], [11.3016594, 46.7059152], [11.3017063, 46.7059171], [11.3017337, 46.7058826], [11.3017412, 46.705794], [11.3017928, 46.705689], [11.3018719, 46.7056092], [11.3020075, 46.7055365], [11.3021554, 46.705528], [11.3022495, 46.7055452], [11.3023559, 46.7056013], [11.3023964, 46.7057287], [11.3024585, 46.7058183], [11.3025576, 46.7059479], [11.3028366, 46.7065218], [11.3032228, 46.7072281], [11.3037807, 46.7076695], [11.3041884, 46.7083022], [11.3048107, 46.7084788], [11.3051524, 46.709006], [11.305154, 46.7090967], [11.3051075, 46.7092539], [11.3051326, 46.709391], [11.3052061, 46.7095634], [11.3052769, 46.7096381], [11.3054512, 46.709724], [11.3055525, 46.7097339]]}, "properties": {"osm_id": "way/895066184", "bicycle": "yes", "highway": "track", "mtb:scale": "0", "name": "Ochsenwald", "source": "Geobrowser der Autonomen Provinz Bozen"}}, {"type": "Feature", "geometry": {"type": "LineString", "coordinates": [[11.2977111, 46.7007635], [11.2977905, 46.7007452], [11.2979866, 46.7008406], [11.2982329, 46.7009528], [11.2983889, 46.7010563], [11.2984303, 46.7011058], [11.2985116, 46.7011931]]}, "properties": {"osm_id": "way/895066185", "highway": "track", "mtb:scale": "3", "mtb:scale:uphill": "3", "tracktype": "grade3"}}, {"type": "Feature", "geometry": {"type": "LineString", "coordinates": [[11.3030503, 46.6908032], [11.3029489, 46.6906992]]}, "properties": {"osm_id": "way/895066186", "bicycle": "yes", "foot": "yes", "highway": "track", "name": "Kesselberg - Costa Valcanova", "name:de": "Kesselberg", "name:it": "Costa Valcanova", "ref:hiking": "13", "source": "Geobrowser der Autonomen Provinz Bozen", "surface": "gravel", "tracktype": "grade3"}}, {"type": "Feature", "geometry": {"type": "LineString", "coordinates": [[11.3164417, 46.6899294], [11.3164953, 46.6900232], [11.316579, 46.6900898]]}, "properties": {"osm_id": "way/965563441", "highway": "path"}}, {"type": "Feature", "geometry": {"type": "LineString", "coordinates": [[11.3196127, 46.6919795], [11.3195202, 46.6920668], [11.3194115, 46.6921322], [11.3193418, 46.6921478], [11.3191245, 46.6922692], [11.3189998, 46.6924136], [11.3188215, 46.6925259], [11.3185076, 46.6926905], [11.3182059, 46.6931854], [11.3179471, 46.6933979], [11.3176104, 46.6936132], [11.3172886, 46.6936877], [11.3170499, 46.6938385], [11.3169627, 46.6940703], [11.3169962, 46.6941632], [11.3168339, 46.6943463], [11.3164236, 46.6943877], [11.3155532, 46.6947124], [11.315175, 46.6947648], [11.3148424, 46.6947804], [11.3145849, 46.6947657], [11.3139291, 46.6949028], [11.3139881, 46.694981], [11.3137762, 46.6949791], [11.313567, 46.6948853], [11.3130614, 46.6948274]]}, "properties": {"osm_id": "way/965563442", "highway": "path"}}, {"type": "Feature", "geometry": {"type": "LineString", "coordinates": [[11.3006515, 46.6886586], [11.3006991, 46.6887616], [11.3009217, 46.6887956], [11.3011819, 46.6888747], [11.3013978, 46.6889879], [11.3015534, 46.6891507], [11.3016218, 46.689331], [11.3016392, 46.689492], [11.301607, 46.6897128], [11.3014984, 46.6898729], [11.3013764, 46.6900053], [11.3012302, 46.6900964], [11.3009807, 46.6901534], [11.3006884, 46.6901544], [11.3004296, 46.6900716], [11.300341, 46.6900228], [11.3002713, 46.6899189], [11.3002244, 46.6898075], [11.3001439, 46.6894295], [11.3001171, 46.6892022], [11.3001372, 46.6890477], [11.3002123, 46.6889253], [11.3003571, 46.6888398], [11.3005194, 46.6887883], [11.3006991, 46.6887616]]}, "properties": {"osm_id": "way/965584977", "highway": "track", "tracktype": "grade1"}}, {"type": "Feature", "geometry": {"type": "LineString", "coordinates": [[11.2679078, 46.6929429], [11.2679836, 46.6927911], [11.2680815, 46.6924671], [11.2681548, 46.6922243], [11.2682176, 46.6920438], [11.2683463, 46.6918562], [11.2683168, 46.6918341], [11.2682611, 46.6918102], [11.2682102, 46.6917311], [11.268181, 46.6916659]]}, "properties": {"osm_id": "way/975420663", "highway": "track", "source": "GPS", "surface": "gravel", "tracktype": "grade2", "width": "3"}}, {"type": "Feature", "geometry": {"type": "LineString", "coordinates": [[11.3203664, 46.6513105], [11.3196929, 46.6510946], [11.3195019, 46.6510101]]}, "properties": {"osm_id": "way/975813800", "highway": "path", "sac_scale": "mountain_hiking"}}, {"type": "Feature", "geometry": {"type": "LineString", "coordinates": [[11.3184895, 46.6509295], [11.3181254, 46.6509257], [11.3179994, 46.650911], [11.3179269, 46.6509404], [11.3178411, 46.6509644], [11.3177258, 46.6509773], [11.3176104, 46.6510251], [11.3174924, 46.6510804], [11.3173529, 46.6510896], [11.3172698, 46.6510804], [11.317192, 46.6510399], [11.3170767, 46.6510343], [11.3169855, 46.6510491], [11.3168487, 46.6510049], [11.3167709, 46.6510067], [11.3166931, 46.6510012], [11.3166341, 46.6509699], [11.316663, 46.6509165], [11.3168487, 46.6508428], [11.3169399, 46.6507563], [11.3169908, 46.6506532], [11.3171545, 46.6506072], [11.3172644, 46.6505832], [11.3173798, 46.6504838], [11.3174763, 46.6503623], [11.3174978, 46.6501929], [11.3174146, 46.6500751], [11.3173208, 46.6499922], [11.3171974, 46.6500033], [11.3171384, 46.6500309], [11.317082, 46.6500603], [11.3169372, 46.6499848], [11.3169318, 46.6499002], [11.3168702, 46.6497878], [11.3167736, 46.6496939], [11.316736, 46.6496056], [11.3166931, 46.6494085], [11.3165563, 46.6493128], [11.3164303, 46.6492373], [11.3163149, 46.6491508], [11.3162613, 46.6490624], [11.3162559, 46.648904], [11.3162264, 46.6488267], [11.3161594, 46.6487733], [11.3161218, 46.6486757], [11.3160789, 46.6485855], [11.3159904, 46.6485229], [11.3158992, 46.6484677], [11.3158295, 46.6483903], [11.315816, 46.6482964], [11.3157731, 46.648186], [11.3156488, 46.6480344], [11.3156059, 46.6477885], [11.3154345, 46.6476704], [11.3152823, 46.6476152], [11.315234, 46.6475581], [11.3151401, 46.6475691], [11.3150302, 46.6475839], [11.3147297, 46.6475691], [11.3145393, 46.6474936], [11.3144401, 46.6475397], [11.3143221, 46.6475544], [11.3142818, 46.6474936], [11.3142657, 46.6474531], [11.3142335, 46.6474421], [11.3141799, 46.6474439], [11.3140351, 46.6474642], [11.3139573, 46.6474439], [11.3138956, 46.6473555], [11.3137615, 46.6473206], [11.3136595, 46.647234], [11.3136005, 46.647153], [11.3134637, 46.6470646], [11.3133062, 46.6470605], [11.3130802, 46.6470628], [11.3129836, 46.6471088], [11.3128093, 46.6471714], [11.3124552, 46.6471364], [11.3121349, 46.6469818], [11.3118169, 46.6469983], [11.3114709, 46.6470922], [11.3112295, 46.6471475], [11.3110149, 46.6471346], [11.3108164, 46.6470425], [11.3106689, 46.6469541], [11.3103953, 46.646805], [11.3101065, 46.6467654]]}, "properties": {"osm_id": "way/975813801", "highway": "path", "sac_scale": "mountain_hiking"}}, {"type": "Feature", "geometry": {"type": "LineString", "coordinates": [[11.2721452, 46.6797723], [11.2720613, 46.6798779], [11.2720504, 46.6799556]]}, "properties": {"osm_id": "way/1031958756", "highway": "steps", "step_count": "15", "surface": "wood"}}, {"type": "Feature", "geometry": {"type": "LineString", "coordinates": [[11.3465692, 46.6817206], [11.3465008, 46.6817073], [11.3464428, 46.6817073], [11.3463645, 46.6817176], [11.3462926, 46.6817463]]}, "properties": {"osm_id": "way/1080871814", "highway": "path"}}, {"type": "Feature", "geometry": {"type": "LineString", "coordinates": [[11.268244, 46.6797898], [11.2685198, 46.6799542]]}, "properties": {"osm_id": "way/1086733963", "highway": "track", "name": "Kirchsteigeralm - Malga Kirchsteiger", "name:de": "Kirchsteigeralm", "name:it": "Malga Kirchsteiger", "sac_scale": "hiking", "source": "GPS", "tracktype": "grade2"}}, {"type": "Feature", "geometry": {"type": "LineString", "coordinates": [[11.3446509, 46.6691962], [11.3445537, 46.6692172], [11.34436, 46.6693028], [11.3441924, 46.6693475], [11.344008, 46.6693846], [11.3439204, 46.6694191], [11.3437621, 46.669506], [11.3436745, 46.669529], [11.3436224, 46.6694817], [11.343682, 46.6693897], [11.3437192, 46.6693015], [11.3437416, 46.6692095], [11.3438068, 46.6691021], [11.3439167, 46.6689628], [11.3440508, 46.6687685], [11.3441179, 46.6686471], [11.3441644, 46.6684438], [11.3442166, 46.6682304], [11.3442036, 46.6681345], [11.3441141, 46.6681486], [11.3439223, 46.6682994], [11.3438534, 46.6683774], [11.3437416, 46.6684464], [11.343628, 46.668486], [11.3435423, 46.668532], [11.3432871, 46.6687276], [11.3431101, 46.6688823], [11.3429127, 46.6690919], [11.3427804, 46.669152], [11.3426165, 46.6692082]]}, "properties": {"osm_id": "way/1098288539", "highway": "track"}}, {"type": "Feature", "geometry": {"type": "LineString", "coordinates": [[11.3288672, 46.6615603], [11.3288408, 46.6615854], [11.328813, 46.6615984], [11.3287692, 46.6616062], [11.3284991, 46.6616292], [11.3283333, 46.6616599], [11.32827, 46.6617417], [11.328216, 46.66189], [11.3281694, 46.6619411], [11.3279291, 46.6620753], [11.3277633, 46.6622633], [11.3276348, 46.6623834], [11.3275994, 46.6624218], [11.327605, 46.6624844], [11.3276516, 46.6624921], [11.3277279, 46.6624678], [11.3278788, 46.662418], [11.3280073, 46.6623962], [11.3282011, 46.6623566]]}, "properties": {"osm_id": "way/1098288540", "highway": "track"}}, {"type": "Feature", "geometry": {"type": "LineString", "coordinates": [[11.297998, 46.6642008], [11.2979624, 46.6641091], [11.2979488, 46.6640617], [11.297938, 46.6640142], [11.2978748, 46.6637835], [11.2978553, 46.6637565], [11.297827, 46.6637411], [11.2977966, 46.6637332], [11.2977623, 46.6637365], [11.297735, 46.6637473], [11.2977083, 46.6637654], [11.2975382, 46.6640418], [11.297515, 46.6640693], [11.2974849, 46.6640847]]}, "properties": {"osm_id": "way/1098288544", "highway": "track", "name": "Kuhseite", "source": "Geobrowser der Autonomen Provinz Bozen", "tracktype": "grade2"}}, {"type": "Feature", "geometry": {"type": "LineString", "coordinates": [[11.3435736, 46.6602215], [11.3434291, 46.660237], [11.3430764, 46.6602794], [11.3428437, 46.6603194], [11.3426073, 46.6604192], [11.3424437, 46.660504], [11.3421819, 46.6606288], [11.3420692, 46.6606862], [11.3419674, 46.6607611], [11.3417856, 46.6608734], [11.3416511, 46.6609407], [11.341542, 46.661048], [11.3414584, 46.6611129], [11.3413638, 46.6611429], [11.3411675, 46.6611653], [11.341073, 46.6611878], [11.3407821, 46.6612327], [11.3405639, 46.6612277], [11.3403349, 46.6612102], [11.3398949, 46.6612651], [11.3395931, 46.66132]]}, "properties": {"osm_id": "way/1098288549", "highway": "track"}}, {"type": "Feature", "geometry": {"type": "LineString", "coordinates": [[11.3412626, 46.6636186], [11.3414639, 46.6636785], [11.3415047, 46.6637284], [11.3414443, 46.6637601], [11.3413964, 46.6637479], [11.341148, 46.6637443], [11.3406565, 46.6637418], [11.3402505, 46.6637898], [11.3399486, 46.6638283], [11.3397144, 46.6638551], [11.3394322, 46.6638064], [11.3393311, 46.6638027], [11.3388964, 46.663821], [11.3385628, 46.6638137]]}, "properties": {"osm_id": "way/1098288550", "highway": "track"}}, {"type": "Feature", "geometry": {"type": "LineString", "coordinates": [[11.3503728, 46.7085121], [11.3506044, 46.7084881], [11.3509489, 46.7083985], [11.3513013, 46.7081678], [11.351713, 46.7079668]]}, "properties": {"osm_id": "way/1098298741", "highway": "track"}}, {"type": "Feature", "geometry": {"type": "LineString", "coordinates": [[11.3599884, 46.705754], [11.3601112, 46.7055938], [11.3604438, 46.7055612], [11.360618, 46.7054363], [11.3607447, 46.7052734], [11.3608199, 46.7051539], [11.3608278, 46.7050344], [11.360713, 46.7049964], [11.3604794, 46.7050209], [11.3602299, 46.7050154], [11.3599528, 46.7050127], [11.3596835, 46.7050344], [11.3593945, 46.705029], [11.3591252, 46.7050019], [11.3588679, 46.7049829], [11.3587016, 46.7050019], [11.3585472, 46.7050372], [11.3582462, 46.7051485], [11.3579572, 46.7052517], [11.3577315, 46.705325], [11.3575612, 46.7053929], [11.3574103, 46.7054411]]}, "properties": {"osm_id": "way/1098298742", "highway": "track"}}, {"type": "Feature", "geometry": {"type": "LineString", "coordinates": [[11.3580436, 46.7043712], [11.3579163, 46.7042569], [11.3579047, 46.7041721], [11.3580206, 46.7040714], [11.3580902, 46.7039601], [11.3582022, 46.7038859], [11.3583491, 46.7037879], [11.3585075, 46.7035864], [11.35855, 46.7033956], [11.3585578, 46.7031863], [11.3585964, 46.7029769], [11.3585539, 46.702794], [11.3585346, 46.7026085], [11.358608, 46.7024813], [11.3588515, 46.7023621], [11.3595123, 46.702158], [11.3597325, 46.7020917], [11.3600494, 46.7019513], [11.3602001, 46.7018108], [11.3602185, 46.7017618], [11.3602407, 46.7016558], [11.36026, 46.7014862], [11.3603441, 46.7013921], [11.360433, 46.7013378], [11.3606291, 46.7012636], [11.3607991, 46.7012251], [11.361089, 46.701196], [11.3611836, 46.7011702], [11.3612107, 46.7011628], [11.3612957, 46.7011112], [11.361315, 46.7010555], [11.3612822, 46.7009521], [11.3612068, 46.7008448], [11.361174, 46.7007719], [11.361201, 46.7007295], [11.3612667, 46.7007256], [11.3613112, 46.7007574], [11.3613305, 46.700809], [11.3613691, 46.7008395], [11.3614426, 46.7009031], [11.3615044, 46.7009654], [11.3615237, 46.7010621], [11.3615063, 46.7012198], [11.3614097, 46.7014411], [11.3613865, 46.7015816], [11.3612919, 46.7016757], [11.3611353, 46.7017459], [11.3610213, 46.7018334], [11.3609267, 46.7019301], [11.3609015, 46.7020281], [11.3609015, 46.7021196], [11.3609556, 46.7022812], [11.3609595, 46.7024018], [11.3609634, 46.7024906], [11.3610078, 46.7026032], [11.3610967, 46.7027106], [11.3611334, 46.7028285], [11.3611218, 46.7029213], [11.3610909, 46.7031412], [11.3610851, 46.7034089], [11.3611102, 46.703556], [11.3611547, 46.7036752], [11.3612706, 46.7038342], [11.3613286, 46.7039495], [11.3613382, 46.7040409], [11.3613324, 46.7042026], [11.3613885, 46.7043165], [11.3615121, 46.7044133], [11.3616281, 46.7044504], [11.3616686, 46.7044928], [11.3616706, 46.7045524], [11.3616184, 46.7046213], [11.3615817, 46.7046743], [11.3615817, 46.704722], [11.3616358, 46.7047922], [11.3618136, 46.7048797], [11.3619179, 46.7049353], [11.3620222, 46.7050334], [11.3620667, 46.7051195], [11.3620918, 46.7051685], [11.3621652, 46.7051487], [11.3621575, 46.705101], [11.3621304, 46.7050254], [11.3620899, 46.704934], [11.3620667, 46.7048492], [11.3621015, 46.7047737], [11.3621633, 46.7047286], [11.362258, 46.7046823], [11.3623024, 46.7046134], [11.3622754, 46.70451], [11.3622696, 46.704355], [11.3623353, 46.7042437], [11.3623623, 46.7041536], [11.3623604, 46.7040264], [11.3624106, 46.7036527], [11.3624608, 46.7034314], [11.3625826, 46.7032287], [11.3627294, 46.7030657], [11.3630115, 46.7028881], [11.3632704, 46.7028537], [11.3634366, 46.7028708], [11.3634501, 46.7028722], [11.3634695, 46.7029425], [11.3634154, 46.7029955], [11.3633381, 46.7030683], [11.3633072, 46.7031306], [11.3633091, 46.7032008], [11.3633207, 46.7033069], [11.3633922, 46.7035189], [11.3634946, 46.703662], [11.3635931, 46.703756], [11.3636917, 46.7038104], [11.3637767, 46.7038607], [11.363825, 46.7038965], [11.3638405, 46.7039522], [11.3638192, 46.7041443], [11.3638095, 46.7043126], [11.3637458, 46.7045776], [11.3637477, 46.7046359], [11.3638153, 46.7047538], [11.3639989, 46.7049592], [11.3641206, 46.7050334], [11.364138, 46.705097], [11.364111, 46.7052268], [11.3641032, 46.7052944], [11.3641322, 46.7053501], [11.3642424, 46.7055409], [11.3642945, 46.7056469], [11.3643815, 46.7057887], [11.3644684, 46.7057767], [11.3644665, 46.7057105], [11.3644723, 46.7056191], [11.3645264, 46.705521], [11.3646887, 46.7053249], [11.3649476, 46.7051341], [11.3651234, 46.7050095], [11.365166, 46.7048784], [11.365164, 46.7046982], [11.3652471, 46.7044888], [11.3654229, 46.7042808], [11.3655814, 46.7041178], [11.3655872, 46.7039999], [11.3655369, 46.7037746], [11.3654597, 46.7035984], [11.3654519, 46.7034804], [11.3655292, 46.7033122]]}, "properties": {"osm_id": "way/1098298749", "highway": "track"}}, {"type": "Feature", "geometry": {"type": "LineString", "coordinates": [[11.3562839, 46.7066828], [11.3559986, 46.7066172], [11.3558016, 46.7066096], [11.355428, 46.7066361], [11.3552255, 46.7066437], [11.355082, 46.706698], [11.3550139, 46.7067447], [11.3548924, 46.7067838], [11.3547617, 46.7068027], [11.3544562, 46.7068179], [11.3543826, 46.706833], [11.3542445, 46.7068532], [11.3541415, 46.7068305], [11.3542096, 46.7067787], [11.3543402, 46.7066879], [11.3544065, 46.7066374], [11.3544783, 46.7065503], [11.3545298, 46.7064417], [11.3546292, 46.7063521], [11.3547268, 46.7062953], [11.3552274, 46.7061186], [11.3553231, 46.7060782], [11.3554078, 46.7060454], [11.3554887, 46.7059596], [11.355601, 46.705692], [11.3556029, 46.7055179], [11.3556226, 46.7054601]]}, "properties": {"osm_id": "way/1098298750", "highway": "track"}}, {"type": "Feature", "geometry": {"type": "LineString", "coordinates": [[11.3594275, 46.7084422], [11.3587428, 46.708576], [11.3583637, 46.7086365], [11.3577968, 46.7085028], [11.357355, 46.7083765], [11.3571342, 46.7083488], [11.3567771, 46.7083614], [11.356479, 46.7084321], [11.3563391, 46.7084321], [11.3562507, 46.7083765], [11.3562581, 46.7082781], [11.356317, 46.7082175], [11.3563464, 46.7081746], [11.3562434, 46.7081494], [11.3561587, 46.708162], [11.3560593, 46.7081872], [11.3559342, 46.7082251], [11.3558154, 46.7082657]]}, "properties": {"osm_id": "way/1098298751", "highway": "track"}}, {"type": "Feature", "geometry": {"type": "LineString", "coordinates": [[11.3539414, 46.7108374], [11.3541426, 46.7106772], [11.3544552, 46.710623], [11.3548432, 46.7104925], [11.3549833, 46.7103619], [11.3550578, 46.7102185]]}, "properties": {"osm_id": "way/1098298753", "highway": "track"}}, {"type": "Feature", "geometry": {"type": "LineString", "coordinates": [[11.3501092, 46.713088], [11.3499655, 46.7128065], [11.3498218, 46.7125859], [11.3498697, 46.7124357], [11.3499997, 46.712248], [11.3500819, 46.7120978], [11.3500271, 46.7119711], [11.3499244, 46.7118538], [11.3497602, 46.7116895], [11.3496233, 46.7114924], [11.3495685, 46.7113328], [11.3495206, 46.7110137], [11.3495343, 46.7107696], [11.3496438, 46.7104223], [11.3497259, 46.7102111], [11.349832, 46.7099694], [11.3498834, 46.709723], [11.3499929, 46.7093499], [11.3500887, 46.7090988], [11.3501537, 46.7088594], [11.3502359, 46.7087515], [11.3503488, 46.7086412], [11.3503728, 46.7085121], [11.3502496, 46.708498], [11.350164, 46.7085285], [11.3500066, 46.7086295], [11.3498149, 46.7087468], [11.3496575, 46.7089181], [11.3495617, 46.7090307], [11.3494351, 46.7091293], [11.3493358, 46.709202], [11.3491578, 46.7093475], [11.3490928, 46.7094273], [11.3490346, 46.7095189], [11.3489799, 46.7095775], [11.3488875, 46.7095846], [11.3488293, 46.7095611], [11.3487506, 46.709479], [11.3487095, 46.7093898], [11.3487027, 46.7092701], [11.3487095, 46.7091645], [11.3487369, 46.7090495], [11.3487848, 46.7089111], [11.3488259, 46.7087468], [11.3488053, 46.7086459], [11.3489559, 46.7084488], [11.3490791, 46.7082915], [11.349175, 46.708193], [11.3492571, 46.708085], [11.3492468, 46.7079794], [11.3492913, 46.707848], [11.3493461, 46.7077917], [11.3497739, 46.7076227], [11.3500168, 46.7075828], [11.3501895, 46.707507]]}, "properties": {"osm_id": "way/1098298759", "highway": "track"}}, {"type": "Feature", "geometry": {"type": "LineString", "coordinates": [[11.3515398, 46.7174688], [11.3517383, 46.7174829], [11.3520121, 46.717382], [11.3523714, 46.7172154], [11.3525836, 46.7170512], [11.352741, 46.7168517], [11.3529327, 46.7167086], [11.3534837, 46.7165889], [11.3537677, 46.7164974], [11.3538841, 46.7165045], [11.3539662, 46.7165537], [11.3540655, 46.71684], [11.3541168, 46.7170676], [11.3541168, 46.717192], [11.354151, 46.717375], [11.3540826, 46.7175556], [11.3540141, 46.7177809], [11.3538978, 46.7179803]]}, "properties": {"osm_id": "way/1098298760", "highway": "track"}}, {"type": "Feature", "geometry": {"type": "LineString", "coordinates": [[11.3502051, 46.7180413], [11.350188, 46.7177785], [11.3501606, 46.7175603], [11.3502119, 46.7174266], [11.3504549, 46.717253], [11.3506705, 46.7171568], [11.3508279, 46.7171286], [11.3510435, 46.7171685], [11.3512557, 46.7171849], [11.3513447, 46.7172131], [11.3514063, 46.7172835], [11.3514987, 46.7173984], [11.3515398, 46.7174688], [11.3515329, 46.7176542], [11.3515672, 46.7177551], [11.351574, 46.7178583], [11.3515364, 46.717924], [11.3514919, 46.7180554], [11.3514782, 46.7183675], [11.3514679, 46.7184566], [11.35142, 46.7186913], [11.3514132, 46.7188367], [11.3513995, 46.7189329], [11.3513447, 46.719123], [11.3513481, 46.7192215], [11.3514542, 46.7194162], [11.3515124, 46.7194819]]}, "properties": {"osm_id": "way/1098298763", "highway": "track"}}, {"type": "Feature", "geometry": {"type": "LineString", "coordinates": [[11.2709577, 46.6840836], [11.2711349, 46.6841163], [11.2713382, 46.6841865], [11.2715026, 46.6842762], [11.2716444, 46.6843833], [11.2717635, 46.6844982], [11.2719011, 46.6846101], [11.2721161, 46.6847282], [11.2722272, 46.6847908], [11.2723301, 46.6848349]]}, "properties": {"osm_id": "way/1101338774", "access": "private", "highway": "track", "name": "Waidmannweg", "surface": "compacted", "tracktype": "grade2"}}, {"type": "Feature", "geometry": {"type": "LineString", "coordinates": [[11.2756343, 46.6884626], [11.2757971, 46.6883808], [11.276043, 46.6883388], [11.2766252, 46.6883016], [11.2771206, 46.6882644], [11.2773376, 46.688297]]}, "properties": {"osm_id": "way/1101338775", "highway": "path"}}, {"type": "Feature", "geometry": {"type": "LineString", "coordinates": [[11.2756343, 46.6884626], [11.275835, 46.6885077], [11.2760952, 46.6887064], [11.2762642, 46.6888002], [11.2764493, 46.688929], [11.2765887, 46.689032], [11.2766141, 46.689141]]}, "properties": {"osm_id": "way/1101338776", "highway": "track", "surface": "ground", "tracktype": "grade4", "trail_visibility": "intermediate"}}, {"type": "Feature", "geometry": {"type": "LineString", "coordinates": [[11.3393843, 46.7042759], [11.3392433, 46.7042], [11.3391262, 46.7041803], [11.3390523, 46.7042], [11.3390162, 46.7042272], [11.3389351, 46.7043175], [11.3388522, 46.7044003], [11.3387693, 46.7044819], [11.3386467, 46.7046277], [11.338553, 46.7047316], [11.3384232, 46.7048465], [11.3381834, 46.7051482], [11.3381059, 46.7052297], [11.3379419, 46.7053262], [11.3377184, 46.7054807], [11.3376048, 46.7056278], [11.3374137, 46.7058107], [11.3373218, 46.7059084], [11.3370893, 46.7061148], [11.3369072, 46.7063101], [11.3368477, 46.7063954], [11.3368009, 46.7064683], [11.3367125, 46.7066995], [11.336608, 46.7068231], [11.3363953, 46.706896], [11.3363142, 46.7069343]]}, "properties": {"osm_id": "way/1113002094", "highway": "track"}}, {"type": "Feature", "geometry": {"type": "LineString", "coordinates": [[11.3454459, 46.7002218], [11.3453593, 46.700257], [11.345318, 46.7003005], [11.3453164, 46.7003383], [11.3453491, 46.7003729], [11.3454873, 46.7004346], [11.3456076, 46.7004488], [11.3457543, 46.7004191], [11.3458766, 46.7002979], [11.3459481, 46.7001689], [11.3460421, 46.699987], [11.3461944, 46.6998013], [11.346516, 46.6994775]]}, "properties": {"osm_id": "way/1113002106", "highway": "track"}}, {"type": "Feature", "geometry": {"type": "LineString", "coordinates": [[11.2814268, 46.6866052], [11.2814082, 46.6866531], [11.2813459, 46.6867882], [11.2813223, 46.6868813], [11.2813073, 46.6869762], [11.2813235, 46.6870676]]}, "properties": {"osm_id": "way/1119171411", "highway": "track"}}, {"type": "Feature", "geometry": {"type": "LineString", "coordinates": [[11.2665201, 46.6845032], [11.2664613, 46.6845039], [11.2663878, 46.6844887], [11.2663216, 46.6844421], [11.2659971, 46.6841306], [11.2658592, 46.6839817], [11.2657223, 46.6838071], [11.2656561, 46.6837434], [11.265362, 46.6835101], [11.2652379, 46.6833941], [11.265145, 46.6832761], [11.2650182, 46.6831109]]}, "properties": {"osm_id": "way/1297360333", "highway": "track", "source": "Geobrowser der Autonomen Provinz Bozen", "surface": "compacted", "tracktype": "grade2", "width": "3"}}, {"type": "Feature", "geometry": {"type": "LineString", "coordinates": [[11.2631623, 46.6904616], [11.2631131, 46.690409], [11.2630459, 46.6903749], [11.2630074, 46.6903356], [11.2629826, 46.6903213], [11.2629544, 46.6903098], [11.2629276, 46.6903038], [11.2629101, 46.6903038], [11.2628994, 46.6903117], [11.2629021, 46.6903383], [11.2629095, 46.6903609], [11.2629054, 46.6903797], [11.2628947, 46.6903995], [11.2628853, 46.6904239], [11.2628813, 46.690446], [11.2628852, 46.6904591], [11.2628853, 46.6904736], [11.262878, 46.6904878], [11.2628619, 46.6904998], [11.2628464, 46.690514], [11.262831, 46.6905315], [11.2628277, 46.6905577], [11.2628243, 46.6905904], [11.2628075, 46.6906148], [11.2628049, 46.6906244], [11.2627915, 46.6906267], [11.2627774, 46.690624], [11.2627593, 46.6906249], [11.2627465, 46.6906309], [11.2627472, 46.6906419], [11.2627398, 46.6906465], [11.2627278, 46.6906493], [11.2627117, 46.6906484], [11.2627003, 46.6906539], [11.2626855, 46.6906603], [11.2626754, 46.6906603], [11.2626708, 46.6906658], [11.2626741, 46.690675], [11.2626875, 46.6906898], [11.2626996, 46.6907091], [11.2627043, 46.6907275], [11.2627036, 46.6907422], [11.2626976, 46.6907569], [11.2626909, 46.6907656], [11.2626929, 46.690773], [11.2626989, 46.6907808], [11.2626942, 46.6907873], [11.2626909, 46.690796], [11.2626929, 46.6908038], [11.2626989, 46.6908135], [11.2626942, 46.6908208], [11.2626842, 46.6908231], [11.2626801, 46.69083], [11.2626788, 46.6908517], [11.2626661, 46.6908572], [11.2626486, 46.6908655], [11.262648, 46.6908788], [11.2626526, 46.6908921], [11.2626473, 46.6909078], [11.2626312, 46.6909156], [11.2626285, 46.6909303], [11.2626292, 46.6909441], [11.2626158, 46.6909492], [11.2626057, 46.6909533], [11.2626037, 46.6909616], [11.262601, 46.6909763], [11.2626091, 46.6909855], [11.262601, 46.6910021], [11.2626044, 46.6910136], [11.2626178, 46.6910315], [11.2626299, 46.6910504], [11.2626345, 46.6910655], [11.2626278, 46.6910835], [11.2626225, 46.6911], [11.2626299, 46.6911198], [11.2626406, 46.6911336], [11.2626406, 46.6911511], [11.2626332, 46.6911617], [11.2626185, 46.6911681], [11.262601, 46.6911745], [11.2625829, 46.6911768], [11.2625708, 46.6911833], [11.2625708, 46.6911952], [11.2625749, 46.6912155], [11.2625762, 46.6912256], [11.2625695, 46.6912412], [11.2625695, 46.6912631], [11.2625581, 46.6912702], [11.2625145, 46.6912826], [11.2625058, 46.6912905], [11.2624984, 46.691302], [11.2624897, 46.691313], [11.2624803, 46.6913406], [11.2624832, 46.6913683], [11.2625092, 46.6914183], [11.2625159, 46.6914363], [11.2625199, 46.6914574], [11.2625118, 46.6914694], [11.2624978, 46.691479], [11.2624984, 46.6914905], [11.2625085, 46.6915016], [11.2625138, 46.6915195], [11.2625212, 46.6915296], [11.2625366, 46.6915462], [11.2625344, 46.6915588], [11.2625165, 46.691566], [11.2624931, 46.6915673], [11.2624736, 46.6915673], [11.2624609, 46.691577], [11.2624595, 46.6915926], [11.2624676, 46.6916069], [11.262489, 46.6916276], [11.2624937, 46.6916534], [11.2625004, 46.6916658], [11.2625024, 46.6916823], [11.2625145, 46.6917007], [11.26254, 46.6917182], [11.2625521, 46.6917274], [11.2625501, 46.6917366], [11.262536, 46.6917421], [11.2625266, 46.691749], [11.2625273, 46.6917628], [11.2625333, 46.6917969], [11.2625413, 46.6918093], [11.2625635, 46.6918208], [11.2625796, 46.6918346], [11.2625883, 46.691853], [11.2625841, 46.6918656], [11.2625715, 46.6918695], [11.262532, 46.6918668], [11.2625172, 46.6918686], [11.2625092, 46.6918778], [11.2625038, 46.6918967], [11.2625105, 46.6919197], [11.2625273, 46.6919408], [11.2625373, 46.6919578], [11.2625179, 46.6919868], [11.2625199, 46.6919997], [11.2625206, 46.6920107], [11.2625092, 46.6920176], [11.2624937, 46.6920259], [11.2624803, 46.6920282], [11.2624595, 46.6920287], [11.2624206, 46.6920213], [11.2624079, 46.692019], [11.2623925, 46.6920204], [11.2623804, 46.6920241], [11.2623623, 46.6920208], [11.2623435, 46.6920149], [11.2622999, 46.6920075], [11.2622577, 46.6920025], [11.2622208, 46.6919942], [11.2621886, 46.6919864], [11.2621491, 46.6919818], [11.2621028, 46.6919781], [11.2620887, 46.6919813], [11.2620874, 46.69199], [11.2621001, 46.6920011], [11.2621202, 46.6920144], [11.262145, 46.6920374], [11.2621638, 46.6920544], [11.2621819, 46.692071], [11.2622114, 46.6920898], [11.2622396, 46.6921128], [11.2622738, 46.6921533], [11.2623355, 46.6922163], [11.2623589, 46.6922462], [11.2623623, 46.6922642], [11.2623697, 46.6922803], [11.2623905, 46.6923051], [11.2624056, 46.69232]]}, "properties": {"osm_id": "way/1305569600", "foot": "yes", "highway": "path", "sac_scale": "demanding_mountain_hiking", "source": "survey"}}, {"type": "Feature", "geometry": {"type": "LineString", "coordinates": [[11.268342, 46.6915851], [11.2685636, 46.6916152], [11.2685605, 46.6916278]]}, "properties": {"osm_id": "way/1305824873", "highway": "path"}}, {"type": "Feature", "geometry": {"type": "LineString", "coordinates": [[11.2658847, 46.6919206], [11.2660144, 46.6919275], [11.2664288, 46.6918685], [11.2667871, 46.6917939], [11.2670992, 46.6917807], [11.267363, 46.6917665], [11.2674956, 46.691755], [11.2676052, 46.6917745], [11.2677169, 46.6918213]]}, "properties": {"osm_id": "way/1305824874", "foot": "yes", "highway": "path", "sac_scale": "mountain_hiking", "source": "GPS"}}, {"type": "Feature", "geometry": {"type": "LineString", "coordinates": [[11.2624056, 46.69232], [11.2625337, 46.6923172], [11.2626506, 46.6923134], [11.2627321, 46.6923101], [11.2628362, 46.6922874], [11.2629548, 46.6922893], [11.2630225, 46.6922978], [11.2630574, 46.6923041], [11.2630962, 46.6922927], [11.2631301, 46.6923003], [11.2631909, 46.6922986], [11.2632813, 46.6922935], [11.2633594, 46.6922805], [11.2635151, 46.692217], [11.2636112, 46.6922004], [11.2637654, 46.6922], [11.2641535, 46.6920662], [11.2643009, 46.6920588], [11.2645843, 46.6919843], [11.26483, 46.6919633], [11.2649398, 46.6919371], [11.2650108, 46.6919313], [11.265139, 46.6918937], [11.2652572, 46.6918974], [11.2653681, 46.6918786], [11.2655005, 46.6918801], [11.2657, 46.6919345], [11.2658847, 46.6919206]]}, "properties": {"osm_id": "way/1305824875", "foot": "yes", "highway": "path", "sac_scale": "mountain_hiking", "source": "GPS"}}, {"type": "Feature", "geometry": {"type": "LineString", "coordinates": [[11.26335, 46.6895771], [11.2633393, 46.6895884], [11.2633259, 46.6896144], [11.2633209, 46.6896431], [11.2633215, 46.6896822], [11.2633266, 46.6897151], [11.2633266, 46.6897441], [11.2633172, 46.6897629], [11.2632964, 46.6897832], [11.2632803, 46.6897928], [11.2632689, 46.6898131], [11.2632669, 46.6898365], [11.263283, 46.6898765], [11.2632971, 46.6899216], [11.2632944, 46.6899437], [11.263283, 46.6899598], [11.2632796, 46.6899957], [11.263281, 46.6900513], [11.2632883, 46.6900909], [11.2633017, 46.6901438], [11.2633152, 46.6901732], [11.2633172, 46.6902082], [11.2633239, 46.6902367], [11.2633373, 46.6902611], [11.2633487, 46.6902951], [11.2633433, 46.6903176], [11.2633239, 46.6903448], [11.2633078, 46.6903659], [11.2633038, 46.6903968], [11.2633105, 46.6904207], [11.2633192, 46.6904464], [11.2633158, 46.6904589], [11.2633004, 46.6904625], [11.2632582, 46.6904639], [11.263238, 46.6904602], [11.2632105, 46.6904538], [11.2631737, 46.6904552], [11.2631623, 46.6904616], [11.2631576, 46.6904763], [11.2631609, 46.6904934], [11.2631804, 46.6905237], [11.2632152, 46.6905573], [11.2632474, 46.6905826], [11.2632595, 46.6906102], [11.2632709, 46.6906392], [11.2632689, 46.6906741], [11.2632508, 46.6906884], [11.2632387, 46.6907169], [11.2632441, 46.6907449], [11.2632347, 46.6907684], [11.2632273, 46.6907932], [11.2632365, 46.6908168], [11.2632877, 46.6908788], [11.2633017, 46.6909004], [11.2633111, 46.6909271], [11.2633252, 46.6909524], [11.2633393, 46.6909699], [11.2633648, 46.6909832], [11.2633882, 46.6910021], [11.2633976, 46.6910154], [11.263409, 46.6910195], [11.2634291, 46.6910228], [11.2634519, 46.6910301], [11.2634694, 46.6910444], [11.2634754, 46.6910568], [11.2634821, 46.691066], [11.2634955, 46.6910688], [11.2635043, 46.6910775], [11.2635009, 46.6910973], [11.2635043, 46.6911143], [11.2635197, 46.6911322], [11.263574, 46.6911791], [11.2636035, 46.6912169], [11.2636142, 46.6912284], [11.2636243, 46.6912343], [11.2636377, 46.6912362], [11.2636578, 46.6912385], [11.2636846, 46.6912468], [11.2637001, 46.691261], [11.2637249, 46.6912753], [11.2637436, 46.6912836], [11.2637624, 46.6912836], [11.2637805, 46.6912868], [11.263802, 46.691301], [11.2638261, 46.6913153], [11.2639046, 46.6913484], [11.2639415, 46.6913659], [11.2639616, 46.6913686], [11.263979, 46.69137], [11.2639924, 46.6913728], [11.2640092, 46.6913843], [11.2640595, 46.6914059], [11.2640782, 46.6914119], [11.2641024, 46.6914123], [11.2641259, 46.6914206], [11.2641393, 46.6914294], [11.2641815, 46.6914468], [11.2642573, 46.6914721], [11.2642787, 46.6914777], [11.2642962, 46.6914786], [11.2643149, 46.6914836], [11.2643237, 46.6914896], [11.2643331, 46.6914965], [11.2643485, 46.6915006], [11.264378, 46.6915006], [11.2644055, 46.6915034], [11.2644182, 46.6915062], [11.2644209, 46.6915117], [11.2644296, 46.6915236], [11.2644497, 46.6915287], [11.2644866, 46.6915287], [11.2645297, 46.691526], [11.264549, 46.6915259], [11.2645704, 46.6915388], [11.2646064, 46.691553], [11.2646616, 46.691565], [11.2646905, 46.6915692], [11.2647005, 46.6915747], [11.2647092, 46.691583], [11.2647294, 46.6915908], [11.2647745, 46.6915964], [11.2648849, 46.6916083], [11.2649238, 46.6916087], [11.2649345, 46.6916124], [11.2649453, 46.6916235], [11.26496, 46.6916345], [11.2649821, 46.6916414], [11.265007, 46.6916455], [11.2650324, 46.6916437], [11.2650593, 46.6916386], [11.2650868, 46.6916409], [11.265127, 46.6916478], [11.2651525, 46.6916538], [11.2651692, 46.6916662], [11.2651974, 46.6916929], [11.2652296, 46.6917177], [11.2652712, 46.6917389], [11.2652991, 46.6917493], [11.2653315, 46.6917564], [11.2653711, 46.6917591], [11.2654095, 46.691766], [11.2654529, 46.6917785], [11.2654904, 46.691789], [11.2655119, 46.6918019], [11.2655501, 46.6918166], [11.2656876, 46.6918594], [11.2657117, 46.6918635], [11.2657513, 46.6918778], [11.2657828, 46.6918847], [11.265813, 46.6918893], [11.2658425, 46.6918976], [11.2658679, 46.6919105], [11.2658847, 46.6919206]]}, "properties": {"osm_id": "way/1305824876", "highway": "path", "mtb:scale": "3", "sac_scale": "mountain_hiking", "trail_visibility": "excellent"}}, {"type": "Feature", "geometry": {"type": "LineString", "coordinates": [[11.265699, 46.686938], [11.2655698, 46.6868883], [11.2654677, 46.686904], [11.2652536, 46.6870787], [11.265174, 46.6871072], [11.265125, 46.6872226], [11.2651238, 46.6873209], [11.2649335, 46.6876795], [11.2649421, 46.6877697], [11.2648914, 46.6879042], [11.2647535, 46.6880772], [11.2647448, 46.688152], [11.264699, 46.6884283], [11.2645975, 46.6884613], [11.2645533, 46.6886027], [11.2643803, 46.6886209], [11.2643139, 46.6887823], [11.2643307, 46.6890186], [11.26428, 46.689063], [11.2639678, 46.6890946], [11.2638998, 46.6892493], [11.2635787, 46.6891986], [11.2633354, 46.689451], [11.26335, 46.6895771]]}, "properties": {"osm_id": "way/1305824877", "highway": "path", "mtb:scale": "3", "sac_scale": "mountain_hiking", "trail_visibility": "excellent"}}, {"type": "Feature", "geometry": {"type": "LineString", "coordinates": [[11.265145, 46.6832761], [11.2650955, 46.6833111], [11.2651122, 46.6833631], [11.2651424, 46.6834693], [11.2651672, 46.6835696], [11.2651961, 46.6836313], [11.2652235, 46.6836694], [11.2652645, 46.6837118], [11.2652966, 46.6837587], [11.2654086, 46.6838824], [11.2654549, 46.6839225], [11.2655582, 46.6840494], [11.2656346, 46.6841525], [11.2657258, 46.6842937], [11.2657781, 46.684376], [11.2657928, 46.6844142], [11.2658009, 46.6844524], [11.265823, 46.6845241], [11.2658532, 46.6846235], [11.2658686, 46.6846667], [11.265884, 46.6847012], [11.2659142, 46.6847385], [11.2659732, 46.6848107], [11.2660017, 46.6848572], [11.2660151, 46.6848632], [11.2660422, 46.6848675]]}, "properties": {"osm_id": "way/1305824878", "highway": "path", "sac_scale": "hiking", "trail_visibility": "excellent"}}, {"type": "Feature", "geometry": {"type": "LineString", "coordinates": [[11.3081239, 46.7140312], [11.3081323, 46.7140811], [11.3081297, 46.7141421], [11.308113, 46.7142024], [11.3080795, 46.7142718], [11.3080074, 46.7143526]]}, "properties": {"osm_id": "way/1389659733", "highway": "track"}}, {"type": "Feature", "geometry": {"type": "LineString", "coordinates": [[11.3041996, 46.7175365], [11.304006, 46.7175685], [11.30372, 46.7176234], [11.3034824, 46.7176789], [11.3033082, 46.7177265], [11.3031568, 46.7177615], [11.3030116, 46.7178122], [11.3028937, 46.7178544], [11.3027977, 46.7178828], [11.3026772, 46.7179341], [11.3026253, 46.7179667], [11.3025469, 46.7180216], [11.3024457, 46.7180849], [11.3023789, 46.7181193], [11.3023217, 46.7181398], [11.3022381, 46.7181579], [11.3021386, 46.7181712], [11.3020427, 46.718179], [11.3019626, 46.7181839], [11.3018869, 46.7181917], [11.3017787, 46.7182056], [11.3016977, 46.7182255], [11.3015772, 46.7182707], [11.3014223, 46.7183504], [11.3013378, 46.718389], [11.3012005, 46.7184517], [11.3010993, 46.7184934], [11.3010017, 46.7185374], [11.3009524, 46.7185706], [11.3008494, 46.7186038], [11.3007649, 46.7186219], [11.3006541, 46.7186327], [11.3004182, 46.7186472]]}, "properties": {"osm_id": "way/1389659735", "highway": "track"}}, {"type": "Feature", "geometry": {"type": "LineString", "coordinates": [[11.3081437, 46.7140117], [11.3081083, 46.7139495], [11.3080516, 46.7138691], [11.3079476, 46.7137284], [11.3079111, 46.7136671], [11.3079, 46.7136087], [11.3079071, 46.713564], [11.3079159, 46.7135103], [11.3079247, 46.7134681], [11.3079475, 46.7134247], [11.3079511, 46.7133957], [11.3079405, 46.7133752], [11.3078965, 46.7133625], [11.3078499, 46.7133541], [11.3077909, 46.7133529], [11.3077531, 46.7133583], [11.3076967, 46.713377], [11.3075657, 46.7134464]]}, "properties": {"osm_id": "way/1389659737", "highway": "track"}}, {"type": "Feature", "geometry": {"type": "LineString", "coordinates": [[11.3075284, 46.7141136], [11.307671, 46.7141375], [11.3078133, 46.7141933]]}, "properties": {"osm_id": "way/1389659738", "highway": "track", "mtb:scale": "1", "name": "Durralmweg", "source": "Geobrowser der Autonomen Provinz Bozen"}}, {"type": "Feature", "geometry": {"type": "LineString", "coordinates": [[11.3081437, 46.7140117], [11.3081239, 46.7140312], [11.3080953, 46.7140592], [11.3080625, 46.7140998], [11.3080329, 46.7141468], [11.3079942, 46.7141848], [11.3079484, 46.7142122], [11.3078857, 46.7142205], [11.3078133, 46.7141933]]}, "properties": {"osm_id": "way/1389659739", "highway": "track", "mtb:scale": "1", "name": "Durralmweg", "source": "Geobrowser der Autonomen Provinz Bozen"}}, {"type": "Feature", "geometry": {"type": "LineString", "coordinates": [[11.3092261, 46.7155818], [11.3091964, 46.7155934], [11.3091335, 46.7156059], [11.3090141, 46.7156321], [11.3089685, 46.7156421]]}, "properties": {"osm_id": "way/1389659740", "highway": "track"}}, {"type": "Feature", "geometry": {"type": "LineString", "coordinates": [[11.3092261, 46.7155818], [11.3093887, 46.7154709], [11.3094588, 46.715419], [11.3095583, 46.7153748]]}, "properties": {"osm_id": "way/1389659741", "highway": "track"}}, {"type": "Feature", "geometry": {"type": "LineString", "coordinates": [[11.3101661, 46.7154971], [11.3101278, 46.7155034], [11.3100804, 46.7155059], [11.3100121, 46.7155021], [11.3099255, 46.7154903], [11.3098462, 46.7154753], [11.3098149, 46.7154714]]}, "properties": {"osm_id": "way/1389659742", "highway": "track"}}, {"type": "Feature", "geometry": {"type": "LineString", "coordinates": [[11.3103466, 46.7154403], [11.3101661, 46.7154971]]}, "properties": {"osm_id": "way/1389659743", "bridge": "yes", "highway": "track", "layer": "1"}}, {"type": "Feature", "geometry": {"type": "LineString", "coordinates": [[11.3106556, 46.7154965], [11.3105544, 46.7154571], [11.3105006, 46.7154396], [11.3104714, 46.7154315], [11.3104332, 46.7154259], [11.3103858, 46.7154321], [11.3103466, 46.7154403]]}, "properties": {"osm_id": "way/1389659744", "highway": "track"}}, {"type": "Feature", "geometry": {"type": "LineString", "coordinates": [[11.2721904, 46.6797063], [11.2721452, 46.6797723]]}, "properties": {"osm_id": "way/1414942457", "bridge": "yes", "highway": "path", "layer": "1", "sac_scale": "hiking", "source": "GPS", "surface": "wood"}}, {"type": "Feature", "geometry": {"type": "LineString", "coordinates": [[11.3108086, 46.6634906], [11.3109103, 46.6634227], [11.3109535, 46.6634035], [11.3109981, 46.6633949], [11.3110539, 46.6633863], [11.3113646, 46.6633605], [11.3114174, 46.6633576], [11.3114564, 46.6633622], [11.3114884, 46.6633701]]}, "properties": {"osm_id": "way/1415181263", "access": "private", "highway": "service", "service": "driveway"}}, {"type": "Feature", "geometry": {"type": "LineString", "coordinates": [[11.3021781, 46.6625471], [11.3020101, 46.6626111], [11.3017673, 46.6626778], [11.3015536, 46.6626611], [11.3013885, 46.6627178], [11.3012865, 46.6627978], [11.3011117, 46.6628578], [11.3008834, 46.6629344], [11.3006697, 46.6630244], [11.3005095, 46.6630678], [11.3002715, 46.6631811], [11.3000481, 46.6633477], [11.2997567, 46.663561], [11.2994896, 46.663641], [11.2989069, 46.663841], [11.2985426, 46.6639243], [11.2983775, 46.6640376], [11.2982901, 46.6640643], [11.2981638, 46.663991], [11.298037, 46.6639531], [11.297938, 46.6640142]]}, "properties": {"osm_id": "way/1419355237", "highway": "path"}}, {"type": "Feature", "geometry": {"type": "LineString", "coordinates": [[11.2926003, 46.6518023], [11.2929395, 46.6518223], [11.2932292, 46.6518776], [11.2935108, 46.6520212], [11.2939373, 46.6521298], [11.2944442, 46.6522256], [11.2948438, 46.6523213], [11.2952784, 46.6523342], [11.2955654, 46.6523084], [11.2958389, 46.6523544], [11.2961528, 46.6524244], [11.2964585, 46.6525404], [11.2966812, 46.6527061], [11.2968287, 46.6528092], [11.297231, 46.6529197], [11.297518, 46.6530338], [11.2977245, 46.6530283], [11.2980008, 46.6531314], [11.2981778, 46.6531921], [11.2984621, 46.653391], [11.2986365, 46.6535162], [11.298843, 46.6535493], [11.2990496, 46.6536009], [11.2992266, 46.6536598], [11.2995243, 46.6536303], [11.2997255, 46.6538015], [11.2998944, 46.6539912], [11.3000903, 46.6541237], [11.3002056, 46.6543078], [11.3003585, 46.6544993], [11.3005328, 46.6547276], [11.3007554, 46.6549559], [11.3008627, 46.6550277], [11.3011417, 46.6551179], [11.3012999, 46.6552394], [11.3015038, 46.6553738], [11.3017827, 46.6554438], [11.3019624, 46.6555156], [11.3020778, 46.6555561], [11.3023084, 46.6556555], [11.3025525, 46.6556665], [11.3026813, 46.6556039], [11.302692, 46.6555671]]}, "properties": {"osm_id": "way/1419355239", "highway": "path"}}, {"type": "Feature", "geometry": {"type": "LineString", "coordinates": [[11.2655488, 46.6680699], [11.2659323, 46.6680736], [11.2663293, 46.6680496], [11.2665036, 46.6680938], [11.2665653, 46.6680975], [11.2665868, 46.6681398], [11.2667289, 46.6681748], [11.2667477, 46.6682779], [11.2668496, 46.6683294], [11.2669516, 46.6683478], [11.2670347, 46.6684159], [11.2671581, 46.6684619], [11.2672734, 46.6685797], [11.2673807, 46.6687288], [11.2674263, 46.6688061], [11.2676731, 46.6688889], [11.2679628, 46.6689975], [11.2681773, 46.6691282], [11.2683356, 46.6693509], [11.2685421, 46.6695589], [11.2686843, 46.6696859], [11.2689713, 46.6697908], [11.2691751, 46.6698571], [11.2693092, 46.6699344], [11.2695318, 46.6702381], [11.2698054, 46.6705197], [11.2699181, 46.6707902], [11.2699637, 46.6710148], [11.2701568, 46.6712099], [11.2701783, 46.6713387], [11.2703446, 46.6714197], [11.2704438, 46.6714933], [11.2705162, 46.6716718], [11.2706503, 46.6717123], [11.2709427, 46.6718209], [11.2711439, 46.6718522], [11.2713236, 46.6718816], [11.2713772, 46.6720123], [11.2714872, 46.6721098], [11.2715328, 46.6722755], [11.2716535, 46.6723454], [11.2717608, 46.6724963], [11.271919, 46.6725681], [11.2720853, 46.6726565], [11.2721872, 46.6726951], [11.2723401, 46.6726583], [11.2724581, 46.6726104], [11.2726673, 46.6727466], [11.27278, 46.6729031], [11.2729999, 46.6729933], [11.2731019, 46.6730374], [11.2732977, 46.6731184], [11.2735257, 46.6734129], [11.273649, 46.6735362], [11.2741104, 46.6737478], [11.2744886, 46.6739484], [11.2748587, 46.6741251], [11.2752449, 46.6743055], [11.2758216, 46.6745061], [11.2764171, 46.6746846], [11.2768784, 46.6747876]]}, "properties": {"osm_id": "way/1419355240", "highway": "path"}}, {"type": "Feature", "geometry": {"type": "LineString", "coordinates": [[11.2800649, 46.67801], [11.2799694, 46.6780271], [11.2797993, 46.6780413], [11.2795123, 46.6779272], [11.27933, 46.677734], [11.2791529, 46.6775573], [11.2789759, 46.6774064], [11.2788123, 46.6773107], [11.2786058, 46.6771764], [11.2784556, 46.6769942], [11.2781015, 46.6767402], [11.2778681, 46.6765157], [11.2776478, 46.6762628], [11.2775427, 46.6760974], [11.2774229, 46.6758072], [11.2772298, 46.6753545], [11.2769696, 46.6749128], [11.2768784, 46.6747876], [11.2770662, 46.6744104], [11.2772754, 46.6739503], [11.2776107, 46.673584], [11.2779701, 46.673146], [11.2783344, 46.6726625], [11.2784685, 46.6725028], [11.2786704, 46.6723639], [11.2790295, 46.6721411], [11.2792227, 46.6717896], [11.2794587, 46.6712467], [11.2797028, 46.6707681], [11.2797846, 46.6705896], [11.2799334, 46.6705095]]}, "properties": {"osm_id": "way/1419355241", "highway": "path"}}, {"type": "Feature", "geometry": {"type": "LineString", "coordinates": [[11.2644986, 46.6494996], [11.2644464, 46.6497087], [11.2643445, 46.6498541], [11.2642425, 46.6500972], [11.2641406, 46.6503034], [11.263926, 46.6505243], [11.2637249, 46.6506937], [11.2635639, 46.6508962], [11.2634245, 46.6510675], [11.263285, 46.6512037], [11.2629738, 46.6513068], [11.262719, 46.6514007], [11.2624964, 46.6514781], [11.2625661, 46.6515646], [11.2628102, 46.6516566], [11.2630784, 46.6517156], [11.2633601, 46.6517616], [11.2637168, 46.6517818], [11.2640977, 46.6517321], [11.2645054, 46.6516511], [11.2647575, 46.6516769], [11.2650526, 46.6517137], [11.2652162, 46.6516935], [11.2655514, 46.6516272], [11.2657553, 46.6516419], [11.2660101, 46.6516235], [11.2662381, 46.6515591], [11.2664258, 46.651537], [11.2666887, 46.6515167], [11.2669956, 46.6514857]]}, "properties": {"osm_id": "way/1419355242", "highway": "path"}}, {"type": "Feature", "geometry": {"type": "LineString", "coordinates": [[11.2820415, 46.6828105], [11.2820394, 46.6828765]]}, "properties": {"osm_id": "way/1436963584", "highway": "track", "mtb": "yes", "mtb:scale": "0", "surface": "gravel", "tracktype": "grade3", "width": "3"}}, {"type": "Feature", "geometry": {"type": "LineString", "coordinates": [[11.2709679, 46.6858558], [11.270967, 46.6858898], [11.2709863, 46.6859264], [11.271035, 46.6859882], [11.2711518, 46.6861111], [11.2712657, 46.6862215]]}, "properties": {"osm_id": "way/1437006075", "highway": "track", "name": "Kuhleitenweg", "source": "Geobrowser der Autonomen Provinz Bozen", "surface": "compacted", "tracktype": "grade2", "width": "3"}}, {"type": "Feature", "geometry": {"type": "LineString", "coordinates": [[11.2779932, 46.6994018], [11.2779136, 46.6994927], [11.2779368, 46.69956], [11.278079, 46.6997384], [11.2779861, 46.6998845], [11.2779619, 46.6998937], [11.2779056, 46.6998385], [11.2779029, 46.6997631], [11.2778546, 46.6997778], [11.2778224, 46.699833], [11.2777581, 46.6998863], [11.277691, 46.7000316], [11.2776561, 46.7000463], [11.2776391, 46.7001468], [11.277615, 46.7001817], [11.2776293, 46.7002469], [11.277615, 46.7003381], [11.2775354, 46.7004474], [11.2774925, 46.700429], [11.2774755, 46.7005423], [11.277396, 46.7005872], [11.2773772, 46.7007067], [11.2773987, 46.700749], [11.2773745, 46.7007601], [11.2773423, 46.7008226], [11.277336, 46.7008814], [11.2772785, 46.7009017], [11.2771847, 46.7009521], [11.2770029, 46.701082], [11.2769504, 46.7011485], [11.2768244, 46.7012373], [11.2767415, 46.7012494], [11.2766628, 46.7013811], [11.2765698, 46.7014149], [11.2763687, 46.7015308], [11.2763553, 46.7015124], [11.2763767, 46.7014811], [11.2764572, 46.7014186], [11.2763553, 46.701391], [11.2762909, 46.7014425], [11.2762641, 46.7014296], [11.2761702, 46.7015566], [11.2761997, 46.7017148], [11.2761568, 46.701724], [11.276071, 46.7017037], [11.2759288, 46.7016081], [11.2757813, 46.7017184], [11.2756659, 46.7017478], [11.2755741, 46.7017954]]}, "properties": {"osm_id": "way/1552301527", "assisted_trail": "yes", "highway": "path", "sac_scale": "alpine_hiking", "source": "Geobrowser der Autonomen Provinz Bozen"}}, {"type": "Feature", "geometry": {"type": "LineString", "coordinates": [[11.2563571, 46.6580718], [11.2564175, 46.6580164], [11.2564579, 46.658004], [11.2565295, 46.658008], [11.2573353, 46.6580493], [11.2575446, 46.6580649], [11.2576502, 46.6580644], [11.2576949, 46.6580432], [11.2576957, 46.6580086], [11.2576763, 46.6579537], [11.2576334, 46.6579008], [11.2575878, 46.6578807], [11.2575415, 46.6578648], [11.2575045, 46.6578477], [11.257491, 46.6578229], [11.2575042, 46.6577995], [11.2575556, 46.6577873], [11.2581621, 46.6577307], [11.2598047, 46.6576345], [11.2600364, 46.6576018], [11.2601736, 46.6575627], [11.2603042, 46.6575181], [11.2605504, 46.6574062], [11.2608244, 46.6572784], [11.2610564, 46.6571923], [11.2612822, 46.657117], [11.2616589, 46.6569589], [11.2618806, 46.6568759], [11.2619737, 46.6568217], [11.2623485, 46.6564952], [11.26247, 46.6564029], [11.2626424, 46.6563158], [11.2630841, 46.6561189], [11.2635764, 46.6559496], [11.2636613, 46.6559298], [11.2637264, 46.6559283]]}, "properties": {"osm_id": "way/1557681074", "highway": "path", "name": "Mitteregg", "sac_scale": "mountain_hiking"}}, {"type": "Feature", "geometry": {"type": "LineString", "coordinates": [[11.2637264, 46.6559283], [11.2637655, 46.6559599]]}, "properties": {"osm_id": "way/1557681075", "bridge": "yes", "highway": "path", "layer": "1", "name": "Mitteregg", "sac_scale": "mountain_hiking"}}, {"type": "Feature", "geometry": {"type": "LineString", "coordinates": [[11.2601384, 46.661766], [11.2603579, 46.6618268], [11.2605984, 46.6619079], [11.260877, 46.6619658], [11.2611134, 46.6620209], [11.2613033, 46.6620411], [11.2615101, 46.6620846], [11.2617296, 46.6621483], [11.2619364, 46.6621947], [11.2621094, 46.6622352], [11.2623289, 46.662296], [11.2624766, 46.6623337], [11.2626919, 46.6623569], [11.2628381, 46.6623997], [11.2629606, 46.6624316], [11.263114, 46.6624554], [11.2632617, 46.6624814], [11.2634094, 46.6624959], [11.263551, 46.6625222], [11.2637346, 46.6625663], [11.2638797, 46.6625938], [11.2640509, 46.6626089], [11.2642915, 46.6626552], [11.2644941, 46.6626987], [11.2646587, 46.6627305], [11.2648571, 46.6627856], [11.2650048, 46.6628377], [11.2651694, 46.6628609], [11.2652665, 46.6628985], [11.2654691, 46.6629623], [11.2655999, 46.662997], [11.2657645, 46.6630231], [11.2659418, 46.6630376], [11.2661029, 46.6630853], [11.2663164, 46.6631483], [11.2665431, 46.6632187], [11.2667874, 46.6632922], [11.2669795, 46.663335], [11.267067, 46.6633592]]}, "properties": {"osm_id": "way/1558894603", "highway": "track", "incline": "40%", "mtb:scale": "2", "mtb:scale:uphill": "5", "name": "Alter Almsteig", "source": "GPS", "surface": "gravel", "tracktype": "grade2"}}, {"type": "Feature", "geometry": {"type": "LineString", "coordinates": [[11.267067, 46.6633592], [11.2672207, 46.6633881], [11.2673684, 46.6634576], [11.2674781, 46.6635358], [11.2675963, 46.6635792], [11.2677145, 46.6636516], [11.2678115, 46.663727], [11.2679085, 46.663824]]}, "properties": {"osm_id": "way/1558894604", "highway": "path", "incline": "40%", "mtb:scale": "2", "mtb:scale:uphill": "5", "name": "Alter Almsteig", "source": "GPS"}}, {"type": "Feature", "geometry": {"type": "LineString", "coordinates": [[11.2722169, 46.6796619], [11.2723117, 46.6797013], [11.2723662, 46.6797237], [11.2724238, 46.6797429], [11.2724939, 46.6797507], [11.2725644, 46.6797559], [11.2726695, 46.6797549], [11.2728678, 46.6797579], [11.2729474, 46.6797634], [11.2730204, 46.6797717], [11.273085, 46.6797863], [11.2731534, 46.6798073], [11.2732283, 46.679837], [11.2733002, 46.679871], [11.2733788, 46.6799091], [11.2734481, 46.6799511], [11.2735129, 46.6799934], [11.2735762, 46.6800466], [11.273639, 46.6801018], [11.2736832, 46.6801486], [11.2737171, 46.6801937], [11.2737903, 46.6802914], [11.273907, 46.6804621], [11.2739601, 46.6805337], [11.2740237, 46.6805973], [11.2741932, 46.6807487], [11.2744825, 46.681007], [11.2745373, 46.6810453], [11.2745993, 46.6810736], [11.2746804, 46.6810968], [11.2750278, 46.6811295], [11.2751399, 46.6811367]]}, "properties": {"osm_id": "way/1558894605", "highway": "track"}}, {"type": "Feature", "geometry": {"type": "LineString", "coordinates": [[11.2751399, 46.6811367], [11.2752093, 46.6811453]]}, "properties": {"osm_id": "way/1558894606", "bridge": "yes", "highway": "track", "layer": "1"}}, {"type": "Feature", "geometry": {"type": "LineString", "coordinates": [[11.2765069, 46.680088], [11.2764992, 46.6802132], [11.2766348, 46.6802405], [11.2767097, 46.6803592], [11.2770043, 46.6803577], [11.2774868, 46.6804877], [11.2776329, 46.6805922], [11.2778702, 46.6806392], [11.2779674, 46.6807233], [11.2782024, 46.6807474], [11.2783676, 46.6807234], [11.2785839, 46.6808139], [11.2788056, 46.6808027], [11.2789854, 46.680561], [11.279227, 46.6804529], [11.2793427, 46.6804234], [11.2794331, 46.6803913]]}, "properties": {"osm_id": "way/1558895484", "highway": "path", "layer": "1", "mtb:scale": "1", "sac_scale": "hiking"}}, {"type": "Feature", "geometry": {"type": "LineString", "coordinates": [[11.27645, 46.6800496], [11.2765069, 46.680088]]}, "properties": {"osm_id": "way/1558895485", "bridge": "yes", "highway": "path", "layer": "1"}}]}